100000
2 16636
2 27858
4 35542
4 60194
4 72148
2 69572
2 35106
2 40776
2 47380
4 752
2 84866
2 15670
4 7088
2 44090
2 190
2 28832
4 40780
2 74966
4 5256
2 56164
2 27834
2 12096
2 55732
2 13716
2 83044
2 84894
2 36586
2 40782
4 3446
2 41390
2 86308
4 80790
4 82562
2 24084
4 17884
2 60144
2 64990
2 60522
4 47956
4 67170
2 44596
2 49824
2 12656
2 64434
4 93304
4 24672
2 93556
4 91672
2 87250
2 95986
4 3928
4 15886
2 88178
4 73506
4 33756
2 78470
4 65988
4 80312
4 66502
2 70842
2 96006
2 53690
2 16292
4 49610
4 92612
2 37514
4 87218
4 24952
4 808
2 81156
4 678
2 11426
2 85982
4 65374
2 6038
4 15450
4 49240
2 51430
2 97020
2 32158
4 47618
4 45748
2 10102
4 74280
2 67826
2 40332
4 32760
4 53970
2 85554
4 30898
2 27648
2 99260
2 2266
4 58100
2 11032
4 79834
4 84602
2 33530
4 3070
4 13772
4 51976
2 56736
4 98620
4 20494
2 48842
4 52234
2 83772
2 21070
2 99864
4 5044
4 95070
4 98672
4 29784
4 52962
4 5062
2 69292
4 5550
4 85696
2 72248
4 58944
4 84852
2 52988
2 36116
2 15158
2 41012
4 57784
2 47940
4 31552
4 64504
4 78714
2 864
4 21472
4 29328
2 86654
4 48874
4 8134
4 59520
2 64154
4 7590
2 60308
4 9692
4 59718
4 94938
2 45614
4 90252
4 72012
4 73066
4 7760
2 9110
4 41978
2 84118
4 69824
2 4544
4 39932
2 85630
2 12238
2 15880
2 34706
4 77124
2 28032
2 89988
4 33742
2 72670
4 54688
2 23500
4 32416
4 41764
4 1420
4 57162
2 46596
4 24476
2 70316
2 78496
4 32708
4 52366
2 91198
2 97182
2 38518
2 57456
4 45676
4 22826
2 71958
2 35306
4 47772
4 67166
2 73234
4 48166
2 50922
4 59438
4 61518
2 80956
2 19994
2 66572
4 79710
4 1494
2 56080
4 18554
4 32998
4 65390
2 30622
4 21634
4 9438
4 53720
2 21176
4 28926
4 27576
4 62848
4 16408
2 64616
4 77796
4 87562
4 34486
4 97144
2 51268
2 94426
4 69806
2 58666
4 28046
4 17046
4 71094
2 10034
2 50032
4 49750
2 18258
2 47102
4 27094
4 39940
4 83794
2 82990
2 54494
2 35118
2 7556
2 90986
4 88420
2 24626
4 13806
2 23144
4 10318
2 1870
2 44866
2 15820
2 98466
2 15552
2 88806
4 2914
4 69850
4 80676
4 48528
4 104
2 67902
2 86552
2 91406
4 12976
2 15198
4 36238
4 84182
2 55332
4 9764
4 34118
4 94414
4 32236
4 77566
2 92226
4 8962
2 45950
4 7042
4 56384
4 7488
4 28844
4 69164
2 64424
4 38910
2 35452
4 26020
2 70276
2 6086
2 80732
2 35078
4 68120
2 20270
2 9054
4 57578
2 85712
4 41692
2 50320
2 55988
2 73552
4 33442
2 5022
2 38322
4 80606
2 31724
2 51516
2 42630
4 5406
4 11152
4 67882
4 52696
4 97570
4 66018
2 68606
4 41688
4 36410
2 76396
2 61550
4 48770
2 99188
2 24056
2 97398
4 6004
2 85066
2 67748
4 64554
4 39512
4 88928
4 57724
4 34378
2 68640
4 26894
2 70904
4 87256
4 52718
4 66730
4 39590
2 4870
4 6126
2 41922
2 28728
2 52536
2 60288
4 62620
2 21002
2 11470
2 43318
2 15678
4 39606
4 45316
4 48282
4 68578
2 88962
4 7008
4 58096
2 79376
2 46416
2 49104
2 47538
4 91288
4 21474
2 15714
2 62346
2 44184
4 3708
4 21980
2 10392
4 25274
4 17864
2 6134
4 15680
2 81008
4 77864
4 82716
2 46466
4 68814
4 36940
2 89638
4 43894
2 72924
4 63954
4 39854
4 71666
2 78088
2 52668
4 79634
4 78966
2 58804
2 27700
2 19448
4 61344
4 34840
2 33722
4 48436
2 23280
2 98186
4 21560
2 84094
4 98464
4 70018
4 11490
2 72508
2 8922
2 49464
4 24348
2 22364
2 91938
4 76728
4 80374
4 48768
4 82860
4 45522
2 56196
4 78272
2 62692
4 94572
2 37740
4 40946
4 980
4 91888
4 74568
4 72986
4 5226
2 44854
2 74924
4 93384
2 98422
2 59162
2 2246
4 55508
4 15374
2 27970
4 4010
2 41844
2 9666
4 9558
2 60428
2 54550
2 3354
2 72402
2 9802
4 39332
2 23270
4 30940
2 79918
4 65228
4 94148
2 47428
4 79874
2 43052
4 44528
4 17334
2 91476
2 16396
2 94876
4 94612
2 90688
2 38582
4 61884
2 36638
2 48544
2 36620
2 95848
2 11664
4 80446
2 79170
2 44330
4 81588
4 58750
2 99378
4 21200
4 20082
2 97166
4 34712
2 62508
2 31056
4 71726
2 67520
4 12718
4 48160
4 65710
4 17980
4 31274
2 1696
4 10548
2 77736
2 27088
2 7442
4 50838
4 82930
2 73790
2 95368
4 90804
4 68934
4 29196
4 46996
2 4150
4 48914
4 81094
4 15056
2 71852
4 45390
4 32502
2 83440
4 25160
2 36604
2 35130
4 32910
2 24714
4 85298
2 82072
2 97626
2 48344
4 79972
2 47770
2 3596
2 41628
4 50772
4 73054
4 10098
4 6406
4 61796
2 57558
4 46752
4 18748
4 69560
2 99004
4 79002
4 55362
2 67038
4 39176
4 6998
4 14508
4 98610
2 55324
4 61550
2 65082
4 45880
4 3000
4 75292
4 79196
4 22552
4 18316
2 87458
2 66836
2 62522
4 4476
4 17384
4 71656
2 70642
2 10922
2 37872
4 18502
2 85814
4 72212
4 44886
2 63284
2 16166
2 16714
4 55658
4 30864
2 28848
4 14304
4 36734
4 94448
2 69814
2 37430
4 41072
4 34280
2 94592
2 81394
2 38292
2 66410
4 64578
2 24236
2 41738
4 29372
4 7214
4 38152
4 46074
2 3266
4 42320
4 97390
4 49722
4 2276
4 76690
2 37290
4 6732
4 29506
2 58242
4 9732
2 63192
4 78770
2 35632
2 84834
2 38700
4 18608
4 1278
2 38960
2 37056
2 49482
4 6042
4 79458
4 36708
4 51680
4 35432
2 35242
2 24492
2 33288
2 39386
2 25362
4 35072
4 55464
4 56036
4 7400
2 97862
2 71046
2 56646
4 97580
2 40804
2 77568
2 13814
2 65020
2 58984
2 26724
2 81476
4 41116
4 10646
4 26120
2 5098
4 64906
4 85034
2 19962
4 93260
2 4904
2 91586
4 27884
4 77938
4 63488
2 59520
4 90060
2 66892
4 1264
2 65680
4 42924
4 13948
2 19202
4 7444
2 41000
2 28552
4 82020
2 56052
4 28924
4 63748
2 38038
2 56968
2 20484
2 6404
4 77922
4 85876
2 15104
4 51510
4 12472
2 8182
2 61500
4 7582
4 10774
2 19840
2 33464
2 44948
2 88
4 73534
2 54208
2 50116
4 15562
4 10812
4 32316
2 90708
2 90978
2 14146
2 69308
2 18180
4 64370
4 59424
2 73324
4 39948
2 50488
4 71844
2 33942
4 45474
4 89372
2 84190
2 22776
2 18642
2 986
2 16952
2 41492
2 49828
2 30844
4 31672
2 53936
4 78034
4 3342
2 14082
4 42020
2 19778
4 57344
2 10744
2 8460
2 32604
4 58780
2 28884
2 46618
2 56998
4 96684
2 29340
2 95608
2 22396
2 62264
4 67636
4 97558
4 29996
2 61386
4 26340
2 57514
2 19674
4 23700
2 42626
4 72626
4 23858
4 43076
2 28230
2 56480
4 44600
4 87012
4 64500
2 35752
4 99176
4 80626
2 1704
2 15636
2 34500
2 96752
2 41596
2 75738
2 6106
4 29750
4 29794
2 96648
4 87160
2 93362
2 5666
2 84030
4 83650
2 25838
4 26692
2 57880
2 11524
2 33556
4 68032
4 78234
4 31544
4 72766
2 95106
4 60030
2 85934
2 8770
2 58768
2 9344
4 70494
4 19474
2 23932
2 93406
4 99672
2 49092
4 47322
2 54824
4 38312
2 29356
4 24818
4 14810
4 82758
4 77840
4 41746
4 7586
2 57274
4 8842
4 57658
4 49480
4 9728
2 43156
2 79254
4 65920
4 26154
2 98112
4 61030
4 8356
4 88196
4 68082
2 49720
2 82492
2 7980
4 81710
4 43518
4 2102
2 37846
2 48246
2 73478
2 55484
2 84790
2 11496
4 2892
4 24864
4 47254
4 45618
4 81592
4 24456
4 75490
2 9136
4 99166
4 25432
2 79090
4 92860
2 66978
2 64964
2 41232
4 65372
4 92772
2 71194
4 66938
4 74746
4 21676
2 1444
2 9650
2 33400
4 73464
4 19272
2 3758
4 85332
4 50820
2 80154
4 10374
2 38184
4 90382
4 66284
2 11628
4 83380
2 42008
4 89018
2 10562
2 32030
4 18446
4 82998
2 79342
4 81344
4 18352
4 70230
4 24738
2 27390
2 59298
4 13482
4 96236
2 84588
2 34420
4 36880
2 30432
4 49292
4 56266
2 7608
2 83850
2 56934
4 10440
2 77678
4 12940
4 18026
2 82900
2 24412
2 28124
4 88028
2 97456
4 20668
2 4098
4 78666
4 30564
4 62966
2 24108
2 30034
2 27980
4 25310
2 3830
2 75600
4 50962
4 98518
4 98024
4 58878
4 39432
4 11954
4 51218
4 36976
4 57226
4 41948
2 8608
4 83814
2 48658
2 85640
2 20414
2 39974
4 35588
2 83652
2 4740
2 59054
2 54254
4 76522
4 24470
4 88500
4 12258
4 42676
2 64586
2 48022
4 24612
2 32446
4 13222
4 68330
4 10638
2 70224
4 44608
4 82624
4 52074
4 29470
4 34560
2 20666
2 32928
2 87026
2 72240
2 37034
4 90720
4 45606
4 70512
4 24570
4 65222
4 74710
4 96160
4 15822
4 78288
4 18766
4 16036
2 57396
4 96370
4 10686
2 78810
4 58148
2 62998
4 59920
4 74424
4 3064
4 48488
4 44212
2 50596
2 87160
2 34308
4 5150
2 1340
4 3230
2 48210
4 4900
4 41672
4 14934
2 60134
2 28574
2 17734
4 80856
4 2864
2 45452
4 40122
2 36106
2 36074
2 48638
2 45788
2 30036
2 51536
2 84966
2 47082
2 39246
4 67724
4 65574
4 40662
4 99438
4 92774
2 57132
2 99642
2 15948
4 11496
4 28450
4 26744
2 54164
2 41250
2 59346
2 63386
2 19004
4 18838
4 89280
2 48410
4 88708
4 92284
4 31840
2 17446
2 1264
2 74548
4 36496
2 83090
2 48264
2 46210
2 31162
4 1120
4 61928
4 30126
2 90090
2 36386
2 72922
4 98018
2 36372
4 62714
2 32360
2 11526
4 98366
2 14054
4 64776
4 9664
4 85016
4 92568
4 41592
4 70846
4 31352
4 33820
4 91478
2 53748
2 31682
2 94406
4 79034
4 16012
2 13864
2 87910
4 99624
2 18986
2 70262
2 23382
2 43278
4 66516
2 49252
4 61426
2 94380
4 52522
4 45842
2 50060
2 34982
2 77370
2 78450
2 15258
2 42728
2 73146
2 62160
2 58672
4 16632
2 97326
2 74838
4 65174
2 46624
4 93014
4 48308
4 8970
4 10632
4 76024
2 31470
4 89350
4 36992
2 43816
2 65050
2 78578
2 22194
4 82678
2 73788
4 53348
4 57012
4 57812
2 89080
4 11894
4 88814
2 3344
2 48312
4 65410
2 55096
4 18480
2 2632
2 380
4 75886
2 77562
4 99502
2 35808
4 94272
2 69570
2 95222
2 54724
2 42364
4 43510
2 21636
4 11276
4 61098
2 79022
2 30978
2 38056
4 50572
4 13884
4 58456
4 94712
4 6270
4 87222
2 98898
4 95752
4 91526
2 39044
2 31308
2 64988
4 50826
4 31686
2 47794
2 18300
4 76644
2 44480
2 58622
2 86352
4 66364
4 17722
2 84974
2 42096
2 60260
4 17268
2 11022
4 36576
4 25276
4 98580
2 71118
2 10518
4 14024
2 16474
2 10372
4 22146
2 43166
2 85136
4 21750
4 69852
2 20734
2 42460
4 30678
2 41938
2 74190
2 91394
2 2798
4 77870
4 70524
2 20554
4 96140
2 40966
2 41092
4 70006
4 70360
4 28858
4 53660
2 76938
2 67590
4 66712
2 51150
2 46484
2 45892
4 14494
4 35202
2 36872
2 79352
4 89236
2 63310
2 49952
2 83166
2 55718
2 90422
4 71420
2 90764
2 39376
2 68736
4 20866
2 14680
4 60488
4 81452
4 94318
4 66918
2 75876
4 12892
2 40884
4 60128
2 99432
4 36408
4 14350
4 80190
2 45158
2 72782
4 38502
4 59310
2 63088
4 88268
4 26144
4 28704
4 42000
4 34820
4 86056
2 72538
2 27026
2 95506
2 10904
2 42260
2 20628
4 51020
4 45092
2 52474
4 8346
2 55164
4 8502
2 21620
4 74412
4 69472
4 17588
4 72984
2 64076
2 68180
4 44386
4 35340
4 57066
2 77388
2 60058
2 34926
2 50590
2 76902
2 31604
2 30878
4 98666
4 52926
2 21266
4 89396
4 17940
2 32668
4 43640
2 53370
2 28096
2 42416
2 91834
2 9876
4 36638
2 48916
4 48266
4 21826
4 88164
4 67300
4 37672
2 51180
4 78086
4 77674
2 84416
4 99492
4 19334
2 40626
4 24746
2 53226
2 76730
4 4148
4 65074
2 70772
2 57714
2 45500
2 45678
2 46318
2 67598
4 23924
2 7802
2 90748
4 28882
4 69102
4 58300
2 18148
2 78544
4 47828
2 7860
4 16804
4 94778
2 88930
4 3074
4 37146
2 94232
4 24146
2 14652
4 76006
2 89018
2 24918
4 33468
2 57144
4 4928
2 87182
2 47754
4 8610
2 62880
2 83900
4 99740
4 42248
2 8334
2 28236
4 79808
2 35406
2 91102
4 45702
2 27408
4 59964
2 7448
4 65474
2 85510
2 82316
4 68396
4 95844
2 41010
4 93116
4 84930
4 85616
4 30324
4 49948
2 80554
2 41224
2 37862
2 76988
4 47188
2 49956
4 62940
2 29190
2 37532
4 90878
2 43094
4 98056
4 11236
4 34430
4 20386
2 39652
4 41208
2 93446
4 55056
2 41874
2 57624
4 25240
4 20012
4 99158
2 53020
2 23168
4 230
2 6108
4 92306
4 1650
4 11258
2 10464
2 25822
4 29240
2 73268
4 31894
2 54042
2 44170
2 47714
4 29738
2 19966
2 9046
2 45420
2 35094
2 70484
4 15670
4 60596
2 91278
4 54296
4 47606
2 29864
2 33584
2 92422
4 29688
2 22064
4 16214
4 17838
2 80524
4 30130
4 34138
2 410
2 12182
4 67972
4 77896
2 1514
4 55316
4 82884
4 41216
2 61228
4 29420
2 91016
2 77352
2 39526
2 99658
4 20126
2 83928
4 38608
4 89292
2 17758
4 62812
2 4254
4 91156
2 65378
4 38814
4 35668
4 71786
4 53774
4 99986
2 91246
2 3048
4 36616
4 5120
4 46494
2 33764
4 69236
2 8904
4 89238
2 95890
2 74596
2 97764
2 21672
4 11974
4 42994
2 68974
2 8684
2 47280
2 57020
4 44394
4 94580
4 52650
4 31708
2 73232
2 4674
4 41996
2 58638
2 90294
4 65310
2 16588
2 44680
4 81430
4 14418
4 16068
4 34150
2 89344
2 95090
4 47758
2 67928
2 36794
4 98490
2 63474
2 74294
4 79992
2 74006
2 71644
4 86866
4 58880
4 46134
2 73372
2 65042
2 59228
2 19882
2 33800
2 29920
2 27108
2 48106
4 4282
4 52870
2 65282
4 19768
2 15960
4 95684
4 7752
4 864
2 26514
4 16786
4 66914
2 22256
2 35670
4 86474
4 76858
4 74156
2 40872
4 14490
2 67852
4 40136
4 37476
4 20284
2 14564
4 15154
2 922
4 80706
2 82096
4 35164
2 86054
4 45338
2 92100
4 50350
4 25058
2 24610
4 86108
2 31556
2 53542
2 64866
2 2016
2 87208
2 10004
2 50666
2 14212
2 52326
2 12976
4 19422
2 54282
2 54612
4 60632
4 30014
2 56794
2 76678
2 32994
2 31468
2 94442
4 31996
2 81870
2 49600
4 9564
2 4698
2 74474
2 94188
2 11116
2 43480
2 59160
2 91096
2 59908
2 52082
4 76182
2 34634
4 24886
2 90454
4 38646
4 61652
2 15170
2 21058
4 63642
2 51364
4 26986
4 25796
4 40582
4 22370
4 1922
4 19990
2 2342
2 30094
2 98206
4 31476
2 18062
4 79138
4 95902
2 46866
4 73492
4 68090
4 79546
2 33594
2 88648
2 60132
4 40342
4 46168
4 9984
4 33464
4 41454
2 59092
2 69386
2 98320
4 91956
4 47406
2 38424
4 16722
4 51984
2 77782
4 99494
2 55956
2 14122
2 75758
4 23074
4 27876
4 37720
4 14116
2 73638
4 37064
2 69412
2 86370
4 42128
2 61184
2 23890
2 62136
4 8298
2 72762
4 56452
2 89376
2 58852
2 14232
4 89646
2 39522
4 57304
4 8108
2 3038
2 19020
4 44530
2 74982
4 57330
2 40414
2 94628
2 92164
2 48448
4 3660
4 45610
4 6322
2 48454
4 26786
4 34024
4 1800
2 17018
2 80560
4 36418
2 1406
2 90844
2 21344
2 5054
2 67222
2 98878
2 45744
4 61006
4 20224
2 11620
4 17908
4 21072
4 5028
2 52534
4 99216
2 33226
4 59722
4 49448
4 60828
4 44010
4 43900
4 9014
2 65746
4 90626
4 53800
4 31538
4 3534
4 80174
4 87230
2 90714
2 8032
2 37654
2 73930
4 59978
4 83792
2 78748
2 64848
2 68554
4 10048
2 76400
2 81058
4 47062
2 25458
4 83926
2 92514
4 78040
2 8256
2 5296
4 60980
2 81822
4 55518
2 55090
4 91982
2 44658
4 42560
4 25642
2 66868
2 5578
2 53910
2 79168
2 11746
2 93420
4 74456
4 68440
4 1962
2 5888
4 4276
2 9080
2 45730
4 96924
2 45180
4 28730
4 89906
2 35620
4 25754
4 20846
4 30156
4 2502
4 73448
2 45570
4 27224
4 43204
4 70280
4 5758
4 51236
2 6572
4 37420
4 10460
4 94516
2 35476
2 95968
2 58368
2 87662
2 96542
4 53696
4 81028
2 94568
4 87498
4 99078
2 18602
2 20196
2 8128
4 45852
2 91796
4 57054
2 95550
4 18034
2 75624
2 52140
2 31732
2 45318
2 77280
4 25482
4 70210
4 29834
4 43914
2 8184
4 93376
4 52658
4 49414
4 66358
2 68294
4 95128
4 1566
2 73568
2 71200
4 29556
4 61228
2 12450
2 90464
2 30588
4 20562
4 10596
4 93300
2 46778
2 37236
2 95910
2 37016
2 90912
2 34318
2 94616
2 4508
4 44514
4 55842
2 76284
2 79494
4 2204
2 63794
2 53644
4 7040
4 83882
2 46822
2 93698
4 60180
4 48256
4 73994
4 48798
4 9612
4 61926
2 89520
2 68228
2 83066
4 56856
4 87674
4 9084
2 43822
4 37264
2 27482
4 69406
4 77090
4 15438
2 81266
4 80784
4 17856
4 87428
4 38120
2 17266
2 87406
2 64310
2 83996
2 34830
2 61282
4 2784
4 81924
4 29612
4 35448
4 74814
2 14512
2 63424
2 70214
4 6440
2 4506
2 95816
4 89298
4 80600
2 14804
2 56392
4 62472
4 34822
2 77454
4 48324
2 15048
4 38304
4 54414
2 69694
4 91210
4 37330
4 32268
4 91578
4 4096
4 84544
2 83196
4 38218
2 99576
4 40202
2 60042
4 55988
2 30234
4 35388
4 71478
2 71244
4 11680
4 98246
2 27264
4 37110
4 2492
2 28278
4 26658
4 55338
2 20556
2 78502
2 39830
4 28700
2 77608
2 38256
4 43398
4 57476
4 74682
4 23712
4 93428
4 45496
2 96042
2 5416
2 40404
4 62376
4 63726
2 2630
2 28322
4 33896
2 52342
4 17822
2 54538
4 42954
2 43866
2 75528
4 59632
2 53930
4 28190
2 96286
2 37778
2 12554
2 66548
4 76910
4 11190
4 91460
2 60054
4 68438
4 52148
4 36074
2 74024
4 17118
4 20072
4 31930
4 45274
2 33072
2 85692
4 65480
4 62062
2 25262
4 56338
2 83018
4 53128
2 61100
4 11056
4 42794
4 64678
4 74478
4 70984
4 72266
4 33042
4 66596
2 55018
4 22860
2 90312
2 68454
4 29572
4 37994
4 1820
4 61886
4 55754
2 62048
2 64712
4 61812
2 58688
4 69758
4 41684
4 25344
2 44188
4 20758
4 11278
4 25162
4 23636
4 63116
2 73840
2 92298
2 10164
2 48612
2 68584
4 34498
2 85236
4 23884
4 340
2 94798
2 49474
2 88112
2 9600
2 77896
4 90018
4 99380
4 52562
4 70558
2 80854
4 61784
4 78924
2 12812
2 88204
4 29330
4 68948
4 76986
2 53616
4 6612
4 42628
4 1806
2 38358
2 44782
4 97318
2 20200
4 89978
4 79328
4 74784
2 1460
4 81054
4 5536
2 11736
2 65642
4 87526
2 28112
2 96370
2 41940
4 52384
2 69042
2 63792
4 45032
2 53528
4 86870
2 20108
4 2224
4 32904
4 96474
4 88830
2 59500
2 79668
2 72818
2 76996
2 84216
2 83532
2 82518
4 66220
2 37606
4 92318
2 42470
4 48898
4 18904
2 48870
4 91404
4 65412
2 82432
2 23638
2 80268
4 22840
2 6322
4 92426
2 35402
4 6884
4 75876
4 70364
4 83684
2 13810
2 66794
2 36330
4 82190
2 89714
4 45378
2 22856
2 96436
4 49808
4 98530
2 79980
2 42734
2 37530
2 39112
4 44168
4 76534
2 6624
2 12390
2 64826
2 39068
4 96708
4 63928
2 70912
2 85832
2 21590
2 90960
2 88236
2 90722
2 60218
2 40832
2 94192
4 93378
2 59034
4 55012
4 68240
4 9486
4 39952
2 20726
2 87400
2 82814
4 74960
2 83912
2 74202
2 67878
2 33542
2 24746
4 64160
2 9016
4 36010
2 6102
4 33482
4 86454
2 36134
2 78760
2 85856
2 38034
4 35438
2 17484
2 51968
4 64268
2 84518
4 24216
4 42508
4 20004
4 22452
2 16510
2 43434
4 94388
2 68638
2 79796
2 8078
4 16272
2 11850
4 57500
4 78674
4 65760
2 57822
2 46118
2 40800
2 60478
2 64798
4 38342
4 34850
2 10390
2 53412
4 51362
2 90554
4 30900
2 49006
4 63816
2 88646
4 10750
4 55414
2 93168
2 19828
2 53228
4 6516
4 21166
2 88062
2 70158
2 96962
2 88114
4 5590
4 51790
2 40758
4 10310
4 38018
2 53710
4 16360
4 79146
4 38330
2 71066
4 67060
2 94836
2 39472
4 12566
4 73056
2 97986
2 81644
2 48436
2 82328
4 55542
2 3466
2 95932
4 23080
2 43678
2 18748
2 60110
4 17000
2 32400
2 91806
2 39116
4 61642
2 7382
4 78584
4 14792
2 62554
2 36876
4 39968
4 88356
4 3644
2 70418
4 58296
2 99876
2 96088
2 49628
4 82778
4 54088
4 99508
2 23400
4 43190
4 32168
2 69912
4 30390
2 67234
2 7748
2 55050
4 6184
4 44088
2 21862
4 82118
4 26040
4 61304
4 18630
2 51218
2 5058
4 9956
2 30618
2 39470
4 10858
2 89312
4 21128
4 37778
2 70532
2 20198
2 40456
2 70182
4 56806
2 78740
4 48858
4 6820
2 9814
4 53016
4 64036
4 41446
2 70324
2 98092
2 47430
2 66558
4 82356
4 94016
2 47208
4 14688
2 74556
2 49748
2 63636
2 66332
2 88474
4 2556
4 28770
4 45254
2 43302
2 22952
2 14686
2 85186
4 18100
2 84036
2 36322
2 31424
4 68696
2 72938
2 63680
2 332
2 10540
4 9666
2 57104
2 43258
2 89968
2 11486
4 944
4 30716
2 28016
4 34634
4 25458
2 32656
2 15100
4 14674
4 25816
4 66956
4 88184
4 93570
4 25084
4 12760
2 86660
2 63032
4 77366
2 78704
4 93930
2 95034
4 98638
4 76106
4 85084
2 83746
4 61854
2 96652
4 46580
2 91686
2 74598
2 11876
2 98372
2 34012
4 22790
2 62802
2 11822
4 43462
4 61792
4 80806
2 2788
4 40714
4 87424
4 63106
4 78504
4 90454
2 96198
4 5478
2 11936
4 27734
4 37966
4 33114
2 85240
4 15516
4 83172
4 39148
4 70520
2 57082
4 52912
4 34878
4 48390
4 40526
4 92886
2 80704
4 82920
2 48404
2 21158
2 73032
4 82414
4 35510
2 38584
4 80242
2 25992
4 28284
4 49376
4 86086
2 85796
2 91778
2 72158
4 82632
2 60774
2 46976
4 50718
4 64364
4 41410
2 41976
2 59020
2 9950
4 84586
2 10370
2 87106
2 9662
2 71080
4 15038
2 7136
2 53282
2 45840
4 13710
4 49682
2 1874
2 68476
4 2592
4 54302
4 12372
2 89854
2 50738
2 94996
2 3898
2 90378
2 62236
2 78026
2 40096
2 94766
2 22478
2 15516
2 76418
4 57742
2 93930
2 59856
2 82944
4 25406
4 38492
2 82494
2 73132
2 67474
4 1172
2 76264
4 59510
4 296
4 57122
2 68702
4 10298
2 2084
2 11780
2 58120
4 22786
2 68880
2 92386
4 47508
2 33272
4 71450
2 18160
4 36870
2 71810
4 56544
4 63560
4 82026
2 45664
4 21844
4 67234
2 19940
4 92280
4 96438
2 3318
2 3254
2 45432
2 63618
2 3514
4 94728
4 8272
2 3168
2 95684
4 93446
2 24248
2 85702
4 7538
2 49876
2 60806
4 42730
4 75962
4 49816
2 97324
2 49750
2 96242
4 5928
2 39154
4 63770
2 11200
2 30434
4 89914
2 80314
2 5112
4 34212
2 72810
2 660
2 68780
4 61120
2 65384
4 79822
4 66572
4 19868
4 28086
4 56846
2 4914
4 44058
2 29104
2 15366
4 63244
2 86712
4 40400
4 52794
2 99336
4 75538
4 87318
4 51142
4 17116
4 77218
4 20824
4 74556
4 2182
2 43002
4 45680
2 84354
2 21188
4 19482
2 30838
2 44714
2 25994
4 20434
2 14452
4 17456
2 30966
4 59026
2 17106
2 16378
2 29754
4 96152
2 52966
2 77936
4 90806
2 54406
2 9568
2 136
2 51710
4 30072
4 45408
4 38400
2 78878
2 20300
2 12572
4 82794
2 13448
4 60326
2 97218
2 48160
4 40468
4 95472
2 29016
4 7940
4 68078
4 62172
2 42894
2 96526
2 60944
2 27154
2 88850
2 52484
4 81046
4 38632
4 50732
4 85010
4 65360
2 47436
4 50282
4 75596
4 31756
2 13994
2 28924
2 23100
2 62866
2 88704
4 48424
2 22264
4 84138
2 17006
4 17028
2 86346
2 44208
2 33674
4 25364
2 41344
4 38366
4 60594
2 16268
2 82468
2 35366
4 84878
4 71154
4 16184
2 93332
2 64734
2 75288
4 37876
2 80052
2 51636
2 50696
2 70476
2 65240
4 68506
4 30368
2 5186
2 88784
2 83008
2 24950
4 63130
4 43288
4 51694
4 73816
2 35990
2 2894
2 65128
2 57816
4 50776
2 61290
4 38600
2 92272
2 23234
2 80884
4 91240
4 54092
4 28556
4 8146
2 24326
4 18778
4 38802
2 25996
4 64330
4 49454
4 35838
4 99550
2 2854
4 92294
2 7922
2 76610
2 50572
4 18030
2 48786
2 12162
4 92766
4 31162
4 26558
4 78582
2 92080
2 99448
4 40994
2 78574
2 75930
4 72662
4 19380
2 3570
2 40962
2 11838
2 34688
4 98328
4 90460
4 84982
4 3002
2 98730
2 40592
2 74632
2 47620
2 36062
4 97092
4 9784
2 35710
2 730
4 92560
4 75930
4 14416
4 39624
4 76936
2 40156
4 55810
4 92964
4 65724
2 64758
2 20798
4 76228
2 21432
2 42582
2 71616
2 4536
4 55682
2 2110
2 71268
2 88136
2 61896
4 4826
2 42048
2 91496
2 47444
2 81360
2 80972
2 51612
2 61130
4 52446
4 14300
2 74528
4 38472
2 21234
2 48218
4 60354
4 560
2 15180
2 47720
2 11380
2 7854
4 9600
2 45534
4 9008
2 49446
4 58124
2 96622
4 3326
4 84516
2 64576
4 52448
4 54874
2 47434
4 48420
2 64810
2 5420
4 56948
4 72278
4 2842
2 39516
2 28186
4 38986
2 51436
2 29536
2 51996
2 23712
4 82040
4 63738
4 66818
4 18960
2 38796
4 92518
4 52326
2 9590
2 2888
2 87032
4 81408
2 59550
4 53664
4 88160
4 64986
4 55808
2 86686
4 3802
2 65080
4 94484
4 36334
2 63764
4 39394
2 24916
4 36542
4 22262
2 97686
2 49462
4 3056
2 28564
2 44536
4 31332
4 23238
2 30898
2 50406
4 89500
2 2542
4 77520
2 65340
2 12960
2 35336
2 21678
4 33038
4 63128
4 16832
4 24244
4 68430
2 15660
2 87462
4 29010
2 47138
4 15856
4 66854
4 49568
2 95172
4 39712
4 39962
2 9020
2 14992
2 34346
2 16562
2 81550
2 72372
4 4264
2 54578
2 92370
2 63246
4 58422
2 93118
2 68818
2 98152
4 92132
2 48752
4 4842
2 77274
4 93278
4 11402
2 91560
4 58110
4 75778
4 76434
2 64940
4 72152
4 17092
4 46808
2 50814
2 40492
4 96452
4 65646
2 91150
4 38284
4 2138
4 3318
2 22158
2 20116
4 56190
4 57478
4 93910
4 2828
2 35320
2 16904
4 3524
2 56240
4 37862
4 66
2 34146
4 9938
2 34954
2 9986
2 39792
4 21732
2 31230
4 34754
2 27394
4 22486
4 92648
4 69082
2 7258
4 85790
4 44380
4 46628
4 38130
4 58806
2 26470
4 17432
4 50730
2 14746
4 15756
4 12964
2 59014
2 18854
2 14946
4 78720
2 11208
2 85052
2 31654
4 30136
4 26062
4 91568
2 41562
2 86652
2 21308
2 37346
4 91000
4 99922
2 68586
2 50652
4 54878
2 3834
2 43298
2 33390
2 9322
4 98274
4 29072
4 31568
2 63342
4 45586
4 38026
4 63204
2 79156
2 37566
2 68990
4 26046
2 31066
2 69704
2 55178
4 88844
4 13816
2 84534
4 31356
4 2640
2 52774
2 47386
2 86568
2 66480
2 22214
2 43450
4 55722
2 72530
2 18136
4 35424
4 44156
2 50726
4 61068
2 42126
2 71914
2 98368
2 63152
4 12456
2 6716
4 44216
2 3046
2 72684
4 85188
2 81952
4 55596
2 42692
4 42934
4 74980
2 85336
2 33490
4 87686
2 94978
4 41020
4 92254
4 46806
2 86282
4 54710
4 33026
2 88486
4 64820
4 29028
2 22452
4 98358
2 37720
2 43136
4 21568
2 81022
4 68070
4 93070
2 46422
4 81540
2 70910
2 64010
4 59838
2 40676
2 56816
4 45552
4 11330
4 84034
2 51678
4 51812
2 28716
4 67748
4 19630
4 46068
2 90452
4 12132
2 2576
4 78276
2 92946
4 62976
2 48102
4 63760
4 35748
2 43720
4 75678
2 81676
2 20652
4 95740
4 29126
4 90386
2 37264
4 25490
2 83538
4 64480
4 10238
4 64088
2 96704
4 55350
2 20900
4 2062
4 44326
4 76032
2 18942
2 71164
2 4796
4 264
4 48122
4 83310
2 36228
2 99324
2 40688
2 42182
2 13538
4 36604
2 6292
4 43206
2 91100
2 10990
4 70302
4 78990
4 66248
4 12568
2 75328
2 22056
4 77408
2 39434
2 44358
4 38318
4 18812
2 37724
2 5844
4 66032
2 89592
4 61870
2 89890
2 11212
2 69832
4 5942
2 75746
4 92694
4 62684
4 50134
4 18434
4 63702
2 17884
2 78336
4 62878
4 13850
4 26518
4 44554
4 11970
4 62242
2 32882
2 74078
4 74312
2 40550
2 602
4 70632
4 43090
4 63554
2 42328
2 84580
2 55584
4 55678
2 9844
4 20594
2 15184
2 48788
4 64806
2 90322
4 75086
2 63162
2 35024
2 4478
4 32448
4 93052
4 71042
2 76314
2 72896
2 28930
4 82198
2 34342
4 22524
4 8092
2 11322
2 9356
4 9024
4 17886
4 41908
2 25564
2 59912
2 18038
4 5630
2 20940
4 17062
4 67088
2 36284
2 28412
2 80908
4 33258
2 45530
4 756
4 41106
4 60042
2 53210
4 5656
2 39216
2 95318
2 57748
2 45276
4 61594
4 70120
4 60380
2 9906
4 71234
4 46228
2 71680
2 15268
2 12028
4 65842
2 91712
2 45812
2 19902
2 10566
4 55666
4 20238
2 18782
2 47718
4 9384
4 96240
2 6354
4 10530
4 38440
4 94638
4 89610
2 97446
4 88094
4 67228
4 1224
2 64888
2 64208
2 52064
2 25814
4 73508
2 19682
4 64610
2 46844
4 88232
2 31280
2 75884
2 70856
2 99152
2 77360
4 69372
2 81312
2 38378
4 76756
4 87826
2 40666
4 14094
4 85338
2 91412
4 90256
4 39982
4 94720
4 67222
2 50392
2 7250
4 23476
2 87256
4 72496
2 57002
2 75790
4 50102
2 55494
2 5272
2 49786
4 74486
2 15786
2 10236
2 74542
2 89722
2 6908
2 15886
4 54046
2 23294
4 70678
2 40632
4 52450
4 15534
4 98144
2 98160
4 10834
4 67964
2 47614
4 81992
2 82992
2 25636
4 47110
4 83580
2 91662
2 99756
4 85562
4 64164
2 84706
2 23014
2 91074
2 71210
4 9546
4 18152
4 87486
4 98298
4 11508
4 99800
2 68630
4 78742
4 91730
4 24686
4 10444
2 49150
4 47118
2 86294
2 54118
2 13100
4 53668
4 76244
4 37766
2 21550
2 51534
4 73202
2 79164
4 17038
4 90590
4 70000
2 48392
4 24872
4 27988
2 32270
2 97958
2 29376
2 88946
2 43442
2 88864
2 39812
4 62712
2 78948
2 11930
4 3190
2 11718
4 57880
4 95360
2 89980
4 74910
2 71060
2 75170
2 65512
2 91416
4 94326
4 8224
2 21688
2 37100
2 35526
2 58072
4 60120
4 7548
4 38182
4 90230
4 24838
2 51944
4 51648
4 46754
2 46566
4 88712
4 5572
2 7048
4 90480
4 57440
2 23920
2 61094
4 88548
4 46504
4 88750
4 180
4 33162
4 13176
4 46918
2 49512
2 15178
2 87408
2 23024
4 19688
4 54062
4 59560
2 40334
4 36680
2 3212
2 4964
2 70724
2 5988
4 60200
4 5332
4 24430
4 76250
4 19112
2 68528
4 99338
2 97860
4 49186
2 4316
2 49100
4 21044
2 69616
4 36326
2 39156
2 64174
4 99358
4 25436
2 44742
2 24782
2 90936
4 50988
4 66604
2 52726
4 51456
2 25504
2 13072
2 74444
4 86956
2 39870
2 73336
2 12004
4 13962
4 52746
4 28676
4 85964
4 24010
4 97432
2 2652
2 45336
4 85798
2 85532
2 4218
2 43492
4 97360
4 15552
4 21062
4 75848
2 11308
4 35512
4 99432
4 30798
4 83400
2 32558
2 71602
2 21214
2 22978
4 97742
2 50606
2 67594
4 77118
2 93894
2 66358
4 60720
4 88066
2 28730
4 6686
2 54778
2 6586
4 422
2 64020
4 84390
2 23084
2 41742
4 77812
4 6356
2 57936
4 49088
4 67348
2 28472
4 41000
2 50386
2 83136
4 15928
4 6946
4 62774
4 98444
4 59608
2 39346
4 31812
4 41186
2 48898
2 91204
2 54750
2 36092
4 76448
2 13208
4 56474
2 860
4 29616
4 73870
4 11972
4 7462
4 62126
4 61186
4 15500
4 50038
4 35502
4 69432
4 51948
2 46192
2 81440
2 96502
4 84590
2 45692
4 23012
2 52504
4 5512
4 44218
4 40594
2 32834
2 38004
4 35892
4 82168
4 73968
4 60478
4 40830
4 99000
2 30154
4 96948
4 50794
2 55258
4 9744
4 6088
4 67700
2 52232
2 65268
4 29024
2 21756
2 35604
4 6670
2 80262
4 37864
4 10870
4 39316
2 85204
2 48534
4 76470
4 71214
2 89020
4 49928
2 24954
2 24904
4 74560
2 83072
4 85586
4 60896
2 85524
2 88358
2 25308
2 47950
2 12972
4 15492
4 65636
4 3912
2 114
4 74268
4 97158
2 40206
2 16384
2 63596
4 57584
4 90986
2 86350
2 41774
2 96968
2 46296
2 50364
2 48654
4 60278
4 33120
2 11598
2 53750
4 51098
4 73198
2 81982
2 18312
2 34906
4 80514
2 20382
4 25576
4 69332
2 82632
2 29842
4 60818
2 27946
4 12322
4 60962
2 10336
2 19034
2 94878
4 34568
4 92224
2 51584
2 13562
4 94708
4 5432
2 59144
4 66624
2 4262
4 75890
4 97502
2 70386
4 57376
4 22614
2 116
4 97412
2 7838
4 30288
4 44506
2 44744
2 958
2 26668
2 64296
4 70624
4 24954
2 2924
2 20436
2 44140
2 21690
4 45798
2 1390
4 12836
2 50526
4 96212
2 97654
2 58140
4 96872
4 79846
4 42492
4 89302
4 79374
4 23904
4 96724
4 61956
2 6082
2 21310
2 28736
2 2296
2 92642
2 82124
4 78068
4 36996
4 55926
4 33638
2 47698
2 14514
2 98548
4 45838
2 42656
2 79230
2 50052
2 10772
2 5266
2 46516
4 60176
2 10834
4 17122
4 64778
2 56472
4 81128
4 77058
4 1816
2 56332
2 82998
4 64568
2 19348
2 252
4 5192
4 87496
4 55258
2 99916
2 83402
2 71014
2 86284
2 5798
4 21706
4 68300
4 54130
4 31448
2 95942
2 76152
4 64230
2 60812
4 95042
4 10604
4 31622
2 6274
4 86730
2 65970
4 48508
4 36630
2 67692
2 78902
4 95318
4 13354
4 23352
4 35642
2 88876
2 88098
2 90784
2 69336
2 60018
2 62480
2 55680
2 90436
4 78792
4 40160
4 39514
2 52736
2 64644
4 25102
2 62750
2 79334
2 20044
4 72994
2 52078
2 53206
4 83844
4 23118
2 79248
4 72046
4 84222
2 74534
4 54252
2 24762
4 9364
4 41724
2 18574
4 71064
2 99312
2 86010
4 11180
4 56630
4 93316
2 42232
4 92790
4 75552
2 61150
2 85530
2 66744
4 51688
4 35576
4 62636
2 59894
2 94762
4 24404
2 65956
4 89140
2 93960
4 84916
4 82278
2 47872
4 4322
2 93260
2 73760
4 61620
2 81332
2 39438
4 66112
2 34306
2 65568
2 41244
4 25898
4 74102
4 25578
2 94638
4 52946
4 52300
4 77018
4 34014
4 64082
4 93726
2 16276
2 56032
2 98100
2 88414
4 35132
4 71878
2 21554
4 36844
4 58776
4 95356
2 63366
2 41782
2 62622
2 48260
2 15058
4 65830
4 98480
2 8632
4 83686
4 71400
4 92922
2 83496
4 2240
4 32260
4 50284
2 50248
2 77774
2 45564
2 86004
4 85976
4 53248
2 92810
4 12374
4 40604
2 15856
4 11444
4 90212
4 92396
4 21026
4 26158
4 96094
4 14660
4 51392
2 12970
4 66980
2 32294
4 48350
4 73852
2 32894
2 13642
4 71244
2 31564
4 69608
2 37642
4 76544
4 98268
4 90512
4 99400
4 11780
2 40432
2 56550
4 89962
2 18612
2 81920
2 42410
2 38548
4 80386
4 56456
2 71718
4 53794
4 17260
2 70014
4 90662
4 87926
2 91388
2 88902
4 49868
2 69606
4 78162
4 33948
4 97988
2 30682
4 30726
2 76514
2 8510
2 13222
4 63790
4 52008
4 214
4 33942
2 24828
2 85230
4 91902
2 75612
2 1042
4 73206
2 72758
2 72072
4 44246
4 81944
2 2780
4 77334
4 18002
4 89452
4 57254
2 54682
4 56118
2 64048
2 19218
2 30584
4 23500
2 90086
4 49940
4 41574
2 72982
4 73590
4 14654
2 20700
2 80082
4 99640
2 13062
4 14596
2 27292
2 60038
2 43716
2 51434
2 11448
2 21926
4 3102
2 50644
2 95188
2 56928
4 15144
2 84268
4 58886
4 65062
4 84014
2 93900
2 81786
2 48314
4 84242
4 31132
2 59368
2 63282
2 7482
4 63192
4 26808
4 86932
4 86750
2 85860
4 19218
2 26316
2 65198
2 19380
4 94614
4 84610
2 16270
2 45736
2 46534
4 19684
4 65748
2 92864
4 11856
4 33444
2 20424
4 1124
2 52004
4 54380
4 31928
2 93914
4 73920
2 8726
2 86514
4 222
4 34160
2 14036
4 17634
4 21010
4 49012
2 98794
2 96268
4 79292
4 67484
2 94404
4 45346
4 40710
2 47882
2 35650
4 49778
4 44538
4 58540
2 6736
2 5476
4 46250
2 61362
4 38324
4 4528
4 8812
4 56376
4 67532
4 89564
2 74888
2 8560
2 48748
4 96748
4 94128
2 76300
2 91228
4 27880
4 48708
2 60174
2 1746
4 29508
4 98070
2 73962
4 78956
4 51022
4 78776
2 56208
4 1010
2 58750
2 31742
4 25304
2 51954
2 22170
2 13302
2 37488
2 25506
2 37024
2 14608
2 22152
4 54914
2 87966
4 55378
2 98256
2 26860
4 69880
2 61852
2 35726
2 88102
2 85086
2 51366
4 76754
2 84864
4 87842
2 80882
2 65584
4 45944
4 88362
4 74292
2 51156
2 66276
2 93322
2 11404
4 12426
4 25974
2 46224
2 76326
4 11754
4 11500
4 69050
4 87732
4 38024
4 68710
4 17142
2 25140
4 92738
4 56342
2 61762
4 61428
4 22318
2 40204
4 26470
4 31094
2 56862
4 89474
2 9398
4 41762
2 40066
4 38732
2 44686
4 22458
4 85862
4 83820
4 92742
2 59026
4 6492
4 73598
2 50888
4 10014
2 39748
4 52194
4 85744
2 81978
4 9868
4 78352
2 30364
2 17210
4 19440
4 30972
4 16168
2 34764
2 93142
4 55996
4 85874
4 63734
2 61732
4 92032
2 66870
4 66338
2 84808
4 91408
4 7346
4 68984
2 12102
4 64232
4 73124
4 86862
4 55136
2 92568
4 17758
4 75730
2 24366
2 70732
4 61160
4 47728
4 99610
2 61494
2 72616
2 76840
2 94596
2 38638
2 42452
4 52434
4 3988
2 92108
4 69266
2 97940
2 48922
4 69542
4 93088
4 96946
2 62384
2 48428
4 10466
4 73636
2 73348
4 93312
2 29524
2 98822
4 41726
2 57882
2 44274
2 2874
4 83594
4 63484
4 17662
4 10912
2 43242
2 73996
2 47818
4 45778
2 33520
4 39260
4 65708
4 54162
2 46640
2 94030
4 32032
4 10848
2 18288
4 36042
4 2896
4 56526
2 27206
2 84108
2 7590
2 36576
2 50112
4 86574
2 75232
4 420
4 11178
2 19596
2 49864
2 73176
4 38714
4 14084
2 71032
2 32130
4 60466
4 58262
4 48290
2 26606
4 81084
4 68618
4 22780
4 28592
2 90356
4 6018
2 66074
4 38092
2 18556
4 16878
2 80946
4 5784
4 49854
4 97094
2 2902
4 5480
2 69066
4 54632
4 96130
2 13870
4 16338
4 84482
4 58376
2 20504
4 21058
2 27486
4 14564
4 93084
4 5114
4 52570
4 73040
2 82726
4 18944
4 44542
2 3066
2 36022
2 15840
4 97048
4 40166
2 32742
2 61882
4 98682
4 31110
4 90358
4 54598
4 59280
2 41120
2 71750
2 43700
2 16508
4 94962
4 31922
2 9400
4 93856
2 87838
2 83014
4 14558
2 48928
2 8202
2 90504
4 52380
2 67894
4 7812
4 9414
2 88746
4 62814
4 43040
4 54400
2 67254
4 82332
2 21674
2 67524
2 92938
4 27732
2 79390
2 1840
4 78710
4 45650
2 69758
2 42698
4 31166
2 99230
4 72036
2 18524
2 63206
2 17754
2 5392
4 55202
2 95834
2 60496
4 86952
2 53766
2 8196
4 76138
2 35824
4 32254
4 50942
2 71708
4 94472
4 63830
2 30628
2 29884
2 28440
4 65542
2 43854
4 28718
4 48544
4 65436
4 34002
2 33670
2 89532
2 66108
2 23080
4 84350
4 10366
2 78194
2 46772
4 13212
4 92984
2 83588
4 41102
4 18128
4 73756
4 47840
2 12556
4 69302
2 74546
2 11710
2 47416
4 75928
4 84380
4 32870
4 1334
4 57432
2 8066
2 40794
2 29060
2 97156
2 74368
4 38938
4 79690
2 68146
2 42326
2 61364
4 82946
2 94812
2 49534
4 56622
2 88014
2 94572
2 72704
2 4582
2 81790
4 44318
2 12758
4 16524
4 82896
2 65160
2 17116
2 37682
2 17380
2 1664
2 37990
2 57408
2 77442
4 90882
4 44014
2 80048
2 83288
4 13336
4 7978
2 55650
4 74290
4 68664
2 51504
4 92944
4 97170
4 79864
4 14900
4 60814
4 7632
2 77314
2 38586
2 46256
4 23198
4 77716
2 77020
2 32480
2 95740
4 47510
2 80130
4 1318
4 74396
4 39192
4 12806
2 79834
4 63020
4 89784
2 13978
2 96266
2 87784
4 52894
2 22816
4 74974
4 49444
4 53746
4 73396
2 93750
2 30860
4 72324
4 87514
2 68616
4 66744
2 46688
4 80332
2 78560
2 79538
4 17288
4 70366
2 49364
2 28434
4 54354
2 64900
2 31882
4 43838
2 90240
4 2236
4 60680
2 56798
2 14018
2 9294
4 9424
4 64752
2 45676
2 44168
4 82988
4 54242
2 48034
2 62806
4 86518
2 31624
2 3708
2 82010
4 66942
4 45012
2 71470
4 98708
2 45878
4 93306
2 42450
2 23390
4 77310
2 12438
4 4200
2 38204
2 10366
2 2358
2 12536
2 5594
4 97174
4 69346
2 25446
2 80474
2 1190
2 38192
2 19190
4 56438
4 18428
2 2944
4 69700
2 34530
2 69520
2 91310
2 65898
2 94984
4 4112
4 5158
4 2672
2 70998
4 60946
2 48548
4 58592
2 44576
4 83976
2 92468
4 92626
2 55596
2 74890
4 52984
4 41636
4 75286
2 58442
4 58028
4 32642
2 75524
2 41646
4 57536
2 42628
4 61932
4 1240
4 40470
2 30864
4 86668
2 10376
2 41016
4 83280
4 80350
4 23860
2 27910
2 65424
4 20244
4 12918
4 18822
2 91006
4 25100
4 442
2 40772
2 5194
4 59872
2 93366
2 14492
2 75462
2 57982
4 39304
2 31664
2 31304
2 56256
2 26300
2 81358
2 56118
2 45712
2 82898
4 31040
2 31006
4 3792
2 34238
2 70482
2 87854
2 24268
4 31644
2 60848
2 46162
2 66130
4 97902
4 96900
4 5800
4 74546
2 25820
2 15194
2 54434
4 86008
4 41644
2 59522
4 67472
2 54126
2 65244
2 46272
4 20114
4 14240
2 28952
4 42764
2 11008
2 65466
4 82482
4 87662
4 1768
4 88586
4 57884
4 31092
4 26438
4 90996
2 1918
4 89270
4 91618
2 73320
2 7088
4 51380
2 74636
2 94096
2 10274
4 32986
4 67822
4 25628
2 22696
2 2490
2 25088
4 39190
4 65570
4 26958
2 62230
4 66048
2 19728
2 63272
2 7740
2 32824
2 38364
2 63190
2 1684
4 80270
4 90110
2 90018
4 79218
4 26294
4 35968
4 73916
2 31126
2 72034
4 97406
4 31920
4 35056
2 37150
4 10192
2 68232
2 26758
4 45462
4 67910
2 22070
2 19300
4 93096
4 83962
2 26360
2 32584
2 76666
2 66160
2 29256
4 46652
4 23606
2 4282
4 38514
4 87806
2 3214
4 30366
4 2886
2 87752
2 34312
4 43824
4 62244
4 74010
2 16804
4 29438
2 57726
2 23070
4 77054
4 46822
4 95382
4 24648
4 18108
4 85672
4 92806
2 80070
4 56766
4 25996
4 97100
2 50940
2 47916
2 37598
4 98948
2 97896
2 96434
2 3494
4 94726
4 29120
2 45396
4 51140
2 92786
4 98730
4 76950
2 29494
2 77264
2 17482
2 4770
2 44298
2 22434
2 27122
2 40578
2 79010
4 3578
2 86758
4 31346
4 96002
4 56070
4 6224
2 7984
2 14410
2 61888
2 19452
2 60530
4 65714
4 98074
4 74338
2 44972
4 16576
2 3502
2 43534
2 3132
2 51784
4 78550
2 17056
2 49580
4 87468
4 86218
2 70110
4 55110
2 66424
4 5312
2 6084
2 16522
2 22568
2 46
4 5046
2 72362
4 956
4 86520
4 97184
2 96094
2 70844
2 476
2 81584
4 53538
4 50498
4 99460
2 91146
4 14438
2 18944
4 87724
4 23126
4 14208
4 95700
2 76528
4 17788
4 25854
4 91720
2 56122
4 87834
4 88862
2 16708
2 25810
2 54308
4 87576
2 6636
4 4206
4 96252
2 27140
4 1512
2 64228
4 54788
2 22720
2 82994
2 89938
2 57872
2 62558
4 7554
4 39682
4 11738
4 9580
4 36874
2 41168
4 55794
4 35414
2 93964
2 76464
2 31798
2 51080
2 68688
4 6336
4 22866
2 23852
4 56302
4 9740
2 56376
2 62140
2 13806
4 73302
4 32548
2 69938
4 58510
4 472
4 49994
2 91486
4 42790
4 87342
4 16022
2 42172
2 58606
4 24774
2 67002
4 28524
4 71452
4 12216
4 99488
2 15250
2 35384
4 50266
2 59114
2 97814
4 15908
2 38062
4 53612
4 7622
2 82592
4 21254
2 41566
4 32084
4 3184
2 59896
2 11658
2 9230
2 3534
2 72252
4 15246
2 46050
4 49386
4 29274
2 79608
4 22706
2 51098
4 43018
4 73992
4 17808
2 20368
4 86962
4 92052
4 34448
4 2326
4 21328
4 96134
4 15602
2 9628
4 73962
2 45124
4 86240
4 75504
2 29556
4 29578
4 27110
4 92124
2 82890
2 86386
2 38448
2 6056
2 98074
4 16758
2 54278
4 95804
2 27498
2 7446
4 39450
4 55370
2 45984
4 24764
4 78158
4 11292
2 91540
2 1222
2 6234
2 62996
4 14286
2 40468
2 43702
2 86250
4 25302
2 43856
2 76238
2 39252
2 20312
2 600
2 7874
2 44328
2 63426
2 80420
2 37426
4 97522
2 55576
4 158
2 13290
4 76016
4 4468
2 93152
4 38394
4 64324
4 47008
2 28292
4 97834
4 57074
2 36014
2 69014
2 17802
4 40760
2 26284
4 33892
4 81712
4 64328
2 37794
2 3456
4 26812
4 99570
2 588
2 83386
2 42428
4 34490
4 88332
4 15920
4 5488
2 5834
4 58624
4 3330
4 57158
4 3788
2 71434
2 51984
4 51084
2 16336
4 80272
2 54388
2 14826
2 26442
4 98068
2 64134
2 85144
2 25958
4 91334
2 20478
4 20384
2 15946
4 3850
4 62974
4 60552
4 19364
2 75690
4 69156
2 19446
2 19136
4 87900
4 4278
4 38292
4 63998
4 62264
4 61106
2 33546
4 91046
2 85744
2 18328
4 54284
4 34848
2 25128
2 98540
4 26886
2 57740
2 85798
4 16262
2 44568
2 10580
2 80868
2 75202
2 14594
2 88884
4 82338
4 19920
4 48532
4 14336
4 11590
2 79682
4 9698
4 65214
2 49460
2 16872
2 67386
2 39012
4 29082
2 24700
2 22872
4 11944
2 93404
4 45912
2 40346
4 50726
2 45350
4 75736
4 83484
4 6958
4 47090
4 97096
2 62114
4 47680
4 70214
4 10124
4 85326
4 98234
4 83384
2 41242
4 36544
2 38476
4 96038
2 47962
4 30092
4 44458
2 30780
2 56654
2 39986
2 89190
4 63062
4 17490
2 73972
4 1720
4 24822
2 91968
2 97560
4 39554
4 10844
4 36174
2 8788
2 56390
4 4980
2 14658
2 43388
2 5284
4 16312
2 73586
2 62948
2 58974
2 37384
2 7330
2 41490
2 29488
4 67610
4 52396
4 4006
4 84988
2 27814
4 17772
2 65704
4 17718
4 4400
4 54186
4 30604
4 8844
4 98262
4 47160
2 43474
2 17068
2 12912
2 30696
4 70654
4 99168
4 90990
4 32320
2 5690
4 61894
2 23924
2 84132
2 76372
4 45062
2 66604
4 83938
2 61768
2 38680
2 83690
2 17838
2 94508
2 96746
4 16394
4 26698
2 25528
2 62690
2 15492
4 37738
4 48132
2 53810
2 54316
4 98936
4 76366
2 27056
4 34086
4 71106
2 82704
2 66502
2 9452
4 3062
2 94730
2 62116
4 18534
4 86500
2 35786
4 3466
4 92534
2 86956
2 71576
4 35832
2 78662
4 79400
2 35802
4 43448
2 91984
2 69894
4 68216
2 70896
2 21902
4 42564
2 83954
2 26124
2 42140
2 46956
2 1408
4 30666
4 24378
2 31112
2 69174
2 1676
2 69830
2 34610
2 45174
2 1736
2 29802
4 63768
2 31330
4 22348
4 43494
2 94734
4 35336
2 59138
4 72216
2 50586
2 49192
4 32008
4 52390
4 75038
2 19312
2 70798
2 67348
4 22398
2 88134
4 77412
4 7260
2 56432
4 50906
2 16896
2 51390
2 63828
4 8706
4 46194
2 39278
2 14342
4 99816
4 2438
2 38826
4 31782
4 62868
4 3540
4 14690
2 70264
2 98330
2 60292
2 16568
2 88252
2 75200
4 93346
2 55664
2 68632
4 19790
2 34612
2 48238
4 87294
4 53394
4 14344
2 52604
2 23484
4 72026
2 62202
2 59276
4 63184
4 15870
4 23546
2 49662
2 6638
4 39654
2 36898
2 59084
4 68840
4 64868
2 79430
4 55674
2 29318
2 30542
4 91790
4 29310
4 51152
2 24648
4 20940
4 35196
4 11018
2 42064
2 40640
2 26538
4 85600
4 50706
2 59758
4 69596
4 42404
2 15182
4 57640
2 37062
2 65592
4 66500
2 67638
2 95838
4 62768
4 42014
4 66664
4 18962
2 98526
4 630
4 59686
2 44120
4 41640
4 31738
2 47938
4 14478
4 60350
2 18546
2 78366
2 17780
2 65906
2 26304
2 71884
2 30300
2 51276
4 4406
4 95572
4 14368
2 290
4 3324
4 95334
4 22254
2 37462
2 91510
4 24922
2 80542
2 86276
2 89446
2 8672
4 53188
4 61378
2 47838
2 26532
2 55062
4 58208
2 79728
2 31322
4 96014
2 52014
4 54722
2 27020
4 59582
4 46186
4 70202
2 29740
4 28416
2 37700
2 6946
4 26888
4 70224
4 30458
2 5626
4 38114
2 53374
4 81632
2 7178
2 45040
2 43032
4 70872
4 2404
2 75016
4 1222
2 8488
2 30520
2 86468
2 52908
4 74882
4 6242
4 39984
4 10640
4 99782
4 51686
2 7932
2 29282
4 99876
4 14404
4 95240
2 39790
2 24072
2 22960
4 52536
4 78662
2 8244
4 9442
2 35370
4 80570
2 91614
2 20110
2 55720
2 48854
4 27690
2 10644
2 42856
4 84474
2 61736
4 94032
2 16238
4 4464
4 71662
2 19760
2 31258
2 60652
4 9110
2 47514
2 33246
4 6430
4 1988
2 97322
4 35000
4 86234
2 49030
2 18376
4 9490
2 95184
2 70558
4 41514
4 71784
4 6032
2 91624
4 92392
2 20232
2 91556
4 76834
4 73188
2 56604
4 55732
4 26068
4 95226
4 27894
2 85948
2 63530
2 50722
2 14032
4 7218
4 98378
4 58998
4 80300
4 55428
4 4198
2 74716
4 9034
2 36312
2 58366
4 33184
2 31358
4 40488
2 66072
2 7418
2 9050
2 54310
2 86138
2 79176
4 17436
2 23316
4 79432
4 5496
4 78376
4 61564
2 85616
4 36134
2 42744
4 59842
4 67648
2 88706
4 57324
4 7924
4 29956
4 71700
4 3206
2 23496
2 3248
4 74222
2 94262
4 94096
2 69090
4 25390
2 46524
4 74618
4 15358
2 88616
4 87122
4 48274
4 30022
2 28496
2 17870
2 12192
2 47290
2 28012
2 68596
4 86834
4 75532
2 73174
4 40068
4 38780
2 83816
2 21888
4 98498
2 7464
4 85572
2 13650
2 94754
2 68536
4 77326
2 91838
2 49700
2 69534
2 38446
4 72302
2 648
2 63588
2 43306
4 56124
4 11936
4 65070
4 76254
2 31884
4 13134
4 12680
2 37590
2 59952
4 18086
4 58646
4 28210
2 61850
4 17156
2 19026
4 63778
2 97684
2 97558
4 23512
4 3980
2 85410
2 94670
4 16956
2 66496
2 39868
2 27604
4 61184
4 82844
4 47792
4 50168
4 42376
4 9608
2 24312
4 15292
2 13176
4 70692
4 41320
2 508
2 46178
2 49082
2 80872
4 69580
2 36100
4 64976
2 10916
4 30880
2 47168
2 51816
4 39806
2 27326
2 59670
4 6352
4 20280
4 65740
4 1358
2 55812
2 33878
2 32314
4 34916
4 66258
4 6796
4 75306
2 77170
2 3252
2 40406
2 90404
4 89570
4 85322
4 31526
4 65826
4 42528
2 51404
4 77298
2 73644
2 48550
2 60458
4 77736
4 88882
4 96668
2 64126
2 65670
4 12692
2 21568
4 78848
4 99924
4 37270
2 1046
2 65294
2 56394
2 34704
4 87902
4 53500
2 45386
4 88468
4 87634
4 71602
4 72690
4 35100
2 13380
2 15726
2 16996
2 20630
2 84920
2 4926
2 87664
4 14150
2 58602
4 37846
4 22998
2 7616
4 3368
2 45552
4 19080
4 95580
2 36056
2 58592
2 52114
2 69618
2 65544
2 35510
4 85496
2 17578
4 49654
4 24424
4 25888
4 54230
4 27890
4 22114
2 3346
4 10736
2 67326
2 76298
2 2828
2 86852
2 11804
4 87734
2 80288
4 36474
4 46236
4 53740
2 17038
4 69990
2 50524
2 95078
2 15118
2 71440
2 87750
2 67654
2 36042
2 40940
4 15342
4 85502
4 68168
4 67806
4 710
4 81006
4 1202
2 51878
2 33850
4 38682
4 18504
4 59914
2 79268
2 18482
2 9268
4 75230
2 15200
4 96000
2 68908
4 3186
4 43812
4 50502
4 82856
2 11364
2 87104
2 69896
2 78706
4 71854
4 58454
4 60444
2 2494
2 18658
4 27068
4 64428
2 29402
2 57928
2 84442
2 82490
4 64654
4 13216
2 63658
2 63936
2 31746
2 44176
2 96298
4 7036
4 55568
4 59286
4 78424
2 50490
2 58296
2 10108
2 45464
2 86944
2 10526
2 71058
2 38432
2 63848
4 65418
2 77890
2 72236
2 59340
2 16738
2 12202
4 41254
2 21354
2 33470
2 72742
2 366
4 80652
4 6198
2 41446
2 66648
4 65620
4 87180
2 42784
4 56360
4 81680
4 33836
2 25872
4 86812
4 6326
2 49642
2 72016
4 98782
4 93674
4 16590
2 45818
2 62218
4 12176
2 91682
2 40564
2 13578
2 48564
2 21646
2 64262
4 94768
2 63444
2 31040
4 57522
4 46092
2 88100
4 28876
4 49708
4 57378
4 82742
4 55400
2 61834
2 12396
2 87634
4 57446
2 26720
2 2598
2 65806
2 73006
2 58494
4 9182
4 3420
4 86894
4 63566
4 69600
4 45762
2 33770
2 4734
2 78622
4 68450
4 92120
2 35972
2 48376
2 8030
2 12292
4 87616
2 29520
4 67564
2 65968
2 27006
4 18426
4 25200
4 44026
4 86900
4 16684
2 45886
2 64314
4 7194
2 66916
2 45194
2 42986
4 48078
4 686
2 90194
4 94120
2 26828
2 63550
2 69860
2 53526
4 93478
4 38556
2 4854
4 89374
4 18750
4 81020
2 99406
4 98102
4 94338
2 59272
4 53212
2 49300
2 5986
2 61994
2 56758
2 90872
4 33182
2 59306
4 18738
2 69788
2 76780
4 23978
4 89420
4 69528
2 15772
4 73280
4 13574
2 76706
2 43872
4 6136
2 33332
2 66026
4 50372
4 26358
4 75208
2 19442
4 62354
4 21030
2 5674
2 35688
2 57848
2 40138
2 36146
4 93708
2 76822
4 12954
4 68802
4 70936
2 128
4 37480
2 10586
2 17566
2 95158
2 24106
2 41568
4 52112
4 97186
2 47652
4 38718
2 82974
4 23480
2 87244
4 78708
4 85530
4 24948
2 6940
2 98098
2 18194
4 99680
2 91018
2 79626
4 44908
4 59822
2 44438
2 70692
2 1822
2 12058
2 19910
4 99726
2 32792
2 47366
4 46736
4 62818
4 96718
2 91026
4 5968
2 63240
2 69810
4 16852
4 13934
4 58854
4 97656
4 31386
2 43790
4 80890
4 93874
2 66840
2 4752
4 97948
4 73376
4 33590
4 8966
4 44512
2 8540
4 14378
4 5202
2 14154
2 88454
2 49108
4 40498
2 77552
4 76634
2 21386
4 17032
4 53052
4 99940
2 54324
4 39272
4 39884
2 71898
2 5180
2 57966
4 48008
2 24970
4 32208
2 95524
4 53582
4 8662
4 84460
4 24904
2 45186
4 49862
4 33536
2 27574
4 19924
2 16404
4 48540
2 97950
2 68270
4 7678
2 40946
2 25348
4 55268
4 52144
2 15282
2 96540
4 87182
2 14330
4 36962
4 77016
4 51356
2 82294
4 97782
4 95320
4 8764
2 95114
2 1410
2 80684
4 79338
2 57386
2 33060
4 1408
2 35086
2 89842
2 49312
4 85482
4 39956
2 20408
4 23682
2 22968
4 90118
2 35290
4 22638
2 3280
4 28784
4 72566
2 54328
4 63340
2 85212
4 51300
4 4948
2 72340
2 89126
2 14302
4 18260
4 95082
2 65966
2 6368
2 3700
2 48660
2 16988
4 81958
4 12586
2 11534
4 82128
4 51042
2 92684
4 37906
2 48970
4 31816
2 88398
2 94310
2 12042
2 75482
4 85216
4 79488
4 27386
4 61246
4 27144
4 22836
2 28494
4 56372
4 17258
2 51382
2 72802
4 67172
2 27130
4 32442
4 17576
4 71324
2 7622
4 10754
2 23432
4 83164
4 19252
4 61920
2 95708
2 70428
2 69892
4 19592
4 16446
2 45100
2 32538
4 2388
4 34356
2 19374
2 60270
2 79458
4 95238
2 21854
2 85138
4 39126
2 43018
4 27408
2 35592
2 4160
2 45170
4 11512
2 17660
4 78574
2 31702
4 85794
4 81528
2 73416
2 99140
2 52846
4 52782
2 59864
4 35654
4 70048
4 49662
2 42384
2 20602
2 39370
4 35540
4 66960
2 81120
4 988
2 81912
4 42140
4 74042
2 83494
4 46418
4 33302
4 61340
2 10762
4 71638
2 61118
2 87974
4 52552
2 36138
4 55846
2 30650
2 9272
2 16210
4 71228
4 96084
2 16248
4 87564
2 59438
4 63490
2 514
4 31488
2 16186
4 83690
4 80344
4 86348
2 39682
2 83162
2 83742
2 12470
2 85900
4 67526
2 26238
2 87912
2 23446
2 52298
2 1486
4 8232
4 31294
4 73742
4 56126
4 60992
4 28276
2 79016
4 98022
4 33494
2 25290
2 38866
2 67534
4 58230
4 44320
4 39522
2 49238
2 35638
2 7914
2 40190
2 52640
2 96816
2 20304
4 27470
2 6384
2 69818
4 16230
2 58346
4 76330
2 72966
2 82450
2 45718
2 81578
4 54514
4 73882
2 98240
2 26966
2 30096
4 5874
2 86884
2 12124
4 3638
4 44824
4 63684
2 95394
2 30950
4 14270
2 23958
2 76582
2 16786
2 69164
4 51742
4 38692
2 10766
4 62782
4 74764
2 14684
4 9672
4 28848
2 66374
2 5326
4 37004
2 23728
4 57800
2 55920
2 60170
2 74216
2 14026
2 51608
2 98294
2 48686
2 79580
2 42642
2 98896
4 74000
2 56512
4 89818
4 78938
2 62612
4 67396
2 27484
2 83154
2 4102
2 32550
2 24930
2 63682
2 4794
4 78800
4 13626
2 12254
2 63638
2 76108
2 92060
2 43252
4 22652
2 40710
4 18312
4 82650
4 52820
4 13376
2 45468
2 64372
4 71150
2 27900
2 54896
4 20896
2 23114
4 66552
4 65236
4 77918
2 6436
2 5312
2 13032
2 88308
4 21394
4 91562
4 96672
4 96484
2 56202
4 20836
4 44012
2 76110
2 8654
4 71448
4 42632
4 55394
2 52130
4 38198
2 18742
4 37240
2 5644
2 15570
2 65630
2 89296
2 18360
4 82948
2 72902
4 22128
2 82440
2 55512
2 74480
4 68858
2 95464
4 15082
4 36152
2 7312
2 44378
4 20036
2 71538
4 52064
2 53554
4 26780
4 92990
4 13770
4 11776
2 54530
2 74704
2 44974
2 6210
4 9480
4 95586
2 47486
4 87532
2 56464
2 27674
2 33368
4 44316
2 81148
4 57102
2 26530
2 84450
4 49136
4 73482
4 90786
2 4504
4 81858
4 88832
4 12972
4 71782
2 17134
4 5110
2 87968
4 9616
2 28850
2 52142
4 18700
4 83588
2 33006
4 29544
2 48712
4 79898
4 60638
4 55096
2 59832
2 57656
2 72728
2 21692
4 63166
2 59442
4 30988
2 88834
2 55642
4 84694
4 22964
4 9638
2 5446
2 1552
4 35648
2 23072
2 16362
2 42188
4 71470
2 81746
2 21064
4 29674
4 14236
4 44230
2 68482
2 84330
2 92096
4 57342
2 21758
4 98522
4 22824
4 30516
4 70054
2 14586
4 80730
2 37868
4 53498
4 15392
2 30100
2 26342
2 41052
2 94060
2 69744
2 79160
2 92170
2 19844
4 43096
2 31440
2 14016
2 60010
4 60296
4 90940
4 61968
4 61164
4 40542
4 52222
2 27210
2 29160
2 90674
4 31678
4 63050
4 42408
2 54274
2 21814
2 50180
4 60186
2 70004
2 76772
2 87532
4 94810
2 79150
2 65548
2 16106
2 48596
2 42506
4 72428
2 67410
4 88856
4 54850
4 6506
4 80222
4 76966
2 28560
4 28934
4 61598
4 84950
4 9108
2 2522
2 9946
2 8934
2 61814
4 26754
2 49906
4 57912
2 66348
2 25924
4 31436
2 84930
2 57100
4 25324
2 24024
4 48662
2 28128
2 73872
2 20274
2 6746
2 914
2 64490
4 99032
4 60314
2 45294
4 70988
4 37182
2 42290
4 28658
4 88042
4 38704
4 82640
2 55104
2 90088
2 3412
2 43860
2 88888
4 28898
2 60872
4 35886
4 8138
2 17076
4 39248
4 68790
2 18848
4 40812
2 34234
2 85666
4 24374
4 74236
4 6956
4 29634
4 22088
2 43116
4 20496
4 11388
4 24722
2 25366
4 83368
4 41760
2 63360
2 69740
4 32772
4 31216
2 96668
2 12678
4 50116
4 62532
2 68118
2 54666
2 18418
4 87772
4 33518
4 63920
2 17270
2 50708
4 72252
2 19488
2 98652
2 64332
2 10026
2 59256
2 98018
4 83658
4 42188
2 66018
2 87138
2 90128
4 4796
4 41814
2 68532
4 9536
4 78342
2 47804
2 4352
2 94124
2 97610
2 65754
4 41916
4 52260
2 61892
4 45954
4 77738
4 11084
2 28210
2 44934
4 94714
2 38776
4 77028
4 25500
4 89918
2 94684
4 26458
4 22372
2 63728
4 45112
2 45708
4 67358
4 10408
2 63470
4 3030
2 14534
4 28984
2 62922
2 93400
2 27370
4 10420
2 23134
4 11968
2 95044
4 74458
4 57946
4 49260
2 33216
2 56262
2 97494
2 58024
4 44144
2 42936
2 51892
4 85020
2 33240
4 41296
4 55318
2 180
2 70274
2 12754
2 22016
2 21904
4 97268
2 47114
2 8648
2 93068
2 68598
2 39932
2 58474
2 72908
2 97842
2 11548
4 88836
4 99120
2 66658
4 7078
2 64934
4 15286
2 45258
2 18806
4 28176
4 36170
2 37982
4 1012
2 30446
4 36444
4 69800
4 10822
2 21200
4 81800
2 56674
4 31866
4 90180
2 32884
2 76958
4 44504
4 31366
4 55240
2 87556
2 68160
2 66390
2 6836
4 22266
4 39910
2 80824
2 41642
4 8526
4 55132
4 70474
4 83934
2 84522
2 25572
4 97860
4 13700
2 95730
4 42840
4 58288
4 23228
2 19986
4 82352
2 61002
2 83360
2 90450
4 48674
2 95572
2 62696
2 24708
4 46484
4 14636
2 46654
4 81562
2 19704
2 8756
2 20616
2 57486
4 77262
2 56084
2 24058
2 5404
2 45230
2 31826
2 86966
2 68392
4 62068
4 31114
2 82286
4 94312
4 78106
2 57008
4 95968
4 26210
4 8162
2 62974
2 5744
4 10484
2 43832
4 21040
2 38388
4 25080
2 56252
4 66276
2 40276
4 59516
4 5316
2 52328
4 3764
2 43276
2 16368
2 48780
2 89850
4 23072
2 42504
4 61336
4 75594
4 14738
4 68644
2 5192
4 20768
2 80246
4 41468
4 23572
4 98564
2 13580
4 32932
4 61514
2 48650
4 32248
2 42616
4 23814
2 40968
4 74
2 74694
2 92828
2 87516
4 92018
2 32726
2 88040
4 2684
2 37660
4 82306
4 85750
2 73746
4 63502
2 85056
2 88810
4 18392
2 72986
4 8380
2 69568
2 46066
4 76172
2 31200
4 43078
2 73832
2 80240
2 2870
2 49618
2 25808
4 87388
2 60766
4 33250
2 27158
4 28130
4 71762
2 17804
2 14442
2 51148
4 42318
4 10588
2 73998
4 98178
4 39920
4 14384
2 35676
4 81840
2 83372
4 62730
4 74732
4 58382
2 78774
2 8158
4 41470
4 87672
4 21142
2 16954
4 44426
4 33296
4 77140
2 33450
4 71966
2 93886
2 93040
2 1688
2 12320
4 11218
4 70586
4 89416
2 48288
2 57430
4 8252
4 32992
4 35108
2 54674
4 37500
2 84136
2 92570
4 15324
4 9482
2 67476
2 51280
4 46156
2 1500
2 98626
4 71584
2 91114
2 62414
4 85494
2 940
4 71438
4 81666
4 14920
2 62274
4 84248
4 13118
2 67800
2 11972
2 36382
2 29018
4 41234
2 95616
4 91996
4 81154
4 43280
4 35988
4 52406
2 63040
4 27256
4 18928
2 68154
2 70544
4 51364
2 38740
2 7580
4 23642
2 22880
4 27514
4 4906
2 3904
2 176
2 88742
2 30848
4 42354
2 62862
2 71748
2 23096
2 94598
2 4142
2 49932
2 14638
2 12996
4 96812
2 28040
4 18978
4 17462
2 13582
2 21454
2 58722
4 23940
4 69654
2 14210
2 46048
4 96478
4 88336
2 38694
4 32638
4 20834
2 32260
4 7104
4 33554
4 39342
2 53678
4 29358
2 67240
2 79212
4 58036
4 57492
2 59132
2 82040
2 74406
2 58944
4 80400
2 64182
4 45722
4 31602
2 48466
4 16496
4 51480
4 86804
4 30894
2 89246
4 59858
2 72100
4 18114
4 30718
4 61370
4 84018
2 41268
4 81224
4 23790
2 58014
2 20832
2 97176
2 38020
4 75418
4 70950
2 11940
2 73536
2 1756
2 34168
4 79288
2 38590
2 73948
4 82108
2 80122
2 38332
4 92016
2 40430
4 62140
4 9446
4 61366
2 40830
2 22142
4 16952
2 77130
2 21484
4 95084
2 39920
4 44
4 11790
4 5452
4 53988
4 55660
4 18412
2 69976
4 70564
4 2378
2 1274
2 18270
4 28388
2 58400
4 65362
2 62660
4 66102
4 90210
4 21228
2 782
2 55416
4 88072
2 12362
2 75164
4 496
4 77200
2 30026
2 56712
2 65254
4 49614
4 28544
4 26018
2 62308
2 75628
2 97480
4 58444
4 11396
4 17730
4 74068
4 80748
2 17954
4 93984
4 6496
4 77730
2 60566
2 67734
2 23882
2 33372
4 16584
2 32916
4 76074
2 83894
2 82454
2 39716
4 93310
4 74106
4 26032
2 5870
2 50756
4 30538
4 27286
4 36914
4 18526
2 44544
4 99420
4 13452
2 84328
4 33318
4 58198
2 68760
2 76340
2 65430
2 73496
4 8832
2 2574
2 66598
2 3028
4 45616
2 38400
4 5214
4 70186
2 14020
2 4450
4 72768
2 55900
2 4164
2 87624
4 18388
4 82402
2 4722
4 6856
2 49942
4 2924
2 19040
4 95258
4 64712
4 46936
2 79224
4 37394
2 42152
2 49334
2 65936
4 8786
4 5352
2 92710
2 85674
4 60586
2 71212
4 45214
2 51392
2 46984
4 51316
2 17574
2 99514
4 36796
2 22754
4 69918
4 98742
2 79138
4 79344
2 25558
4 7914
4 6510
2 73750
2 37292
2 67330
4 76638
2 54988
2 66984
2 26556
2 82218
4 9658
4 82086
2 59410
2 9812
4 66136
4 13136
2 29978
2 67130
4 46544
4 67188
2 30590
4 43542
4 81756
2 33862
4 42556
2 95058
4 70596
4 47950
2 36102
4 61118
4 30060
2 22034
2 50898
2 89706
4 19648
4 61688
2 83450
2 73892
4 84284
4 73296
4 20396
2 52750
4 55434
2 35764
2 12016
4 75904
2 89984
4 92302
4 64838
4 6898
2 31866
2 43640
4 37136
2 69622
4 96816
2 24386
2 27744
2 5904
4 58702
4 51318
2 26230
4 62914
2 48308
4 68566
2 72752
2 13414
4 23570
4 40976
2 95902
2 22154
2 32376
4 20740
2 41528
4 4846
4 46014
4 30734
2 81730
2 17330
2 32508
4 3852
2 75824
4 38074
4 80256
2 57860
2 32826
4 80884
2 73464
2 36674
2 49060
4 836
4 43268
2 99572
2 65406
4 45836
2 51804
4 50170
4 26122
4 46560
2 59920
2 45522
2 21112
2 62548
4 83152
2 24794
4 1516
2 98836
4 2122
4 89354
2 30852
2 6702
4 14618
4 27126
4 75812
2 78084
2 95274
4 88890
2 77176
2 45250
2 94750
4 41864
2 37188
2 20040
2 59776
4 100
4 6886
4 4260
2 16308
4 52002
2 14890
4 73140
4 27090
2 31250
2 95180
2 8872
2 47864
4 61346
2 37556
4 86334
4 93972
2 61678
4 39626
2 32888
4 27850
2 22940
4 82212
2 24022
4 90196
4 95398
4 94150
2 27770
4 18346
2 98104
2 89146
2 11830
4 66422
4 31970
4 57058
4 26798
2 66704
2 88082
4 49886
4 59384
2 22488
4 4298
2 73838
2 91648
4 20654
2 12216
2 69492
2 46436
4 63408
2 22012
4 67790
4 71764
2 58
2 20766
2 61504
4 96678
4 80096
2 62512
4 62478
2 92266
4 7530
2 76620
2 96664
2 18904
4 26536
2 40374
4 24720
2 91828
4 82830
4 51882
4 82350
4 98688
2 55304
2 91920
4 89734
4 19842
4 39162
2 54128
2 64480
2 32530
4 63672
2 75184
2 31084
2 52180
4 21724
4 83756
2 18912
2 38142
4 77344
2 16324
2 99430
4 49178
2 70384
4 94748
2 15764
2 40690
4 97188
4 14806
4 53330
2 12612
4 49474
4 51966
4 38066
4 82004
2 23766
2 96302
4 1548
2 13314
2 65448
4 25570
4 11632
4 86702
4 18112
2 1786
2 59760
4 82444
4 3076
2 29500
4 88436
4 65674
2 56880
2 85766
4 24210
2 31538
4 73330
2 58706
2 23740
4 97310
4 96826
2 11430
4 27084
4 11622
2 6610
4 32962
2 98550
2 5042
4 9962
4 258
4 52754
2 14436
4 76746
4 68084
4 44740
2 8570
2 98034
2 74574
4 30714
4 28378
4 50656
4 2794
2 53924
4 11220
2 80356
2 43140
2 2474
4 5102
4 1320
4 87502
2 88680
4 12342
4 8208
2 25344
2 85872
2 63788
4 57056
2 95918
4 52132
4 54638
2 26120
2 43128
4 25262
4 53108
2 92400
4 5646
2 85216
4 57748
2 51202
4 25780
4 99566
2 69768
2 57778
4 62756
4 48524
4 80798
2 61434
2 52316
2 79006
4 20380
2 27166
2 51568
4 97848
2 21820
2 59262
2 36822
2 57416
4 39690
2 91500
2 85688
4 6104
4 95986
4 7690
2 66220
4 12510
4 17086
4 19348
2 84772
2 91316
4 78996
2 14402
4 6862
4 62556
4 19848
4 43328
2 15080
4 32872
4 94164
2 24216
2 20938
2 32164
4 28970
4 22248
4 50418
4 12006
4 73390
2 13782
2 38618
4 45204
2 32322
4 58174
4 21900
2 30070
2 57716
2 27618
2 21536
2 82496
4 66208
4 3016
4 78348
4 67720
2 83906
2 23374
2 10950
4 54306
2 59186
2 9574
2 17090
2 59202
2 75752
4 60550
4 91186
4 37916
2 850
4 21202
4 82010
2 83770
4 61170
2 94958
2 69480
2 37894
2 9420
2 74170
4 60650
4 37842
2 8102
4 78972
4 50546
2 69544
4 30444
2 36870
2 23838
4 64742
4 13070
4 99528
4 65734
2 3770
2 38118
4 746
4 95358
2 4784
2 51452
2 7190
4 12708
4 22
4 37116
2 17602
2 48960
4 74860
2 91376
2 24666
2 87564
4 51108
2 814
4 37794
4 35370
4 3192
2 77074
2 32142
4 266
4 34260
2 97850
4 62602
4 35022
4 37568
2 67294
2 70132
2 50302
2 15756
4 68282
4 61204
4 1866
4 73588
4 32792
2 34302
2 38648
4 91190
4 69902
2 91000
2 24984
4 25192
4 19460
4 52832
4 72042
4 97140
4 16114
2 5584
2 84846
4 65122
4 99376
4 12678
2 85668
4 26
4 29340
4 89772
4 23370
2 11192
4 18326
4 2254
2 93950
2 8606
2 1984
4 16626
2 34482
2 110
4 87678
4 22492
4 86418
4 58582
4 64466
2 39612
2 29644
2 38756
4 93026
4 63426
4 69814
2 46504
2 69484
4 90532
4 60268
4 40734
2 39422
4 88858
4 4644
4 68176
4 35006
2 61602
2 96882
4 93198
4 87460
4 51302
2 42874
2 48574
2 46864
4 54756
4 26218
2 40450
2 52776
4 70344
2 85624
2 61818
4 8010
4 80668
2 58694
4 49340
2 34716
2 60662
4 46590
2 55846
4 81574
2 63080
4 60150
2 7528
4 1672
2 91884
2 71448
4 12822
2 8730
2 92476
4 63520
2 15238
2 11060
4 44826
4 50274
2 33544
2 60140
2 97874
4 70754
2 96934
4 20376
4 41992
2 62964
2 56062
2 94394
2 5034
4 31664
4 58466
4 79224
4 82796
4 99704
4 6592
4 5240
4 91698
2 20072
4 64314
4 13920
2 30280
4 14986
2 75040
2 15834
4 97464
2 39258
2 2720
4 61080
2 83250
4 45416
4 35094
2 44640
4 19858
4 13828
4 82146
4 86944
4 70384
4 93270
2 27554
4 51118
4 21982
4 66096
4 60270
4 74992
2 37412
2 45640
4 68756
2 35098
4 9880
2 44272
2 90756
4 52310
2 26408
2 41812
2 24736
2 20546
2 9386
2 65420
4 64
2 37902
4 44696
2 47484
4 6562
2 30252
4 45674
4 91980
4 81384
4 35786
2 99458
4 93766
2 85042
4 3938
2 62326
4 28684
2 69252
2 51438
4 54074
2 20910
4 3716
4 55604
2 26712
2 27372
2 85882
4 28558
2 47354
2 10730
4 28884
2 54520
4 77676
2 42272
2 57460
2 33296
4 64278
2 89622
4 70480
2 12600
2 70114
2 44718
2 27802
4 13590
2 87988
4 38368
2 59930
4 74096
2 5786
4 97364
2 87496
2 99084
4 73154
2 41644
4 1888
2 13960
4 19834
4 32012
4 11912
4 76692
4 59406
2 75666
2 84626
2 17862
4 53422
4 6156
2 37880
4 76184
4 47516
2 77848
2 69214
4 65846
2 24716
4 34482
2 78418
2 91604
2 41396
4 5898
2 41008
2 97854
4 67810
2 45156
2 44998
4 48504
2 73868
4 95810
4 10956
4 13228
2 102
4 51520
4 72424
4 73180
2 66642
4 89654
4 23280
2 87776
4 20502
2 49016
2 85886
2 45766
2 55978
4 17850
4 82214
2 84502
2 89036
4 46066
4 67316
4 80246
2 25324
4 66440
4 14056
2 13138
2 1432
4 38750
4 56518
2 6752
4 38658
4 24624
2 74464
2 17752
4 16212
2 67186
4 18130
4 3992
2 80738
4 66542
4 28560
2 91882
4 75854
2 57482
4 36188
4 91588
4 85454
4 44668
4 32524
2 98814
2 12062
2 24886
2 99442
2 94680
2 74384
4 25356
2 17908
2 4778
4 43954
2 60672
4 62470
4 95064
4 40096
4 54674
4 33738
2 96472
2 98930
4 62748
2 35258
2 61624
4 35924
2 88336
4 89896
2 20796
4 73558
2 84986
2 35528
4 79706
2 96774
4 93186
4 29700
2 45414
4 74142
2 80862
2 560
4 13872
2 15226
4 14670
2 71012
4 63268
4 3428
4 20508
4 92522
2 3458
2 90980
4 35004
4 97992
4 96336
4 11614
2 88966
2 40028
2 64488
4 3608
4 31966
2 58030
4 4798
4 10078
2 40330
2 14566
4 15202
2 11010
2 53476
4 8222
4 78652
2 55482
2 34176
4 87458
2 24618
2 57312
4 59328
2 42012
4 49458
2 55598
4 24662
4 64158
2 66498
2 95314
4 19458
2 52704
2 31650
4 22532
4 38398
2 29910
4 54782
2 86824
2 85362
2 99120
4 34462
2 48782
2 69512
2 69362
2 8502
2 36122
2 45390
2 10352
4 95468
2 69900
4 59000
2 54246
4 54560
2 63692
2 53460
4 66636
4 33074
4 16754
4 47340
2 94880
2 20956
4 698
4 64724
4 53556
2 75298
4 88520
2 38870
2 58160
2 61068
4 38796
4 61446
2 33284
4 42308
4 8230
4 5592
2 53242
4 26896
2 4290
4 86282
4 85264
4 38966
2 93994
4 964
2 80906
2 3878
2 49010
4 8218
4 40394
2 97662
2 33622
4 62632
2 10020
4 91076
2 39708
4 94918
4 86238
2 88232
4 38476
2 17164
4 46784
2 55952
2 2352
4 20040
2 33354
4 5124
4 31838
4 62568
4 24842
2 17366
4 79166
2 83322
2 2832
2 65846
4 18228
2 89288
2 35832
2 66682
4 91692
2 10426
2 59868
4 66886
4 32862
2 21790
2 75284
2 25242
2 47790
4 83138
2 64114
4 72418
2 46854
4 7570
4 4078
2 55560
2 49176
4 49000
4 51646
2 49050
4 54892
4 50402
2 91722
2 55948
2 76424
4 30308
2 1996
2 57916
4 49770
2 97530
4 64946
4 57280
2 90588
2 84464
2 43864
2 1006
4 90866
2 97478
4 88656
2 31092
2 76018
4 80688
4 31512
2 85772
4 84714
4 51916
4 68258
4 54970
4 72236
2 45518
4 11548
2 32304
2 93252
4 99472
4 15764
4 98148
2 95714
2 2188
2 23060
4 78290
4 40022
4 29574
4 28194
4 37318
2 7342
2 28490
4 35718
2 63606
4 53486
2 26578
4 59386
2 36434
4 6262
2 37630
2 11974
4 50960
2 7256
2 59540
2 24936
4 40450
2 93350
4 61546
2 53068
2 91780
4 85038
2 93616
4 91086
2 9446
2 27524
2 81002
2 60832
4 15302
4 67398
4 3512
4 72976
2 5242
4 91976
4 62282
4 71164
2 49146
4 3462
2 31320
4 88826
2 75704
4 44172
4 15234
4 93054
4 40632
4 15688
4 77308
4 36322
4 56122
4 87060
2 64052
2 44190
4 48322
4 37788
4 24856
4 15582
4 76948
2 33256
2 69112
4 67868
4 57746
4 86506
4 34776
4 82822
2 31402
4 97998
2 2532
2 99584
2 54302
2 97440
4 49762
2 48140
2 44182
2 74176
4 64186
4 64506
2 77368
2 3072
4 48108
4 90814
2 26080
2 16004
4 77424
4 3200
4 38834
2 24670
4 29204
4 16278
4 16892
4 5052
4 90640
4 99482
2 44692
2 36440
2 92964
2 75694
4 38586
2 76650
4 17238
2 12700
2 33698
4 3120
2 18536
2 94408
4 55272
4 84456
2 17426
4 8550
2 47448
4 86438
2 67764
2 71638
2 21204
2 91594
2 62266
4 63322
2 89184
4 7660
2 33224
2 25900
4 80122
2 43842
4 54932
4 20600
4 78606
2 3406
2 36068
2 19140
4 49220
2 3148
4 10756
4 3312
2 55316
4 33174
2 85294
4 23778
2 56996
4 29278
2 10800
2 67990
2 15688
4 42238
4 64108
4 76210
2 25906
4 3976
2 90938
2 43422
4 68326
4 83754
4 15812
4 31998
2 67610
4 66972
4 98800
4 81590
2 34980
4 96768
2 12088
2 6988
4 89604
2 92860
4 82184
4 79832
4 68026
4 92692
4 57540
4 71092
4 74104
4 626
2 3748
2 29928
2 14304
4 79316
2 58000
2 88934
2 30778
4 44904
2 12236
4 21250
4 63896
2 24978
4 85080
4 87888
2 95150
4 93844
4 15152
2 96148
2 33772
2 35556
2 54552
4 23448
2 82968
4 71002
2 19544
2 414
2 79642
2 63716
2 36202
2 43686
4 84994
2 87558
2 74778
4 81852
2 45216
4 51242
4 20674
2 23900
4 34536
2 67042
4 26776
4 23874
4 53310
2 38266
2 18206
4 55284
2 80812
4 37236
2 77592
2 57978
2 7466
2 78432
2 78014
4 95532
4 55656
2 3646
4 42280
4 95342
4 504
2 87694
2 89932
4 80594
4 57362
4 19410
2 18366
2 26662
2 62830
2 23952
2 58696
4 19562
4 2888
4 5908
4 52256
4 96352
4 47536
4 34436
2 10238
4 41670
2 6678
4 6530
4 96472
2 12354
2 99664
2 3382
2 30876
2 15628
2 96536
4 48936
2 49650
2 41842
2 20540
2 28914
2 52602
2 62828
4 93068
2 10784
4 83750
4 30246
2 50750
4 73940
2 23904
2 4000
2 50676
2 80664
2 19514
2 16702
4 28602
2 77920
4 50976
4 82298
2 5204
2 26736
2 90188
2 24578
2 26728
2 75096
4 73460
2 1706
2 84278
2 67896
2 17796
4 1056
4 18620
2 35598
4 38258
4 93474
2 12456
2 24196
4 41128
4 60794
2 19052
2 1128
4 89378
2 86362
4 44766
4 74386
2 41426
4 42156
4 98248
2 21878
2 75982
2 29908
2 81992
2 81202
4 73554
2 74580
4 23300
2 24336
4 35402
2 80698
2 22782
2 75742
4 10246
4 23232
4 24964
2 72162
2 28510
2 28538
2 3278
2 78702
4 18420
2 92544
4 82834
2 13776
4 67710
4 54360
4 70028
2 82392
4 78834
2 31202
2 30550
4 952
2 85480
4 16556
4 10656
2 21168
4 44646
4 34422
4 97366
2 95252
4 85174
4 10266
4 60576
4 79506
2 26302
2 52816
2 95560
2 82412
2 10652
2 21704
2 53568
4 77072
2 79984
2 90868
4 13762
2 6226
4 18294
2 35092
4 42166
2 91340
2 90214
2 1244
4 82208
4 85278
4 374
2 65666
4 83826
4 99262
2 55946
4 70640
4 90520
2 89692
4 95642
2 85658
2 78528
2 8558
2 36514
4 97776
4 83876
2 7536
4 41082
2 36688
2 76368
2 2974
2 47090
2 90256
2 36380
2 81646
2 80022
4 96972
2 36360
2 88564
4 55388
2 52560
2 32370
2 30996
4 3786
2 1472
4 29872
2 1906
4 18454
2 67832
2 68386
2 27774
4 69512
2 9974
4 56958
2 94934
4 92206
2 13734
4 90494
4 8288
4 76234
2 89600
4 35842
2 72514
2 77000
4 77572
4 31012
4 18180
2 3542
4 61774
4 22094
4 85782
2 63170
2 89660
4 31688
2 62100
2 30268
4 51566
4 61174
2 52340
4 5584
2 12242
4 38806
2 26494
4 29270
4 83230
2 14850
4 48418
4 57322
2 55252
2 63522
4 85948
4 99602
2 42124
2 88500
2 62656
2 50578
2 77690
2 26504
2 66924
2 99696
2 24544
4 4182
2 19340
4 88472
4 34598
4 78786
2 28902
2 13028
4 89206
2 80108
2 85382
4 13930
4 47366
4 43234
4 6996
2 32844
4 97546
4 47954
2 22322
2 20266
4 84514
2 57160
2 80516
4 76560
2 56600
4 54714
2 89142
2 90360
2 83820
4 12134
2 69992
4 16468
2 70822
2 83680
2 43192
2 74882
4 44930
4 31924
2 78542
4 6576
2 17882
4 90266
4 11384
2 86436
4 30682
4 81156
4 56482
4 54888
4 91522
4 32724
2 72914
2 68666
2 56230
2 22592
4 92338
2 42308
2 55172
2 16634
4 14838
2 76498
2 66256
4 31192
2 37382
2 63336
2 732
4 22908
2 26164
2 38832
2 49472
4 60452
2 36818
2 55984
2 65334
4 35444
2 4498
2 13228
2 49816
2 16480
4 29034
2 19102
4 82098
2 13812
4 27418
4 73366
4 9690
2 82184
4 12202
2 85670
2 11976
2 8706
4 37516
2 31182
4 96430
4 81376
4 14126
2 69332
2 44546
2 54616
4 47354
4 52286
2 23468
4 59106
2 54050
2 14264
4 17414
4 38498
2 7452
2 92538
2 57162
4 90524
2 83662
2 53620
2 59448
2 36830
4 48584
4 62194
4 58684
4 61498
4 13356
4 50854
2 76486
2 86140
4 84228
4 7024
2 73816
4 29292
2 24910
4 48790
2 11800
2 87718
2 85214
4 11066
4 57950
2 61000
4 18442
2 51204
4 17234
2 33788
4 49822
4 17168
2 65472
2 6792
2 41176
4 64208
2 18146
4 22358
4 91704
4 62904
2 8242
2 68216
4 48562
2 69170
2 13890
4 72268
4 87714
2 28938
2 86244
2 70422
2 23642
4 62970
2 53430
4 26850
4 30592
2 72544
2 18274
4 83724
4 18716
2 56120
2 47852
4 80508
2 91822
2 6244
4 8396
2 39108
4 76492
4 40416
2 18588
4 22584
4 34606
4 97046
2 51076
2 19276
2 45292
4 22422
4 17562
4 61570
4 67006
2 52240
4 15090
4 95418
2 14042
4 27828
2 18908
2 70462
4 99926
4 68588
4 90722
4 83364
2 7176
4 72776
2 18970
2 56938
2 42586
2 70026
2 34018
4 24182
4 96222
2 36288
4 41070
2 5550
4 97722
2 20754
2 43396
4 82944
4 68124
2 35120
2 50960
2 34556
4 89596
2 3632
4 76884
4 97540
4 96070
2 60932
4 92608
4 34334
4 32884
2 68502
4 28794
4 76168
2 43836
2 58822
2 19008
2 67292
2 91816
2 57164
2 58128
4 55566
4 58026
2 43634
2 80700
4 55290
2 56576
2 77676
2 40650
4 15290
2 34714
2 82408
4 65290
4 29138
4 68446
4 50916
4 79330
4 79954
4 56354
4 55792
4 48714
4 46346
2 61502
2 19384
2 23416
2 94994
2 1734
4 17534
4 77438
4 48760
4 57298
2 26154
2 3584
2 62670
2 40934
4 65662
2 22224
4 62298
4 93758
4 90566
4 67014
4 66738
2 18910
4 69208
4 39064
4 90036
4 33544
4 82728
4 456
4 3968
2 72626
4 91952
2 81788
4 18402
4 61018
2 90074
2 11890
2 24146
2 51640
4 29924
4 94838
2 12394
2 85644
2 27052
4 7374
4 3378
2 76388
4 82102
4 45442
2 45498
2 66404
4 46396
2 68796
2 30314
2 47750
2 81166
2 21066
2 59848
2 93582
4 4210
2 68116
4 73576
2 89196
4 52154
4 51446
2 45368
2 90944
2 15914
2 75466
4 47678
4 65632
2 31360
4 22224
4 68316
4 82368
4 46920
4 90032
2 91472
2 9680
2 70450
4 70768
4 10086
4 12286
4 63940
4 4100
4 56102
4 33290
4 84886
4 25122
4 54408
2 14546
2 53666
4 58856
2 68574
4 61468
2 32404
2 77844
4 24504
2 75952
4 97806
2 97118
4 55936
4 78946
4 23168
2 41106
2 46326
2 58220
4 97006
4 71810
2 50656
4 17560
4 28398
2 47764
4 36592
2 91082
4 9734
2 63180
2 49024
2 27696
4 90544
4 8024
4 41526
4 34756
2 36890
2 37458
4 69468
2 15912
4 47068
4 66222
2 70918
2 86902
4 21212
2 92822
2 24640
2 62698
4 60812
4 6810
4 39240
4 21970
4 51914
4 40126
4 18216
4 54494
4 49530
2 56924
4 59300
4 95600
4 9118
4 43338
4 25534
4 69014
2 60430
2 15626
2 25586
2 31636
4 51666
2 29218
2 77178
4 96022
2 12944
4 19696
2 57076
2 96654
2 46462
4 11596
4 70862
2 57920
2 67890
4 28904
4 46574
4 65706
4 30422
4 92092
2 19762
2 5354
2 18042
2 39080
4 10836
2 82622
4 85344
2 1480
2 96086
4 80286
4 19622
4 938
4 4066
4 49078
4 36498
2 13764
4 45384
4 34624
2 86580
4 92826
4 44092
2 93324
2 30152
2 8062
4 30600
2 68320
2 5914
2 62420
4 92100
4 54768
2 29140
2 91622
2 64408
2 75846
2 77232
4 85302
4 96658
4 5688
4 97474
4 15820
4 61608
2 77400
4 98632
2 19660
4 95102
4 68328
2 8772
2 99264
4 28428
4 48468
4 35446
2 83792
4 25388
2 76112
4 68142
4 92856
2 71042
4 51120
4 66832
2 79428
2 28060
4 49418
4 38250
4 2
2 76414
2 4892
2 65604
4 22018
2 29298
4 16792
2 19560
2 22934
4 68118
4 30918
2 75660
4 36416
2 42900
2 79654
4 91828
4 5854
2 80204
4 93072
2 76640
4 92072
4 21070
2 41882
4 5916
2 22196
2 84782
2 15132
2 97492
2 47294
2 17776
4 96044
4 23544
4 32160
2 48154
4 81572
4 9126
4 98276
4 48306
4 92926
4 6940
2 7006
2 41604
2 51606
2 99388
2 75902
4 67072
4 50806
2 96344
2 69326
4 55134
2 24118
4 80138
2 33966
2 40910
4 30574
2 71106
2 80582
2 63950
2 27218
4 78928
4 7048
4 34526
4 71906
2 68366
4 76012
4 63406
4 85098
2 57820
4 62076
4 2596
2 17724
2 18256
4 80206
2 35490
2 92206
2 67204
2 67394
4 54050
2 35114
2 64218
4 30748
4 55528
4 57490
4 82538
2 95168
4 41306
4 82046
4 11582
2 55328
4 43850
2 1436
4 94130
2 13188
4 28076
4 19612
4 19466
4 73510
4 7130
4 9252
2 27426
4 10472
2 22786
2 34394
4 19402
4 4854
4 51032
4 19486
4 51428
4 65500
4 59324
4 87676
2 41760
2 2380
4 43418
4 61470
4 83760
4 9654
4 50366
2 81414
2 15094
4 67102
2 97844
2 48030
4 85316
4 37680
4 74252
4 78196
4 28664
4 49942
4 6972
4 18596
4 81000
2 9716
4 97908
2 16994
2 32536
4 80180
4 2054
2 28648
2 52050
2 78674
4 93158
4 38610
4 18714
2 10070
4 92614
4 26706
2 77214
4 7280
2 97888
4 24410
2 43812
4 6488
4 53922
4 73904
2 49716
4 11196
4 12856
2 10890
4 53708
4 94070
4 3038
4 91694
4 70042
2 24674
4 25970
2 68224
4 94632
2 90804
4 65140
4 90574
2 34374
4 80722
4 4384
2 500
4 52952
4 48542
4 87840
4 68674
4 40746
2 12384
4 77964
4 65584
4 90422
4 23202
4 77824
2 71922
2 82436
2 7710
2 3188
4 55916
2 83320
4 21622
4 75870
2 36560
4 78944
4 40952
2 20194
2 59716
4 89558
2 59946
4 40980
4 57302
2 10658
2 98666
2 56530
4 20402
4 61904
4 69934
2 73546
2 87118
2 33700
4 7594
2 39180
4 21920
4 89758
2 99604
2 55896
2 28374
2 20268
2 67466
2 50158
4 63660
2 77114
2 21934
4 58858
2 64088
2 46840
2 78896
2 88820
2 81640
2 45478
4 12672
2 58692
2 79678
4 22636
2 33508
2 80408
4 74358
4 53680
4 95108
4 56332
4 95970
2 33032
2 73526
2 75588
4 41634
2 8396
4 76980
4 76286
4 86006
2 35844
4 96158
2 59860
2 2276
2 47136
2 50442
2 64914
2 73294
2 67958
2 35350
2 35886
4 89692
2 86670
2 13150
4 57390
2 38354
2 87996
4 27280
2 98774
4 63350
2 25436
2 39722
4 76480
2 23652
4 66992
4 69568
2 82662
2 26848
2 48290
4 94258
4 75834
4 24892
4 72644
2 24814
2 79864
4 84404
2 84982
2 24150
2 22468
2 70818
2 52588
2 8834
2 80852
4 82320
4 50454
2 14952
2 88076
4 20734
4 35604
4 86618
2 64536
2 80650
2 32950
4 40464
2 72506
2 49384
2 4790
4 44616
4 96016
2 19658
2 74664
4 45572
4 62302
2 96294
4 15794
4 97706
2 65454
2 98120
2 85228
2 6242
4 39220
4 60972
4 12570
4 5570
2 46348
4 31800
2 2740
2 25048
4 17816
4 93212
4 71500
4 47996
4 98862
4 28264
4 5324
2 56574
4 95928
4 86258
4 92598
4 55000
4 87020
2 26730
2 46990
2 66516
2 15074
2 80040
4 55046
2 84888
4 97792
2 17472
2 85824
4 8324
2 2014
2 30310
4 84152
4 10990
4 7726
4 53290
4 7658
2 59552
4 20094
4 25146
4 32156
2 53076
2 75708
2 77618
4 33900
4 902
4 97400
4 65592
2 27204
4 43454
2 17826
4 62772
4 6500
2 45248
2 70966
4 57002
2 46218
2 10420
2 69064
2 79572
4 54818
4 34388
2 27440
4 56160
2 46076
2 26868
2 2004
2 73098
2 81618
4 89988
2 38614
2 54106
2 26648
4 28166
2 84320
2 88006
2 5402
4 32656
4 41520
4 18652
2 55736
4 74080
2 6824
4 13636
2 19280
4 51216
2 65794
2 27596
4 43608
2 40860
2 84838
4 69120
2 99500
4 33324
2 24036
4 60878
2 91888
2 65264
4 28626
4 26538
4 29306
2 74572
2 51828
2 64
2 38536
2 69540
2 1256
2 96278
2 67666
2 28916
2 99262
4 1180
2 68374
2 74626
2 98974
4 70772
4 89048
2 33678
4 82866
2 3964
4 20718
2 75754
4 99838
4 98852
4 29168
4 29188
2 86448
4 19900
4 81362
4 97552
4 20986
4 84344
2 62206
2 41388
4 59602
4 97252
4 81168
2 55490
4 38968
4 30338
4 71526
2 35142
4 13458
2 94564
4 35116
2 18410
4 19390
4 43882
2 63430
2 45412
2 74266
2 6428
2 27104
4 20414
2 11902
4 90414
2 68774
2 24368
4 24110
4 16254
2 30552
2 45234
4 71264
2 31400
2 72692
2 82146
4 3690
4 20936
4 74696
4 53180
4 54792
4 16620
4 16264
4 36186
4 44612
4 39668
4 64862
2 43308
2 78886
2 22730
2 1394
4 29816
4 64266
4 67468
4 10592
2 42906
2 86632
2 4456
4 60952
4 52916
4 48044
4 47222
2 36534
4 85612
2 22444
4 87588
4 6976
4 28152
2 60602
4 53316
4 21582
2 47582
2 51514
2 22492
2 21898
4 40106
2 48502
2 3844
2 32324
2 17760
2 78820
4 90472
2 81422
4 58416
4 60624
2 19036
2 64454
2 41348
4 78104
4 82508
4 13882
2 49504
4 5976
4 94020
4 57672
4 65660
2 69648
4 12186
4 4850
4 55960
4 31694
4 44398
4 27184
2 10970
4 32050
2 50540
2 50638
4 59566
2 57060
4 96752
2 75090
2 31260
2 99224
4 95518
2 90164
4 46798
2 15086
2 84640
4 28314
2 87826
4 87654
2 24654
2 90446
2 79128
2 31324
4 73012
4 76440
4 13076
4 68038
2 52800
2 94446
2 93984
2 53132
2 590
4 3536
2 37710
2 48390
4 81354
2 86646
2 41806
2 72132
4 16098
2 5444
4 47054
2 7236
4 72146
4 81866
4 93244
2 442
2 25866
2 42478
4 69974
4 38740
2 66784
4 71510
2 30458
4 53836
2 92820
4 36328
2 50326
4 29114
2 78494
2 54522
4 40688
4 47898
2 95242
4 91262
4 56076
2 71402
4 96966
4 17218
4 53474
4 91158
2 54564
4 88476
4 37440
4 71340
2 88118
2 15360
2 10460
4 52120
2 45332
2 6674
2 71626
4 4992
4 55380
2 49470
4 31212
2 86476
2 20120
2 21772
4 63972
2 12160
2 56344
4 11584
2 37198
2 39962
2 68068
2 42754
4 41628
4 73628
2 23068
2 61232
2 96600
4 46990
2 32786
2 73192
4 90112
4 45342
4 81786
4 40524
2 88998
4 50436
2 70174
2 35446
4 93242
4 56262
2 29890
2 73690
2 5930
4 67104
2 33306
4 84574
2 26850
2 84156
2 45918
2 12078
4 80010
2 80286
2 39840
2 74942
2 75132
2 58960
4 6188
2 17878
2 43092
2 65616
2 34458
2 44360
2 45344
4 77540
4 37400
4 8858
4 11336
2 95258
4 20566
2 53462
4 10492
2 42310
2 95960
2 52752
2 9948
2 46830
4 39442
2 79638
4 49562
2 17998
4 27108
2 23940
2 95614
4 47032
4 57690
2 42680
4 95708
4 27958
2 36292
4 57756
2 26564
2 26236
4 91060
4 57014
2 89086
4 36136
4 96630
4 19114
2 94884
4 76222
2 80454
4 37626
2 2628
4 48678
4 19242
4 41806
4 98784
4 33834
2 4546
2 54296
4 89770
4 52742
2 55202
2 31326
2 41160
4 38134
2 42704
4 94136
4 40934
2 40316
2 48124
4 66446
4 63892
4 85076
2 80092
4 24846
2 34884
2 7064
4 38460
2 29572
2 85794
4 1730
2 80796
4 75514
4 35538
4 77364
2 9236
4 60352
2 79466
4 57820
4 13618
2 10578
4 30084
2 66450
2 41152
2 60420
2 7036
2 5646
4 73720
4 22544
4 68002
4 65200
4 7452
2 69188
2 65940
4 40614
2 99038
2 60176
2 19068
2 92624
4 95686
2 56162
2 81318
4 96056
4 11882
4 32388
2 49918
4 73250
4 53960
4 26510
2 43160
2 98020
4 27730
4 1050
2 55218
4 42210
4 32276
4 26556
4 94342
4 57120
2 55698
2 68372
2 43586
2 27656
4 62038
2 67784
4 73064
4 98394
2 72258
4 23672
4 98334
4 30188
2 98140
2 59354
2 46746
2 88286
4 6472
2 4394
2 71236
4 10692
4 31050
4 71058
4 3224
4 98634
2 46804
4 60898
4 14704
2 77786
4 26484
2 61038
4 66090
2 20894
2 16054
4 24218
2 27952
2 98818
2 99624
2 39184
4 63944
2 28988
4 4284
4 54100
2 70994
4 928
4 90228
4 97214
2 27694
4 96086
4 89100
4 58072
4 1770
2 56658
4 66192
2 11758
4 82250
4 77786
4 1568
4 25624
2 4844
2 80284
4 850
2 14774
4 35610
4 28762
4 98240
2 14166
2 98360
2 99702
4 26910
4 70490
4 32308
4 53814
4 53724
2 26400
2 5494
4 41714
4 14866
4 64588
4 8052
4 10726
4 86458
2 28368
2 97752
4 82486
2 49434
2 14640
2 52538
2 9908
4 71084
2 97908
2 80464
4 3528
4 48248
4 35816
2 37316
4 96314
2 56302
4 54450
4 19130
4 8544
2 56740
4 34026
2 81324
2 5782
2 96724
4 73518
4 16910
2 67300
2 49162
2 79396
4 97498
2 38684
4 59926
2 79542
4 52034
2 28868
4 70522
2 66042
4 53356
2 29030
2 89798
2 73054
4 99620
2 7892
4 9924
4 19690
4 87032
4 83706
2 64432
4 80074
2 74776
4 94562
4 46360
2 18696
2 69226
4 48320
4 43304
2 18086
4 99714
4 11556
2 10206
2 17980
2 6284
4 99200
4 86508
4 37224
2 68582
4 87522
4 35080
2 4958
4 58568
2 86110
2 56502
4 35466
2 7298
2 94194
4 31780
2 3418
4 35830
4 53824
2 70514
2 14048
2 10014
4 21508
2 69132
2 38098
4 61678
4 21672
2 78436
4 90104
2 58882
4 45890
4 92878
2 35784
2 76406
2 37640
4 28916
4 6474
4 40164
4 61134
4 68488
2 99112
4 43866
2 96152
4 28162
2 20594
2 7356
4 30298
2 88044
4 88480
4 76758
2 11290
4 30930
2 16180
2 67438
2 73944
4 50662
2 1216
2 73040
4 21938
2 72572
4 46834
2 88730
2 40440
2 67318
4 41192
4 52736
4 92188
2 92850
2 5598
2 5220
4 86302
2 20530
4 94500
2 41800
2 61172
2 95052
4 49622
4 40706
4 4438
4 83928
4 46540
2 34814
4 64822
4 13742
2 63814
4 45104
2 83756
4 89522
2 59616
2 84584
2 54548
4 24882
4 30134
4 24102
2 58746
4 21968
2 46460
2 16614
2 98402
4 50428
4 45226
2 32682
4 54664
4 74026
4 90730
2 42778
2 23098
2 1010
2 14714
2 13952
2 97406
4 63786
4 76380
4 41350
4 2970
2 80182
4 3724
2 25832
4 88344
2 85266
4 71104
2 82246
4 49860
4 36922
2 34962
2 70246
4 64888
2 82042
4 6456
2 35690
2 1402
2 16302
4 5076
4 16154
4 53424
2 90490
2 31860
4 45490
2 32606
2 86006
2 32152
2 56932
4 88594
4 1992
4 57856
2 56320
2 38470
4 51048
4 84192
2 10216
4 42536
2 84242
2 99968
4 95154
4 23002
4 97680
2 86432
4 37214
2 58948
2 74118
2 82586
2 37962
4 33322
2 47336
2 79568
2 64504
2 58956
4 22278
2 338
4 98566
2 10986
2 67088
4 51426
4 54004
4 10636
4 81630
2 37726
2 45796
4 88192
2 20696
2 61088
4 11164
4 99406
2 61748
2 55074
2 8004
4 8474
2 81072
2 20318
2 71160
2 83700
2 67586
2 15784
4 15648
2 7420
4 92332
2 74900
2 10666
2 68896
4 4478
4 93760
4 80060
4 19530
4 27976
2 37692
4 69484
2 80648
4 4978
2 84936
2 35992
2 67892
4 61240
4 78542
4 64596
4 26142
4 94052
2 5694
4 39224
2 64252
2 14588
2 86760
2 28858
2 66520
2 13416
2 62240
4 22164
2 56606
2 68530
2 28602
4 84566
2 65864
4 56754
2 40726
2 92022
4 78084
4 56178
4 26132
2 33638
2 74064
4 21334
2 97630
2 43064
2 32632
4 52208
2 84180
2 57316
4 16140
4 36252
4 73640
4 33716
4 44906
2 16244
2 99272
2 510
2 40298
4 782
4 84042
2 13630
2 69094
2 33842
4 57182
4 86958
4 75366
2 4568
4 76788
4 45296
4 9514
4 58450
2 81604
4 86000
4 9680
2 31934
4 73412
4 60208
4 30364
2 97366
4 26882
2 2132
4 99898
2 3156
2 48396
2 59324
4 75906
2 33164
4 89888
2 7392
2 89694
4 83030
4 90276
2 70472
2 99252
2 71048
4 34186
2 63158
4 27518
2 91554
2 64910
2 32922
4 17096
4 86558
2 67502
2 38138
4 17494
2 8344
4 17962
4 69322
2 11108
2 46248
4 56408
4 93562
2 30030
4 18468
4 2600
2 5792
2 91200
4 7524
4 48702
4 12386
4 83974
4 45810
4 35386
2 6614
2 83846
4 87874
2 6264
4 98180
2 50020
4 36266
4 92346
4 73780
2 69098
2 53318
4 17894
4 82204
4 5966
4 48394
4 57480
4 5068
4 87998
4 90360
2 88608
4 18196
2 17920
2 47980
4 25894
4 74288
2 37270
4 7686
2 21398
4 83634
4 71246
4 32686
2 15424
4 23246
2 95102
4 23210
2 5478
4 86266
4 4146
2 23440
2 44618
4 13554
4 6782
2 16762
4 25062
2 29422
4 64692
4 74924
4 87380
2 50166
2 54882
2 99254
2 32068
2 51808
2 74210
4 8184
4 2320
4 13304
2 22092
2 73542
4 82364
2 52738
2 81576
4 94100
4 86398
4 40654
2 97288
4 46144
2 50258
4 42610
2 2310
4 77240
4 34242
4 90
4 12864
4 64194
2 2684
4 43922
2 28532
4 55900
4 6934
2 73390
2 15752
2 56692
4 83414
2 53664
2 16794
4 9244
2 39618
4 18756
4 10766
2 67252
4 22416
2 94974
4 58790
4 67412
2 39378
4 48978
4 14996
4 73000
4 1162
2 67592
2 44768
4 40326
4 43394
2 16858
4 41960
4 46862
2 2934
4 67874
2 94546
2 27216
2 93884
2 45280
4 71794
2 98636
2 93492
4 42964
2 238
2 66980
2 26200
2 34016
4 83902
4 84622
2 67040
2 88298
2 67368
2 83394
2 52392
2 79800
2 47256
2 44910
4 41502
4 58608
4 87250
4 5196
2 218
4 42670
2 52174
2 46734
4 15874
4 15774
2 87200
4 1592
4 27712
2 17318
2 68210
4 72444
4 51314
4 43650
4 21452
4 54158
2 81096
4 28720
4 40210
4 44678
4 30956
4 76486
4 94746
4 88568
2 87018
2 4124
4 11042
4 29782
4 24730
4 6062
4 94366
2 26486
4 36632
2 75412
4 7064
2 70144
2 94966
4 13192
4 7946
2 77380
4 61308
2 34806
2 79472
4 89262
2 44952
2 82742
4 64030
2 41020
2 24812
2 55962
2 42962
2 1964
2 44750
4 86724
4 57606
4 14210
4 74584
4 1616
2 96996
4 69140
2 36018
2 53042
2 77384
2 5600
4 93510
2 14206
2 60564
4 98982
4 64524
4 88558
2 45582
2 73444
4 51532
4 49266
2 47736
2 92564
2 43312
4 70268
2 23968
2 27062
2 27690
4 46020
4 17460
4 59834
2 45654
4 51524
2 32694
4 60096
2 27732
4 47348
2 94400
4 48242
2 83488
2 32964
4 13202
2 80196
2 70882
4 59176
4 81816
2 57146
2 87904
2 50394
2 36626
4 95638
2 22544
4 8242
4 97242
2 89458
4 17670
4 62210
4 95182
4 8960
4 87466
4 88680
4 78146
4 97582
2 43130
2 84794
2 33804
4 19040
2 12756
4 76426
4 95878
4 58550
4 29248
4 78478
4 46614
2 96854
4 24418
4 12314
2 87584
2 18024
2 76492
2 55860
2 29778
2 94540
2 31366
2 19364
2 91132
2 82588
2 34780
4 95934
4 99080
4 99034
2 97286
4 41610
2 1722
2 28150
2 87340
4 91260
2 74922
4 98210
2 78174
2 25224
2 15234
4 42292
4 26078
2 99914
2 24440
2 92212
2 78800
4 98978
2 35288
2 80114
2 90886
2 99466
2 29670
2 66936
4 22992
4 12840
2 20188
2 68680
2 10256
4 65934
2 47472
4 37748
4 38708
4 7352
4 47544
2 75486
2 17494
4 948
4 72782
4 5566
2 33566
4 7336
4 45418
2 11540
2 77440
4 46142
4 60562
4 75742
2 60624
4 40390
4 48060
4 76128
2 78762
2 17074
4 76790
2 21910
2 23590
2 79274
2 42206
4 39894
2 97992
4 97694
2 30128
2 70570
4 96410
4 38728
4 12160
2 27876
4 60182
2 90906
2 58410
4 58890
4 70282
4 1644
2 58192
4 8884
4 85746
2 28878
4 16056
2 50564
4 59180
2 44752
4 57040
2 16928
4 2652
4 41738
2 88504
4 95062
2 62284
4 49930
4 15042
4 54732
2 38028
4 43000
2 17690
2 86530
4 14634
2 91288
4 66418
2 81300
2 92288
2 64122
2 34912
4 91532
2 82296
2 63376
2 87586
4 90562
2 542
4 42930
2 83246
2 86076
4 28604
4 37618
2 33606
4 52506
4 75488
4 84956
4 82590
4 47124
2 45660
2 83508
4 68392
4 19446
2 80958
4 99240
2 25680
4 90706
4 72318
4 68256
4 16682
4 62078
4 68572
2 78548
4 47302
2 7826
2 61484
4 20210
2 75816
4 22038
4 60050
4 17240
2 64420
2 65156
2 48572
2 88342
4 68334
4 40506
4 31808
2 4630
2 92836
4 99844
4 6584
4 13830
4 62804
2 93710
2 47898
4 26840
2 36510
4 14556
2 53940
2 40986
4 73238
4 8888
4 68152
4 50458
4 59584
2 62028
4 63750
2 92082
2 12722
2 7108
4 22316
2 46004
4 1642
2 52582
2 10776
4 69394
2 35580
4 35282
2 40582
4 95306
2 40596
4 59498
4 90942
2 41146
4 72582
4 14256
4 95694
4 93662
4 94232
4 18512
4 4586
2 21372
2 67202
4 40268
4 38270
2 60310
4 37336
2 71846
4 23624
4 60142
4 67374
4 1980
2 5586
2 1650
2 38782
4 17144
2 75428
2 47942
4 45906
4 80076
4 74660
2 76480
4 8000
4 23912
2 35806
4 76624
4 11260
2 26944
4 50000
4 57354
4 6080
4 65508
4 1628
4 14064
2 64286
4 68912
4 65562
4 96482
2 8814
2 15900
4 28672
2 2686
2 91190
2 84836
2 20514
4 31546
2 44836
4 68286
2 50946
2 79974
2 87572
4 50918
4 44090
2 39308
2 41178
4 77036
2 57662
4 24446
2 70588
2 26650
4 85306
2 59508
4 42454
2 90544
2 41198
2 47350
2 23174
4 3188
4 7100
4 14968
2 91532
2 34156
4 88880
4 44004
2 21998
2 60488
2 90734
2 23630
2 92554
4 25088
4 17584
2 70252
2 21056
4 43682
2 1294
4 9338
4 49168
4 26082
2 12900
2 78368
4 22244
4 30854
2 39834
2 90138
2 22346
2 58270
2 73282
4 15396
4 57278
4 66254
2 92524
2 22630
4 39850
4 95640
2 3710
4 84634
2 87254
2 69418
4 61666
2 6890
2 3936
4 98506
4 29566
2 33154
2 82202
2 38244
2 68322
4 64558
4 76320
4 54838
2 37272
2 74282
4 46218
2 87126
4 7502
2 6402
4 18604
2 93226
2 29026
4 36302
2 6874
4 65012
4 12340
2 81470
4 15462
4 81386
4 90126
4 82406
2 79816
4 7394
2 94784
4 50
2 96414
2 85962
2 22390
2 21988
2 954
2 73540
4 98844
4 33328
2 12940
4 51998
2 46744
2 94090
2 56258
4 66524
2 48070
4 86028
4 97862
4 24006
4 20854
4 40628
2 5984
2 45506
4 30184
4 43842
2 7588
2 79258
4 50550
4 74164
2 64050
4 79042
4 9786
4 50978
2 69876
4 51070
2 55708
2 94906
2 23566
2 1452
4 38376
2 94504
2 61766
4 56180
2 3546
2 7122
4 97962
2 74212
4 69846
4 67672
2 18362
4 9330
4 84362
2 99738
2 47074
4 81946
2 83706
4 52052
2 23002
2 55632
4 74134
4 91028
4 93160
4 12336
2 69178
4 17872
4 75364
4 40696
2 93926
4 38178
4 26318
2 70712
4 13424
2 70796
4 44336
2 35260
2 82394
4 63394
2 49430
2 36856
2 11806
2 41032
4 97324
2 36884
4 34718
2 58060
4 84580
4 73128
2 35716
2 66698
2 29312
4 82180
4 78192
2 1588
2 90126
4 44922
4 17938
2 99978
2 71340
2 30894
2 40426
2 26428
2 3594
2 29720
2 72140
4 15076
2 70102
4 77360
4 91206
4 16040
4 3674
4 98292
4 61502
2 59774
4 47368
4 46978
4 13012
4 74476
4 49400
2 41762
4 1562
2 35674
4 7900
2 21404
2 71096
4 4192
4 77168
4 23520
4 18578
4 66612
2 24484
2 30132
2 44344
2 46900
4 70196
2 59780
4 49864
2 33220
2 47406
2 758
4 84184
4 5360
2 6078
4 75282
4 49236
4 15882
4 23230
4 76186
4 66534
2 4962
4 58016
2 38268
4 20706
2 16300
4 31848
4 42
4 45120
2 30508
4 73768
2 34974
4 27264
4 90890
2 67570
2 56888
4 82666
4 32412
4 18314
2 71664
2 16154
4 99702
4 9900
2 33960
4 6690
2 56824
2 18174
2 22410
4 68922
4 2782
4 7168
2 60608
4 14200
4 65108
2 6048
4 27350
4 38694
4 19444
2 25570
4 10370
2 93810
2 28422
2 18842
4 49508
4 47426
2 24166
2 41672
4 11312
4 11694
4 28740
4 52346
2 51898
4 29416
2 54038
4 73160
4 38322
2 82602
2 73648
4 55188
4 2574
2 75476
2 6742
4 54902
2 6592
4 54602
2 72206
2 13602
4 50984
4 21592
4 94306
4 45678
2 55280
4 34670
2 70508
2 14116
2 59536
4 37374
2 74486
4 25054
4 33964
4 85226
4 64336
4 12944
4 7192
2 92884
2 97928
2 39178
4 9448
2 16532
4 39356
4 90492
2 27048
2 35192
4 8200
2 57254
2 9042
4 84868
2 44198
2 97540
2 81106
2 19570
4 35518
4 22810
2 86600
2 76020
4 9434
4 86516
4 72702
4 36488
4 84436
2 10724
2 76036
2 88866
4 28070
4 58614
2 44124
4 59158
2 45236
4 93928
2 89096
2 74348
2 61416
2 99586
4 36826
2 74790
4 85390
4 50952
4 49380
2 95174
4 76406
2 98214
4 27360
2 34590
4 54740
4 84198
4 83428
2 77728
4 72572
2 9606
2 50966
2 93090
4 60004
4 44040
4 15888
2 65258
2 26354
4 30118
4 50888
4 53698
2 21392
4 57510
4 19864
2 70244
2 60274
2 22320
2 82402
4 8590
2 51646
2 30872
2 84438
4 2988
2 22758
2 86032
4 94302
4 65732
2 68766
4 1760
4 84044
2 98318
4 46046
2 32132
4 64350
4 43054
2 34824
4 78230
2 73978
2 82332
4 28646
4 21656
4 85742
2 54262
2 48904
4 12212
4 30794
2 53652
2 91478
4 12890
4 46528
4 76354
2 36634
4 25704
2 78850
4 38162
4 55958
2 57636
4 87976
2 70242
4 52920
2 25016
4 19744
2 62642
2 37106
2 33768
2 96140
2 68470
2 2418
2 34682
2 39654
4 91416
2 47936
4 80372
4 43660
2 79766
4 73716
4 53150
2 99862
2 14344
2 93978
2 62074
2 52700
4 89508
2 92566
2 26924
4 18694
2 76798
2 11798
2 49778
2 72702
4 25332
2 45398
4 55170
2 87080
4 47980
4 69538
2 44416
2 5716
2 6738
4 56960
4 89648
4 69618
2 57504
4 67352
2 95066
2 10912
4 10176
2 72706
2 69208
4 56746
4 18
2 73724
2 26394
2 58148
2 1268
4 24712
2 91960
4 16516
2 29062
4 78692
4 12882
4 56952
4 13852
4 11140
4 31218
2 71076
4 7198
4 58078
4 55672
4 41268
2 91878
2 68028
4 35500
2 11098
2 30468
4 77186
2 79046
2 25240
4 96808
4 94866
2 58778
4 44994
4 89886
2 59416
2 54660
4 3302
4 14972
4 89532
2 88132
2 85496
4 90054
4 23768
4 20842
2 37928
2 9264
2 49012
2 87368
2 59542
2 742
4 44292
4 23962
4 12936
4 52210
4 83918
2 23960
2 486
2 25202
2 93022
2 84910
4 94766
2 31566
2 92360
2 2864
2 48562
4 14370
4 23292
2 39632
4 39012
4 60014
4 97810
4 10880
2 8966
4 48428
2 31436
2 31020
4 41030
2 77820
2 78956
4 92808
4 97004
4 13548
4 47960
4 47004
4 11554
2 23698
2 70710
2 30722
4 33664
2 18916
4 52490
2 80430
4 93140
4 50380
4 53102
4 78554
4 65334
4 77410
2 16616
2 30410
2 92980
4 1780
4 61110
2 35302
2 1584
2 9350
2 72474
2 39220
4 66050
4 34980
2 96726
2 29590
2 79804
4 30808
2 13458
4 80116
4 84074
4 73778
2 13310
2 63372
4 78174
2 42596
2 83160
2 52102
2 96466
4 94436
4 96754
4 51514
4 90546
4 86318
2 80372
4 11380
4 94210
4 67450
2 83088
4 76786
4 43554
4 88848
4 76628
2 75238
2 69306
2 85786
4 51336
4 96854
2 41510
2 18978
4 84712
4 13572
2 97340
2 90816
2 27558
2 37526
2 60738
4 4012
4 37750
2 14086
4 78050
2 66326
4 83092
2 53864
4 76384
4 49180
2 1298
2 42884
4 11070
4 50310
2 60126
2 54580
2 22110
2 31978
2 6444
2 14888
2 44552
4 64700
2 1060
2 94590
2 9584
4 46906
2 36832
2 36532
4 81464
2 90366
2 97392
2 98988
4 28514
4 59596
2 9118
4 10976
4 27134
2 11024
4 93454
2 99538
4 31470
2 26628
4 83052
2 28364
4 30402
2 83128
2 69770
2 57040
2 33100
4 89490
2 53706
2 69798
4 65218
2 68510
2 78160
2 32752
2 26090
4 36036
2 39564
2 90236
2 7646
2 17592
4 55780
2 16074
2 37268
2 69420
2 41180
2 81292
2 57710
2 25556
2 4400
2 71074
4 70952
2 6544
4 28792
2 5610
4 94650
2 38750
4 11466
2 31268
2 63012
2 95432
4 60230
4 98204
2 99690
2 3896
4 65168
2 66136
4 5888
4 42472
2 82758
2 36996
2 93756
4 32972
2 29014
2 42802
4 83396
4 24696
2 8414
4 45174
2 50678
4 96706
2 11100
4 38016
2 59858
2 72130
2 45632
2 48576
2 57216
2 96760
4 33862
4 99798
2 7044
4 26422
2 33180
2 19298
4 14198
4 72040
2 83530
4 96194
2 75404
2 10778
2 5010
2 84374
4 54438
2 29454
4 68620
4 36720
4 9048
2 79438
2 34916
2 60928
4 34132
4 81820
4 65028
4 21808
4 34544
4 14444
2 58090
2 3198
4 27324
2 53080
4 41294
4 62764
2 41290
2 40294
4 57602
4 86568
4 93906
2 4198
2 76612
2 89990
2 72270
2 72652
2 54866
4 12098
2 14750
4 27472
4 84552
2 90794
2 11566
4 88262
2 22510
4 19878
4 74256
4 65042
4 54716
2 13320
2 13826
2 92218
2 36420
4 7102
4 39946
4 93102
2 71670
4 226
2 20814
4 58156
2 97442
4 3448
2 9282
2 63902
2 75958
4 100000
4 31536
4 86382
4 44302
4 16328
2 91304
2 28272
2 36222
4 16018
4 10024
2 33570
4 27932
4 80056
4 17400
4 40482
2 39048
2 21556
4 87658
2 30270
4 384
4 22660
2 92290
2 40972
4 41500
2 71438
2 98432
4 27320
2 19980
2 95450
4 2696
2 14836
2 38290
2 57612
2 74344
4 5558
2 64124
4 27334
4 66590
4 27266
2 56534
2 49302
2 4978
4 74938
2 21074
4 55148
2 94774
4 20460
2 10328
2 74698
2 74916
4 13532
2 31104
4 79606
2 22446
4 83202
4 74532
2 18560
2 1780
2 36636
2 86156
2 53942
4 95384
2 54140
4 90124
4 132
2 90746
4 93878
4 4448
4 84408
4 27150
2 94208
2 26114
4 49034
4 66168
4 94718
2 84628
4 20776
4 29808
2 29568
2 61366
2 63992
4 72224
2 61956
2 71694
4 18284
2 21304
2 9676
2 85306
2 97864
4 45198
4 97550
2 8038
4 49908
2 85264
4 92636
4 91664
4 82166
2 18478
2 22920
2 3648
2 42690
4 6680
4 40676
2 19644
2 79894
4 40792
2 25770
2 56166
2 40080
4 36718
4 62216
2 46018
4 66216
4 49760
4 34012
4 73730
2 51154
4 73232
2 96478
2 82342
4 11976
2 77754
2 88372
2 89064
4 20474
2 57724
4 33928
4 56136
2 68838
4 4630
2 34992
4 19534
4 45294
4 88860
2 10404
4 93646
4 93152
2 62234
4 94026
4 27956
2 458
2 40628
2 73244
2 87580
4 28486
2 27936
4 45612
4 24186
4 73008
4 30010
2 97612
2 31948
4 84118
4 81700
2 97468
2 95326
4 77816
2 78710
2 65606
4 51420
4 19094
2 13254
2 83658
4 24296
2 22178
2 9120
2 62134
2 18542
4 10814
2 7280
4 8940
2 22132
4 47964
4 700
4 38034
4 27372
2 6282
4 95772
2 82216
2 59842
2 30734
2 94840
2 13334
2 93744
2 57266
2 41696
4 66892
2 85566
2 87920
2 86090
4 13420
4 34376
4 65004
4 55364
4 86764
4 26410
2 22310
2 84266
4 71994
4 20292
2 17420
2 4032
2 30612
4 32540
2 20014
4 95126
2 3882
4 18022
2 64650
2 16280
2 58334
2 34604
2 9360
2 78860
4 39306
2 88266
2 86586
4 47462
2 33380
4 95094
4 26514
4 41536
4 16502
4 79206
4 80036
4 44382
4 25602
2 64330
2 18770
4 29666
4 70372
2 38306
4 36990
2 51242
4 59642
2 59234
4 17564
2 10982
2 30182
2 39560
2 35038
2 58398
2 92310
4 22642
2 84746
4 21280
2 63084
2 41042
2 1528
2 38840
2 49858
4 15480
2 25218
2 41896
4 67718
4 53250
4 57850
2 64410
2 94944
4 24
4 93650
2 71794
2 51952
4 50894
4 5018
4 12102
2 27328
4 61342
4 38124
4 88798
2 78072
4 14292
4 54280
4 94786
4 43062
2 38316
2 6966
2 81226
4 23336
4 73826
2 70874
2 33436
2 17526
2 3536
4 27342
2 28710
2 8734
2 63784
4 50716
2 11318
2 74286
2 56348
2 93882
2 82054
2 67718
2 2054
4 31290
2 26812
4 35092
2 2398
2 36140
4 45122
4 41282
2 22852
4 33538
4 20714
4 30142
2 34392
2 87926
4 24660
2 44142
4 31378
2 93990
2 63490
4 89408
2 65456
4 89582
4 69794
2 35222
2 47722
2 51694
4 58446
2 46186
4 58160
4 68576
2 52480
4 4318
2 91770
4 74594
4 60214
4 23358
2 93746
2 4676
2 85288
4 14232
4 17852
2 19238
4 87786
2 92090
4 25060
4 25026
2 30626
2 34042
4 94760
2 95512
2 96586
4 85214
2 31146
4 52280
2 3460
2 17372
2 92222
4 68714
2 68362
2 29674
2 88088
4 47176
2 62496
2 90880
4 70188
2 34724
4 97878
2 40208
4 31402
2 52398
4 4356
2 73924
2 77042
2 72280
2 47140
4 8696
2 86910
4 76944
2 83980
2 5412
4 64122
2 16998
4 80804
4 27848
2 68376
2 86332
4 5188
2 45764
2 94874
2 46692
2 55996
4 77130
2 58046
4 42412
2 53310
4 15274
4 52498
2 18156
4 8494
2 10592
4 74712
4 58558
4 63060
2 7050
4 18276
2 44332
4 32002
2 69176
2 94678
2 2420
4 81126
2 52808
2 37314
2 90856
2 23110
2 86176
2 53426
2 96504
2 47272
4 29974
2 86360
2 94186
2 33562
2 23662
2 47998
2 95372
4 39198
2 55248
4 15744
4 39278
2 10184
2 5530
4 99364
4 57872
2 13628
4 81832
2 68722
2 81984
2 15798
4 50758
4 40900
2 50974
2 1542
4 88012
4 60394
2 47196
4 89852
4 844
4 27186
4 80022
2 84992
2 39836
4 77704
2 27134
2 73062
4 66628
2 43270
2 41980
4 26920
2 28570
2 21682
4 19106
2 39298
4 38188
4 81492
2 26468
4 86466
2 42112
2 80712
2 46130
2 76234
2 84558
4 48920
2 69352
4 14552
2 54512
4 40286
2 19042
2 55076
4 88020
2 28350
2 92260
4 30238
2 86532
2 66590
4 33424
4 37784
2 55938
4 59694
2 83988
2 66334
2 8748
4 6358
2 10504
2 77364
4 62046
2 23154
2 12168
2 39242
4 79278
4 14448
4 4764
2 98390
2 13316
4 35418
2 1926
4 65820
2 296
2 1224
4 53130
4 66232
2 75488
4 53640
2 72726
2 18732
4 40850
4 82986
4 89380
2 87324
2 14194
4 13630
2 28352
2 67194
2 32078
2 54132
2 18562
4 88258
4 59798
4 70156
4 68034
2 86420
4 15828
2 21084
4 48984
2 82318
2 82640
2 75918
4 16030
2 63984
4 8984
4 21846
4 66006
2 63106
4 37724
4 91718
4 20510
2 28614
4 42426
2 15768
4 53218
2 67048
4 31374
2 25902
2 81620
4 11390
4 51354
4 60272
4 14436
4 47810
2 76608
4 22206
4 34616
4 95764
4 11552
2 82340
4 59412
2 96150
2 94378
2 33204
2 50532
4 23748
4 51046
4 69384
2 30632
2 40584
2 99338
4 35384
4 51932
4 66622
4 65640
2 17524
2 80858
4 12770
4 32298
2 90524
2 89294
4 480
4 1212
2 9780
4 50538
4 55082
4 40178
2 29788
2 39710
4 75964
4 13432
2 38070
2 53012
4 84268
4 67678
4 56818
2 81154
4 49656
2 42822
4 62770
2 84828
2 34408
4 92870
2 54786
4 1946
4 98346
2 63390
2 78558
4 80946
4 90270
2 88780
2 59222
4 6578
4 19066
2 77692
2 6546
2 16486
2 48880
2 44460
4 40908
4 49756
2 69046
4 46214
4 9176
2 39356
2 51286
2 76700
2 35512
4 28318
4 93188
2 81430
2 80954
4 73462
2 52636
4 55646
4 7226
4 74334
2 33248
4 7408
2 94814
2 39914
4 53262
2 64022
4 21088
2 94528
4 16304
2 83026
2 41594
4 28580
2 49486
4 56970
2 5704
2 75976
4 24908
2 90670
2 93694
2 74180
4 11926
4 94590
2 46940
2 53212
4 428
2 85092
2 51566
2 88362
4 16366
2 91674
4 13648
4 63616
2 88012
2 15390
2 36544
4 42612
4 71022
4 30124
2 84728
4 13004
4 67566
4 94428
2 69376
4 16706
2 31982
4 764
2 66322
4 16316
2 17518
2 7682
2 9912
2 49138
4 42296
4 40872
4 72652
4 3828
2 36772
2 14068
2 90198
2 34578
2 59428
4 3442
2 51602
2 65482
2 97310
4 9374
4 90218
4 67988
2 91098
4 8836
2 19444
2 56580
4 6634
2 44118
4 42744
4 32166
2 22288
4 70514
2 14172
4 38340
2 30042
4 36390
2 52788
4 30526
2 12426
4 39268
2 53458
4 39830
4 67562
4 63420
2 89626
2 51958
2 54732
4 83646
4 65248
2 538
2 48380
4 70536
2 40696
2 32554
4 41460
2 52654
2 76648
2 57606
2 83754
4 60436
2 97906
2 64446
2 7090
2 30382
4 16688
4 77762
4 59188
2 85172
4 63904
2 84154
4 44566
4 99660
4 44596
4 30068
2 95284
4 8022
4 674
4 60868
4 40432
4 92214
2 91824
4 84196
4 28568
4 48224
4 62696
4 94364
2 15186
4 97000
4 99108
4 70146
4 42270
4 31624
2 84082
2 7998
4 21470
2 55420
2 87296
2 66644
4 90980
4 68466
2 31214
2 46176
2 83764
2 33194
4 28330
4 45396
2 53636
4 89290
4 44870
4 69660
4 43120
2 51588
2 76214
4 12656
4 82426
2 16256
2 47570
4 47392
4 46008
2 36340
4 97606
2 24932
4 14696
2 83808
2 87514
2 21516
4 56628
2 95300
4 34740
4 84716
2 20358
4 44442
2 78334
4 90906
4 25450
2 20740
2 50936
2 63756
4 32454
4 19056
2 51880
2 42988
2 19566
2 97234
4 11458
2 10798
4 78004
2 29022
2 18822
4 20614
4 14124
4 86278
2 33472
2 95444
4 17688
4 82560
2 82148
4 41990
2 92532
2 77672
2 2908
2 41818
2 31334
2 28242
2 44178
4 37208
4 70096
2 5980
2 48
4 37656
4 32244
4 67418
4 11634
2 21834
4 79600
2 38128
2 72120
4 35854
4 12138
4 66868
2 45700
4 89844
4 67410
2 71932
4 50724
2 27594
2 59900
2 24962
2 5606
4 17840
2 76230
4 76940
2 39288
2 30692
4 40672
4 118
2 19726
2 84684
2 90612
2 51082
4 2230
2 84084
2 26458
2 94110
2 49008
4 76122
2 69866
4 29214
4 75456
4 94158
2 6856
2 57390
2 9672
4 45654
4 17318
4 27348
2 11750
2 25980
2 80300
4 88630
2 68030
2 26610
4 86172
2 25966
2 12964
4 30724
4 37728
2 43998
4 62436
4 72032
4 24756
4 91926
2 99420
4 36320
4 50308
2 48848
2 5270
2 16728
4 81766
4 79778
2 53328
2 81160
2 3054
4 27316
4 61388
4 81914
2 57478
2 82078
4 92236
2 88944
2 22236
4 24412
2 84494
2 50826
4 45184
2 98274
4 24666
2 94718
2 4012
4 49640
2 89634
2 22870
4 31510
4 70726
4 90284
4 41066
4 754
2 96898
2 58490
2 91530
4 34216
4 61324
4 69988
2 6042
2 27654
2 34710
4 37826
2 22612
4 29656
4 84834
4 20588
2 77574
4 38164
2 72268
2 14978
4 4686
2 7454
2 42996
4 49726
4 11764
4 18310
4 63522
4 67654
2 92750
4 52862
2 36224
2 34800
2 69998
4 37992
4 62434
2 13742
4 45196
2 51182
2 80190
2 77870
4 23538
2 33324
2 55430
4 63482
2 27212
4 98440
4 27648
2 44000
2 22296
2 19404
4 74188
4 16052
2 37448
4 99658
4 59042
2 97596
4 42268
2 10610
2 67230
2 76448
4 10600
4 63432
2 84342
2 88496
4 48654
2 81486
2 64792
2 99240
2 45940
4 26806
4 6706
4 50272
2 60762
4 81620
4 92930
4 89434
2 94450
2 14610
2 88526
4 44982
4 86632
2 91626
4 44714
2 91536
2 20048
4 17936
4 66332
4 43764
2 39226
4 59248
4 90950
2 30608
2 15266
2 26212
2 20068
4 59014
4 82472
4 62100
4 11072
4 48096
4 14100
4 92216
4 80612
4 70900
4 12514
2 14088
2 76872
4 81674
4 85132
4 40066
4 714
4 17672
4 29826
4 71554
2 52116
4 54554
2 37220
4 47670
4 486
4 5840
4 93476
4 52500
4 81394
4 68140
2 54868
2 84896
4 50882
4 66476
2 91464
4 53192
2 16284
4 59688
2 72408
4 84310
2 6910
4 57266
4 76500
4 9150
2 28276
2 13964
4 42420
2 32336
4 70462
2 31234
4 65094
2 22606
2 6058
2 40780
4 55948
4 7534
2 26502
2 99202
4 64150
2 44632
2 8938
2 83484
2 8594
4 53686
4 23084
2 97146
4 18482
2 18548
2 23278
2 45952
2 84798
4 94916
2 66230
2 92632
2 99192
2 87034
4 20084
2 67416
2 34776
2 36956
4 72372
2 71488
2 14982
2 26674
4 91724
4 91130
2 10074
4 53512
2 85774
2 59338
4 92420
2 30430
4 22152
4 10518
2 67778
4 56838
2 8310
4 91092
2 22812
4 42240
4 76066
4 19606
4 4940
2 63454
4 60246
4 65952
4 87452
2 99056
4 42100
4 70658
4 95030
4 91160
4 47940
4 35532
4 50184
2 31580
4 91316
2 53004
2 29768
2 68678
2 10160
4 70326
4 24528
2 69842
2 7354
4 70568
4 44570
2 97410
2 12410
2 3176
2 55802
4 97726
2 56452
4 14528
2 61014
2 98732
4 24894
4 43042
2 67560
2 13196
2 33392
4 7826
4 59506
4 59044
2 77072
2 91570
2 54618
2 29388
4 73606
4 76076
4 22212
4 75054
4 93720
2 57950
2 75430
4 71594
4 95476
2 74102
4 36890
4 91448
4 91352
4 67096
2 57592
4 62060
4 27978
4 80824
4 98690
2 99082
2 49246
2 29472
4 35898
2 23876
2 55824
2 178
2 53888
4 45726
2 58546
2 7000
4 8708
4 90260
4 1228
2 31870
4 97802
4 50340
4 81850
4 59770
4 57668
4 32506
2 84382
2 95128
4 39790
2 67962
2 73574
4 36848
4 73832
2 18860
4 39816
4 47282
4 77902
4 22970
4 34968
4 98272
2 97350
4 97696
2 50342
2 75764
2 97152
2 81750
2 66432
2 76134
2 31596
2 46168
4 98988
2 95420
4 92938
4 38926
2 70134
4 30044
2 70894
4 81178
2 17040
2 93054
2 550
2 4242
2 75516
2 36540
4 43498
2 66004
4 33510
4 82248
4 49888
4 75988
2 1266
2 99138
4 87650
2 62526
2 72950
2 92326
4 54142
4 93092
4 39902
2 23878
4 42148
4 43532
4 17554
2 22874
2 98958
4 8188
4 39264
2 52802
4 96238
4 66312
4 12580
2 61562
2 97058
2 3630
4 30388
4 24906
2 58186
2 68258
4 71534
4 19578
4 25912
4 41312
4 47708
4 87770
2 51400
4 90650
4 58304
2 74996
4 64854
2 51894
4 90378
2 2010
2 54622
4 90924
4 98544
2 25400
2 35150
2 53416
4 40216
2 17138
2 63020
4 68344
4 40922
2 74736
2 34272
4 83388
2 15372
2 92286
4 44472
4 97710
2 12212
4 5454
4 96106
4 41982
2 1802
4 55574
4 18734
2 504
4 69060
2 67152
2 87336
2 51706
2 98970
4 31654
2 65232
4 26176
2 95874
2 54180
4 44494
4 47384
4 5826
2 20184
4 53658
4 57176
2 78974
2 34742
2 39734
2 14710
4 92384
4 70786
2 77188
2 85846
4 68414
2 3858
2 65218
2 70456
4 94544
2 70494
4 1406
2 91452
4 16054
4 32318
4 33958
4 32178
2 97666
2 47394
2 22508
4 5342
2 19732
2 97080
4 2060
4 9700
2 64804
4 79238
2 52318
2 982
4 37996
2 52964
4 37508
2 62516
4 35632
2 99964
4 42286
4 41260
4 61524
2 97556
2 34692
4 16402
4 75770
2 48670
4 73858
2 22672
4 78036
4 88562
4 784
2 62596
4 20598
2 67080
4 33932
2 84234
2 11964
2 96130
4 27740
4 81486
4 69750
4 95910
4 51110
4 72656
4 10682
4 50964
2 57796
4 6866
2 14334
4 35590
2 10732
2 6732
2 84938
4 21852
2 12598
4 80532
4 47890
2 1242
4 37202
2 30630
2 39758
4 74824
2 72980
4 4136
2 79946
4 70476
2 74128
2 11210
4 44774
2 74060
4 5328
4 8912
4 97368
4 30684
2 19012
4 64018
2 58600
4 24104
2 95824
4 4224
2 30684
2 23298
4 47900
4 270
4 5786
2 89252
4 82380
2 93114
4 73574
4 98402
2 67964
4 91008
2 55106
2 8658
4 50214
4 83818
2 88916
2 29320
4 85030
2 43782
4 81194
4 17424
4 19676
4 8466
4 54286
4 91626
2 56846
4 77258
4 95420
4 47208
4 64094
2 49378
2 70074
2 66472
4 39018
2 83102
4 56446
4 91696
4 55774
2 79618
2 48326
2 46780
4 57656
4 7728
4 23622
2 62312
4 79540
4 6020
4 71998
4 39834
2 80890
4 66002
2 70948
4 47620
2 28934
4 72608
2 17160
2 17576
4 49440
4 91794
4 50020
4 78304
4 63328
2 84420
4 51584
2 30536
2 6072
2 33714
4 77754
2 98448
4 22720
2 22190
2 50584
2 93174
2 28110
4 50808
4 42306
2 99018
4 41720
2 37550
2 52546
4 20860
2 68564
2 8452
2 76924
4 87630
2 24702
4 75390
2 59726
4 34214
4 74368
4 84560
2 98058
4 27672
4 94710
2 44802
4 54318
4 25774
2 20914
4 12876
4 55874
4 11640
4 10004
2 38610
2 59264
4 48826
2 13570
4 71482
2 45938
2 84454
2 18756
4 13792
4 79720
4 7484
2 94384
2 50976
2 10218
4 56016
4 15368
4 46636
2 93368
4 26276
4 6698
4 39900
2 52052
2 44214
4 26908
4 98172
4 65874
2 89816
4 90632
4 47976
4 33532
2 36078
4 5208
4 68564
4 78592
2 60116
2 95526
4 75330
4 79104
2 53406
4 66998
2 9550
2 81296
2 82122
2 89774
2 67306
4 33732
4 43348
2 8508
4 72638
4 43998
2 35132
2 20988
2 52126
2 52790
2 43924
2 52202
4 74232
2 80360
4 64356
2 99970
4 24810
2 69062
4 40062
4 3900
2 82416
4 12182
2 69246
2 85058
2 9116
4 77972
4 40058
4 98224
4 44882
2 38660
4 83586
2 70032
4 27952
2 43170
2 84128
2 9150
4 34704
2 62716
2 60632
2 48590
4 65738
2 1038
4 64100
2 49120
2 72586
2 84228
2 324
2 73092
4 54680
2 58732
2 95452
2 74456
2 43074
4 59136
2 14134
4 95672
4 80938
2 41484
4 22412
4 82290
4 90214
2 52706
4 55588
4 20148
4 93488
2 44846
2 60524
2 9842
2 17332
2 95332
4 78262
4 51452
2 21950
2 39182
4 74328
4 54148
2 12262
2 32002
2 61808
4 59570
4 32088
2 39502
2 65396
2 53984
4 15118
4 58808
2 50260
4 36550
2 58522
4 75480
2 88210
4 70812
2 43120
2 67584
4 37806
2 16948
4 6902
4 26436
4 6190
2 53744
2 59750
2 54536
2 66742
4 78322
2 46776
2 24718
4 23592
4 96120
2 50294
2 38612
4 17492
4 51784
2 5732
2 48394
4 23130
2 1550
2 36462
2 98740
4 95670
2 67030
4 39786
4 28520
4 64310
2 39368
4 61648
2 66568
4 1902
4 86792
4 3496
2 15364
2 65228
4 73888
4 66562
4 60534
4 49490
2 40308
2 98860
4 15198
4 40026
4 68092
4 87124
4 66554
4 52
4 83870
2 87006
2 25064
4 78394
2 56382
2 58632
2 69754
2 10522
2 7290
2 42620
4 65746
2 992
4 60388
2 34400
4 68154
4 81272
2 95424
2 48284
2 62818
4 86070
4 30064
2 99796
2 46054
4 78462
2 55514
2 83576
4 89976
2 64522
2 61096
2 69698
4 56406
4 16142
4 64206
4 34022
4 58170
2 86248
4 38166
4 73136
4 13266
2 36904
2 67118
4 3158
4 53830
4 94634
2 10700
4 31520
4 11332
4 37746
2 12528
2 3128
2 66592
2 61582
4 7882
2 58566
2 5958
4 69292
2 68858
4 30352
2 31546
4 28092
4 62524
4 63158
2 68240
4 79102
2 58796
4 74136
2 97100
4 6688
2 44476
4 89398
2 32912
2 85242
4 34072
4 87852
4 28650
4 84202
4 70668
2 70590
4 40782
2 76890
2 95264
2 65310
2 78476
2 98280
4 60492
4 90144
2 85432
4 85104
2 79118
2 86344
4 87930
4 69752
2 64426
4 8414
2 22252
2 5116
4 63358
4 76336
4 31606
4 86476
4 15984
4 79994
4 66184
4 96934
4 60426
2 27492
2 21190
4 31338
2 82680
4 85630
4 65238
4 15446
2 41708
4 42278
2 3862
2 49402
4 32180
4 25598
2 13956
2 44884
2 30880
4 81934
4 13542
4 90466
4 91886
4 8296
4 3008
4 71550
2 12672
4 33884
2 29766
2 75812
4 95922
2 36040
4 382
2 72224
4 98060
4 72294
2 82534
2 2392
4 77092
4 24420
2 86730
4 77830
2 29996
2 55658
4 95426
4 39492
4 77962
2 71522
2 10132
2 89178
2 7760
2 5808
2 75938
2 95360
2 71420
4 7656
4 31344
4 48972
2 40162
2 47910
4 25150
2 76062
4 82582
2 54752
4 31334
4 10010
2 64976
2 65892
2 73910
4 40118
2 84778
2 23312
2 10146
4 97818
2 30118
4 13902
4 24284
2 65056
4 77794
4 140
2 14660
2 91386
2 66312
4 72618
4 16712
4 91058
4 26334
2 81126
2 63698
4 64622
2 79660
2 37632
2 89256
4 2170
2 97330
2 48506
4 54738
2 4166
4 97904
2 98586
2 97174
2 10830
4 62258
4 56638
4 29266
2 83922
2 24154
4 74138
2 9326
2 55008
2 34532
4 34294
4 13010
4 23662
2 63674
2 32090
4 9172
4 47788
4 3748
4 54332
2 33808
2 70632
4 4398
4 52756
4 87598
2 68742
4 14114
2 69180
2 79788
2 10814
2 65910
4 27522
2 2662
4 42996
2 10286
2 85156
4 90628
2 30044
4 58056
4 38618
2 2008
4 83324
4 27196
4 29636
2 86880
4 1654
2 7876
4 37580
2 33348
4 8828
2 94654
2 24404
2 46852
2 58434
2 46710
2 32610
2 9100
2 1574
2 672
2 51692
4 2576
4 85934
4 21916
2 85602
4 45862
2 17694
2 50026
4 6132
2 34260
4 77064
2 66842
4 68522
4 55882
2 36468
4 76816
2 80064
2 6892
2 8248
4 10652
4 10680
2 92844
2 51190
4 18562
4 28400
2 84750
2 41758
4 58398
2 65550
2 70618
2 26448
2 49186
4 55978
2 27284
4 56166
4 56858
4 3212
4 21338
4 51008
4 91170
4 99470
2 55964
2 45996
2 76402
2 95022
2 79754
4 16924
4 44536
2 82954
4 29980
4 53302
2 11904
2 53488
4 8690
2 41296
2 22884
2 64470
4 38630
2 41412
4 11008
4 34734
2 48122
4 22818
4 30756
4 50598
2 40736
2 65092
2 55058
2 64912
2 95208
4 87544
4 61880
4 61966
2 2978
2 84758
2 53884
4 70456
4 17538
4 57870
4 75546
4 73414
4 59194
2 26352
2 77224
4 79828
4 74266
2 81674
4 28280
4 26954
2 51332
2 96604
4 20690
2 69676
4 12992
2 53718
4 3508
2 55034
4 16414
4 54704
2 68644
4 88360
4 10260
2 41624
4 27460
2 7028
4 16834
4 19338
2 55146
4 83786
2 74352
4 57546
2 77864
4 19104
2 97328
4 61024
4 29006
2 87916
4 59472
4 70800
2 18232
4 65992
2 95656
4 30300
4 81426
2 71238
2 49726
2 19354
2 32072
2 71414
2 4660
4 4972
4 30102
4 53694
2 75102
4 790
4 17236
4 71052
2 10276
4 67772
4 13296
4 94202
4 50620
4 96980
2 7606
4 34952
4 74262
2 51282
2 32146
4 67206
2 41522
4 50076
2 7738
2 78192
4 1876
2 52198
4 5106
4 33326
2 71904
4 22180
2 11638
2 59916
2 23478
2 44472
2 92444
4 26584
4 99370
2 86560
4 36254
4 21580
4 20584
2 47600
2 79436
2 97792
2 84774
2 26778
4 56844
2 48120
4 48366
2 23076
4 26030
2 33518
2 27504
4 82024
2 72284
4 4896
2 98682
2 87668
2 87000
2 75614
4 28294
4 83884
4 91016
2 41890
4 88048
2 3578
2 26138
4 74370
4 98430
2 45298
2 46750
4 85444
4 70172
4 63912
2 91886
2 49386
4 85378
4 36
4 38626
4 63764
4 62542
2 23218
2 51538
2 31062
2 75822
2 35070
4 9402
4 29694
2 98694
2 64172
4 57954
4 19560
4 69218
4 88270
2 47654
2 14696
2 85888
4 85784
2 59370
2 58124
2 13592
2 56046
2 51530
4 78886
4 44568
4 40986
2 27452
2 40686
4 552
4 99932
2 27022
4 32350
2 20284
2 58826
4 29824
4 26116
2 33634
2 58968
4 26916
4 95734
4 41034
4 36286
2 57668
2 78794
4 9854
2 45880
2 86390
4 27252
2 76332
4 16412
4 21692
2 10254
2 17540
2 78904
2 84426
2 25538
2 65440
2 40464
2 2198
4 56254
2 5862
4 71886
2 2910
2 51330
2 33366
2 7560
2 90548
2 70806
4 86106
2 26144
2 85874
4 47688
4 48288
2 96412
2 66458
4 72752
2 91176
4 49270
4 39820
4 14498
2 3372
4 98812
4 37572
4 64408
2 704
2 10266
2 17818
4 78130
4 17148
4 72922
2 20806
4 12910
4 81016
2 54726
2 7440
4 93894
4 69220
4 74708
4 2944
2 69598
2 29582
2 89330
2 30604
4 25994
4 69342
2 8170
4 55306
4 54924
2 31668
4 90068
2 28874
4 4868
4 82266
2 64224
2 32462
2 19950
4 44096
4 71166
2 44594
4 39678
2 68784
2 45266
4 14092
4 1356
2 80790
4 11730
4 51406
4 83906
2 68172
2 11690
4 19360
4 51926
2 71630
2 32520
2 13470
2 72390
2 92702
4 85942
4 41054
4 47662
4 882
2 76294
4 39866
2 80374
2 34550
2 48146
2 39822
4 82460
4 50678
4 32040
4 23704
4 8740
4 49032
2 18214
4 29252
2 54454
4 82188
2 93338
2 64354
2 91194
2 19000
4 93664
2 74568
4 77878
4 10642
4 9576
2 74238
2 93380
4 9232
2 54068
4 97984
2 81504
2 2590
2 59312
4 77038
4 73326
4 12432
2 21850
4 13166
4 99100
4 43240
2 54784
2 10974
4 25068
2 63092
2 30142
4 64600
2 91458
2 99888
4 47350
2 800
2 82778
4 29540
2 49432
4 74676
2 44252
2 326
4 69896
4 46252
2 28442
4 79380
4 12022
2 47594
4 2300
2 57634
2 2980
2 40856
4 40236
4 43804
2 73452
4 83248
2 75526
4 1796
4 64630
4 59304
2 24418
4 40898
2 62106
2 31550
4 37602
4 91230
2 68468
2 64074
2 31406
2 39218
2 67494
4 89220
2 48936
2 8420
4 83746
2 88196
4 57452
2 70766
2 54892
2 2038
4 72898
4 25670
4 22766
2 69796
2 28388
2 10398
4 37022
4 95780
2 62982
4 54476
2 33168
4 25492
4 23556
2 25070
2 33042
2 42322
2 35668
4 67292
4 92114
2 43066
4 91560
2 79444
4 49534
2 1346
2 26416
4 87554
4 4452
4 88622
2 66116
2 68202
2 66576
2 59478
2 81654
2 77958
2 33142
4 41830
2 72250
2 69264
4 87392
2 6654
4 73524
2 29696
4 85208
4 79966
4 54712
2 35224
2 64696
4 67528
2 59002
2 91022
2 5314
4 8570
2 86764
2 60008
4 18370
2 57418
4 43244
2 99568
4 71220
4 21112
2 78638
2 18220
2 29096
4 56940
2 5522
2 44820
2 55474
2 5500
2 28000
2 54974
4 18224
4 62686
2 14240
4 70428
4 55102
2 43798
2 25004
4 97380
4 40856
4 4556
4 56432
4 16026
4 88380
2 66664
2 14418
2 92626
4 48074
4 41210
4 33998
2 2710
2 72214
2 11124
4 17766
2 19734
4 89442
4 12220
2 37876
2 51644
2 79930
2 98604
4 5152
4 85288
2 16654
4 40092
2 84548
4 8584
4 30802
4 19430
2 81782
2 8888
2 64966
2 26132
2 91482
2 32902
4 65680
4 13978
4 42490
2 882
4 22622
4 42180
2 10088
2 44294
2 67624
2 36350
2 93606
2 31818
4 19412
4 94884
4 42544
2 76914
4 93602
2 52188
2 15584
4 532
4 74602
4 21850
2 36076
2 72700
2 84602
4 69418
4 6620
2 22464
2 55478
2 43314
4 89664
2 33596
2 52428
4 49154
2 39660
4 65504
4 48722
4 53060
2 95882
2 90902
2 94314
2 35578
2 6260
2 5536
2 92688
4 10666
4 68732
2 35966
2 59074
2 30740
2 20878
4 30034
4 1814
2 97770
4 34484
2 62720
2 65490
2 45484
4 80092
4 98748
2 4292
2 1034
4 75404
2 79526
2 69206
2 37080
2 39726
2 40302
2 45816
4 91944
4 38112
4 47300
4 72086
2 85784
2 17558
4 82490
2 4558
2 36632
2 58744
2 98242
4 77634
4 60368
4 8428
2 5102
4 65072
4 72200
2 85660
2 9962
2 96972
2 31238
4 53170
4 88702
2 11292
4 13056
4 73610
4 72262
2 55260
4 47274
2 49554
2 65818
4 76714
2 26772
2 27024
2 11510
2 65740
4 20568
4 27944
4 76558
4 93862
2 37456
2 86002
2 71304
4 5422
4 25866
4 51568
4 34258
4 48164
2 46400
4 90880
2 52880
4 63026
4 37044
4 56516
4 70254
2 5372
2 38556
4 56380
2 40442
2 61966
2 75580
2 83864
2 49128
4 27878
4 91224
2 16266
4 93334
4 1886
2 64666
2 99454
2 84616
4 94324
2 47320
4 83744
4 37326
4 89516
2 30350
4 61476
2 67772
4 83896
4 76018
4 11538
4 34658
4 93252
4 20198
4 24620
4 87150
2 22360
4 79806
2 9270
4 54154
2 72266
4 99548
4 21834
4 8686
4 86544
4 47602
2 61604
4 17664
4 99664
2 59610
2 97088
2 38608
4 21956
4 72090
4 28674
2 91808
4 64288
2 23464
4 77602
4 79932
4 43604
2 74160
2 34432
4 44378
2 40866
4 88006
2 5154
4 58578
4 77516
4 74022
2 98688
4 48368
4 51312
4 51522
2 84448
4 28872
2 27556
2 9336
2 68786
2 30676
2 33950
2 10622
2 36268
4 4160
4 3292
2 80354
4 37066
4 37634
4 95412
4 97070
2 14556
4 10704
2 77584
4 58050
2 50130
2 30816
2 63398
2 59466
2 92818
2 13502
2 59940
4 68580
4 11118
4 52810
2 81968
2 96936
2 44038
4 80746
2 39658
2 12886
2 44186
4 40572
2 97670
2 53434
4 12782
4 4950
2 36974
4 9798
4 72322
2 40988
4 39102
2 40486
4 35724
2 68618
4 28192
4 45566
4 55600
4 70198
2 60628
4 25258
2 85106
4 50368
2 91936
4 93912
4 60304
2 18868
4 70856
4 81860
2 72656
4 1294
2 91928
2 30454
4 28134
4 46728
2 39372
2 72740
4 66842
4 82598
4 55720
4 85758
4 85880
4 97882
2 74230
4 72680
2 85284
4 47910
4 57776
4 57384
2 36028
4 20234
2 7376
4 66576
4 68816
4 30922
4 48240
4 73380
4 45660
2 82428
4 38870
4 96432
2 89470
2 58684
4 26748
4 99050
2 30818
2 38252
2 17044
2 12710
4 49586
4 11418
4 62484
4 10392
2 88758
4 68004
2 41332
2 89188
2 60648
2 18718
4 26300
2 69340
2 95606
4 39312
2 15108
4 93898
2 58868
4 63486
4 41770
2 24586
4 36786
4 55934
4 28268
4 36580
4 11446
4 23354
2 24476
2 46616
2 3856
4 54282
4 15982
4 84510
4 55366
4 21530
4 29910
4 7852
2 10788
4 36332
4 27760
2 88678
4 1544
4 72612
4 74406
2 74600
2 34852
4 25358
2 35834
2 14928
2 77330
4 47166
4 46286
4 98316
2 17438
2 99896
4 41434
4 71242
2 72812
2 77912
4 31752
4 93048
4 74166
2 30788
4 83398
4 24828
2 56300
4 7030
4 89260
2 66300
2 83904
2 25112
2 52482
2 74880
2 30792
2 88332
2 11282
4 95790
4 11262
4 33968
4 35228
4 12128
2 18134
2 98872
4 72356
4 33378
4 81190
2 30210
2 44394
2 31378
2 64328
2 44240
2 80608
2 41824
2 32600
4 62196
4 80714
4 95664
4 31024
2 85576
4 31786
2 90080
4 14830
2 68506
4 84632
2 54044
2 13982
2 82822
2 79122
2 69072
2 27598
2 12838
2 18934
2 90172
4 31120
2 4580
2 87012
4 52470
2 87420
4 91774
2 46366
4 50698
2 4550
2 49768
2 23036
2 48656
2 37310
4 39302
2 51134
4 77994
2 76188
2 28932
4 39114
2 71894
4 68988
2 18762
2 73304
2 29874
4 92376
4 83622
2 19358
4 50970
4 42584
2 46552
2 54888
4 67776
4 38364
2 31858
4 10760
4 43690
2 78122
2 70624
4 24068
4 90488
2 38524
4 2372
2 23582
4 45436
4 85518
2 38534
2 77802
2 18170
4 37564
4 68662
4 23088
2 26634
2 78196
2 89708
4 73076
2 13626
4 99418
4 41006
2 9516
2 63660
4 53606
2 24308
2 27916
2 93148
4 53260
2 71326
4 75772
4 27826
4 2128
4 53674
2 18440
2 39384
4 71034
4 82804
2 12006
4 29854
2 1170
4 56618
2 58132
2 12724
4 7206
4 11082
4 33856
4 62604
4 18618
4 17530
2 94386
2 48362
2 31464
2 63534
4 42920
4 87240
2 15102
4 21988
2 75882
2 64830
4 14776
4 69730
4 49238
4 68786
2 73718
2 10112
4 5528
4 49390
2 75562
4 20660
4 67174
4 66398
2 18866
2 66392
2 23654
4 36264
2 26242
2 47554
2 89390
4 58476
2 58564
2 20308
4 12272
4 38402
2 50600
4 31968
4 1824
2 70782
4 2840
4 32358
2 24456
2 7008
4 35130
4 47974
2 88692
2 38514
2 48456
2 92112
2 7254
2 47752
4 97712
2 28704
2 49090
2 65152
4 83508
4 53172
2 42880
2 61968
4 83358
2 54836
4 21854
2 45526
2 14646
2 20416
2 51394
2 69802
4 82358
2 51664
4 65564
2 68854
2 19900
2 73912
4 30986
2 40770
4 2472
4 98984
2 74046
2 97520
4 22678
4 85270
2 86556
4 7460
2 8732
4 89828
2 51406
4 77026
2 45870
4 33000
4 19800
4 7584
2 72648
4 20188
4 40602
4 60228
2 51512
4 26836
4 83262
4 29282
2 49500
4 85770
2 65594
4 57220
2 85036
4 35318
2 53142
2 29102
2 26196
2 85746
2 73906
2 946
2 97092
2 53792
2 54640
4 39692
2 44134
2 29184
4 40522
4 51462
4 51450
2 11336
4 72028
2 94082
2 90692
2 56304
4 42768
4 64570
2 99386
2 42660
4 14166
2 39396
4 6662
2 87276
4 64614
2 37004
2 69262
4 9902
2 77070
4 55698
2 86400
4 82014
2 27450
2 11812
4 67622
2 91174
4 93314
2 77600
4 25420
2 63648
2 4294
4 69490
4 80998
4 63438
2 96794
4 724
4 46444
4 93756
2 88166
2 62008
2 14376
2 25234
4 2454
4 43298
4 29690
4 23174
2 36072
4 65880
2 51928
2 52818
2 13134
2 74606
2 27050
4 78750
2 7338
2 194
2 33954
2 6256
2 98386
4 44558
2 66788
4 22586
4 29140
4 3728
4 24338
4 68518
2 27110
2 9064
4 5870
2 79386
2 59058
2 34230
2 61920
2 43412
4 49686
2 13052
2 68668
4 90444
4 62600
2 15338
4 6642
2 97260
2 18384
2 47226
2 52242
4 85548
4 52830
2 21276
2 87994
4 44016
2 7858
2 22794
4 22916
2 91690
4 36790
4 69952
2 22698
2 5448
4 17638
4 65594
2 96516
4 22222
4 64334
2 56988
2 20946
2 17154
4 57424
4 49132
4 22650
2 72644
2 21714
2 3968
4 17380
4 96998
2 86372
4 58458
4 24928
2 18992
2 29136
2 18958
4 15858
2 26014
2 86270
2 22300
4 40242
4 73006
4 89950
4 42028
2 42194
2 49044
2 54110
2 29912
2 90274
4 11626
2 14428
2 13214
4 1712
2 78064
2 82696
2 25500
2 96462
2 20596
2 67232
4 55710
2 21358
4 56112
4 59600
4 57840
2 52250
4 13302
4 84130
4 62028
4 30482
2 69000
4 73626
4 23818
4 95904
2 84184
2 78214
4 73772
2 4310
4 72138
2 90374
4 80218
2 72984
4 44046
2 70562
2 35662
2 96314
2 25754
4 10
4 6864
2 53046
4 6602
2 23262
2 40498
2 2592
4 16070
4 93232
2 46790
2 944
4 9858
2 54160
4 77694
2 8386
2 68098
4 31776
4 6844
4 76376
2 85910
4 64318
2 48624
2 46584
2 63554
2 58016
2 22432
4 63838
2 99470
4 87010
4 20808
4 75154
2 85678
2 83694
2 22204
2 83184
4 33430
2 52132
2 9982
4 22548
2 71494
4 30494
4 55820
4 38554
2 17946
2 57678
2 61348
4 32256
4 87940
2 60226
4 65278
2 6412
4 77746
4 97416
2 68332
4 59800
2 17654
4 25696
4 78734
2 84404
4 83210
2 86840
4 88400
2 45030
4 51630
4 36200
4 86916
2 27170
4 34110
4 51310
2 80974
4 90920
4 37040
4 19940
4 78922
4 2490
4 30448
2 82734
2 28654
4 17106
2 44506
4 52930
2 53860
2 77926
4 9178
2 3274
4 73670
4 41958
2 76456
4 77080
2 47104
4 22892
2 58900
2 6978
4 72620
4 37796
4 4504
2 66320
2 88600
4 62184
2 23758
4 24792
4 51184
4 34962
4 44198
2 30184
2 34732
4 45866
2 9880
2 28266
2 25364
4 79998
4 23844
2 73344
4 19478
4 6914
2 78730
4 81446
2 79126
4 31404
4 73342
4 80054
2 69334
4 43790
4 7084
4 70466
4 95998
2 75578
4 88842
2 61576
2 79926
4 3600
2 63616
4 21718
2 32110
2 1636
2 47144
2 21794
4 48998
2 39336
4 39082
4 35914
2 39562
4 48384
4 5860
2 82060
4 97876
2 14654
2 55694
4 78252
4 23534
4 32976
2 65802
4 27050
4 70448
2 19534
2 35472
2 17552
4 16270
2 79214
2 36972
2 748
2 35590
2 56270
2 26456
2 63350
2 17410
4 38236
2 72564
2 88314
2 98396
4 31858
4 8074
4 50860
4 52898
2 79836
4 43676
4 33024
4 89982
4 42546
4 35020
2 93544
4 11198
4 66022
4 52216
4 81356
2 87442
4 26350
2 85380
2 39706
4 86830
2 8292
4 40074
2 6838
2 52616
4 8580
2 50224
4 80580
2 77638
4 45760
4 63264
4 33054
2 93826
4 68640
2 16746
4 80764
4 75034
4 71504
4 74034
2 14506
2 53562
4 80404
4 56532
4 61276
4 92466
4 396
2 40834
4 38194
2 99390
4 92458
2 16026
4 65918
2 41304
4 17350
2 50478
4 75936
2 4956
2 52562
4 62432
2 33034
2 67606
4 8542
4 19854
4 96034
2 84812
4 16612
4 31916
4 22538
4 80434
4 50958
2 55788
2 83318
4 2176
2 43614
2 20932
4 75526
4 41802
4 48140
4 84318
4 726
2 80428
4 25860
2 84950
2 44010
4 51160
4 22600
4 39386
4 44496
4 19702
2 67842
2 14942
2 8630
4 74634
2 72210
2 70464
4 8476
4 75506
4 25706
4 4058
2 42216
2 76594
4 37012
2 1208
2 95974
4 51482
2 67372
4 95454
4 53350
4 52004
4 29838
2 54206
4 89694
2 79182
2 88984
2 54832
2 96218
4 228
4 19518
4 62506
2 14892
2 15592
4 36828
4 87352
4 39540
2 24026
4 96090
4 18096
4 67576
4 30870
4 48758
4 16050
2 87506
4 51838
4 68898
4 75130
4 2202
2 14434
4 20624
2 70900
4 15320
2 31616
4 15942
4 84686
4 83268
4 92082
4 54748
4 81584
4 20130
4 24432
4 86304
2 17008
2 12422
4 64980
4 44800
4 25964
2 34622
4 24566
2 15548
4 36424
2 66482
2 75150
4 4690
2 42130
4 68186
2 51728
4 26790
4 7304
2 79412
2 75460
4 55548
4 7562
2 16436
4 8848
4 67476
2 85538
2 69184
4 79738
2 55352
4 53962
4 69196
2 49994
4 51640
2 3826
4 58004
2 90420
4 4890
4 30058
4 5802
2 14620
2 1776
2 69474
2 49298
4 37968
4 30942
2 23082
4 47614
4 97134
2 23908
2 62544
2 87266
2 94612
4 3642
4 56348
2 30448
4 82618
2 62960
2 93788
2 41658
2 41906
4 83620
4 78840
4 32542
4 45922
4 46398
2 60810
2 24744
2 23752
4 14662
4 64638
2 93236
2 74718
4 52440
4 57410
4 88372
4 95244
4 89132
4 74534
4 43714
2 99294
2 45430
4 99330
4 20056
4 67572
4 60428
2 5634
2 97786
2 44244
2 91858
4 96284
4 69648
2 38238
2 44902
4 35218
4 9214
2 48334
4 65936
4 96362
4 28502
4 98332
2 24304
4 63104
2 15594
2 5400
4 40366
4 47638
4 86370
4 22132
4 51928
4 2498
2 73774
2 94882
2 21858
4 78668
4 88426
4 15716
2 15958
4 8852
4 59788
2 27536
2 97810
4 25280
2 25736
2 52594
4 59552
4 83606
2 66754
4 71698
2 49796
2 27682
2 71600
2 22772
2 61114
4 32854
2 4798
2 87360
4 4032
4 25604
2 78236
4 28508
4 6744
4 11314
4 50208
4 91234
4 30628
4 27062
2 40642
2 24482
2 5894
4 64414
4 58754
2 64086
2 9768
4 71676
4 71636
2 45578
4 78368
2 36504
2 66444
2 76312
2 55214
4 41138
2 18112
4 83584
4 67114
4 79772
2 65358
2 21876
2 88586
2 47182
2 99524
2 94864
2 28072
2 50766
4 17798
4 75158
2 25682
4 29386
2 13042
2 3498
4 25504
4 49540
4 65250
4 34250
4 27278
2 92046
2 68104
4 77722
2 65116
4 92362
4 53096
2 45068
4 62582
2 86998
4 50494
2 79198
4 96414
2 1792
4 90452
4 96348
2 19550
2 16196
2 35210
2 2674
2 28158
2 7786
4 35628
2 39238
4 91242
2 33528
2 50996
2 75058
2 80434
4 48580
4 46338
2 87236
4 37000
4 55738
4 17036
4 42402
4 20994
4 39524
2 86356
4 87690
4 56240
4 54392
4 64276
4 69812
4 77990
4 77924
4 69692
4 45076
4 50078
2 3032
2 33290
2 50050
4 43784
4 9946
2 97838
4 58978
2 66362
4 868
4 30186
2 40624
2 76732
2 35518
2 53256
4 82950
2 69220
4 52974
2 13410
2 76982
2 6062
4 14290
2 15808
2 36256
4 26244
2 53290
4 64024
2 23450
4 20454
4 11658
2 94738
2 35814
2 28644
2 18296
4 20968
2 39456
2 46160
2 17924
2 30806
2 39340
2 54232
4 8846
2 57930
4 32484
2 95038
4 79482
2 89322
4 4454
4 7742
2 15140
4 16548
4 42312
2 32222
4 25392
2 8774
4 17898
2 50094
2 28768
4 21332
4 34046
4 17602
2 88518
4 63464
4 2990
2 37528
2 20230
2 13618
2 53138
4 60404
4 31652
2 99886
4 54422
2 77566
2 25336
4 86910
2 64460
2 85916
2 90344
4 27506
2 77902
2 38398
4 94118
4 21460
2 20536
2 28600
4 8648
2 98704
2 3658
2 90656
4 3922
4 19872
2 27288
2 96366
4 31022
2 91996
4 72596
2 142
2 43934
2 6008
4 23318
2 39700
4 42056
2 49216
2 75146
4 31888
2 70716
2 82160
2 17562
4 50940
4 72968
4 99392
2 87090
4 80524
2 40598
4 70390
2 12372
4 17742
2 68424
2 89214
2 14582
2 95674
2 89514
4 39056
4 4698
4 20704
2 65856
4 77068
4 3768
2 53534
2 29000
2 17070
2 61226
2 22156
2 36236
2 49370
2 84088
2 32804
2 61982
4 65246
2 2896
4 14504
2 25774
4 53406
4 78330
2 41552
4 8594
2 54688
4 1640
2 34826
4 80444
2 7126
2 76546
2 45910
4 43228
4 15150
4 64146
2 84876
2 21172
2 46952
4 96408
2 37904
4 40666
4 13818
4 12248
2 95938
2 52334
2 82808
2 83566
2 28558
2 11500
2 50470
2 86066
2 73222
4 68420
2 15804
2 31872
2 40612
4 54170
4 12398
2 19038
4 74468
2 84934
4 35580
2 72638
4 89164
4 61538
2 92560
4 98264
4 39768
2 20342
2 19884
4 32336
4 58066
2 97434
2 84394
2 1694
4 58108
2 17628
2 62908
2 45366
4 70026
4 51286
4 63046
2 12210
2 85862
2 77826
4 3620
4 62162
4 99214
2 84060
4 61484
2 75684
2 41682
2 29734
2 32524
4 69430
4 85900
4 38012
2 90520
2 58642
4 38992
2 38966
4 2210
4 41602
4 55814
2 77450
4 2270
4 40576
4 82850
2 21486
4 35964
2 22044
4 83850
4 15426
4 83742
4 70838
2 25078
2 91426
4 36050
2 18104
2 91890
4 88402
4 62372
4 9000
2 9364
4 94438
4 48868
4 64818
2 10812
4 25194
2 79200
2 88206
4 43606
2 91638
4 15192
2 25918
4 65080
2 23368
4 50346
4 59484
4 77832
2 61560
2 81860
2 4696
2 58392
4 99934
4 39720
4 34524
2 20948
4 22558
2 25790
2 51914
2 21192
4 60046
4 3174
2 5234
4 75296
4 67284
4 93596
2 10690
4 20356
4 8394
2 92404
2 49304
2 40756
4 27180
2 43882
2 43328
2 68768
4 37732
4 18410
4 23674
2 43968
2 59584
4 8532
4 47926
4 10878
4 36904
2 94776
4 86672
4 65188
2 6820
4 85480
4 78052
2 25402
4 97202
4 43410
4 61740
2 29598
2 82048
2 67036
2 16022
2 42676
2 95054
2 72940
4 95392
4 70036
2 46818
4 82968
2 66306
2 28860
4 47542
2 77292
4 27336
2 52522
2 30380
4 41214
4 43434
2 86536
2 41274
4 35084
2 8076
4 1492
2 27034
4 74440
4 32206
4 25952
2 84444
4 6092
4 86134
2 69940
4 70192
2 94702
4 51146
2 336
2 50340
4 75694
2 53932
4 52372
4 70818
4 37834
4 81350
4 15148
2 40020
2 54528
4 95812
4 73194
4 76978
4 32138
4 73708
2 3814
4 42844
4 91428
2 79736
2 49236
4 52516
4 96092
4 49754
2 94526
4 64556
4 4522
2 26522
2 88534
4 23742
4 77282
2 84146
2 89544
2 29606
4 3278
2 34940
2 71006
2 27692
4 72194
4 35372
2 11056
4 42910
2 25288
4 33960
4 36376
4 28144
2 21506
4 84658
4 62148
2 84904
2 37712
2 70778
2 31588
4 86404
2 1476
2 30124
2 31068
2 5512
2 90654
4 83460
2 29304
2 35530
4 51276
4 93022
4 84292
4 23530
4 91418
2 80622
4 50830
4 33218
4 89082
2 38278
2 40664
2 90820
4 4088
4 91820
2 19478
2 61270
2 70084
2 39740
2 9244
2 97198
2 80412
4 88266
2 67126
2 34122
4 14764
4 6568
2 15014
2 29814
2 69684
4 18192
4 82388
2 57574
4 5290
4 72670
2 55682
4 6740
2 11000
4 31214
4 87288
4 9758
2 7002
4 50234
2 79812
2 55742
4 61162
4 24776
2 20122
2 56178
2 52192
2 44204
4 904
4 87624
2 88124
2 89392
2 34148
2 45460
4 63296
4 45846
2 10720
2 6342
2 74420
2 29128
4 64446
2 78770
4 65856
2 67218
4 43770
4 65554
4 13038
4 20630
4 41846
2 41790
4 6812
4 14250
4 29966
4 19728
4 26968
2 84610
4 14442
2 72086
2 68778
2 11600
2 47098
2 16182
4 54128
4 11206
2 7610
4 87508
4 11724
4 27620
4 20322
4 61820
4 50542
4 37870
2 96578
4 22172
2 37788
4 36090
4 41250
2 75658
4 10452
2 84578
4 91268
4 51508
4 96884
4 22068
2 61746
2 5390
2 8232
4 27722
4 47928
4 28108
2 72634
2 85522
4 52738
2 44448
4 94220
2 6496
2 54876
2 77798
2 98420
4 9098
4 84504
4 7970
2 25946
2 20578
4 63288
2 22286
4 22576
2 74638
2 37842
4 76146
2 78564
2 90778
2 22724
4 12748
2 8636
2 35636
4 11470
2 26770
2 72472
4 41124
2 89500
4 43502
2 59700
2 40318
2 73554
2 86644
4 79490
4 79092
2 73646
4 70888
2 32388
4 33722
4 47454
2 64294
4 96722
4 36220
4 46196
4 46522
4 10932
2 15188
2 44588
4 97604
4 9300
2 97024
2 71342
4 90836
2 81636
2 18210
4 38486
2 22988
2 27528
4 92094
4 52492
4 80340
2 78076
4 5148
4 17516
2 44154
4 17154
2 49988
4 33234
4 75924
2 76440
2 2050
2 84284
4 79872
4 81624
2 6126
2 41072
2 24574
2 84378
4 92994
4 30656
4 86584
2 20606
4 72468
2 30390
2 50374
4 92028
4 96118
4 72708
2 29944
4 55560
2 45466
4 49810
4 71806
2 21054
4 80968
2 18554
2 34460
2 89024
4 11544
4 91312
2 92462
2 76842
4 67942
4 64084
4 99738
2 88140
4 51244
4 55474
4 96932
2 70608
4 88216
2 48886
2 21256
4 24680
2 70776
4 93004
4 2848
4 95428
2 38646
2 8458
2 60800
4 9246
4 75266
4 25606
4 8906
4 14218
4 53838
4 28966
2 73112
2 12650
2 22120
4 77630
4 10788
4 52666
4 20394
2 68952
4 40292
2 57200
4 66116
4 2570
4 77542
4 92960
2 26074
4 63692
4 35326
2 89534
2 74850
2 53982
4 90542
2 19292
2 95282
2 83814
4 30342
4 62464
2 95724
4 81908
2 31060
2 57116
2 54588
2 36736
4 90086
2 35252
2 4516
2 99842
4 43406
4 94904
4 39156
4 94628
2 42968
4 58626
4 18070
2 2222
4 86802
4 38096
2 30284
4 49678
2 57752
2 56336
4 49628
4 41624
2 43870
4 85470
2 99626
4 87716
4 66540
4 30180
4 22730
4 49838
4 52518
4 79114
2 81698
4 81626
2 93890
4 90916
2 76026
2 67670
2 4720
4 85776
4 62008
2 49892
2 97866
2 59962
2 19652
2 15720
4 14206
2 90048
4 6682
4 49954
2 72394
4 36846
4 49054
4 93998
4 45268
2 9318
2 89420
2 62878
2 42956
4 19588
4 18830
4 34554
2 9538
2 58470
2 57054
2 42244
2 77590
2 880
2 548
2 55950
2 40930
4 19268
4 1994
2 81866
2 76382
4 72426
4 61402
2 87706
4 66994
4 81804
4 67276
4 51744
4 50612
4 44006
4 83716
2 15350
4 24790
4 81462
4 20770
4 52588
4 12958
4 1084
2 54134
4 98846
2 76758
4 27602
2 29672
4 85260
4 46826
4 62164
2 62786
4 25836
4 10744
2 42396
4 75294
2 68302
2 61082
4 42032
2 35110
4 80416
4 34176
4 50646
4 59404
4 86666
4 48472
4 21354
4 21736
2 39762
2 38510
4 84764
2 7192
2 18622
2 11068
2 39876
4 28908
4 48496
4 90928
4 68250
2 33578
4 17528
4 52628
2 30558
4 11788
2 8132
4 23240
2 2434
4 48732
4 3864
4 7954
4 35686
4 29404
4 51190
4 44852
4 60018
2 57964
2 88782
4 33720
4 86736
4 48112
2 69060
4 61782
2 3760
4 89670
2 87610
2 5462
2 57376
4 40754
2 68060
2 59240
2 392
4 76036
2 10628
2 58394
2 97980
2 19456
4 91354
2 10602
2 52514
4 18548
2 57644
4 64648
4 50064
4 14892
2 70542
2 65586
2 96188
2 8728
4 4986
2 75294
2 43572
2 52804
4 29804
4 73726
4 73500
2 53780
4 70918
2 75556
4 89102
4 68938
4 45790
2 63100
2 38828
4 9676
4 19342
4 97624
2 62950
4 31792
4 8788
2 81660
2 2838
2 94800
4 25398
2 47346
2 54212
2 2144
4 85192
4 63476
4 96268
4 58378
2 54124
4 99042
4 95186
4 60864
2 41588
4 29874
2 92280
2 20396
2 41870
4 79544
2 21810
4 96470
4 29840
2 81954
2 69216
2 1742
2 73610
4 5384
2 19640
4 45598
4 54352
2 82038
2 94052
2 35044
2 11542
2 71542
2 81508
4 28260
2 53682
2 34958
2 38760
4 3582
4 1858
4 4142
4 54846
2 36320
2 20654
2 54542
4 67062
4 15242
2 13556
4 8444
4 70290
4 35216
2 34970
2 37714
4 87368
4 36724
4 20524
4 34232
2 18628
2 35448
2 28400
4 402
4 75804
4 20616
4 17814
2 58224
2 67264
4 33366
4 89300
4 26400
4 42168
4 69890
4 76918
4 92714
2 31906
4 12652
4 53164
2 20278
2 3852
4 61282
4 10908
4 16798
4 45668
2 31448
2 7034
2 74918
4 24212
4 28968
4 52804
4 14802
2 91230
2 62352
4 30800
2 55142
2 96544
2 29732
4 92748
2 82746
4 65770
2 40094
4 67668
2 21322
4 39612
2 67354
4 576
2 81050
4 40492
4 91606
2 2664
4 84290
4 70530
4 56614
2 62466
2 83054
2 58740
4 9406
4 72232
2 98188
4 79254
4 66126
2 43452
4 44118
4 81264
4 70454
2 41666
2 35566
2 3890
4 71404
2 98416
2 38686
2 40476
4 21696
4 93728
4 84340
2 83724
2 21426
2 46690
4 44384
4 72874
2 47258
4 29718
2 55630
4 27974
2 64736
4 29668
4 55210
2 77230
4 34312
2 86850
4 20468
4 23734
2 35520
4 96196
4 22982
2 99266
2 78138
2 22460
4 54156
4 29234
2 92970
4 40248
4 86650
4 77280
4 1310
2 33792
2 78134
4 50396
4 27354
2 36404
4 61362
4 670
2 83260
2 33956
2 47252
2 91140
2 93548
2 80336
4 49986
4 99504
2 61442
2 33462
2 70406
4 12294
2 42092
2 61716
4 97532
4 79284
2 2660
4 70038
2 37102
2 59484
4 21418
2 64642
4 58118
2 67380
2 61634
4 41132
4 85394
2 40818
2 69498
2 89560
2 18426
2 2382
2 21444
2 24568
2 18792
2 73402
2 71180
4 39344
4 59904
2 46044
4 29520
2 97052
4 7824
4 53892
4 23182
4 484
2 85114
2 84408
4 74996
2 86382
4 78496
4 99244
4 57194
4 39890
4 38594
4 45066
2 73976
4 71054
4 7414
4 37940
2 11432
4 56772
2 63846
4 35528
4 80916
2 40158
2 886
2 45242
2 53646
2 44108
2 35298
4 94828
4 60870
2 79592
4 70502
2 85206
4 63602
4 85728
4 12482
2 21544
2 48794
4 59430
4 12110
2 34382
4 7802
2 77356
2 64572
4 32700
2 55014
2 52748
4 35902
4 9068
4 5430
4 76420
4 63674
4 154
2 46786
4 41590
4 43800
2 67646
4 22564
4 27936
4 30780
2 66388
2 42104
4 9662
2 916
2 24184
4 30394
2 36486
2 19244
2 48108
4 16314
2 22108
2 76618
4 85254
2 20762
4 7790
4 79824
2 93936
4 93368
4 93848
4 53734
4 74840
4 29130
2 60492
4 39664
2 66274
2 20626
4 62784
4 23548
2 77910
4 28764
4 13894
2 82606
4 84538
4 4512
2 46350
2 16496
4 15730
2 90648
4 70592
4 64252
2 46716
2 17122
2 15110
2 35194
2 27972
2 34778
2 42668
4 18066
4 61632
4 57154
2 92398
2 24650
4 35912
2 40428
2 41270
4 80490
2 90962
2 38380
4 88512
4 22428
2 95840
2 68884
4 83444
4 23722
4 76064
4 77386
4 17728
4 12694
4 65718
2 62790
2 37088
4 586
2 34206
2 98450
2 44786
2 49902
2 66612
2 13600
2 21378
2 86324
2 58088
2 96222
4 88260
2 32760
4 68616
2 64374
4 78448
2 88878
2 58210
4 39710
4 51052
4 90168
2 1280
4 31416
2 10564
4 7526
2 52160
2 41206
4 89964
4 31102
2 35128
4 37062
2 31244
2 79650
2 29752
4 32988
4 63214
4 8352
4 90594
2 57582
2 25264
2 39038
4 40626
2 23598
4 49972
2 61870
4 66420
4 17806
2 59474
2 59656
2 79666
4 17090
4 21130
2 60102
2 97298
4 80808
2 65912
4 53956
4 69234
4 51268
2 82430
2 6040
4 34708
4 35730
4 90892
4 79694
4 99666
4 17088
4 17746
2 85598
2 33730
2 73048
2 50388
4 58526
2 37506
2 72026
4 49018
2 73170
4 30814
4 9990
2 13442
2 59434
2 6168
2 16530
4 57566
4 29862
2 19788
4 24812
4 80064
4 96698
2 15722
4 60122
4 7432
4 85996
2 11104
2 91286
2 15718
4 8536
2 83482
4 17182
2 50344
2 87592
4 88588
2 62738
4 85852
4 69046
2 14854
4 87728
2 37086
4 86878
4 86222
2 63912
4 7706
4 5918
4 7858
2 73224
2 91108
4 15830
4 66876
2 18240
4 48426
4 31714
2 71688
2 86896
2 77256
4 35332
2 5452
2 62412
2 2568
2 60
2 74366
4 77712
2 38986
4 81614
4 39030
4 62522
4 9208
4 16170
2 32722
2 49038
2 45372
2 78118
4 41822
2 74972
4 50950
2 61326
4 19544
4 11232
2 33618
2 88216
4 81848
4 33404
2 39846
4 34350
4 74020
2 40366
4 23030
4 92810
2 99764
4 60758
4 91800
2 95488
2 61942
2 11462
4 2612
2 52408
2 17248
2 9920
2 69426
4 13326
4 54986
2 66856
2 15818
4 68288
4 36052
2 81702
4 24016
2 1986
4 42174
2 64752
4 36588
4 7054
2 41904
2 63492
4 12858
4 42558
2 92312
4 82126
4 23446
2 32066
2 37560
2 55712
4 72478
2 39316
4 33410
4 5894
2 7164
2 95494
4 45286
2 64320
4 4358
2 96672
4 80602
4 2094
4 76594
4 91132
2 32394
2 8930
2 50566
4 21758
4 96764
4 50518
2 55188
2 39640
2 28942
4 37450
4 75428
2 69002
4 84718
4 7312
2 89404
2 6204
4 82882
4 54972
2 68182
4 19618
4 75324
2 13698
4 24984
4 56780
2 22774
4 56660
4 43272
4 13324
2 80032
4 63164
2 26266
2 54712
4 79468
2 42598
4 76744
2 67626
2 40566
2 43794
4 36000
4 11920
2 84608
4 41248
2 25552
4 58210
2 73932
2 22854
2 86564
4 73804
4 53710
4 82192
4 69578
2 23930
4 73446
2 24564
4 92678
4 16276
2 63518
4 28830
4 15370
2 22440
4 72684
2 96160
4 12704
2 92478
2 32818
2 93454
4 2244
4 13492
2 81290
4 53098
2 30842
2 368
2 56586
4 96494
4 47498
4 12390
2 99278
2 62734
4 23726
4 94404
2 63822
4 98626
4 21712
2 19254
2 12076
2 48708
4 16880
4 20684
4 71910
4 71804
2 50882
2 99376
4 79740
4 68876
2 54100
2 87962
2 66988
4 24830
4 68468
2 4206
4 97544
2 77036
2 60006
4 17876
2 89810
4 27130
2 59422
4 11696
4 87204
4 86272
4 7320
4 19836
4 25340
2 15800
4 13042
4 82792
2 27630
2 96868
4 95886
4 56366
4 60842
2 88326
4 89470
4 44176
2 78524
4 66538
4 84086
4 33808
2 11938
2 97714
2 29292
4 6002
4 47452
4 18058
4 62174
2 43034
4 98436
2 62868
4 3028
2 92968
4 14638
2 3264
4 38356
4 1238
4 42416
4 39546
4 94294
2 82630
4 6240
2 41630
4 70560
4 39744
2 30538
4 40496
2 30790
2 96802
2 73802
2 51374
4 83276
4 11676
4 62534
4 82222
4 22118
4 54042
2 91650
2 96348
4 14560
2 1520
4 96600
4 45154
4 44100
2 15696
4 29312
2 57834
4 67420
2 51908
2 14820
4 11406
4 46742
2 4360
4 13940
4 52698
2 20622
4 76888
4 49984
4 64068
4 11452
2 37120
2 86596
2 33890
2 91868
2 53354
4 72106
4 32566
4 76092
2 34418
4 48316
2 90408
2 72234
4 1676
4 2676
4 17954
4 53866
4 57726
2 57474
2 63920
2 44636
4 78522
4 53386
2 98334
4 75370
2 45312
2 69268
2 11038
2 53702
4 87070
4 59818
4 51848
2 48940
2 21872
2 76444
4 32438
2 99802
4 22542
2 37208
4 8426
4 34010
2 73894
4 66870
4 46496
4 89028
2 20978
4 63182
4 73382
4 25508
2 54286
2 84058
2 61826
4 75024
2 81080
2 79244
4 21066
2 84032
2 67934
2 26872
4 49278
4 41266
4 53064
4 24114
2 85404
4 31074
2 86736
4 15686
2 16816
4 20172
4 23408
4 5816
4 50092
2 32038
4 75300
4 55546
4 50212
4 52478
2 6334
4 17932
4 60432
2 89734
4 79212
2 59878
2 18510
4 25314
2 78832
2 27120
2 22956
2 32962
4 74316
2 87078
4 46176
4 15566
2 53018
2 39908
4 77318
4 28066
4 98586
2 56440
2 36966
4 97452
4 80792
4 31728
4 33084
4 99324
2 82712
4 5936
4 28332
2 39780
4 76724
2 74426
4 83482
2 33906
4 39822
2 58570
2 17546
4 19286
4 34424
4 84726
2 53262
2 50994
2 22570
4 66926
2 60344
4 8530
4 43414
2 35538
4 15702
4 2626
2 26698
2 93402
4 61530
4 35166
2 112
2 8964
2 81110
4 91686
4 51902
4 58154
4 20700
4 26942
2 18230
2 68652
2 44542
2 11616
4 75432
2 76416
2 11012
4 8144
4 85688
2 91916
4 24768
2 52262
2 9440
4 90368
4 96030
2 72764
2 86658
4 87200
4 95294
4 42616
4 80252
4 32778
4 80388
2 60022
4 72570
2 97730
4 72930
2 88502
2 21120
2 83582
4 65852
4 49086
2 61778
2 73028
4 57076
2 35864
4 68590
4 93154
4 36142
4 74402
2 4922
4 12544
4 79076
2 6906
2 7866
4 23518
4 78318
2 9512
4 78190
4 66498
2 38718
4 71414
2 5546
4 14836
2 89274
4 57988
2 69890
2 98530
4 15596
2 34064
2 8246
2 32094
2 74544
2 22138
4 72480
4 31160
2 32276
4 30768
4 52510
2 59638
2 14396
4 82872
2 26744
4 79882
2 47192
4 70414
4 85850
4 59460
2 76680
2 32920
2 50246
4 25712
2 89576
2 91856
2 11358
4 37910
4 24716
4 83256
4 59932
2 34106
4 43688
4 39874
2 43504
4 55314
4 9522
2 34506
4 78864
4 12312
2 19754
2 18452
2 53728
2 31850
2 33122
2 19620
2 41688
4 38264
4 32598
4 12480
4 59624
2 94492
4 79798
2 24230
4 23244
2 12828
2 82874
2 82724
4 7630
4 64732
4 90840
2 95486
4 77628
2 68192
2 59814
2 28370
4 57222
4 90098
4 74450
2 57990
4 49514
2 74536
4 87886
4 9050
4 37036
4 51072
4 38832
2 21430
2 48606
4 46976
2 87082
4 81514
2 18028
2 32566
4 62640
4 53254
4 89084
4 41944
2 83786
4 55064
4 88272
4 29748
2 58256
2 21868
4 8890
2 98430
2 44798
4 65966
4 42576
4 68964
4 4238
2 92294
4 35974
2 10400
2 95040
4 73614
4 38308
2 44634
2 68622
2 67876
4 90598
2 40382
4 65930
4 79716
4 18176
2 63216
2 59770
4 74544
4 93512
4 55734
2 14230
4 84040
2 1818
4 10876
4 14298
2 37280
2 90512
2 46420
2 90146
4 27972
2 24504
4 61798
2 150
4 37112
2 16062
4 99868
4 14822
2 10670
2 36124
2 96508
2 27634
2 35880
2 40682
2 43440
4 34996
4 30154
2 77874
2 42928
4 69400
4 5306
2 85304
4 65332
4 5080
2 57074
2 91346
2 57772
2 40218
4 27662
2 74834
4 4828
2 61318
2 54052
4 38574
2 27590
4 20432
2 91508
2 96040
2 79630
2 26916
4 96460
4 48092
4 35526
4 88252
4 41940
2 81338
4 38252
4 98728
2 39524
4 44298
2 752
2 42846
2 68042
2 1516
4 7938
4 30530
2 14520
2 25756
2 95224
2 63300
2 4156
4 40302
4 1534
4 29568
2 76778
4 95056
2 91106
4 23528
2 23044
2 90718
4 50270
2 73398
4 13664
4 80438
2 57962
2 19880
2 13718
4 9936
4 10978
2 55558
4 85554
2 62442
2 5542
4 55550
4 98324
2 17900
2 45546
4 44606
4 34986
4 90756
2 26472
4 24324
4 80430
2 42480
4 13512
4 93784
4 11432
2 1080
2 19366
2 61332
2 94300
2 10186
2 40964
4 79204
4 89424
2 38874
2 29210
4 866
2 52228
4 2294
4 52358
2 69960
4 64750
2 44848
4 60528
2 3124
2 66228
2 62540
2 5624
2 71752
4 24480
2 48316
2 34442
4 25438
2 93120
4 46686
2 78106
2 5558
4 59598
4 5390
4 82616
2 6150
4 73266
2 21776
2 73356
2 87036
2 26022
4 8646
4 11870
4 9194
4 5010
4 40504
2 46022
2 70266
4 10470
2 522
4 74848
4 77230
4 71020
2 43828
2 59850
2 66770
4 26950
4 68496
4 81926
4 4714
4 82052
4 43592
4 86694
4 56344
2 85276
4 17924
4 86202
4 39008
2 40992
2 77806
2 34426
2 59158
4 96920
2 14198
2 14532
4 35758
4 65010
4 87126
2 22608
4 12406
4 4516
2 39960
4 66890
4 89856
2 17634
2 12106
4 67048
2 35468
2 70352
4 17686
2 99834
2 65038
4 19254
2 64104
4 4304
4 79788
4 8944
2 74500
2 56056
4 59092
4 34692
2 33688
2 8210
2 30372
4 27508
4 49890
4 5402
2 71068
2 65000
4 88050
4 6556
2 94608
4 53856
4 5660
4 40016
2 83546
2 67272
4 59318
4 78794
2 47792
2 8056
2 49514
4 10520
4 49652
4 99988
2 43470
2 18706
4 51274
2 8084
4 59292
4 47184
2 13294
2 97962
2 11320
4 15698
4 76792
4 35658
4 42368
4 48360
4 11370
4 77618
4 81124
4 94226
4 18532
2 81828
4 19386
4 50780
2 81594
2 23224
4 82574
4 68600
4 48880
4 77042
4 38280
4 67762
4 36064
4 42294
4 47752
2 15652
2 25060
2 13108
4 10270
4 75094
2 75920
4 78850
4 50466
2 33118
2 35480
4 24084
4 73480
2 48918
2 44222
4 30620
4 31890
2 76196
4 81910
2 55174
2 58044
2 59744
2 39574
4 41774
2 9414
4 3290
4 15940
2 27976
2 54446
2 2290
2 95676
4 21278
4 42046
4 22292
2 66236
2 69374
4 44252
2 7872
4 80066
4 71754
4 78388
2 18
2 93518
4 71710
4 27516
2 32942
4 78572
2 72826
2 72038
4 7560
4 31068
4 91646
2 65552
2 99670
2 57776
2 8640
4 49194
4 50046
2 66166
2 48942
2 83648
4 27776
4 21190
4 24668
4 73830
2 19928
4 23892
4 34982
2 90920
4 60138
2 20708
4 29886
2 13164
4 22756
4 3332
2 11724
4 98270
4 76568
4 238
2 55880
2 46762
4 67862
4 3814
4 85958
4 45472
4 72904
4 9010
2 19838
4 52178
2 81028
2 28856
2 20822
4 59828
4 41486
4 82378
2 76120
4 66240
4 48062
2 41112
4 12648
2 1872
2 84152
2 66122
4 51542
4 63258
4 37080
2 87616
4 2952
2 90694
2 19872
4 88646
2 36370
4 57624
4 91740
4 53978
4 48120
2 97738
4 77946
2 24652
4 80712
2 98946
2 74678
4 55024
4 55952
4 62266
4 38042
4 68268
4 71498
4 83700
4 24806
4 30176
4 35584
2 92510
4 99350
4 57932
4 98582
4 89578
4 80760
2 24274
2 57292
4 29606
4 14602
2 96706
2 38304
2 55530
4 4138
2 16124
4 25212
2 41430
2 79398
2 27398
2 33876
4 83402
2 46238
2 29392
4 54656
2 15396
2 88046
4 1526
4 70256
4 96228
4 52098
4 68812
4 29346
2 64776
2 49490
4 53884
4 54668
2 48388
2 53192
2 1956
2 19170
4 94402
4 2588
2 32048
2 94522
2 9664
2 35188
4 32390
2 32756
2 13770
4 75458
4 62286
2 90878
2 58832
2 77814
4 51534
4 87170
4 41870
4 1254
2 14840
2 48262
4 63000
4 70320
4 40810
2 28048
2 76966
2 59884
2 19014
2 74666
4 58922
2 19522
2 9256
2 71150
2 17432
4 29692
4 96226
2 83956
4 53574
4 9668
2 51040
4 27010
2 65118
2 80782
2 43436
2 8624
2 75222
4 83796
4 45808
2 4272
2 17256
2 72834
4 38336
4 53322
4 34098
4 59330
4 74856
2 10804
2 25388
2 23716
2 90530
2 56294
2 77278
2 15062
2 40102
2 86160
2 30544
4 42064
2 11538
4 46152
2 44194
2 53964
2 8412
4 8064
4 99546
2 97876
2 62072
2 56544
2 31128
2 17490
4 85024
2 46464
2 22692
2 63154
4 85564
2 25578
2 16926
2 34438
4 68738
2 27646
4 95328
4 24884
4 21948
2 72102
2 15426
2 18114
4 61996
4 58562
4 30354
2 52008
4 48908
4 22878
4 7836
4 46272
4 31230
2 81086
2 3008
2 26026
2 23530
2 68370
2 30264
2 67566
4 28018
2 68280
2 94154
2 95468
4 69978
4 61876
2 90196
4 37404
4 33092
2 7698
2 71428
4 31368
4 24398
2 80568
4 8838
2 5656
2 97748
4 16352
2 38758
2 36618
4 38040
4 78210
4 55472
2 11564
2 14234
4 68654
4 81166
2 63160
4 47424
4 5986
4 54942
4 37970
2 16538
4 23000
4 73348
2 58584
4 32108
2 76920
2 78416
2 18470
2 76468
2 41358
2 17360
4 53360
2 53662
4 44832
4 24332
4 32552
4 20350
4 6218
4 82892
2 16402
4 87078
4 12658
4 56608
4 98042
4 13000
4 41906
2 72440
4 96192
2 83882
4 14458
2 20362
2 8330
2 54644
4 31122
2 57154
4 30282
4 33094
2 81564
2 17282
2 23232
4 66130
4 58164
2 61220
4 21366
4 71760
2 12150
2 17822
2 4552
2 99906
4 57686
4 42734
2 3110
4 39904
2 5084
2 38136
2 36016
2 32546
4 40312
2 31640
4 87862
4 17650
2 52524
2 8162
4 35882
2 42414
2 39478
4 260
4 82264
4 78142
4 26200
2 39826
4 3816
4 42792
4 49190
4 49076
4 53870
2 12938
2 94238
2 92590
4 26848
4 41660
2 32856
4 26230
2 13686
4 29976
2 61594
2 20488
2 65368
4 65422
2 39392
2 69236
4 45024
2 77696
4 80348
4 97472
4 75900
4 38278
2 76574
4 92200
2 15954
4 59870
2 79188
4 22832
2 36282
2 40046
2 40246
4 10936
4 97228
2 67706
4 91272
2 55794
4 41226
2 42738
4 8408
4 2954
4 34580
2 80236
2 63014
2 17368
4 39532
2 6360
4 99288
4 89922
2 66468
2 42336
4 1910
2 48830
2 10212
4 15898
4 3758
2 26786
4 32622
2 24952
4 27678
2 53168
4 27322
2 80424
2 69726
4 41898
4 57282
2 29894
2 14354
4 61826
2 61018
2 39006
4 7942
2 79482
2 10786
2 20390
2 55646
4 62198
2 37036
2 97616
4 7358
4 97044
4 60074
2 35722
2 12644
4 48088
4 4752
2 7552
4 35046
2 7530
4 88522
2 61308
4 74482
4 53914
2 15314
2 96808
4 99444
4 88134
2 18532
4 90782
4 9332
2 40944
4 57444
2 38008
4 63818
2 91076
2 66690
2 75474
2 88388
2 83330
2 15682
4 56598
4 88022
2 14808
4 39750
4 76188
2 43566
2 41024
4 34386
4 66988
2 47218
4 62958
4 95866
4 6840
2 66944
2 80876
2 140
2 37890
4 63472
2 73852
2 53238
2 39928
4 87246
2 56636
4 97596
4 68350
4 71396
4 44706
2 92306
2 81844
4 94784
4 59182
2 44956
2 66736
4 71270
2 23774
4 85514
2 35682
4 1966
2 67564
2 37480
4 68310
2 29276
2 93472
2 49798
4 80990
2 33382
4 46402
2 94220
4 47738
2 48006
2 44650
2 25022
4 47914
2 91494
4 43516
4 61294
2 54558
4 41566
2 31514
2 45388
4 69582
2 6382
2 69658
2 16414
2 45434
2 88940
4 26446
2 72126
2 80026
4 50072
2 23848
2 59686
4 82318
2 85884
2 69750
4 36566
4 52792
2 67614
4 84322
2 90956
4 49048
4 53760
4 41938
4 17290
4 2662
4 25932
2 78984
4 65476
2 9442
2 67558
4 17744
2 79206
2 59152
4 40316
2 49834
2 11578
2 33868
4 34332
2 53954
4 74844
2 27092
2 89588
4 74722
4 31590
4 53230
4 79242
2 62890
4 35308
4 73288
4 81532
2 22366
2 90296
2 23350
4 68958
4 92786
2 99216
4 69908
4 87608
4 62332
4 17172
4 78858
4 99514
2 69100
4 89590
4 7774
4 81566
2 34790
2 73422
4 8098
2 8160
4 31634
2 72972
4 30162
2 7824
4 55106
4 29774
4 6872
2 4802
4 35804
4 85364
2 83474
2 6178
4 45248
2 83762
4 66198
2 86642
4 10326
4 86452
2 48820
2 45410
4 41812
4 12414
2 98050
2 7428
4 48252
4 6146
4 50066
4 16680
2 87278
4 18990
4 36468
4 49788
4 13048
2 89186
2 73926
2 8746
4 92040
4 69942
2 68902
4 67540
2 26362
2 99644
4 52244
4 17280
2 2792
4 6056
2 19878
2 51328
4 93774
4 88292
2 8002
4 10190
2 2402
4 58988
4 88428
2 16416
2 49074
2 74538
2 8668
4 88556
2 21034
4 27594
4 19554
2 40728
4 73290
2 7302
4 55582
2 76172
2 9462
2 30782
2 86602
4 12146
2 31248
4 75188
2 75104
2 5336
2 93108
4 54006
4 32604
2 36362
2 38120
2 76064
4 71956
2 23688
2 29580
2 70566
2 63002
4 43088
2 41964
2 49230
4 24130
2 42164
4 37974
2 17202
4 35670
4 30908
4 39778
2 38554
2 56848
2 62568
2 45296
2 87372
4 49964
4 60090
4 27496
4 62710
2 6250
2 44082
4 96514
4 69182
4 50908
4 30998
2 7460
4 14392
2 6296
4 38390
4 8546
4 80128
2 8942
2 16812
4 42802
4 62306
2 96192
4 36662
2 26536
4 11162
4 40340
2 51212
4 3490
2 34658
2 84560
2 57212
4 43512
4 9180
4 47448
2 9866
2 55654
2 40674
2 26330
4 83832
4 58852
4 67046
4 71750
2 75832
4 33016
2 46372
2 28840
2 94606
2 7220
4 6836
4 58660
4 87666
2 60224
2 41070
2 7594
4 42322
2 96300
2 26874
4 67286
4 49636
2 63022
4 18634
4 70676
4 16896
4 23508
2 25474
2 93060
2 2996
2 63712
4 21036
2 74058
2 17470
4 81406
4 17748
2 4530
4 43064
4 93932
4 48680
2 57188
2 32594
2 20144
4 69042
2 20770
2 1276
2 60422
2 92308
2 19274
2 92044
4 26156
2 29448
4 75176
2 29242
4 74558
4 52386
2 45064
2 9008
2 10956
2 95632
4 52872
2 39936
2 24444
4 58930
4 27238
4 46404
2 2992
2 26670
4 91056
2 83678
4 42262
4 78324
4 2854
4 97244
4 4640
2 67946
2 91168
2 24698
2 94308
4 72204
4 15736
2 46726
2 90370
2 90200
4 25622
2 80804
4 54778
2 60446
4 60714
2 26684
4 6788
2 67746
2 31534
2 196
4 76156
4 23048
2 27794
2 78514
2 48578
4 99182
2 50658
4 45494
4 3646
2 93686
2 2440
2 98520
2 9184
2 89924
4 42724
2 42392
4 74264
2 93234
2 64464
4 90834
2 70292
4 33514
4 32134
2 97894
4 74002
4 92428
4 18712
2 39512
4 52348
2 79110
4 92834
2 960
2 68488
4 30550
2 82666
2 69688
4 16350
4 10056
2 68324
4 84740
4 53590
2 33968
2 54734
4 24148
2 76542
2 35066
2 53560
2 40326
2 53758
2 12688
2 44662
4 7246
4 70350
2 3374
4 37098
4 65440
2 644
4 106
2 15044
4 98924
2 51562
4 19564
2 23588
2 38230
2 85826
2 47830
4 58272
2 5176
4 1364
4 14254
2 26390
4 78002
4 6432
4 50616
2 82744
4 98880
2 17510
2 20440
4 79012
2 21464
2 73380
2 75910
4 31534
2 75740
2 4
4 39856
2 33052
4 26996
2 22362
4 14908
4 78204
2 35294
4 44868
4 16618
4 51560
2 78264
4 20472
2 56918
2 5820
2 73756
2 41360
4 70002
2 74490
4 72546
2 37084
4 56852
2 31892
2 21684
2 65374
2 45374
2 48690
2 90110
2 99258
2 72992
2 69322
2 95762
2 15656
2 75786
4 2046
2 37330
4 9028
2 30272
4 45644
4 62114
2 18198
4 78298
2 32150
4 67888
4 18790
2 11480
4 7110
2 58802
4 83490
2 79586
2 49780
4 71372
2 40790
4 4388
2 69110
2 18244
2 71024
2 76410
4 20504
2 92670
2 26692
2 92648
2 50878
4 61692
4 60340
4 8318
4 63228
4 33458
2 74182
2 22216
4 37032
2 86104
2 27468
4 39498
2 23634
2 34558
4 99242
2 2098
4 4722
2 80414
2 19892
4 34134
2 10448
2 24816
2 28052
2 28202
4 23896
2 84296
2 70250
4 76898
2 12290
4 58462
4 58584
2 13218
2 88762
2 39230
4 41868
2 17982
4 46640
4 81920
4 88078
4 71600
4 56892
4 92832
2 5804
2 28910
2 67444
2 54290
4 15172
2 80612
2 64204
4 52656
2 72458
2 8370
2 72364
2 2712
2 75840
2 11586
4 87412
4 33880
2 98776
2 55358
2 82498
2 96798
2 95046
4 4008
4 34338
2 57500
4 22232
2 43938
2 95254
4 3734
4 64218
2 55762
2 74436
2 58040
2 36968
2 59350
4 6920
2 81878
2 26562
2 25544
4 80000
2 92240
2 19198
4 82648
4 83302
2 74720
4 67380
4 87358
2 4428
4 24200
2 46164
4 43916
4 34574
2 13190
4 93040
4 29284
4 60338
4 44266
4 88466
2 57314
4 63446
4 672
4 94584
4 58606
4 5180
4 94406
2 972
2 45330
4 53644
2 63884
4 15366
2 47970
2 55276
2 6810
2 2818
4 25044
2 71070
4 88212
2 9548
4 25782
2 53632
2 71872
4 89908
2 7174
4 7422
4 90526
4 23652
4 54708
4 70724
4 58256
4 94176
2 73674
2 33234
4 73074
2 25350
2 16448
4 32650
4 12516
2 5246
2 2982
2 70808
4 98016
2 39910
4 15576
2 95734
2 64448
4 73014
2 30962
4 4876
2 34492
2 31382
2 44540
4 10930
2 25050
4 91764
2 49220
4 45526
2 94964
2 89862
2 30330
2 59956
4 82304
4 23772
4 24652
2 63768
4 10508
2 13340
2 12194
4 2262
4 25244
4 45054
4 27746
2 6606
4 58958
2 49842
4 72534
2 1104
2 59972
2 43374
4 20330
4 58722
2 54964
2 30648
4 97034
2 94062
2 81330
2 89690
2 90326
2 20660
2 53540
4 27598
2 520
4 82328
4 25682
2 47810
4 77956
4 3488
2 14822
2 1804
4 95680
2 67334
4 17372
4 17070
2 84248
2 2282
4 63986
4 1890
4 7674
4 40294
4 41162
2 9988
4 884
2 39464
2 17012
4 80726
2 48142
4 27244
2 54840
2 28454
2 13058
4 95308
2 5838
4 37244
4 47760
2 29774
2 79896
4 57382
4 73122
4 47598
2 17162
2 84788
2 10840
4 38348
4 23442
2 50602
4 85620
2 14460
4 75896
4 87132
2 43320
2 38242
4 20052
4 62912
2 22276
2 63242
4 37166
2 2772
2 12234
4 85694
4 48064
2 73694
2 95576
2 60804
4 10208
2 22374
4 93574
4 47918
4 60008
4 196
4 70898
2 86458
2 3186
4 21482
4 94880
2 98954
4 95620
4 47504
4 69482
2 9486
4 83312
4 6502
2 42726
2 1864
4 4912
4 93440
4 74318
4 13150
4 60102
2 57996
2 24884
4 69084
4 38634
4 69926
4 35578
2 57106
2 84006
4 33710
2 6996
2 86576
2 77018
2 36864
4 86614
2 96914
4 13950
2 74530
2 94138
2 96932
2 24914
2 69348
4 5672
2 19670
4 37712
4 3904
2 80050
4 55080
2 68972
4 77284
4 55982
4 71798
2 31272
4 30842
2 75042
2 4466
2 40678
4 25976
2 31422
4 69044
4 9950
4 58074
2 76154
2 97910
2 95908
2 19270
2 53838
2 10332
2 26686
4 89788
4 95014
2 64358
4 77688
4 54010
2 10636
4 43024
2 1162
4 83234
4 21382
2 50264
4 92654
2 73556
4 45520
4 55432
4 75326
2 47478
4 14070
4 57178
2 90894
2 94646
4 30622
4 75716
4 86430
2 73736
4 70660
2 55922
4 24032
4 81644
4 22326
4 45470
2 2430
4 41402
4 68574
2 59648
4 62546
4 52634
4 13662
2 6246
4 69030
2 51778
4 63812
2 65908
4 40988
4 49124
2 61612
4 8036
4 39704
4 83118
4 24330
4 20830
4 42966
4 61778
2 94050
4 59090
4 43258
2 59400
4 42162
4 77876
2 73534
4 93946
2 90812
4 4628
2 23326
4 68246
4 76824
4 62124
2 84512
4 50912
4 20536
2 7076
4 78492
2 31396
2 14314
2 82908
4 18190
4 44048
2 68518
4 4592
2 42214
2 20508
2 82190
2 91872
4 10142
2 77022
4 82620
4 32238
4 18574
4 25690
4 59302
4 8982
2 51704
2 66524
2 23844
2 65068
4 82238
4 98802
2 20532
2 69394
2 29172
2 73678
4 52596
2 73084
2 23406
4 97668
4 15962
4 61720
4 74636
4 38480
4 47120
2 7116
4 31084
2 70564
4 26486
2 85714
2 64500
4 60376
2 6268
4 98642
2 11378
2 51642
2 37782
2 57646
2 68204
4 24670
2 7494
2 72412
2 5608
4 21554
4 58686
2 92952
4 59814
4 98810
2 56872
2 89346
4 49794
4 86556
4 660
4 85678
4 19296
4 91208
4 30252
4 71370
4 92046
4 72900
2 61510
2 51194
4 75374
2 33202
4 89854
2 93952
2 17218
2 2448
4 59836
4 58302
2 32338
2 88476
4 1550
2 57914
2 70970
2 30180
2 84352
2 83836
4 51826
4 18994
4 32014
2 86940
2 70942
2 67770
2 12304
2 47106
4 9660
2 36164
4 73428
2 57066
2 57370
4 99404
4 54250
4 47408
2 44598
4 31774
4 2324
4 86180
2 85226
4 16144
4 23120
2 32006
2 50462
4 71830
4 93230
2 25840
4 73048
2 76716
4 3470
4 52682
4 4918
2 36716
4 24630
2 86122
2 63304
2 14570
4 50042
4 12468
4 57502
2 78150
2 28684
4 86576
4 66082
2 86364
2 96730
2 99612
4 38602
2 19972
2 13454
4 93292
2 73830
4 97990
2 16712
2 51670
4 91592
2 35616
2 93934
4 26834
4 18068
4 4578
4 16788
4 76274
4 40010
4 12518
4 8204
4 18964
4 26508
2 62314
2 34390
2 26232
4 63866
4 76990
4 93718
4 50800
4 49396
4 59950
4 31026
2 85654
2 32346
2 56222
2 72844
4 15782
4 68278
4 86286
4 69892
2 43172
2 39696
4 22300
2 77542
4 26428
4 11598
2 49366
2 93722
2 85200
4 32554
2 48318
2 75126
2 16272
4 97038
4 1150
2 68576
2 31868
4 48208
2 54602
2 68448
2 24190
4 20796
4 21364
2 39874
2 92072
2 36598
2 87796
2 21960
2 62214
4 49492
4 56026
2 44250
4 1614
4 22764
2 73122
4 39618
4 44636
4 62890
4 18486
2 79020
2 93242
2 47528
2 98802
4 95838
4 70264
2 24592
2 58146
4 87948
4 82088
4 86616
2 18646
2 89778
2 94676
2 77044
2 97338
4 77860
2 73426
4 91140
2 64646
2 38068
4 87414
4 47874
2 5348
4 81772
4 33858
4 33344
4 84386
4 47608
2 53720
2 89998
2 15368
4 87248
4 21648
2 78006
4 97664
4 36898
2 18388
4 61058
2 23806
4 88816
2 75598
2 44766
2 90174
4 14040
4 53558
4 42806
2 64936
4 11256
4 44562
4 40906
4 51126
4 96100
4 63562
2 91154
2 87810
2 1354
2 51732
4 89192
4 43378
2 31918
4 37486
2 73350
4 57438
4 46740
2 31996
4 78118
2 63498
2 32298
2 65208
2 27296
4 38804
4 63344
2 50548
4 61458
2 66786
2 956
2 92816
4 25348
4 51442
4 94476
4 27790
4 40012
2 57696
2 87072
4 11124
4 2984
4 47856
4 58178
4 8616
2 52622
4 59312
2 97430
4 2448
2 63882
4 77046
2 90390
2 50348
4 25684
2 95232
4 68868
4 69016
2 51978
4 53106
2 25090
2 63622
4 77528
4 82376
4 31440
4 84818
4 82904
4 25672
2 91752
4 61816
2 92912
2 9204
4 25806
2 30266
2 77742
4 40998
2 76250
2 39616
2 54802
4 56578
4 93970
2 74224
4 34602
2 51604
2 23706
4 91050
4 52568
2 73266
2 47636
4 43560
4 55298
4 27770
4 26022
4 97326
4 37920
2 11906
4 71976
2 98172
2 27152
2 40768
2 63592
2 72256
4 96576
2 4492
4 52770
4 11628
2 80634
4 26770
2 52358
2 56174
4 94630
2 7668
4 56626
2 9174
4 74404
2 67702
2 4588
4 62978
2 48430
2 52020
2 71678
2 22180
4 38534
2 5306
4 24362
4 38014
4 89266
2 98230
4 42124
2 1576
4 89674
4 75946
4 71658
4 99712
4 53134
4 50788
4 35884
4 56242
4 76604
2 48858
2 29762
2 98972
4 36946
4 83948
4 25966
4 75680
4 64004
2 36588
4 72762
2 36552
4 29068
4 53998
2 52090
4 48746
4 66754
4 9262
4 20712
2 60148
2 50740
4 12280
4 87120
2 36118
2 78614
4 66804
4 48814
2 99722
4 10178
2 23884
2 68970
4 34384
4 97688
2 58992
4 45502
2 22350
4 81368
4 62192
4 46072
2 69476
4 39716
2 4176
4 37800
2 40356
2 14202
4 79812
4 90372
2 51170
4 52264
4 94646
2 48148
2 35860
2 33020
4 85320
4 87836
4 57644
2 344
2 56100
4 53088
4 19686
2 8582
2 73640
4 58400
2 80
2 39634
2 58018
2 31766
4 98072
4 42058
4 46254
4 91700
4 42876
4 90016
2 99404
2 81274
4 75470
4 34190
4 27136
4 28810
2 96342
2 79324
2 57608
2 43958
4 82316
2 86738
2 68750
4 41752
4 82736
2 63998
2 72870
2 70678
4 60342
4 76590
2 678
2 37224
2 99348
2 4046
4 73432
4 57696
2 69270
4 55850
4 67506
4 30990
4 76462
2 90192
2 10346
4 79172
2 38018
2 34294
4 23708
4 16258
2 76350
2 70228
2 90832
2 38464
2 74398
4 51636
2 2954
2 79148
2 92188
2 21438
2 3320
4 7574
2 24522
2 16770
2 5240
4 45554
4 80622
4 26166
2 66188
4 22710
4 58670
4 29754
2 35084
2 70248
4 45064
2 39620
4 68754
4 41548
2 72084
2 40660
4 79582
2 14226
2 6806
2 33884
2 95024
4 19492
2 55644
4 95872
4 83728
4 18648
2 52288
4 54606
4 52398
4 18288
4 61586
2 82372
2 41974
4 53026
4 74182
2 3246
4 11086
2 56584
2 13324
2 98654
4 48992
2 16888
2 11982
2 6370
2 94460
4 29456
2 58238
2 94696
2 89930
2 43778
2 43198
4 33072
2 24642
2 88330
4 71908
2 67192
2 60468
4 68248
2 27442
4 14484
2 89864
4 6708
4 22050
2 45580
2 86212
2 4760
2 6492
2 86572
4 86110
4 19212
4 87952
4 992
4 58394
4 29762
2 10048
2 72022
2 12152
4 94616
4 69288
2 7328
2 46468
4 55606
2 4886
2 62658
2 7642
2 13752
4 29354
4 50874
2 28394
2 28518
4 31820
2 39114
4 68882
2 77486
2 55572
2 17868
2 17738
2 5122
4 4258
2 17026
4 2144
4 95130
2 95584
4 86748
4 31088
2 79596
2 37098
2 74096
4 39838
2 76892
4 24576
4 38628
4 98912
2 58994
4 83946
2 37174
2 40012
2 67950
4 12546
2 11030
2 68946
4 91250
4 15226
4 2622
4 28208
4 90858
4 90798
4 43966
4 34226
4 23740
4 45694
2 27010
4 34538
2 98600
4 17370
2 58648
4 49226
2 12702
2 43360
4 92212
4 31874
4 54112
4 85642
2 58742
2 99746
2 27600
2 44806
2 64346
2 34796
2 9088
4 34890
4 39094
4 67012
4 88904
4 57886
2 94728
4 58204
2 98796
4 19310
4 81256
4 25176
2 95484
4 63068
2 72792
4 51888
4 52294
2 26908
2 43694
2 49708
4 44894
4 36060
2 97970
2 95026
4 35570
4 59540
2 40622
4 89816
4 20090
4 97354
4 99016
2 86774
2 23152
4 74724
4 37636
2 73734
2 80802
4 2610
2 3332
2 66200
4 28586
4 60238
4 46488
4 21658
2 54672
4 11214
4 71132
2 81350
2 52884
4 64912
2 88468
4 60384
4 19432
2 97472
2 30074
2 52676
2 82388
2 76390
4 24588
4 44910
2 86028
2 93176
2 54556
2 28320
4 27696
4 8782
2 86172
2 95742
4 33740
2 47064
2 94850
4 46988
2 84122
4 75918
4 19330
4 77066
2 62192
2 69974
2 58616
2 83078
2 11174
2 29862
4 12124
4 16014
2 84550
4 20068
2 96166
4 28020
2 21328
4 14714
2 84158
4 34698
2 31312
4 7334
4 90000
2 15792
2 54582
2 7432
4 62954
4 71578
4 45564
2 2534
4 50132
2 45210
4 95270
2 29198
4 21720
2 97426
4 1386
4 95390
4 98488
4 25250
2 19272
2 49526
2 64474
4 97506
4 97736
2 29562
4 13102
4 42198
2 8718
4 87614
4 35272
2 22900
2 49102
2 9314
4 29922
2 73400
2 58264
4 75830
2 70550
4 12562
2 4174
4 73068
4 19264
2 39192
2 88410
4 73538
4 63108
2 8696
2 70620
2 64534
4 34056
4 22502
2 4786
2 98380
4 13568
4 41578
2 29076
4 48014
4 87036
4 76896
2 69182
2 85254
2 13596
2 56708
2 23760
2 96390
4 81720
4 33256
2 48298
4 42928
2 31962
2 96456
4 52344
4 58436
2 79758
2 91094
2 36792
2 29844
2 91676
2 9422
4 46908
2 30480
4 68676
4 57916
2 2174
2 18088
4 93460
4 57018
4 33332
4 79318
2 36296
2 12274
2 97744
4 65766
4 38820
4 3770
4 91614
2 4422
2 56898
4 85396
2 16650
2 558
2 94742
4 13678
4 10482
4 23096
2 11128
2 65216
2 30206
4 65444
4 48710
2 87450
4 6780
4 5988
2 78212
2 25326
2 51542
4 15742
4 3018
4 40656
4 47242
2 14966
4 31400
4 60614
4 86316
2 43888
2 98222
2 61622
2 17880
4 37584
4 55230
4 94636
2 66028
2 90494
4 14434
4 69598
2 71746
4 16218
4 83610
4 35544
4 34344
2 95356
2 53714
4 35824
2 60312
4 84912
2 21320
4 65240
4 86530
2 48626
2 55388
4 87474
2 45090
2 28008
4 81038
2 91436
4 39634
2 14104
2 29272
2 75354
2 34818
4 46788
2 74390
4 82556
2 61676
2 82522
4 82854
4 38878
2 3660
2 72490
4 60000
2 40226
2 62270
4 76622
2 63770
2 75970
2 67402
4 98692
4 41904
2 84038
4 41504
2 1626
2 72040
2 4064
2 97136
4 88450
2 29690
4 99668
4 87618
2 19874
4 92590
2 6170
4 88714
2 89636
4 61654
4 5490
2 36172
4 67688
4 63470
4 62414
4 80720
4 27566
2 63340
4 32066
4 74032
2 14702
2 39504
2 59582
4 79760
2 75756
4 38310
4 60146
4 10168
2 23558
2 44386
2 83274
2 32242
4 17832
2 43200
4 22274
4 66252
4 28060
4 77608
4 91034
2 75974
4 28050
2 55784
4 24170
4 66316
2 67358
4 61942
2 44070
4 11924
2 362
2 63252
2 88228
4 53796
4 64130
2 37222
4 72226
4 89878
4 5588
2 68230
2 62402
2 51310
2 90566
2 22818
2 76748
4 49074
4 71356
2 18566
4 46270
2 57968
4 8952
4 7834
4 13244
4 69748
2 10968
4 54684
4 31994
2 3598
4 8210
4 54654
4 81018
2 73034
4 8560
4 1664
2 83424
4 30166
2 1540
2 67032
4 93982
4 30470
4 99342
4 70392
2 51032
4 72932
2 25856
4 83666
2 78102
4 18262
2 38984
4 47754
2 87544
4 98516
4 22242
2 63096
4 30260
2 80518
4 68444
4 56110
2 38420
2 80960
2 96990
4 53520
4 44888
4 43340
4 47178
4 19906
2 19786
2 98348
2 66014
4 10950
2 87130
4 66408
2 5712
2 16214
4 84320
2 1140
4 93386
4 85340
4 21512
2 46404
4 49232
4 24274
4 18872
4 59446
4 90724
2 52780
2 78406
2 25448
2 8878
4 64038
4 66462
2 45442
4 70102
2 7104
4 42452
4 78588
2 58640
4 72544
2 11700
4 45896
4 41316
4 40568
2 70180
4 16554
2 15846
4 19374
2 42564
2 11518
2 25728
2 79348
4 81440
2 11676
4 46836
4 45476
4 75920
2 26570
4 32922
4 30350
2 54546
2 42898
4 29844
2 52970
4 46748
4 38782
2 14024
4 84032
4 31658
2 96362
4 97166
4 59972
2 38980
2 37054
4 43466
4 166
2 95056
4 37730
4 94082
4 79466
2 62794
4 19640
4 83468
2 61822
2 44248
2 41542
4 16720
4 73138
2 33978
4 89336
4 9104
2 86782
2 98468
4 66706
4 70402
4 96530
2 99194
2 75558
4 34572
2 3668
2 69884
2 61360
4 93638
4 16424
2 20636
2 71572
2 94946
4 30170
4 31388
2 26748
4 54464
2 60362
4 34028
2 26384
2 79702
4 53444
4 86738
4 25548
4 14220
4 45492
2 94660
2 74200
4 31710
4 40862
4 7448
4 99736
2 44672
2 99310
2 25794
4 80918
4 67516
2 76884
2 8828
4 4376
4 60686
2 23366
4 3134
2 64094
2 11388
2 20454
2 45838
4 60526
2 51872
4 18688
2 67050
2 94214
2 4732
4 30992
2 53988
2 77950
2 52540
2 76510
2 64462
4 5094
2 39530
4 44106
4 64302
2 22354
4 64174
2 90884
4 32096
4 90870
2 84884
2 19250
2 48230
2 38344
4 25226
2 74876
4 78570
2 66314
4 97480
4 22252
4 3628
4 90072
2 34354
4 81218
4 16862
2 25120
4 23758
2 82560
2 11916
4 16954
4 93524
4 58740
4 87212
2 2366
4 50702
4 18372
4 18496
4 26364
2 53222
2 32028
2 94474
2 50346
2 18248
2 25518
2 87684
2 94072
2 98476
4 96166
2 65370
2 77168
4 94030
4 71608
2 29132
2 38622
2 16626
2 35502
2 53672
2 20784
4 77914
4 96956
4 57862
4 23452
4 54272
4 60554
4 18010
2 27094
2 53814
4 10216
4 37734
4 69984
4 41732
2 39326
4 40668
2 81070
4 10016
2 1572
2 10374
2 14536
4 11134
4 70114
4 20892
4 45868
2 37544
2 34222
4 2200
4 99490
2 49574
4 37340
2 62022
2 63108
2 82196
4 57994
2 70164
4 31616
2 42768
4 4110
2 52840
2 46860
4 32114
2 46030
4 38446
4 69118
4 98092
4 39674
4 88148
4 66736
4 46688
4 36700
4 90624
2 35770
2 80702
2 32958
4 49128
2 78814
4 77724
2 50912
4 8920
4 72276
4 49412
2 71822
4 48716
4 5292
4 61830
4 39038
2 50712
2 30862
2 76354
4 12810
2 73662
2 93610
4 58924
4 91012
4 73604
2 4666
2 45786
4 57274
4 59764
2 94416
2 30934
4 44730
4 1052
4 20942
4 98252
2 61440
2 58294
2 26038
2 89950
2 77582
2 43960
4 54410
2 41278
2 70236
2 47904
2 76992
4 57710
4 822
4 920
4 85528
2 63584
2 65952
2 78110
2 40852
2 25002
2 31532
2 60688
4 88758
4 37782
4 284
4 14872
4 65808
4 23728
2 804
2 24518
4 63122
2 26188
2 17792
2 72352
4 24440
2 52490
4 55764
4 7602
4 60530
2 97124
2 58674
4 51360
4 81596
4 69786
4 23248
4 37610
2 83388
4 11348
2 39884
4 36502
4 54520
2 52214
4 19048
4 64006
2 51686
2 69888
4 16296
2 92882
4 96344
4 94350
4 70190
4 25352
4 74126
2 36024
4 96964
2 83722
2 30766
4 62614
2 8990
4 8948
4 64904
4 90028
2 83834
2 57598
4 35722
2 11302
2 2138
4 18254
4 66076
2 9342
4 36800
4 37628
4 92836
4 55864
2 69682
4 85262
2 96792
2 68524
2 27480
2 99772
2 36482
2 42706
2 4106
4 5056
4 63224
4 66170
2 56546
2 62362
2 11126
4 48570
2 15970
2 8374
4 89418
2 2706
4 57652
4 39218
4 18746
4 96856
2 50370
4 2668
2 46406
4 67848
2 64942
4 13854
2 78354
4 93526
4 7702
4 29056
2 44758
2 14972
2 65598
2 50368
4 92130
2 2914
2 84412
2 74258
4 43772
4 69036
4 61436
2 59496
2 256
2 48646
2 68674
2 9090
4 87818
4 49774
2 8698
4 70004
2 55508
2 26600
4 31322
2 57344
2 4940
4 22080
2 68594
4 86022
4 86366
4 41976
2 30306
2 72172
2 12796
4 20054
4 98174
4 452
4 62578
2 43394
4 99930
2 86794
2 53172
4 7794
2 59564
4 81642
4 49392
2 95886
2 84556
2 64442
2 73686
2 13750
4 344
2 40814
2 30384
2 90234
4 23970
2 96788
4 94770
4 36404
2 38092
2 84780
2 6932
4 45872
4 43744
4 53628
4 7006
2 12842
4 51368
2 24536
4 22942
2 37766
4 68014
2 58552
4 50954
2 90842
4 50870
4 93996
4 69590
2 44130
4 33620
4 79508
4 6772
2 54386
4 1308
2 6786
4 7316
2 73382
4 52778
4 5820
4 88510
4 92962
2 79404
2 41718
2 97932
2 47334
4 32768
4 2384
4 20270
4 61922
2 28426
4 88202
2 18558
2 62728
2 8060
2 97672
4 64896
4 74690
4 31016
2 74774
4 63152
4 46388
4 81552
2 86802
2 78244
4 44860
4 67054
2 7414
4 97130
4 29194
4 76602
4 29100
2 4086
2 14444
4 86410
2 96976
2 54714
4 33734
4 92006
2 23644
4 55752
2 29484
2 12530
2 47820
4 32240
4 68226
4 11662
4 37126
4 39252
2 93146
2 24348
4 60756
2 35022
2 61812
2 35840
4 21048
2 59192
2 39468
2 60162
4 3486
2 70858
4 83240
2 90096
4 79100
4 14610
2 63238
2 96492
2 31780
2 6162
2 1412
4 3124
2 48518
2 28384
4 74128
2 15606
2 23172
4 17184
2 58002
4 51096
2 7620
2 33214
4 22256
2 26112
4 49992
4 37094
4 30782
4 59016
2 41560
4 33172
2 24604
2 83838
4 81252
4 14272
2 27404
4 25728
2 73632
2 53996
4 22800
2 94100
2 48126
2 276
4 29370
2 90076
2 71490
4 68260
2 97548
2 46632
4 39584
4 28322
4 32334
2 31130
4 82496
4 84676
4 46518
4 42510
4 28504
4 89252
2 7478
2 68048
4 76328
4 18858
2 15466
4 99344
4 55406
2 80912
4 27728
2 52974
4 36168
2 96316
4 11700
4 1588
4 2450
2 47322
4 38596
2 43266
4 81976
2 40086
4 68332
4 59174
2 27722
2 61238
2 94594
2 95892
2 84484
4 66932
4 31272
4 19764
2 37444
4 56268
4 53990
2 65166
2 70926
2 81940
2 16260
2 71960
2 82556
2 27874
2 43974
4 40274
2 79532
4 33486
4 87664
4 88104
2 59982
4 70774
4 30982
4 81096
4 15468
2 84724
4 21302
4 58716
2 21890
4 88612
2 57096
4 92716
4 93486
2 91932
4 53308
4 5640
2 20222
4 47216
4 43006
2 91392
4 51724
4 88686
4 9428
4 48824
2 27248
2 77694
4 97110
2 29032
4 94488
4 65120
4 16504
2 88728
2 91730
4 21106
4 78578
2 7950
4 72748
2 54600
2 86618
4 56260
2 45212
2 62752
2 90466
4 18894
2 30420
4 41656
2 8478
2 26218
2 65308
2 78256
4 14820
4 18612
2 91004
2 37306
2 45252
2 40202
2 43338
4 33148
4 69230
2 5322
2 16246
2 40278
2 45696
2 91040
4 60040
4 13208
2 9378
4 27824
2 47534
2 17252
4 68546
2 78504
2 59870
2 53246
4 47876
2 73928
2 47672
2 13886
4 10262
2 92042
2 67198
4 84266
2 48892
4 41060
2 85478
4 91192
2 57426
2 12794
4 96436
4 7278
2 10362
4 93736
4 30966
2 64694
2 11080
2 60104
4 20812
4 27544
2 43578
4 65518
4 76408
2 54524
2 64456
4 27340
2 45384
4 63234
2 28674
4 78544
2 89442
2 43484
4 80264
2 1188
4 56928
4 99980
4 26868
4 50868
2 22248
2 61710
4 37502
4 92572
2 37828
2 67140
2 8676
4 76202
4 88628
2 6184
4 250
4 89512
2 87132
2 8976
4 17780
2 60210
2 26176
4 15108
4 97618
2 36696
2 75390
2 9690
4 96104
2 7222
4 8642
2 57864
2 2080
2 96814
2 66514
2 45644
4 60930
2 16400
4 28024
4 33754
2 38234
2 27068
4 79532
4 32038
2 66052
2 48272
4 55072
4 82016
2 89144
2 31254
2 88162
2 87800
4 85060
4 20326
2 11084
4 39142
4 4408
2 66902
4 21116
4 77342
2 91220
2 94520
4 184
2 13624
2 89002
2 2856
4 47456
4 67244
4 44912
4 88762
4 94076
4 7992
2 10820
2 94550
2 91684
2 74240
4 89090
2 13794
2 79192
2 13748
2 28606
4 6388
2 97974
4 56450
2 73196
2 8444
2 21068
2 83112
2 82982
4 22956
2 98542
2 6804
2 41832
4 88176
4 3316
2 17478
4 56510
2 64282
4 67068
4 60522
2 58550
2 73114
2 33188
4 23898
2 93700
2 90028
2 58862
2 63356
2 75838
4 61644
2 25376
2 54086
2 91212
4 13472
4 33356
2 21166
2 46712
4 8854
4 48066
2 79600
2 31432
4 99766
4 1502
2 10244
4 39876
2 44924
4 55830
2 36428
4 44174
2 17876
4 30502
2 13506
4 27540
4 48440
4 50112
2 22604
2 38328
2 55298
2 33096
2 74692
4 91846
2 20562
4 55246
2 34552
4 35436
2 65248
2 45926
4 67766
4 47896
4 38102
2 4252
2 24006
2 65376
4 27480
4 9704
2 18276
4 80966
4 11606
4 1852
2 18988
2 95830
4 38036
4 13408
4 35244
4 28170
4 70922
4 24880
2 44282
4 10404
4 45186
2 25328
2 79520
4 81244
4 80368
4 11362
2 13610
4 2772
2 26150
2 80062
2 11962
4 65730
4 71770
2 75564
4 40288
4 14170
2 28324
4 33104
4 1656
4 33248
2 7754
2 23006
2 174
2 48336
4 73192
4 17480
4 75630
4 61198
4 31496
4 31292
4 29518
2 41712
4 7730
2 82380
2 80750
4 64494
2 43100
4 44574
4 83382
2 54804
2 1226
2 23420
4 49856
2 36304
4 4746
4 58440
2 33062
4 94540
2 63432
4 21068
4 53530
4 37190
4 9006
2 74502
2 80396
4 40146
2 88536
2 76518
4 49938
2 20520
4 47794
2 14010
4 27556
2 32758
4 76616
4 79844
4 16596
2 27360
4 53364
4 55968
4 53470
4 23412
4 23968
2 57910
4 44842
4 95896
2 21162
2 35904
2 1710
4 21898
4 88010
2 63608
4 21542
2 4128
4 66008
2 45144
4 43996
4 35954
2 6462
4 59572
2 55666
2 91072
2 2962
2 96628
4 65288
2 66564
2 3940
4 31592
4 72726
4 37776
2 40878
4 86794
4 98138
2 99302
2 66560
4 90946
4 30
4 8612
2 66740
4 59940
4 57682
2 88276
2 32330
4 62796
4 34990
2 52722
4 4386
2 76174
2 7160
4 39438
4 95208
2 546
4 88626
2 87498
4 17126
2 19058
2 84350
2 5396
4 48432
4 85636
4 35316
2 16204
4 58240
2 55500
2 87264
4 4432
4 23328
2 72944
4 68020
4 51644
2 1568
4 7174
4 65378
2 70516
4 68252
4 63782
4 42384
2 14732
2 25602
2 90900
2 57424
4 1648
4 49120
2 64954
4 5234
4 30484
4 95688
4 83960
4 35232
2 49814
2 24876
2 5472
2 37968
4 3112
2 65762
4 29462
4 7076
4 80292
4 29486
4 70154
2 41956
2 96144
2 56142
4 70318
4 83362
2 65224
4 21522
2 23302
4 3944
2 60222
2 33132
2 87224
2 10726
4 42506
4 76566
4 94178
4 82584
4 26100
2 45380
4 82662
2 21618
2 16874
4 26526
2 58556
4 87882
4 45988
2 27072
2 82598
2 3328
2 7260
4 86434
2 68206
2 99960
2 71462
2 67304
4 48448
4 81544
2 92640
4 64390
2 67688
4 57418
2 10272
2 51532
2 52468
2 66962
4 91752
4 85922
4 7196
4 13992
4 70030
2 81480
4 42258
2 53650
4 77680
4 76806
4 8056
4 41612
4 83066
2 64300
4 13520
4 31862
4 98970
2 26976
2 77144
2 47874
4 68012
4 87908
2 89452
2 49736
4 57938
2 76016
4 89666
2 11520
2 49670
4 81476
4 62734
4 84480
2 26258
2 93334
2 32734
4 42684
2 67756
4 42026
4 92122
2 30908
2 26614
4 15734
2 1614
4 61846
4 81940
4 23992
2 57788
2 87528
4 83022
4 50566
4 37100
4 45870
2 58534
4 70108
4 52072
4 65204
4 37518
2 96770
2 80068
2 70062
2 5876
4 20564
2 71802
2 64766
4 27398
2 60598
4 11104
4 33980
2 53868
2 53794
2 74742
2 91348
2 12818
2 98656
2 30422
4 46658
2 65682
2 36008
4 87276
4 89808
4 65534
4 8716
2 34774
4 46986
4 20142
4 75070
2 43212
4 60982
4 32634
2 29854
4 9562
4 56636
4 59860
4 84656
2 1056
4 71188
4 90046
2 75626
4 41058
2 89668
2 23944
2 51292
2 72790
2 44482
4 30276
2 76338
2 9644
4 12784
4 13834
4 36568
2 26404
2 62216
2 88872
2 63126
2 75880
4 54764
4 49582
4 58224
4 310
4 72590
4 36366
4 80974
2 88650
2 5060
4 1826
2 22418
4 254
4 11638
4 56378
4 42462
4 63720
4 47720
4 73698
4 88974
2 78988
2 91170
4 16498
2 58524
4 46422
2 49690
4 39448
4 70582
4 51678
4 89930
2 29446
4 6402
4 8714
2 55372
2 94438
4 69104
2 21938
2 34782
2 76072
2 10740
2 61188
2 8722
2 50002
4 46056
2 272
4 17870
2 77720
4 33560
2 18236
2 41822
4 35270
4 59576
4 53340
4 11964
2 57706
4 19532
4 67598
4 49516
2 28418
4 39322
4 44276
2 58756
2 59402
2 74540
4 92554
4 88550
4 74930
4 986
4 1000
4 12952
4 82544
4 71124
2 88764
4 96908
2 30840
2 45428
2 54924
2 66396
4 64766
2 58106
2 69760
4 4882
2 86384
4 72070
4 55776
2 93520
2 64598
4 40206
4 66866
2 47276
2 43786
4 65720
4 45860
2 10484
4 80454
2 20292
4 62538
4 70082
2 3730
4 53484
2 62768
4 90726
4 38588
4 94924
2 17866
2 9148
2 75204
4 81420
4 90434
4 32210
4 54760
4 88876
4 67470
4 27834
2 38206
4 47020
2 25416
2 89128
2 40924
2 28232
4 83278
4 4134
4 51504
2 24060
4 28226
4 15278
4 14096
4 36538
4 70998
2 81334
4 58274
4 8310
2 1180
4 73018
4 95344
4 94144
4 61032
2 37978
2 6046
4 84
4 53594
4 98130
2 81926
2 60286
4 16470
4 28380
4 60588
2 58578
4 55416
2 80480
4 67132
4 49148
2 73166
2 37158
2 22628
4 56714
2 94166
2 75890
4 85546
2 36492
2 25588
4 33608
4 19664
4 28140
2 2728
4 53354
2 9248
4 24168
4 95184
2 4318
4 76044
2 75260
2 48016
4 78658
4 23670
4 48370
4 68448
4 36918
4 6414
2 1526
2 85460
2 15502
2 41590
4 9230
2 55152
4 81776
2 20760
2 16910
2 92434
2 52830
4 41878
2 50688
4 22562
2 69656
4 86026
2 31242
4 84810
2 64764
2 17262
2 34032
2 192
4 78646
4 70672
2 39314
4 79080
2 65450
4 7804
4 50414
2 51580
4 43556
2 34184
2 97822
2 304
4 43112
2 22386
4 97102
2 73408
4 1430
2 40828
4 58342
4 70008
4 29558
2 70952
4 81202
4 22328
2 58168
2 28302
2 28100
2 60878
2 31430
2 75230
2 97688
4 45916
2 73902
4 7464
4 88138
2 96018
2 48408
4 14726
2 33880
2 42904
4 88082
4 48668
4 32738
4 87600
4 64716
4 25452
2 54266
4 57064
4 67142
2 79712
4 43356
4 8436
4 79200
4 82990
2 66780
4 35952
4 38192
4 44480
2 19584
4 97448
2 21098
4 18776
2 5316
4 90558
4 17382
4 11778
4 79804
4 11078
2 19852
2 15672
2 79556
2 52270
4 14562
4 19266
4 14252
4 93302
4 65392
4 70398
4 4470
4 7828
2 41602
4 67320
2 93210
2 22036
4 66172
2 49034
2 15504
2 73884
4 65220
4 78214
2 29274
4 10554
2 18056
4 50832
2 11362
4 65540
2 94510
2 624
2 64556
2 66792
2 3190
2 43468
2 55452
2 51322
4 38098
4 19274
2 88244
2 66848
4 31458
4 41382
2 25130
2 74298
2 96034
4 89840
2 92026
4 72370
4 48720
4 26280
2 84928
2 47326
2 54432
2 62016
4 77272
4 12034
4 95266
2 3966
4 94480
2 93724
4 14526
2 96824
4 49322
4 41438
2 49268
2 62374
2 86398
4 50672
4 83082
4 9650
4 51414
4 64924
2 23480
2 81396
2 26178
4 22654
2 75654
2 91788
4 30110
4 20512
2 85842
4 20174
4 83932
2 64660
4 72126
4 36526
2 60518
2 56168
2 690
2 76802
2 29478
2 90774
4 74272
2 62616
2 33250
4 82668
2 1968
4 13504
4 86642
4 49990
4 60378
4 88444
2 15680
2 8780
4 53432
2 840
4 19332
4 99028
4 29704
2 81490
2 15416
2 33190
2 32058
4 58260
2 35804
4 97500
4 55396
2 71298
4 38686
2 12326
4 56368
4 820
2 87982
2 37580
4 45084
4 24482
4 21082
2 36658
2 21086
4 95978
2 9478
4 25958
2 94010
4 4760
2 93490
2 77968
4 43310
4 38590
2 61934
4 96648
2 618
2 4474
4 21274
2 59164
4 23754
2 72542
4 92282
4 51270
4 85176
2 28208
2 97038
2 38662
4 82516
2 99170
4 44352
4 26108
2 76740
4 38244
2 65154
2 33944
4 15104
4 72636
2 32466
2 39290
2 67184
2 19346
2 68024
2 83590
2 67952
2 21148
4 89630
2 41582
2 9532
4 65800
2 53316
4 95940
2 53826
4 67742
2 70990
4 76900
2 72006
4 69518
4 77040
2 72590
4 818
4 70352
2 39556
2 18168
2 81004
4 43736
4 88416
2 84960
2 19860
2 6882
2 52184
2 64708
4 44056
4 46356
2 67680
4 7782
2 88494
2 65998
2 63016
4 71314
4 54248
4 30740
2 39942
2 1714
2 71284
2 43330
4 32508
4 24706
4 49008
2 20826
4 66366
4 50694
2 55398
2 18200
4 61528
2 34812
2 18876
2 12064
2 26784
4 78464
4 66310
4 27524
2 8314
2 13022
2 76290
2 27014
2 756
2 74204
4 97030
2 21232
4 27166
2 88766
4 16742
4 33562
4 5096
4 81064
2 26856
4 28468
4 80394
4 38952
2 12050
2 73346
4 82232
4 58402
2 65238
4 47866
2 51494
4 81198
4 53208
2 81174
4 71620
2 484
2 37674
4 40776
4 91714
4 17768
2 19500
2 40594
2 53514
4 19110
2 98724
4 62680
4 41236
2 44270
2 17858
2 2550
4 84020
2 49894
4 53456
4 26186
2 87670
2 44642
4 24500
2 91434
2 78908
2 33666
2 74220
4 71548
4 80952
4 36892
4 73592
4 93746
2 88898
4 11896
4 47988
2 77200
2 74586
4 55164
4 38070
2 27568
2 39582
4 97954
2 69088
2 94622
4 42850
2 9238
2 36054
2 95510
4 76338
4 11576
2 51226
4 78614
4 2540
4 20304
2 3172
4 85764
4 67070
2 16290
4 61010
2 2814
2 44288
2 57182
2 34236
2 5384
2 63438
4 87196
2 79416
4 62466
2 72552
2 50238
2 98434
4 54702
4 80166
2 42320
2 47382
4 13340
4 51334
4 59104
2 61122
4 85328
4 91890
4 82078
4 25856
2 90698
2 15664
4 72834
4 38200
2 64256
4 33680
4 2674
4 62574
4 85040
2 2264
4 33978
4 88760
2 42136
4 74854
2 46820
2 89240
4 49668
4 34672
4 76296
2 39608
2 89752
4 60366
2 94038
2 55102
2 35280
2 5000
2 47624
2 36714
2 97712
2 27758
4 7360
2 26864
4 20118
2 77166
4 6704
2 77248
2 64092
2 78086
2 76028
2 61832
2 76496
4 16778
2 55042
4 48364
2 50272
2 18462
2 49420
2 34766
4 52176
2 75560
4 74886
4 33700
2 35138
2 73242
2 64996
2 25172
2 55564
2 24796
4 71570
4 42578
2 12472
2 75502
2 97608
2 66292
2 28590
2 62186
2 10190
4 92784
4 13064
2 36720
2 29134
2 54690
2 39310
4 84636
2 76972
4 14310
4 35102
2 35364
4 64642
4 36280
2 96880
2 4264
4 2328
2 35314
2 20438
2 53382
4 39840
4 61452
2 22618
2 50560
2 65410
4 28990
2 63120
4 90022
2 5138
4 22042
2 96216
2 11508
4 70176
2 79298
2 61764
4 41576
2 24170
2 88818
2 94444
4 57538
4 37024
4 46616
4 28272
2 25434
2 3476
4 28662
4 14594
2 25606
4 86372
2 4486
2 94374
2 3916
4 78960
4 84108
2 86272
4 67900
4 64032
2 37338
4 72602
4 31406
4 64144
2 51902
2 71348
4 91896
4 46262
4 89548
4 46434
4 41680
4 31798
2 13588
4 29722
4 38004
4 24280
2 9554
2 89672
2 82050
4 51264
2 8544
2 57784
2 73654
2 21122
2 7520
2 1932
2 43940
4 70310
4 73886
4 30520
4 69012
2 36090
4 65958
2 52104
2 12420
4 92366
2 35568
2 20216
2 22222
4 54552
2 35680
4 52360
4 85130
2 68850
2 11744
4 32218
4 85710
2 90964
4 43658
2 98918
2 99780
4 35962
4 77942
4 82056
2 1656
4 52524
4 26820
4 52496
2 93640
2 44950
4 37652
2 26660
2 60280
2 67482
2 86258
2 31930
2 88890
2 47536
2 3060
2 37014
2 39022
2 86256
2 77688
2 16442
2 12040
2 23854
2 93458
2 24968
4 19258
2 71280
2 78676
4 44724
4 47100
2 27114
2 86378
4 42068
2 63132
2 21218
2 14252
4 42692
4 41970
2 64196
2 4930
4 46240
2 27546
2 59948
4 64718
2 81510
4 62872
4 87206
4 54428
4 61338
4 27330
2 28854
2 55882
2 97090
4 20442
4 26348
2 16894
4 96626
4 33610
4 37238
4 23270
4 83868
4 50004
4 22978
2 94356
4 51682
2 96856
2 25664
2 65576
4 39086
2 77164
2 95000
4 8440
2 89598
4 66676
4 41466
2 14552
2 17126
2 65526
4 98822
4 29482
4 83040
4 46592
4 12142
2 56664
4 7456
2 33456
2 96228
2 87778
2 18226
2 49452
4 76720
4 3026
2 40144
4 21020
2 83214
2 77086
2 18218
2 88198
2 88960
2 93488
4 86848
2 21818
2 37204
4 21538
4 51044
4 4812
2 13322
2 61110
4 97434
2 91550
2 52978
2 12718
4 548
4 21136
4 73362
2 31690
2 16542
4 62212
2 77140
2 8618
2 50816
4 82470
4 10954
2 10062
2 94530
4 58168
2 40562
2 7508
4 59364
4 6664
2 47762
2 13480
4 22702
4 97148
2 25776
2 33308
2 97878
4 96742
4 3228
4 31502
4 54314
4 24796
2 22578
4 99026
4 68010
2 87638
2 81218
2 12506
4 24250
4 50644
4 40368
2 39034
4 13058
4 20086
2 88156
2 32306
2 37008
2 9598
2 37992
4 94098
4 44152
4 30774
4 56576
4 54542
4 19772
2 17032
4 85748
4 17428
2 37658
4 1556
2 61298
4 34744
4 6700
2 63138
2 80694
4 29428
4 34924
4 42074
2 9210
4 21820
2 35218
2 46896
4 48646
2 23198
4 30442
2 2964
4 99734
4 63270
4 6508
4 75332
2 91238
2 81040
2 29770
4 5716
2 53116
2 32518
2 68248
4 9226
2 25230
4 35986
2 95210
4 41032
4 35214
2 42550
2 97542
2 56670
2 54224
4 33542
4 23794
4 75288
2 81778
4 99912
2 67332
4 61444
2 42840
4 55520
4 15200
2 61532
4 75562
4 54116
4 54480
4 28354
2 91320
2 86740
2 86166
2 19954
2 61040
2 37460
2 44430
2 18516
4 70498
4 1262
4 67460
2 29012
2 83334
4 24492
4 55422
2 63576
4 63982
4 54338
2 52204
4 51638
2 15304
4 55736
4 33032
4 4340
4 68720
4 31856
4 6622
2 37020
2 20228
2 75136
4 38110
4 55242
2 75138
2 60550
4 45742
2 74466
2 42636
4 86950
2 84554
4 22442
2 5736
2 77266
4 56832
4 99874
4 87668
4 3096
2 47166
2 42790
2 85582
4 29174
4 59728
4 84770
2 69834
4 56854
2 65474
2 79662
2 20640
4 8698
4 75068
2 44152
2 79890
2 39060
4 11806
4 13784
2 74796
4 13780
2 42212
4 8916
2 45182
4 87094
4 18984
4 3562
2 43240
2 18966
2 75604
2 29440
2 95756
4 9762
2 38812
4 48964
4 52138
4 12156
2 40252
4 93922
2 14012
4 50446
4 85212
2 46556
2 40092
4 69718
4 98878
4 15810
2 1474
2 57932
2 88558
4 13090
2 57380
4 79464
2 25510
4 51234
2 17736
4 66280
4 67456
4 84254
2 7918
2 2732
4 68456
4 20230
4 51546
4 93682
4 71280
2 99440
2 54662
2 23620
2 67562
4 66882
2 18460
2 81756
2 56572
2 30524
2 6986
4 3696
4 72352
2 40014
2 61252
4 92726
2 95754
2 66056
2 51142
4 43596
4 11194
2 81326
4 83520
4 64548
2 97304
2 22930
4 28300
2 63004
4 8102
4 61914
4 22912
2 22020
4 77332
4 50634
4 57022
2 61556
4 26130
2 72928
2 29232
2 6442
2 67668
4 76640
4 29732
2 28010
4 86004
2 47952
2 29238
2 30516
4 35288
2 77154
2 77476
4 16196
4 80912
4 87586
4 65984
4 85026
4 974
2 16114
2 73956
4 9594
2 40882
2 6470
4 27190
4 70816
2 34648
4 5694
4 36120
4 40422
4 19362
4 38744
4 56786
2 44584
4 3920
4 94274
2 23246
4 46776
4 80640
4 6818
4 9460
2 64120
2 7894
2 23998
4 86582
4 17452
2 65114
4 432
4 81468
2 21540
4 43472
4 70242
4 23112
4 69530
4 10066
4 63430
2 5906
4 448
2 54366
2 39750
2 98180
2 53504
4 16656
4 73930
4 60250
2 51274
2 94736
4 13484
4 15428
4 84468
4 64066
4 13610
2 2776
2 55722
4 72288
4 89450
4 49262
4 5804
4 34432
4 27140
2 74868
4 15350
2 61164
2 29576
2 42154
4 43536
2 9328
4 61016
4 64338
2 51510
2 11498
4 430
4 51488
2 49644
4 83576
4 46570
2 57638
4 74878
2 28578
2 85686
4 33612
4 50896
2 41878
2 6534
4 80698
4 46684
4 26630
4 37228
2 85808
2 13066
4 40600
4 87106
4 28292
2 97766
2 1166
2 94558
2 60876
4 8182
4 75290
2 90704
4 84522
2 98848
2 99620
2 73424
2 42144
4 58328
2 28640
4 84396
4 75022
4 85300
4 60356
2 19260
4 68182
4 15760
4 67520
4 80548
4 22454
2 26630
4 4926
2 61404
4 91004
4 42302
4 57084
2 49770
4 21120
4 25620
4 92024
4 5724
2 89438
4 74152
2 48640
4 4646
4 76140
4 59614
4 27246
2 23490
4 29790
4 46472
2 10768
2 52854
2 72382
4 46502
4 48718
2 85292
2 56894
2 8144
4 97900
2 2216
4 37578
4 92398
2 6432
2 81892
4 15490
4 44362
4 27636
4 96170
4 86928
4 46960
4 73860
4 89780
2 78274
4 43880
2 53698
2 97354
2 10036
4 65116
4 28680
2 49136
4 68390
2 63736
2 57770
2 12518
4 87434
4 53246
2 68266
4 11526
2 74498
2 24254
4 2440
4 46604
4 22120
2 93218
4 23524
4 4300
2 76000
4 12270
4 26864
4 5526
4 20030
2 84066
4 54604
4 22062
2 86348
4 42664
2 7812
4 46848
2 3842
2 80320
4 542
4 56760
4 11114
4 37524
4 77996
2 45598
2 94382
4 91834
2 71998
2 88318
4 8186
4 39310
4 81340
2 44312
4 17818
2 71892
4 71128
2 80000
2 9518
4 95040
4 91852
2 10668
2 24966
2 3712
4 62722
2 28458
4 21722
2 89074
2 65246
2 43650
2 29010
4 97788
4 25124
2 15134
4 43662
2 25626
4 67306
4 46620
2 87436
2 83726
2 89358
2 22382
2 6554
4 42874
4 16324
4 85774
4 84926
2 61196
4 21708
2 80674
2 77208
4 72410
4 98126
2 650
2 40360
2 36310
4 55556
2 88814
4 24862
4 36018
4 80708
2 74334
2 89840
4 66212
2 1698
4 72622
2 32646
2 48974
4 33524
2 61922
2 71306
2 64402
4 62996
2 8626
2 3600
2 50010
4 17248
2 8324
4 88602
4 97086
2 84830
2 89078
4 31078
2 47080
2 25530
4 4456
2 93250
4 20880
2 81758
2 99758
4 72862
2 52656
2 93276
2 3568
4 326
2 71574
4 42214
2 34966
2 42386
2 80918
2 31890
4 66140
4 60400
2 12414
4 11342
2 93684
4 50610
4 6118
4 71986
2 79940
4 53670
2 64412
2 81812
4 15772
4 61862
2 32870
2 10824
2 79938
4 41090
4 51530
2 1778
2 41892
4 9030
2 68226
2 3056
2 11370
2 2012
2 47560
2 95470
2 22002
4 49644
2 24460
2 6974
2 19468
4 19396
2 91186
4 13248
4 74874
2 53252
2 77452
4 25520
2 25616
2 73626
2 17670
2 38240
2 83672
2 35414
2 91408
4 11318
4 2104
4 68228
4 81342
4 71654
2 26418
4 93400
2 16084
2 24832
2 55716
2 76330
4 68174
4 20318
4 62944
4 82676
2 6762
4 79472
2 4330
4 8504
4 46468
2 19832
4 80482
2 96538
2 89686
4 78416
4 12832
4 35480
2 670
2 93300
4 69996
4 83330
2 44102
2 58272
2 31700
2 59242
4 59030
4 39128
2 66194
2 11446
2 89472
2 37826
2 99486
4 10448
2 4974
4 45884
4 14296
4 67782
2 48826
4 1914
2 79540
2 95192
2 55966
2 89906
2 51960
4 64590
2 6310
4 59726
2 12260
2 42110
4 70832
2 8520
4 83800
2 28530
2 94414
4 20528
4 77358
2 73384
4 1618
4 42082
2 38210
2 51318
4 2090
2 11324
4 43184
2 9000
4 70056
2 33268
2 5918
4 64422
4 88246
2 40412
2 48364
2 57600
4 32286
2 55686
4 73402
2 68620
2 65938
2 87924
4 47744
4 75668
4 76230
4 33478
4 2124
4 36072
2 16800
2 29986
2 12696
2 28104
4 9800
4 7514
4 73248
2 94432
4 48244
2 35462
2 53726
4 34610
2 99086
2 31568
2 47968
2 8908
4 64740
2 82378
2 64906
2 98282
4 54796
2 378
4 27080
4 128
2 40948
4 69240
4 61566
2 99148
4 69994
4 1726
2 77830
2 4898
2 61546
2 77578
4 79108
2 65312
4 30506
4 50606
4 79814
2 44756
4 96632
4 68634
4 81428
2 81796
4 90148
4 25546
2 96642
4 70110
2 68256
2 5148
2 716
2 61788
2 15252
2 58530
4 14958
2 42722
4 67438
4 3610
4 97444
2 36952
2 59224
4 77096
2 43268
2 79982
2 80472
2 81428
4 31180
4 74516
4 64996
4 80018
2 60418
2 5048
4 23062
2 3994
4 19126
4 71864
4 81338
4 60280
4 14682
2 38494
2 89936
4 16378
4 30360
2 91962
4 16032
4 29494
4 69480
2 59080
2 74612
4 39944
4 84176
4 15506
2 31952
2 14636
4 57396
4 95180
4 14280
2 70700
2 23466
4 69770
4 75484
2 69052
2 6620
4 34838
2 14184
4 10478
4 96686
2 9614
4 19862
2 9596
4 60086
2 99400
2 96106
2 39240
4 32982
2 59818
4 26934
2 50314
4 8236
4 99054
2 4716
4 75016
4 12240
2 9302
4 69888
4 23852
2 67364
2 25968
4 31768
2 31298
2 77444
4 32614
2 61012
4 70240
2 13184
2 11266
4 38286
4 77466
4 15106
2 47772
4 7290
2 63942
2 44538
2 15438
4 17592
4 76082
2 67156
2 15944
4 9282
2 27384
4 33814
2 88754
2 10436
2 43522
4 36534
4 2670
2 27530
2 51718
2 76478
2 9476
2 56010
4 33282
2 57840
4 14152
4 59756
2 43724
4 43192
2 81412
4 60236
4 69520
4 17698
4 31610
4 78260
4 75614
2 55550
2 67160
4 48566
4 48082
2 13802
2 46382
2 93136
4 26224
2 64818
4 90088
4 53118
4 31106
2 73354
4 37522
2 15362
4 5938
4 99836
2 94436
2 39194
2 68144
4 7610
4 61950
2 39950
4 24902
4 95498
2 38938
4 14834
4 20642
2 90678
2 80266
4 75880
2 19434
2 56458
2 9366
4 44784
4 30950
4 85858
2 74208
4 97554
4 50864
2 53604
4 74552
2 45648
2 93496
4 32474
4 85714
2 83036
2 24122
4 63974
4 12662
2 50464
4 27606
4 71932
2 89242
2 46526
4 19508
2 69612
4 64944
2 84892
2 95256
2 89894
4 57484
2 6630
2 38264
4 58648
4 51196
2 79454
4 81360
2 87578
2 40484
4 97042
4 62132
2 76760
2 50316
2 43840
2 12428
2 10960
4 5428
2 81688
4 97484
2 28482
4 99230
2 92854
2 95822
2 36234
4 99642
4 10172
2 98624
2 41074
4 47934
2 48730
2 30932
4 14026
2 18250
2 52762
4 19628
4 27426
4 75666
4 75612
4 78166
2 78962
2 63450
2 33044
4 83920
4 70694
2 32372
4 79644
4 31412
2 64972
2 94412
2 5302
2 21716
4 4802
2 69422
4 42012
4 20110
2 1586
4 3010
4 71086
4 13280
2 86326
2 42324
2 32320
4 56804
2 33540
2 580
2 91558
2 5300
4 33602
2 78764
4 22432
2 20288
2 49880
2 47598
2 78508
2 80484
4 52966
4 67288
2 36664
4 41820
2 16518
2 8456
4 65596
4 18492
2 39552
4 69420
4 62644
2 44060
4 84466
4 22298
2 21302
2 7618
4 70496
4 85978
4 49062
4 59924
4 60132
4 18032
2 31144
4 6052
2 98736
4 60248
4 92902
4 7872
4 42562
2 30460
4 98194
2 15758
4 86754
2 488
4 658
4 67550
4 26626
2 44796
4 12196
4 88488
4 86280
4 77290
4 35366
4 51610
2 77756
4 11212
2 33690
4 62934
2 94704
2 1940
4 49604
2 88822
2 66602
2 36248
4 39930
2 85942
2 86012
4 16260
2 11052
4 22582
2 48194
4 61194
2 61526
4 44404
2 90248
2 46598
2 39854
4 9202
2 24140
4 13960
4 87816
4 91480
2 55274
2 94146
4 45140
4 48200
2 43162
4 9630
4 64794
4 15260
4 51958
2 76280
2 39344
2 93200
4 36506
4 63088
4 35566
2 10488
4 80844
4 53476
2 70052
4 49880
4 99862
4 77420
4 60906
4 37118
4 15046
4 63590
4 97940
2 18626
4 2374
4 48614
4 58994
4 81228
2 63652
2 36158
4 38536
2 24016
2 19524
2 77006
4 64694
2 84732
2 65852
2 86906
2 19256
2 83226
4 59738
2 6112
4 88084
2 11770
4 96412
4 86374
2 71030
4 15922
2 80016
2 81716
2 43632
4 40902
4 75420
4 19288
2 25952
4 85418
4 77142
4 49288
4 68126
2 27462
2 2192
4 7734
4 82220
4 28492
4 27704
4 51706
2 9212
4 83970
2 70210
2 26490
4 12478
2 60168
4 80770
4 81270
4 70138
2 60506
2 34410
4 68400
2 26478
4 52172
2 93066
2 90042
4 42328
2 53694
4 46814
2 44838
4 17878
4 61022
2 29082
4 83304
4 25738
4 50412
2 23828
4 4908
4 44664
4 67886
4 45404
4 29172
2 26426
4 22926
2 74136
2 51352
4 28310
2 28288
4 6212
4 40518
4 19180
2 52976
4 13120
4 70650
2 93820
4 22440
2 54566
2 46384
2 59768
4 26618
2 36182
2 36788
2 3042
4 40550
2 99322
2 21032
2 13082
2 44896
2 72582
2 98212
4 49344
4 30648
4 63386
4 88366
4 12688
2 31614
2 96072
4 23964
2 31338
2 104
4 37792
2 50324
4 78920
2 53358
4 43100
2 91906
4 95876
4 46934
4 77484
4 58570
2 7334
2 94938
4 62170
2 34640
4 6984
4 76124
4 11802
4 7990
2 77458
2 38468
4 53236
4 75486
4 48206
4 27292
2 61976
4 47786
4 10156
4 74470
4 52684
2 51302
4 69874
4 5438
2 72374
4 98162
4 37498
4 99408
4 23150
4 48090
2 62242
4 75144
4 86044
4 71310
4 94304
4 83064
4 90714
4 81366
4 61548
2 13966
2 10958
4 61358
4 68358
4 76972
2 14466
4 2538
2 65944
4 78006
2 57680
2 47496
4 84774
4 4316
2 68058
4 19298
4 41796
4 82554
2 6948
2 13986
2 69662
4 45178
2 70852
4 66826
4 82382
4 79322
4 13378
2 16070
4 14088
4 60984
2 93818
2 76656
4 26966
2 39510
4 67464
4 48796
4 33552
2 780
2 68262
4 69954
4 26580
2 94620
4 67962
4 99742
2 356
2 84848
2 5292
2 73142
4 58976
2 16230
2 60896
4 44720
2 69338
4 60874
4 41666
2 454
2 36110
2 97358
2 96796
2 29250
2 89748
4 46704
2 81734
2 50838
2 91740
4 17542
2 80720
2 97180
2 30638
2 70048
2 94692
2 41424
4 44850
2 84822
4 20788
4 97982
4 44782
4 89120
2 48630
4 58604
2 49698
4 81622
2 72164
4 96312
2 70714
2 67286
2 34120
4 62318
4 21880
4 91582
2 80230
2 89434
2 94480
4 60610
2 25160
4 8514
4 19102
4 78444
4 52880
2 13152
2 72122
2 62064
4 67650
2 80004
2 60464
4 15238
4 76702
2 61872
4 47136
2 30322
4 62688
2 84334
2 20064
4 652
2 92956
4 18654
4 31514
2 24692
4 37218
4 97136
2 64570
2 60304
2 39100
4 12926
4 99948
2 33294
2 83042
4 88778
2 63256
2 46332
4 90766
2 86870
2 89882
4 15016
2 80638
4 28616
2 27470
2 45426
4 91858
4 30910
2 69822
2 50556
2 14178
4 19224
2 93876
4 88908
4 9648
4 7624
4 8214
4 93406
4 39172
4 89744
4 44054
4 61034
4 66282
2 80164
2 67652
2 47228
4 82456
2 93580
4 65774
4 82724
2 25882
2 60778
2 61456
4 46102
4 2798
4 93330
2 72974
2 88378
2 41190
4 16958
2 32328
4 52122
4 73764
2 49568
2 16116
4 2304
4 26268
2 14932
4 90672
4 45300
4 80604
2 12998
4 87292
4 61272
4 56888
4 74362
4 70602
4 34124
2 78350
2 80938
2 73410
4 85268
4 72120
2 26998
2 50932
4 74510
2 67248
2 96288
4 61312
4 92378
4 10850
2 21482
4 93924
4 67388
2 26672
4 45792
2 15892
4 95138
2 22408
4 92618
4 59548
4 70314
2 54112
2 97016
2 26776
4 53400
4 89020
4 63194
2 12374
4 15838
2 93416
2 59554
4 45782
2 28626
2 65656
2 52934
4 2758
4 46274
2 76090
2 61512
4 62256
2 44390
4 51166
4 26124
4 494
4 63392
2 93202
4 41658
2 42864
4 22732
4 29638
4 10806
4 76382
4 31260
2 69318
2 55724
2 97296
4 16696
4 10966
2 16040
4 24070
2 61460
4 42970
4 69348
2 46060
4 9572
4 60420
4 81456
2 88338
4 62250
2 52564
2 26004
2 60306
4 56082
2 83350
4 91188
2 14864
2 10380
4 7898
4 11068
2 67684
2 98800
4 93078
4 67628
4 66672
4 44498
4 37650
2 25418
4 53458
4 64858
4 49302
2 62336
4 89436
4 29036
4 98280
2 78792
4 31152
2 41076
2 54844
2 63508
2 57492
2 92716
2 99154
2 18492
2 40620
4 16226
4 50086
2 18918
4 36180
2 21338
4 69584
2 22316
2 63580
4 26700
2 208
2 75350
4 71380
2 32872
4 320
4 69110
2 8428
4 89202
2 9388
4 72658
2 66618
2 82008
2 21360
4 84646
4 98302
2 54620
4 46768
4 38170
2 79028
2 67998
2 97404
4 99646
2 48516
2 67468
2 60438
4 5806
4 79646
2 44914
4 20864
4 63010
4 92588
4 59532
4 1498
4 16034
2 34008
4 91196
4 73392
2 32316
2 73456
4 31742
2 41804
2 32052
4 5652
4 94758
2 81590
2 14726
4 71336
4 48792
2 89466
4 46870
4 1638
4 27098
4 55648
2 26936
4 30858
2 39124
4 502
4 21308
2 31300
4 54646
4 73960
2 9670
2 80488
2 58858
4 76656
2 86808
2 29794
4 57470
2 37282
2 28572
2 4950
2 82036
2 85178
4 22184
2 46882
2 46628
2 82120
2 22702
4 79654
4 61982
2 37716
4 77362
4 90602
2 98660
2 92856
2 29310
2 78242
2 61498
4 22470
2 31124
2 78
2 98752
2 87268
4 13232
4 21776
2 8776
2 2806
2 40434
2 29464
2 41196
2 41172
2 59568
4 65160
4 69558
4 45182
2 87596
2 5488
2 82298
4 11442
4 20946
2 28148
4 52044
4 71860
4 28946
4 1924
2 47248
2 36384
2 31390
2 56838
2 52894
2 68864
2 96050
2 33892
2 81278
2 51234
4 62138
2 98512
2 81404
4 1594
2 61486
2 91870
2 68724
4 32582
2 43972
2 76764
2 21754
4 2112
2 94294
4 6050
4 71006
4 76512
2 5188
2 26972
4 54594
4 13578
4 71708
4 84618
2 99052
2 36828
4 88660
2 62356
4 48506
2 18850
4 41396
4 63354
4 45580
2 78954
4 95404
4 10240
4 86898
2 68634
4 33180
4 50430
4 72500
4 55584
4 3412
4 73020
2 33236
2 93192
4 53604
2 48066
2 39646
4 76710
2 9542
4 39976
2 17300
2 91234
2 43902
4 15684
4 12486
2 63486
4 23304
4 99184
4 19994
4 68388
4 80224
2 50206
4 27074
4 77590
4 6778
4 38450
4 69938
4 58356
2 89016
2 15214
4 45320
2 5224
2 39998
2 27878
2 14998
2 92658
4 20092
4 5356
2 61996
2 57050
4 45200
4 50884
2 53592
4 39004
4 53234
2 76352
4 37484
4 274
4 18018
4 4218
4 89506
4 55970
2 78670
4 56306
4 68694
2 48912
4 53152
2 54956
4 94948
2 48322
2 92852
4 56080
2 8260
4 10104
2 61940
4 76716
4 57876
4 72472
4 12728
4 31758
2 71390
2 91162
2 62000
2 69730
2 5850
2 61672
2 27144
4 63910
4 2418
4 50242
4 74294
2 49354
2 39774
4 95860
4 51802
4 52626
2 7702
2 3204
4 93176
4 18394
2 53232
2 39300
4 1956
2 11678
2 41136
2 16620
2 62882
4 84252
2 61044
4 43646
2 31314
4 24092
4 13684
2 21990
2 91592
2 76184
4 94334
4 25412
4 31952
4 82824
4 53178
2 4066
4 15706
2 87844
4 69822
2 40420
4 7478
2 57502
2 77842
4 18000
2 73658
4 2260
4 60736
4 13224
2 4724
2 28194
2 61928
2 78964
2 86836
2 99846
4 25918
4 832
4 18802
4 82984
4 33752
2 49292
2 67762
4 12610
4 77726
4 72076
2 69790
2 49382
4 72586
2 98490
2 17646
4 54258
4 61776
2 1620
4 67996
4 85718
2 61376
4 99068
2 42176
4 10698
2 67912
2 64164
4 49784
2 2496
4 59218
2 90620
2 49754
4 4048
2 71568
4 54992
2 38674
2 3486
2 78824
4 29814
4 45150
2 27318
4 40250
2 4810
2 51590
2 93842
4 63932
4 5764
4 48156
2 15298
4 14414
4 80546
4 61690
2 76096
4 30500
4 45646
2 63612
2 91322
2 95926
4 65084
4 78942
4 29046
2 13278
4 11020
4 74702
2 12822
2 50240
4 43508
2 41924
4 63380
2 19006
4 83252
4 86540
4 91252
2 64162
2 30262
2 37168
4 59844
2 44526
2 15990
4 85200
2 92248
4 97750
4 71876
4 21438
4 36348
2 86442
2 49414
4 10200
4 75676
4 21232
2 90482
4 54576
2 50770
4 26918
4 98520
4 22024
4 27920
4 78008
2 72606
2 13276
2 16120
4 1500
2 93186
4 38902
2 53086
2 80094
2 32398
2 39234
4 77428
2 73150
2 64800
2 47822
2 32198
4 84220
2 55270
2 21028
4 54546
2 56946
4 38010
4 63678
2 42226
4 97240
4 91366
4 89566
4 54976
2 87676
2 56612
4 74548
2 53800
2 59106
4 78344
2 68072
4 79626
4 59154
2 9156
4 52976
2 98778
4 30974
2 87730
4 91500
2 88348
4 50158
2 69102
2 59874
4 95492
2 86792
2 73858
4 2030
4 52704
2 57322
4 97678
2 39432
4 81172
4 97028
4 12154
4 68188
4 26632
4 1836
2 25134
4 74030
4 55440
4 44932
2 13862
4 58294
4 32010
2 6512
4 99662
2 83610
4 33362
2 60560
2 77192
4 39794
2 73794
4 56740
4 69732
4 88052
4 2396
4 46928
2 77940
2 10538
2 99588
2 46824
2 25694
4 68582
2 49852
2 72194
2 38016
4 91508
4 38722
4 35070
4 41730
2 46262
4 86082
2 13712
2 83480
4 41696
4 98884
4 35768
4 40630
2 32344
4 13564
2 4762
2 83282
2 78970
2 61446
2 98378
4 46132
2 16836
4 3020
4 22624
4 7870
4 46566
2 36044
2 84586
2 55442
4 34314
2 86524
4 67866
2 76218
4 41498
4 26560
2 58298
2 52512
4 15372
4 77594
2 22524
4 89608
4 32796
4 72454
4 70
4 53036
4 98854
2 98944
4 65396
4 45538
4 91574
4 19882
4 88074
4 71134
4 65998
4 27188
2 96922
2 25182
2 58290
4 80506
2 18784
2 54604
2 49480
2 32728
2 22976
2 7264
4 34248
4 18350
4 72510
2 18340
4 46880
2 58226
2 73792
4 97152
2 54636
2 29772
4 16286
2 94228
4 14684
4 57694
4 40608
4 55634
2 58396
2 79070
2 31508
4 1348
2 2640
2 35236
2 52346
4 6806
2 60364
2 86254
2 52664
4 77514
2 77392
2 91654
4 57028
4 84388
2 46782
4 26704
4 97032
2 22146
2 33358
2 59822
2 63804
4 19078
2 99428
4 21158
4 95264
2 51866
4 53704
4 39468
4 48326
4 52874
2 67738
2 17570
2 89388
2 65964
2 29138
2 91148
2 20912
2 38508
2 24500
2 79220
4 75584
4 77226
4 3604
4 28648
4 15548
4 16622
2 50710
4 7276
2 31108
4 16922
2 1136
2 75082
2 92098
2 48176
4 18832
4 44180
4 55114
2 68398
2 33130
4 82468
2 97142
2 51698
4 85828
2 77576
4 76428
4 54794
2 54268
4 55770
2 46124
2 35010
2 44062
4 85148
2 91352
2 86096
4 23660
2 78428
2 23188
2 31064
2 99358
4 43902
4 72210
4 15890
4 25170
2 22118
2 97832
4 51278
4 71604
2 11488
2 72304
4 15626
2 46330
2 29040
4 16586
2 4246
2 13996
2 22830
2 12068
4 76848
2 78180
4 16072
4 97212
4 42590
4 48470
2 62300
2 13044
2 35874
4 83504
4 25734
4 31220
4 76574
4 41994
4 62096
4 75850
4 27710
4 72176
2 77702
4 82450
4 57316
4 51130
4 99162
2 42750
4 52192
2 75264
2 42142
4 71576
2 58062
4 24690
4 16042
4 31726
2 54606
4 192
2 7696
2 35362
4 16482
4 13500
4 41588
2 65112
4 70472
2 72630
4 44984
2 20730
2 55064
4 2434
4 22066
4 38958
4 92208
2 22284
2 39604
4 95278
4 86790
4 77970
4 56142
4 60244
4 55120
2 42116
2 42374
4 71814
4 75994
4 37742
2 82088
2 22694
4 53688
4 65144
2 30916
4 21674
2 74284
4 16968
4 93800
2 5588
4 83294
4 33220
4 19420
2 45202
4 83418
2 78224
2 65820
2 544
4 89054
2 92334
2 83108
4 11904
2 95088
4 93508
4 62160
4 78042
2 82894
2 60596
2 46660
2 17120
4 58234
2 21026
2 55610
2 54958
2 33652
4 99478
4 10718
2 55498
4 86742
4 62202
2 1990
2 23824
2 40654
4 77010
4 41062
4 56420
4 24078
4 52904
2 20428
2 74706
2 48252
2 55904
2 23528
2 63136
4 74984
2 12914
2 7968
2 92718
4 57744
2 40916
4 13434
2 68076
2 65284
4 51620
2 14606
2 85112
4 61380
2 46630
4 3396
4 17426
4 5788
4 30054
4 95776
4 55226
2 74008
2 53978
4 3844
4 89190
2 8018
2 61392
2 92460
4 15748
2 75118
4 80578
4 40868
4 26182
4 40298
2 40416
4 29488
2 87598
2 6500
2 95496
2 53816
2 14954
2 32194
2 71968
4 92838
2 45714
2 70870
4 78382
2 25346
4 13656
4 36656
2 9180
4 57460
2 94172
2 75052
4 58566
4 25568
2 98392
2 28586
2 56690
2 92756
2 38818
2 37806
2 59830
2 87206
2 51208
2 89100
2 62478
2 62388
2 32004
4 16936
4 49372
4 96836
2 37182
2 52688
2 10030
4 61980
4 414
4 59336
2 99134
4 33466
4 2228
4 52278
4 38410
4 34930
4 87130
2 36414
4 7294
2 13170
2 51992
2 25850
4 70954
2 44626
4 45002
2 99190
2 5338
4 71032
4 10480
2 28084
4 43970
2 6394
4 55880
2 65348
4 50338
2 26450
4 47294
4 32788
2 35694
4 69270
2 8764
2 92406
2 47548
2 14662
2 21634
2 20774
2 95660
2 43932
2 10042
4 10394
4 82228
2 56640
4 4496
4 17682
4 25362
2 48330
2 20386
2 73580
4 81232
2 5944
4 62802
4 36854
4 44452
2 4420
2 32226
4 22436
2 17636
2 77906
4 1312
2 90668
2 2994
4 66318
2 50102
4 33144
2 68336
2 10044
4 9570
4 67578
4 10688
4 86292
4 74578
4 15964
4 78074
2 75530
2 59274
2 83272
2 73680
4 86432
4 40758
2 83978
2 83178
2 8498
2 65972
4 73062
4 41852
4 78062
4 19602
2 44016
4 22384
2 79916
2 12144
2 45278
2 7186
2 26270
4 95470
4 86422
4 99606
4 59690
4 99916
2 146
2 48050
2 63914
4 23676
4 90410
2 70332
4 48124
4 77532
2 45494
4 33970
4 80376
4 91402
4 65916
4 89746
4 84158
2 13744
4 49478
4 69720
4 23532
4 9012
2 88988
4 88822
2 14
4 45834
2 82192
4 98312
2 91180
2 20046
2 54902
4 74870
2 59388
4 35042
2 64476
2 88168
2 91880
4 82398
4 39318
4 62314
4 23298
2 75788
2 40810
4 54770
4 91502
2 24322
4 90698
4 63074
2 70170
2 73044
4 40032
4 35454
4 43428
2 82482
4 15902
2 62780
2 26322
4 62074
2 89224
2 48032
2 66854
4 38726
4 18936
2 70666
4 50058
2 81692
2 32246
4 71506
4 27916
2 4402
4 60740
2 65614
4 35618
4 51540
4 56898
4 66786
2 62482
4 43044
2 25792
2 83952
2 81094
2 82198
2 37162
4 38370
4 6524
4 72238
2 88400
4 48018
2 65236
2 77708
4 50548
2 56720
2 23702
2 47274
2 72444
2 24014
2 88914
4 73304
4 81898
4 9712
4 5364
4 9512
2 54514
4 56668
2 91688
2 34434
4 32930
2 17374
2 60898
2 8466
4 26670
4 70450
2 47220
4 40592
4 78882
4 89538
4 14018
4 93738
4 82012
4 692
4 84990
4 63414
4 45524
4 57766
4 26290
2 39142
4 92242
4 12238
4 33952
2 46140
2 77448
4 81668
4 82744
2 26568
2 67108
2 71374
4 70436
4 70330
4 99722
4 78350
4 99304
2 72138
4 33576
2 58378
4 48724
4 97468
2 49004
2 72880
2 14430
2 55874
4 440
2 91862
4 58522
2 87096
4 90344
4 57112
4 14566
2 14816
2 2182
2 65452
2 9588
2 93034
2 78296
4 70712
4 76630
2 42128
4 9792
4 53718
2 23934
4 25454
4 43450
2 80392
4 51868
2 58340
2 91402
4 20904
2 88478
4 35640
2 19616
4 40652
4 96068
2 81690
4 19464
4 22418
4 66720
4 99154
2 17022
2 16912
2 78958
2 62754
2 24784
4 13060
4 67936
4 95980
4 80956
2 30646
2 14416
2 59578
2 70646
4 97950
2 1618
4 52240
2 44074
2 38836
4 99812
2 62260
2 99062
2 98070
2 92328
4 94764
2 17088
4 42122
4 88146
4 3282
4 32482
2 28680
4 30884
4 32362
2 11140
4 1452
2 82794
2 30106
4 70342
2 52650
2 39852
2 81766
2 57616
2 18694
4 34288
4 14192
2 19458
2 70122
4 61520
2 55462
4 48334
2 29094
4 84862
4 9164
2 78628
2 29838
2 78942
4 99518
2 63478
4 46478
2 27042
2 82520
4 79518
4 45634
2 59326
2 20662
4 46024
4 71460
2 90564
4 76738
4 64786
4 63342
4 92440
4 72956
2 83514
2 32034
2 80758
2 63128
4 76740
4 36082
2 59284
4 16912
4 95254
2 40132
2 39016
2 74788
4 90676
2 71416
4 26344
2 98072
2 56860
2 73058
4 79602
4 15876
4 99018
4 73084
4 69354
4 87542
2 34350
4 76
4 90670
4 36292
4 26550
4 12538
2 69908
4 94936
4 36040
4 39284
4 1060
4 12054
2 74326
2 91338
4 78044
2 90264
4 58390
2 66316
2 65776
4 54084
2 66080
2 92346
2 89410
4 41322
2 19698
4 21430
4 70378
2 68128
2 67640
4 12282
4 68680
2 58634
2 1858
4 17964
4 29978
2 80304
4 42762
4 63752
2 35398
2 77604
2 53298
4 2360
4 55758
2 21648
2 11886
2 94898
4 15854
2 14832
4 85568
2 54326
2 84810
2 82070
4 36482
2 59070
2 85458
4 10228
4 21028
4 49798
4 71936
2 6542
4 6372
2 40702
4 59654
4 39670
2 91660
4 21126
4 6066
2 33812
2 44206
4 48556
4 89284
4 99914
2 66140
4 69498
4 48962
2 83684
2 88662
4 31980
2 84784
4 17080
2 68486
2 79322
2 54464
4 5564
2 99990
2 69596
2 81638
2 97554
2 86996
2 16072
2 10664
4 48500
2 99608
4 62650
2 27664
2 9838
4 6676
4 69964
2 79410
2 90346
2 55004
2 20678
2 15806
4 37496
4 47412
4 44750
2 50278
2 21564
4 12194
2 63570
2 59322
4 89494
2 62648
2 56818
4 76450
2 67898
2 10310
2 87076
2 26798
2 33418
2 35564
4 94066
4 32902
4 47706
2 49542
2 29428
4 47540
2 30450
2 40928
2 64326
4 16082
4 96548
4 41552
2 34922
4 36982
4 46622
4 82912
2 60828
2 94114
2 60318
2 17320
4 6942
4 28466
2 52760
2 48382
2 54642
4 39444
4 8604
4 83568
2 67314
4 95156
2 51296
4 93060
4 85436
4 98112
4 78316
2 80010
2 80198
4 89180
4 5516
4 99372
4 15124
4 55084
2 75830
2 58440
2 26796
2 97158
2 54284
4 56044
2 79690
2 15050
2 88250
4 75556
4 81258
4 25268
2 77540
4 49024
2 32626
2 15022
4 44102
2 55220
4 98142
4 62918
4 21864
4 48986
4 86394
4 23076
4 74172
2 82852
4 77146
4 59916
4 32142
2 30058
4 58166
2 80570
2 36558
2 73740
4 66322
2 69792
4 85940
4 2982
2 79944
2 53738
2 37626
4 95352
2 94842
4 26460
2 61802
2 68758
4 58674
4 65980
4 27104
2 83466
2 15476
4 67280
4 8978
2 62096
2 51428
2 72432
2 50720
4 64118
2 72096
2 61024
2 47278
4 73818
2 10474
2 86196
4 14258
2 36012
2 71514
4 35558
4 8988
2 48546
4 2470
4 16846
4 27820
2 70156
4 12764
2 97776
2 64234
2 51624
4 12152
2 21766
2 16536
4 94040
4 1632
4 36430
2 23618
4 19526
2 22230
4 14648
2 74582
4 88780
4 76642
2 95196
4 35426
4 45318
4 89080
2 59426
2 33846
2 59040
4 5642
4 59692
2 37870
2 96196
4 33066
2 27860
4 39646
2 96886
4 69098
2 9014
2 11472
2 82596
4 78436
2 52266
4 66034
4 42336
2 6182
2 48802
4 99842
2 24374
2 21144
4 29778
4 65798
4 22122
4 86450
2 63254
4 55504
4 88748
4 59094
2 20788
2 81818
2 40364
4 92142
2 66144
2 96010
2 4816
2 412
4 49970
2 78916
4 81504
4 40896
4 78696
4 89400
4 1300
4 12260
4 25464
4 76142
2 73974
4 60816
2 93504
2 94768
4 19016
4 52554
4 38622
4 18650
2 44138
4 67596
4 60772
2 27912
4 59462
4 14748
4 53418
4 77976
4 51062
2 73292
2 1014
2 52896
4 79612
4 72630
4 54504
2 78912
2 76888
4 19082
4 5686
4 18286
4 34604
2 71992
4 96244
2 26070
4 15418
2 50616
2 67808
4 2750
2 448
4 94122
2 25276
4 75894
2 19240
4 60024
4 73972
2 50126
4 26546
4 79724
2 58482
4 68932
4 2518
4 63324
2 19368
4 12536
4 36158
4 57788
4 11016
4 53466
2 50534
2 98862
2 93484
4 50348
2 70216
2 63578
2 70662
4 86284
4 70566
2 6258
4 53124
2 8500
2 47112
2 11398
2 81806
4 47930
2 44830
4 21810
4 23564
4 54844
4 55742
4 40110
2 25156
4 87572
4 96810
2 88382
2 61368
4 94556
4 64512
2 7804
2 57462
2 71826
4 91314
2 66302
2 12298
2 3292
4 55538
4 91916
4 60844
2 14310
4 4716
2 87438
4 72738
4 50972
4 9168
4 91074
2 93166
2 22400
4 17164
2 67532
2 18872
4 41366
2 66422
4 3248
2 48926
2 79140
4 13798
2 33598
2 24854
2 4742
4 10818
2 33858
2 74520
4 89308
4 59230
2 26158
4 23474
2 20246
4 97196
2 63516
2 65696
4 4816
4 93850
4 63806
4 47372
2 36132
2 73720
4 51622
2 3392
4 46180
2 26574
2 50866
4 87346
2 17730
2 27792
2 34726
2 45630
2 66000
4 40700
2 34802
4 9016
4 63250
4 42364
2 13792
2 35008
4 5232
4 68218
2 51048
4 67000
2 21748
2 44660
2 21952
4 79666
2 66946
4 66700
4 42522
4 72918
4 46912
4 99618
4 32742
4 73294
4 3820
2 76426
2 53088
4 13876
4 57156
2 4500
2 38678
4 75522
4 90120
4 42220
4 28126
4 48682
2 83862
2 93320
2 16850
4 67864
4 36626
2 74106
4 12462
2 32660
2 59816
2 93258
2 87288
2 88138
4 80456
4 27526
4 5130
4 36006
2 66706
4 6518
2 76702
4 94504
2 24454
2 66876
2 28534
2 46998
2 53444
4 34686
4 71892
4 90246
2 85690
4 14468
2 58468
4 84730
2 85246
4 35568
4 62926
2 80588
2 15640
2 35428
4 95134
2 44396
2 52714
2 57480
4 47252
4 16256
2 91070
2 44628
2 28080
2 93514
4 33972
4 25658
2 22494
2 6668
4 82226
2 75158
4 51982
2 52244
4 20530
2 81502
4 80880
2 71092
4 81326
2 15686
4 75746
4 15402
4 53888
4 19826
4 71758
2 15066
2 20776
4 36428
4 34906
4 62204
2 6252
2 41208
2 62570
4 5144
2 91268
2 24616
2 68940
2 62348
4 3270
4 84006
4 3110
4 40348
4 33190
4 34440
2 74222
2 80458
4 9002
2 81924
4 8602
2 77488
2 388
2 17024
4 15660
2 50178
4 37310
2 76224
2 90866
2 94926
4 718
2 79054
4 1952
2 79714
2 88202
2 2768
2 98552
4 54114
2 7030
2 91058
4 88768
4 10970
4 1604
2 31102
4 62896
4 14990
2 88106
2 73008
4 38854
2 17226
2 60372
4 4228
2 11512
2 61276
2 67008
2 33560
2 32406
4 10026
2 17906
2 21880
4 34358
4 41648
4 83984
2 54360
2 92490
2 26832
4 80296
2 47890
4 69286
4 88710
2 67346
4 22136
4 39246
2 47690
4 53940
4 26710
4 27934
2 56866
4 50312
4 25328
4 24538
4 72092
2 55974
4 11804
2 14352
2 99980
4 55122
4 43404
2 99384
4 44920
4 95556
2 21048
2 33816
2 90582
2 86302
4 34862
4 65184
2 82064
4 28374
4 71364
2 36010
2 30846
4 16564
2 40618
2 2030
4 1846
2 87148
2 70628
4 23526
2 85526
2 5038
4 67510
2 8880
4 56394
2 40864
2 92224
2 11908
4 21666
4 32346
2 15942
2 79328
4 35694
2 25908
2 99292
4 34178
4 15524
2 99346
4 80786
2 35554
2 79636
4 94968
4 98482
2 53478
4 89460
2 76066
4 66922
4 21188
2 36686
4 49210
2 60558
4 21608
2 83376
4 21928
2 66222
2 58668
4 4294
4 90282
4 54816
4 9586
2 43698
2 71394
2 40328
4 47932
4 61290
2 97212
4 46542
4 57372
2 2650
4 20308
4 84232
2 10342
2 63650
4 39144
4 73704
2 19288
4 38540
4 76660
4 47130
4 81072
2 83418
4 52972
4 87044
4 4274
4 63958
4 9774
2 84370
2 19316
4 30274
4 88940
2 63980
4 88986
4 52126
4 70092
2 66660
2 27302
2 61418
2 84008
4 11642
4 62674
4 57402
4 54278
2 90396
2 13746
2 5080
2 50186
4 66150
4 2598
2 468
2 69040
2 33346
4 62088
2 75680
2 72662
2 49710
4 51168
4 9100
4 400
4 19366
2 93070
2 13154
4 31864
2 33676
4 14524
2 9274
2 41764
2 89290
4 83528
4 93710
4 16464
2 48608
2 73842
4 99818
4 99754
4 22100
4 28124
2 26732
2 13210
2 12444
4 52228
4 65838
2 41536
2 40180
4 64000
2 32056
2 90070
4 7908
2 30726
2 52922
4 58442
4 62240
2 2432
4 90514
4 10402
4 35766
2 16488
4 36500
4 3450
2 1108
2 99640
2 1860
4 29166
4 21086
2 68214
2 12716
2 31354
4 78616
4 95794
2 21038
4 12850
2 6262
4 48960
4 92558
4 64358
2 70272
2 28264
2 70086
2 82614
4 96176
4 25686
2 58880
2 57550
4 83148
4 14366
4 66118
2 90584
4 96974
2 52496
4 19536
4 37076
2 78182
4 90732
2 70992
2 17504
2 70044
2 9760
4 30664
2 87852
2 81420
4 6638
2 34750
4 37298
4 6084
4 40508
4 47870
2 21114
4 58576
2 70788
2 37736
4 37464
4 32606
4 15336
2 88208
4 21650
2 86868
2 51942
2 71604
2 15854
4 29352
4 67934
4 51506
4 41324
2 43102
4 37320
2 10134
4 21192
2 34388
4 45986
4 28424
4 76850
2 88712
2 14458
4 35620
4 35230
4 40176
4 40674
4 28734
2 85452
2 49412
2 52866
4 26738
4 6952
2 42998
4 54804
2 52918
2 68862
4 46326
4 44820
2 3804
2 17476
4 84494
2 22244
4 42282
2 98308
4 33902
4 34920
2 18980
4 43014
4 98680
2 49784
4 61808
2 35686
4 2992
2 30666
2 81162
4 33124
2 71330
2 54798
2 44376
4 39374
4 86412
2 79074
4 77336
2 13160
2 40214
2 99656
2 90440
2 7650
4 18986
2 12348
4 93732
4 56538
2 99488
2 66452
4 50172
2 92798
2 12984
4 61540
2 30896
4 13132
2 24066
4 34282
2 31098
2 22422
4 54164
4 28384
4 61460
4 57238
4 64508
2 80520
4 12222
2 85626
4 83840
2 91490
4 37948
2 43030
4 25612
2 56130
2 31106
4 13456
2 71478
4 87042
4 69522
4 61696
2 11066
4 53312
2 80006
2 85810
4 60070
4 69284
4 72998
4 9020
2 50106
2 82862
2 86778
2 75002
4 4808
2 98014
4 3344
2 53048
2 86204
2 93340
4 73710
4 5712
2 37900
4 33470
2 22282
2 67290
4 18546
4 62654
2 93216
4 41554
2 28480
4 27998
4 6986
4 21960
4 45152
4 48830
4 22724
2 17902
2 41258
2 34744
2 59680
4 10174
4 49588
4 64574
4 63440
4 72234
4 8622
2 34894
4 23646
4 74146
4 78510
4 83656
4 14606
2 68150
4 58496
4 12622
2 93814
4 79678
4 89112
2 50242
2 90676
2 95598
4 10312
2 5676
2 63568
4 18076
2 98428
2 28296
4 58280
4 3388
2 79076
2 87850
2 74756
2 19688
4 96424
4 58088
2 35308
4 79586
4 1810
4 48776
2 71850
4 19032
2 96956
4 69272
2 68124
4 42164
2 24062
4 17640
2 63456
2 59056
2 62448
2 60840
2 34496
4 44462
4 88440
4 23404
4 77210
2 45150
4 8192
2 52832
4 10398
2 63838
4 57050
4 25174
4 33718
4 66460
2 638
4 68054
4 37174
2 15632
4 17862
4 42956
4 74304
2 94664
2 44136
4 81196
2 49254
4 24372
2 21156
4 97424
4 37562
4 42202
2 64316
2 14346
4 17022
2 14268
4 73246
4 54630
2 2972
4 932
4 36792
2 2384
4 94640
2 22278
4 66302
4 6418
2 19422
2 93630
4 58596
4 79098
2 41848
4 76214
2 35186
4 18704
4 8800
2 28512
4 17390
2 46938
2 65262
4 3720
2 44144
4 3878
2 72346
4 31564
4 28778
2 64380
4 57224
4 69168
4 50120
4 74912
4 10748
4 10512
2 29630
2 11702
2 6288
4 5108
2 38616
4 44934
4 59998
4 93806
2 15202
2 47884
4 19510
4 96952
4 83556
4 21618
2 76084
4 84214
4 68516
2 62104
2 51844
2 32174
4 82458
4 83242
4 35256
4 82732
4 4680
4 12360
2 62774
4 3632
4 15378
2 48932
4 1136
4 33990
2 49536
2 13368
2 87058
2 17436
4 74074
2 45482
2 34546
2 66226
4 19580
2 16100
4 23820
2 67766
4 83126
2 62742
2 92372
4 91098
2 42730
4 17256
2 96084
4 48218
4 13320
2 50510
4 62800
2 21448
2 7788
2 12312
2 70344
4 72802
2 92726
2 9734
2 82268
2 31302
2 9284
2 99328
2 80628
2 98202
2 70640
2 20624
2 29836
2 79846
4 29044
2 62210
4 62238
4 30830
4 93338
4 8360
4 23314
2 33134
4 75278
4 86002
4 32026
4 86296
2 91910
4 31498
2 31444
2 54858
2 4116
4 99302
4 88682
4 69476
4 77392
4 95246
2 15774
2 18954
2 49672
2 99858
4 960
4 83682
4 25022
2 83284
2 51084
4 24692
2 56462
2 8448
4 80284
4 14160
4 17984
2 4354
2 41794
4 3176
4 94932
2 76132
2 18196
4 50968
2 74974
4 31608
2 57744
2 45704
2 13546
4 9806
4 52314
4 93098
4 58338
2 64840
4 21492
2 22640
2 96126
4 42314
4 15388
4 22738
4 80908
2 55048
4 43848
4 54730
2 89836
2 94008
4 63744
4 12284
4 69644
2 15542
4 80146
2 38766
4 85980
2 76614
4 65626
2 51220
2 42508
4 36782
4 23154
2 10632
2 9218
4 6304
2 35324
4 35150
2 35652
2 42456
2 92830
2 26582
2 16780
4 59938
4 86538
4 15906
2 4948
4 48922
2 62132
4 23756
2 154
4 76474
4 67248
2 33790
2 74516
2 51772
2 98766
2 67664
4 1166
4 93372
4 15212
4 8358
4 62708
4 91422
2 58076
4 87710
2 1580
2 38456
2 53392
4 49844
2 75492
2 36426
2 6522
2 50558
2 34664
4 78414
2 20054
2 86690
2 25394
2 12286
4 48264
2 58874
2 19002
4 1428
2 99662
2 63726
2 5658
4 30332
2 16534
4 95076
4 20204
2 33712
4 53158
2 99228
4 40228
2 9082
4 8438
2 72370
2 38014
2 59078
4 24654
4 58448
4 83628
2 11278
2 87942
2 41716
4 4076
2 95814
4 3276
4 64826
4 81460
4 91744
4 66214
4 88458
4 2950
2 55030
4 42534
4 79058
2 83916
2 51518
4 74298
2 9128
2 35312
4 74782
4 17110
2 79062
2 93302
4 80828
2 86662
2 60646
2 69858
4 76216
4 87040
4 1248
4 44214
2 18596
4 35844
4 74926
2 21150
2 79340
4 99520
2 21436
4 25858
4 8850
4 85910
4 5424
2 53164
2 92894
4 30018
4 7578
4 95188
2 21800
2 83124
2 27672
4 78818
2 13238
2 4148
2 21036
4 35190
4 27750
4 76422
4 87156
4 37288
2 78082
2 15586
2 84470
2 71324
2 64794
4 13738
2 63860
4 89208
2 2538
2 80682
4 52560
4 88186
2 41126
2 7476
2 29248
4 58824
4 4184
4 37640
2 44868
4 15714
2 29832
2 33478
4 97026
2 33614
4 29004
4 31618
4 79296
4 73840
4 76110
4 51904
4 80012
4 91430
2 15052
2 70738
2 27658
2 15938
2 38580
4 85124
2 21676
2 12520
4 51398
4 90584
2 29100
2 30800
2 55562
2 69298
4 17756
2 13620
4 40878
2 58404
4 92696
4 10328
4 58752
2 32364
2 12120
2 53588
2 46522
4 59072
4 594
2 60504
2 83738
4 23566
4 53878
2 4288
2 14070
2 90622
4 43208
4 34442
4 15676
4 50836
2 74952
2 19370
2 71956
4 10042
2 42158
2 56402
4 72250
4 20658
2 2736
2 32808
2 38272
2 25470
4 83406
2 2600
4 27742
2 55060
2 66858
4 53564
2 30808
2 88574
4 22048
4 72696
4 63890
4 67318
4 60362
4 14488
4 52616
2 32648
4 58488
4 82720
4 28340
4 3990
4 33852
4 30030
2 67136
2 93708
2 39858
2 60034
2 14236
4 52362
4 36810
2 46206
2 51264
4 68962
2 74036
4 60560
4 60914
4 69238
4 77512
4 61374
4 93684
4 48516
2 4694
4 74694
2 81634
2 91068
2 52390
4 85856
4 44018
4 47726
4 54808
2 40752
2 45540
2 98866
4 36242
4 55224
4 56236
2 20496
2 32816
4 46810
4 45314
2 88546
4 6544
2 55930
2 57440
2 70474
4 58560
4 35636
4 41988
4 13954
2 7402
4 92868
2 32534
2 55268
4 56312
4 27714
4 32886
2 6460
2 61936
4 94228
2 18032
2 18750
4 40928
2 51750
4 15188
2 26008
4 92506
4 78406
4 85818
4 80970
2 48592
4 95966
2 53446
2 7648
4 5304
4 16850
2 19626
4 72502
4 83578
2 4376
2 29552
2 53956
2 19464
2 16802
4 29810
2 4336
4 54550
4 40984
4 21964
2 87416
4 55454
2 31296
2 848
4 40712
2 59212
4 54026
4 34682
4 5268
2 88126
2 2826
2 22040
2 85986
2 13422
2 47934
2 39256
4 76150
2 41422
4 41464
2 3732
4 28668
2 93344
4 76040
2 60958
4 1270
4 40786
2 57374
2 3162
2 60960
2 48028
2 84356
4 86184
2 62112
4 50152
2 86018
2 71860
4 69386
4 24270
4 17988
4 57062
4 57520
2 58716
2 51412
2 17952
4 2428
2 71682
4 51116
2 7842
4 2830
2 54984
2 87688
4 86428
4 75252
2 83302
2 51600
4 34342
2 71252
2 87846
2 87202
4 28282
4 41686
2 60370
2 99362
2 7784
2 86304
4 78740
4 13528
4 39718
4 46204
4 9746
4 51738
2 99810
4 70376
4 60462
4 69736
2 50090
2 19362
2 27762
2 41266
2 11348
4 31932
4 30848
2 71700
2 19278
2 93290
2 18184
4 7830
4 48704
2 95478
4 87574
2 6972
4 5866
2 82130
2 13386
4 50614
4 85118
4 43730
2 69674
4 63172
4 49840
2 7166
4 55466
4 96746
4 15204
2 15996
2 90556
2 4042
4 99136
4 80736
4 46406
4 20250
4 82182
4 47170
2 6290
4 72348
2 69984
4 52136
2 75768
2 96606
4 28894
4 86906
2 63972
4 98088
4 74376
4 65060
2 72694
2 43978
2 65732
4 53842
2 71756
2 32766
4 27950
2 61496
2 96082
4 328
2 93664
4 40406
2 90534
2 22750
4 11166
2 12624
4 20826
2 44886
2 63388
2 11142
4 23990
4 52426
4 73874
4 89868
4 95190
2 23532
4 34958
4 1748
2 13700
4 27800
2 36354
4 36618
4 59204
2 30358
4 22450
4 24052
2 37318
4 73938
2 21272
2 31836
2 52118
4 76096
4 25616
4 12998
2 60802
2 91462
4 62108
4 89668
4 67452
4 42158
2 42168
4 78552
2 55148
2 65830
4 50664
2 11848
4 18610
4 41084
4 65666
2 97902
2 66338
2 79522
2 5162
4 27792
4 47986
2 70828
2 462
2 18710
2 77854
4 4252
4 86810
2 67172
2 23896
2 83874
4 84692
2 85398
2 5364
4 2194
4 58196
2 14182
4 18358
2 6328
2 43152
4 9624
4 45060
2 48496
2 39592
4 43050
2 61156
2 35830
2 2810
4 66182
2 57738
2 98746
2 34846
4 3218
2 4090
4 29828
2 91366
2 94720
4 60262
4 82586
4 9802
4 30606
2 72894
2 12986
2 39818
2 91762
4 21866
4 52644
4 60974
4 90852
4 91382
4 81606
4 95826
4 66974
4 96242
4 38380
2 18416
4 75984
4 86930
2 82652
4 48298
2 73470
4 49290
2 60192
2 58930
2 37502
2 52278
4 15786
2 62644
2 61734
2 51648
4 65606
4 20548
4 87580
2 91798
2 22518
4 48626
4 30168
4 8636
4 15678
4 75914
2 21874
4 42440
4 83806
2 88242
2 71754
4 77008
2 60950
4 79428
4 75628
4 12996
4 59034
2 86898
2 11852
2 87622
4 26926
4 80140
2 77172
2 15024
4 78056
2 36628
2 81356
2 16434
4 13794
4 18722
2 4866
4 87898
2 16460
2 10204
4 98156
4 63814
2 80148
4 14770
2 584
2 45550
2 35228
2 2280
2 92432
4 92328
4 90910
2 12022
2 9904
2 66732
4 36008
2 79290
2 32564
2 16406
2 9978
2 76754
2 12510
4 96572
4 80184
2 46090
2 44710
4 85832
2 47982
2 37438
4 81458
2 25406
4 97864
4 34170
4 52274
2 95438
2 18434
4 10092
4 89498
4 69028
2 35724
2 9416
4 61786
4 75064
4 33002
4 35872
4 32880
2 98786
2 94514
4 14472
4 76894
2 84468
2 74552
4 2080
4 98190
2 77052
2 53114
2 56964
4 58252
2 56524
4 64884
2 84642
4 92492
4 77564
4 81888
2 56374
4 6528
2 30194
2 47692
2 54906
4 18280
2 17976
4 88870
2 65890
2 77416
2 77900
2 74316
2 25898
4 90258
2 44226
2 84024
2 84346
4 25028
4 30970
4 93808
2 8980
4 59708
4 66714
2 14348
4 37226
4 72402
2 94968
4 50442
4 49094
2 20050
2 37466
2 70616
4 36440
2 46328
4 45826
2 53058
2 50262
4 38660
2 89338
4 66694
2 20220
2 52696
2 96098
2 90946
4 38650
2 76306
4 2790
2 67698
4 44324
2 186
4 90178
2 6594
4 38082
4 38030
2 69256
4 10886
2 75700
2 27306
4 23686
4 20764
2 6266
4 26452
4 3012
2 88312
4 45082
2 23734
2 69384
4 23638
4 71866
2 25862
2 97840
2 38544
2 820
2 7480
2 94634
4 18268
4 58284
4 91358
2 74740
2 47030
2 51092
2 63624
2 19806
4 53410
4 8924
2 75810
2 60904
2 64336
4 96860
4 48748
2 54236
4 31936
4 73842
2 5724
4 3622
2 58246
2 83122
2 61322
2 52692
2 14948
2 66958
4 70014
2 66208
2 61080
4 87384
4 84166
4 16978
4 13400
4 67902
2 38426
4 49988
2 44606
2 86174
2 95792
2 13202
4 64378
4 1746
4 94156
2 40602
2 26584
2 24764
2 37768
4 20888
2 24694
4 1116
4 38932
4 90592
4 32716
2 71704
2 60610
4 14090
4 84908
4 99830
4 69362
2 10140
4 29822
2 66808
2 52060
2 15780
2 89976
2 20824
2 76470
4 95174
4 51794
4 31076
2 83490
4 63794
4 44676
4 39154
2 39176
2 97268
4 95250
2 25622
4 44264
2 90522
2 76734
2 63572
4 67086
2 41504
2 90352
2 23768
4 25772
4 98594
4 1728
2 4022
2 73786
2 45490
4 39118
2 69450
4 84616
2 60460
2 13408
4 45456
2 82250
2 93028
2 39550
4 54802
4 12444
2 46646
2 64028
4 3458
2 32952
4 28078
2 78268
2 10478
4 57516
4 23888
4 87670
4 7984
2 10424
4 63710
4 46224
2 48112
2 62562
2 51776
2 23030
2 70330
4 59736
2 62174
2 37048
2 53862
2 48060
4 94368
2 66164
2 18396
2 35788
4 2838
4 24688
2 64772
4 79048
4 38432
2 6844
2 72418
4 79676
4 15674
2 37356
2 32750
4 90316
2 75322
2 81378
2 75778
2 7946
2 43752
4 32974
4 46178
4 50514
4 97856
4 87538
2 56644
2 90666
2 67106
2 22580
4 59820
2 98674
2 36954
2 33258
4 44790
2 69302
4 78246
4 74772
2 29240
2 95958
2 27038
2 77648
2 44916
2 14676
2 45308
4 75008
2 8752
4 12942
2 40590
2 80008
2 69404
4 78274
4 34266
2 84544
2 10606
4 12878
2 15612
2 36356
2 42372
2 21738
4 59260
2 31076
2 88190
4 56002
2 37734
2 6066
4 68626
4 76344
2 97040
2 35204
4 79514
4 12234
4 97222
2 31652
4 31670
4 6570
4 40502
4 57714
2 9702
2 25594
4 93640
4 67278
2 73358
2 33750
4 3088
2 45310
4 7348
2 36648
4 90366
4 76984
4 55642
4 42852
4 31112
4 94808
2 26006
4 38698
2 39828
2 89148
4 39230
4 53272
4 4460
4 93192
2 30008
4 98648
4 94394
2 81076
4 83296
2 92470
2 87446
2 47414
4 58152
4 2280
4 62358
4 59616
2 87284
4 49222
4 16994
4 34710
4 75044
2 86234
4 14742
4 40168
2 12666
4 82114
2 35332
4 41880
2 22240
4 32280
2 40516
4 89472
4 19978
4 26828
2 88066
4 76798
4 60006
4 46724
2 6228
2 33046
2 42546
4 41722
4 75422
2 79676
4 65864
4 12032
4 49874
4 79860
2 63926
4 13344
2 66588
2 22624
2 97408
4 84334
4 74788
4 81890
4 94336
2 18324
4 13628
4 7550
2 8862
4 77570
4 74972
2 13270
2 7390
4 94454
2 82766
2 89038
2 75852
4 94762
4 89700
4 9822
4 85590
4 85166
4 19876
2 80054
4 58070
4 54742
4 638
2 4646
4 68486
2 83994
4 15264
4 54694
4 24992
4 91978
4 33996
4 43442
4 32616
2 76434
2 18494
4 62456
4 25424
4 74208
4 75408
4 64582
4 1762
4 6290
2 92300
2 90232
2 99036
2 71658
2 33728
4 56834
4 34786
4 99266
4 27124
2 28122
4 53468
2 15402
4 44758
4 83000
4 7498
4 6684
2 52324
4 4196
2 47360
2 20964
2 14132
2 71054
2 96392
4 14358
2 59302
4 71724
2 40300
2 45102
2 94280
4 99628
4 49006
4 27654
2 87392
4 49030
2 48266
4 27232
2 88386
2 23502
4 62452
4 94106
4 77982
2 74156
4 96624
2 55726
2 44196
2 31958
2 28176
2 75296
2 82030
4 48634
4 74718
2 51528
4 61192
2 72292
4 73952
4 63970
2 36294
2 26836
4 64538
4 57458
2 49706
4 98540
4 78000
4 87788
2 87546
2 72532
4 6868
2 35504
4 5768
2 81006
2 3450
4 10742
2 94270
4 10418
2 44338
2 94182
2 97388
4 55342
2 24620
2 75092
2 16860
2 38080
4 93148
4 44256
2 95522
2 69820
4 18488
2 83492
2 32740
2 13676
4 93858
2 60108
4 12218
2 89884
2 94574
2 71690
4 44000
2 55876
4 76736
2 82204
2 27750
4 79820
4 57256
4 74324
4 79434
2 33384
4 59490
4 59698
4 10500
2 68920
4 10096
2 19502
2 57468
2 97044
2 37592
2 36566
4 46654
2 65306
2 99558
4 53182
4 92080
4 65052
4 43102
2 49256
2 97532
4 79780
2 58268
4 73978
4 89258
4 4056
4 99690
2 13464
4 90904
2 43552
2 25852
4 67044
4 70648
4 84372
4 42570
4 45822
2 60240
2 65928
2 71736
4 55468
2 12308
2 87780
2 1184
4 14864
2 62946
2 45118
4 41706
2 88214
2 44816
2 33340
4 76814
4 49684
4 51870
4 96420
4 93818
4 7252
2 20884
2 28960
2 58182
4 92958
2 47844
4 19890
4 21990
4 26566
2 34398
2 78650
4 70718
4 62664
2 79284
4 58060
4 64680
2 18268
2 49920
4 62854
2 33838
2 32244
4 17532
4 90838
2 94556
4 26168
2 92
2 99078
4 15328
4 12686
2 77762
4 85006
2 90150
4 64738
4 96428
2 79784
4 49174
2 99122
4 98478
4 66386
2 8920
4 81962
4 94982
2 23560
4 85556
2 82456
4 58804
4 70012
4 35038
2 80724
4 9688
4 98388
4 83108
4 5902
2 30768
2 30556
2 70500
2 16656
2 50860
4 73314
2 63706
2 58856
4 48968
4 69378
4 41974
2 55092
2 82150
4 44314
2 72696
4 84902
4 35504
4 49192
4 46296
4 61676
4 45898
2 23328
4 17488
4 29858
4 35716
2 44980
2 42548
4 24442
4 65274
4 48134
2 60220
2 76696
4 31202
2 62766
4 4234
4 69056
2 7364
2 92534
4 96796
4 46852
2 63026
2 3906
2 15374
4 23124
4 44814
4 36666
2 36766
4 83112
4 17880
2 49244
4 13764
2 6936
2 98768
2 99306
2 62436
4 79342
2 39168
2 31452
4 78986
2 24754
2 13668
2 26056
2 96866
4 45774
4 80876
4 30012
2 73110
4 86102
4 35406
4 71376
4 93356
2 61198
2 52368
4 97264
2 22796
2 71666
4 71924
4 74550
4 9074
2 62372
4 90478
4 89432
2 78392
4 58792
2 45802
2 49380
2 77484
4 91632
2 61022
4 71610
2 16914
4 25838
4 59518
2 96666
2 66102
2 49062
4 93962
2 82324
2 70568
2 17324
2 19784
2 79844
4 87746
4 89514
2 37816
2 59736
2 44056
4 12300
2 21194
4 95854
2 18370
4 6784
4 40876
4 49106
2 82706
2 59974
2 7596
2 86188
2 26988
2 67086
2 7878
4 85272
2 55244
4 29362
2 72978
2 49936
4 34800
2 35182
2 94462
4 74940
2 34580
2 73988
2 35766
4 5358
2 10294
2 962
4 1302
4 87890
2 2346
2 85076
2 84972
2 9354
2 22788
4 96492
2 22028
2 25548
4 85446
2 82300
2 72554
2 79420
2 34674
2 61158
4 21186
2 31756
4 44626
4 6916
2 68916
4 90648
2 17514
2 3848
2 83572
4 63804
4 18508
2 83010
4 84060
2 64226
2 66846
4 40556
2 9890
4 17486
4 39870
4 56716
4 5466
2 96624
2 85340
4 3754
2 14830
2 49376
2 35034
2 11644
4 51260
2 32642
2 84844
2 79768
2 30388
4 1078
4 44744
4 88636
4 36702
4 45648
4 21000
2 86240
2 38312
2 47888
4 65150
4 81994
2 3500
2 73538
4 26576
2 11136
2 35360
2 53388
4 33262
4 18698
4 87632
2 48872
2 32382
4 8682
4 69404
2 28240
4 28660
2 75508
4 64372
4 20856
2 8946
4 60202
4 16458
2 65150
2 89374
2 38928
4 35346
2 29818
2 77938
4 41856
2 19412
2 31134
2 43810
4 49246
2 21476
2 42180
4 34070
2 85706
4 23590
4 49422
4 44286
2 52674
2 18082
4 10382
2 33756
2 19918
2 85376
2 44876
4 72482
4 9102
2 67620
4 9846
2 90306
2 65560
2 41452
4 31450
4 69872
2 35942
4 82154
4 8588
4 6852
2 5992
2 11070
4 6754
4 21214
2 91774
2 23160
4 7440
2 41720
4 91808
2 12804
4 11204
2 3240
4 77158
4 30488
2 1258
4 37422
4 81482
2 86650
2 90004
4 52248
2 84358
4 41558
2 1930
2 33140
2 3150
2 6022
2 64916
2 51680
4 93556
4 24366
2 77344
4 21564
4 57186
4 89148
4 21716
4 81658
4 174
2 28484
4 61704
2 69028
2 86878
2 8008
4 16562
4 69960
4 24044
2 9536
2 60410
2 29196
4 13368
2 1342
2 73168
2 94624
2 66920
4 56554
4 61912
2 69048
4 68780
2 55790
2 40586
2 12682
2 6970
4 51626
4 1242
4 690
2 63188
2 84116
2 43288
4 67232
2 94770
4 53214
2 40438
2 56672
2 62444
2 66640
2 86030
2 90184
2 60032
2 56026
4 24048
4 64702
2 43512
4 95038
4 43382
4 9278
2 24202
2 97422
2 45748
4 79266
2 9852
4 85296
2 7828
2 47944
2 34084
4 32654
2 53126
2 23436
2 46600
4 42974
2 56660
4 74760
2 59236
2 8926
2 89506
2 47042
2 81626
2 32236
2 4744
2 37956
2 44048
4 76862
4 74014
4 1432
2 2612
4 13826
4 6108
4 2996
2 94472
2 44734
4 22750
4 52752
4 40686
2 85224
4 75748
2 49800
2 9674
2 35056
2 81088
4 44280
4 56742
2 4024
4 11816
4 28582
4 16486
2 86672
2 22744
4 79818
2 25976
2 96184
2 98716
2 90010
2 16688
4 56308
4 81618
2 48586
4 29124
2 54480
2 92920
2 58048
4 23656
4 2070
4 12682
4 47610
2 93036
2 40956
4 90830
4 53276
4 67066
4 88624
2 63396
2 73330
4 34008
2 8552
4 42900
2 35838
2 34034
4 32924
2 56516
4 42382
2 48972
2 71636
2 38532
4 6040
2 38042
4 70842
4 12210
2 73994
2 76082
2 22160
2 45254
2 29088
4 48938
2 66522
2 61160
4 65126
4 36640
2 29940
4 20546
4 86762
2 91398
4 3712
4 1076
2 52638
2 16830
2 32732
2 7906
2 4578
4 57704
4 76416
2 16550
4 4094
4 55198
4 28576
2 88624
2 89712
4 87226
4 52994
2 14876
2 4358
4 79460
4 74480
4 21636
4 13428
4 39152
4 72158
2 61428
2 762
4 16836
4 30224
4 11188
2 53280
2 1358
4 16634
4 29142
2 34070
2 71360
2 22060
2 55254
4 58960
2 54344
4 71736
4 27300
2 33094
2 33534
4 63666
4 21372
2 37636
4 44348
2 46796
4 42250
4 54904
4 24622
4 45482
2 83944
2 50150
4 2354
2 15336
4 63012
2 67436
4 30182
2 93074
2 38876
4 17064
2 62718
4 7572
2 28144
4 58360
4 3784
2 44166
4 23406
4 74150
4 1002
2 93992
2 90384
2 41622
2 9766
2 98738
2 42004
4 48098
4 19750
2 7468
4 46004
2 42542
4 8054
2 11692
2 34808
4 74832
4 27422
4 40738
4 53460
4 52538
2 71386
4 85266
2 8588
2 14196
2 28754
4 28350
4 12604
2 99464
2 5622
4 53682
2 9540
4 90082
4 42008
4 98756
2 54900
2 44262
2 30090
4 26226
2 98754
4 95704
2 99936
2 88022
2 57282
4 78630
4 22734
4 58406
4 1830
4 73758
2 98182
4 97748
4 89602
4 56318
4 12634
2 47318
2 91842
4 40222
4 3964
4 64866
4 43752
4 50608
4 77270
4 84652
2 81302
4 95332
2 89536
4 8004
4 10352
2 66806
4 53014
2 56094
2 95214
2 99046
4 32092
2 55852
2 96680
4 98644
4 6828
4 39282
2 42268
2 21992
2 87010
2 61004
2 46010
2 58348
4 13384
2 46842
2 1456
4 37458
4 13692
4 16900
4 66304
2 98114
4 67078
4 50362
2 70684
4 37372
4 26970
4 21194
4 95118
2 19266
2 78286
4 62154
4 50618
4 18886
2 23318
2 90216
2 21686
4 52986
4 62882
4 69368
4 95228
2 85656
2 94648
2 45604
2 47096
4 52646
4 87492
2 50892
4 23160
4 4884
4 7672
4 23576
4 43294
2 73950
4 75640
2 50492
2 59530
4 53288
2 41096
4 98058
2 9634
4 38688
2 87636
2 70658
2 61380
4 68008
2 26338
2 95786
2 71124
2 35700
2 62006
4 1288
2 86206
4 59116
4 68308
4 24974
2 76698
2 95980
4 15158
2 84396
4 39236
4 60172
2 55186
2 56238
2 37970
2 99394
4 70834
2 6570
2 97356
4 15608
4 86132
4 15642
4 41510
2 83342
2 11014
2 1250
2 30054
2 78556
2 18450
4 36658
2 93910
2 11274
2 75010
4 63220
2 33076
2 83798
2 34194
4 67974
4 59906
2 17704
2 25320
4 20560
2 92004
4 38538
4 50786
2 1950
2 7732
4 5954
4 65928
4 20340
4 61052
2 95788
4 68760
2 692
4 37844
4 15788
2 6916
2 78146
2 69878
2 24920
2 11184
4 86042
4 4176
4 51934
4 98360
2 71564
4 45888
2 64400
2 70306
2 83202
2 96296
2 84768
4 43602
4 91758
4 79222
2 42652
2 6216
2 55856
2 43710
4 78502
2 88856
4 38052
2 47526
4 32674
2 28788
2 80436
4 9340
2 33924
2 16178
2 9162
2 82044
2 86726
4 33392
4 41538
4 10602
2 49632
2 50080
2 67726
4 26680
2 26938
4 66846
2 72064
4 42038
2 24008
2 5460
4 62136
4 72122
2 47388
4 7540
2 69972
4 5702
4 80568
2 27118
2 92480
2 64080
4 14156
2 88334
4 80418
2 262
2 24990
4 7878
4 52048
4 44196
4 53566
4 2468
2 44676
2 45834
2 48094
2 64628
2 85606
4 47600
4 96776
4 13922
2 28894
4 64928
2 95238
2 92034
4 69262
4 13790
2 93310
4 27568
4 646
4 27206
4 88838
4 22648
2 2176
4 90534
4 22758
2 35394
4 72006
2 68932
2 29036
4 72470
2 24262
4 22858
4 56424
2 89192
2 52012
4 72964
2 67022
2 83668
2 96576
4 68050
2 52838
4 31822
2 43406
2 46644
4 9094
4 53936
4 59684
4 41858
4 33110
4 98500
4 95072
4 79538
4 30778
4 79194
4 50394
4 77082
4 50704
4 22696
4 68394
2 75780
4 46230
4 69192
2 25938
4 67224
2 13552
2 47894
2 55044
4 68128
2 87270
4 47836
4 40356
4 9254
4 48650
2 74386
4 28900
2 9582
4 20218
2 75484
4 14680
2 5076
4 49410
2 90754
4 6458
4 19860
4 73618
4 17330
2 86016
2 6808
2 20516
4 3084
2 88260
2 97094
2 98210
2 82390
2 44514
4 14226
4 95408
2 67536
2 38522
4 50682
4 11644
2 98844
4 57216
2 48652
2 73086
4 92274
4 96694
2 96334
2 87518
4 82790
4 41678
2 11452
4 89234
2 45488
2 19632
4 14352
2 76386
4 86912
2 19018
4 78872
2 57158
2 22100
4 14676
2 12138
4 60990
2 68754
4 362
2 76268
4 57214
4 82492
4 19122
2 80338
2 16082
2 39954
4 63918
2 11648
2 66462
4 24066
4 9158
2 54158
2 83030
4 5070
4 71904
4 75000
4 33268
4 54424
2 88852
2 55836
2 63028
4 46112
2 7500
4 352
2 84524
2 22162
2 67816
4 39986
4 22496
4 58472
4 8756
4 37740
2 99976
2 14560
4 34412
4 62352
2 3230
4 57090
4 17072
2 12942
2 89914
2 84056
2 43086
4 26772
2 35914
4 7474
4 18048
2 86252
4 79642
4 40296
4 79038
2 18834
4 66674
4 71182
4 28710
2 71424
4 5034
4 52442
4 78012
4 92778
4 42002
2 89724
2 85298
4 842
4 14466
2 98306
2 42766
4 7840
4 59944
4 29474
2 97568
2 33684
4 50328
4 5578
2 77922
4 75196
2 27754
4 55282
4 30382
4 63370
2 35396
2 30220
2 27760
2 41518
2 6880
2 22984
2 56760
4 39598
2 32938
4 28164
4 18954
2 98044
4 80334
4 42822
2 43286
2 22052
2 43256
2 28948
2 73650
4 11482
4 4420
2 17168
2 7602
2 37932
4 49080
4 5690
4 46408
4 77656
2 56854
2 78552
4 49152
4 76478
2 12798
2 60258
4 22344
4 37538
4 48452
4 108
4 80406
2 61756
4 5736
4 88828
2 40740
2 71218
4 18840
2 99840
2 184
4 44070
4 21548
2 53494
2 15222
4 51472
2 8216
4 7434
4 91286
2 8028
2 79032
2 60296
4 84244
4 83412
2 97448
2 92304
2 32278
4 77278
4 616
2 41272
2 25970
4 42944
2 20384
2 29750
2 30490
2 40060
4 92410
4 65308
2 54790
2 18892
2 8936
4 34382
2 34028
2 28528
2 26036
4 41114
4 522
4 45046
2 20310
2 26498
4 32192
4 59150
4 67926
2 51994
4 79024
2 99598
2 4808
2 80670
4 47132
4 82890
2 83002
2 70932
2 87576
4 93294
2 17916
4 87966
2 80594
2 32180
2 40888
4 58742
4 27248
2 96638
4 99992
2 50626
2 9062
4 71716
2 55406
2 90266
4 50268
2 66632
2 20060
2 27650
4 8898
4 15542
4 55684
4 43526
2 42340
4 12532
2 80676
2 4726
2 4924
2 53440
2 28280
2 6344
4 36362
4 6582
4 4186
4 99246
4 56524
4 49374
4 94216
2 23730
4 87516
2 75518
4 32452
2 9158
2 43754
4 57332
2 76122
2 27400
4 85884
2 8398
4 58106
2 22684
4 13870
2 24174
4 83270
2 66204
2 95896
4 73520
4 90076
4 86778
2 15810
2 57580
4 41134
2 20058
4 46618
4 27780
4 83116
2 90052
4 31046
4 32072
4 15456
2 47758
4 1964
4 67586
4 55750
4 88018
4 71626
4 92686
2 34080
4 27882
2 75314
4 15696
4 41838
2 63118
4 72050
4 33656
4 85358
2 31350
4 94192
4 77454
2 99762
4 21766
4 18808
4 69190
2 73218
2 57136
4 66436
2 23776
2 61280
2 52364
2 47930
2 42634
4 57836
4 78732
4 95150
4 50602
4 97082
4 14880
4 68470
4 1322
2 65780
2 89730
2 17232
2 92254
2 59880
2 37142
4 22748
2 82732
4 5388
2 64608
2 51216
4 65818
4 302
2 60730
4 3526
4 72130
4 20306
2 5030
4 876
4 94812
2 22836
4 75074
2 31784
2 42242
4 9452
4 15846
2 22906
2 81770
4 52140
2 67752
2 17790
2 6270
2 32420
4 68552
4 36070
4 52356
4 80858
4 69740
4 33060
2 81932
4 67980
2 49692
2 69080
4 74818
2 45208
2 39964
2 27324
4 8372
2 2586
4 18892
2 92056
4 33068
4 80782
4 59012
4 25336
2 99984
4 80646
2 82224
2 2744
4 13690
2 96164
4 77070
2 73162
4 51434
2 31862
2 74482
4 59338
2 85128
2 872
4 2400
4 77306
4 76732
2 30870
2 69824
2 20526
4 88288
2 48736
4 51676
2 79904
2 58308
2 85034
4 33254
4 68104
2 18444
2 5628
4 30730
4 53090
4 20520
2 34794
2 81066
4 54516
4 93702
2 86466
2 18862
4 88204
2 37540
4 9966
4 38738
4 51570
4 58430
2 55752
4 45040
2 35208
4 69154
2 51868
4 2602
2 77218
4 92002
4 88526
4 9192
2 8638
4 19902
4 31518
4 98646
2 434
4 23122
4 83710
2 52350
2 25598
2 65098
2 75652
4 21428
4 46292
4 42192
4 57762
2 66078
4 36198
2 67948
4 38638
2 66242
2 40120
2 61636
2 79912
4 90156
2 76252
4 3552
2 85984
4 49944
4 53636
4 88570
4 84958
2 64138
4 85468
4 3590
4 24214
4 95510
4 26946
4 85476
4 19822
2 41816
4 82762
4 50668
2 28714
4 20020
2 52956
2 340
2 13120
2 74760
4 93814
4 91440
4 9830
4 7564
2 5236
4 834
2 44264
2 62476
2 71702
2 7412
2 50200
2 57028
4 71190
2 44746
2 13396
2 12562
4 50596
4 99012
2 25716
2 20138
4 46042
2 55464
2 75608
4 74678
2 91756
2 49694
4 13984
2 85726
4 32678
4 64464
4 35982
4 93828
4 76882
4 82906
4 60854
4 38922
2 41400
4 2688
4 32000
4 64112
4 29202
4 17304
4 73684
4 22498
4 34510
2 11050
2 4910
2 26974
2 53096
2 96014
2 85020
2 33318
2 42980
4 36860
2 90476
4 18146
4 79936
2 57986
4 30164
4 60824
4 62412
4 10406
2 22876
2 79120
4 72388
4 77834
4 9934
2 88370
2 62250
2 2140
2 71744
4 90728
4 816
4 38916
4 90668
4 84890
4 9130
2 49990
4 71952
2 19078
4 67754
2 27402
2 11502
2 8484
2 60330
2 84598
4 9152
2 15842
4 96954
2 67616
4 39370
4 55076
2 36470
4 91748
2 81010
2 66526
2 32968
2 25936
2 20008
4 25074
4 6314
2 46788
2 62032
4 98898
2 95402
4 61274
2 71232
2 8224
4 35368
4 33200
2 18652
2 36458
2 96748
2 1102
4 72600
4 83812
2 20056
4 68880
4 24472
2 2048
4 69566
4 90462
4 55744
4 15934
4 5218
4 26198
2 39904
2 85918
2 98590
4 29256
4 69830
2 38348
2 78634
4 48690
4 4114
4 5540
2 88748
4 48190
4 19070
2 67034
4 88696
2 15326
4 43460
4 19610
4 81520
2 69452
4 36166
2 79634
4 44486
4 26866
2 18414
2 31228
4 49230
2 56772
4 42436
2 25672
4 14692
2 39458
2 12486
4 46490
4 22330
4 52106
2 60186
4 75376
4 87832
2 39548
2 30214
4 83554
2 38846
2 74992
4 95690
4 11958
2 60640
4 95618
2 18754
4 84084
2 18690
2 46682
4 19314
4 69510
2 50194
4 78282
2 24296
2 47798
4 62040
2 65920
2 47556
4 21816
2 70018
4 95002
4 88092
2 7714
2 41526
4 35808
4 13560
4 6140
2 87468
4 12726
2 32612
4 53146
4 80260
2 18118
2 37912
4 7240
2 13306
4 49776
2 46008
4 32964
2 69284
4 80526
4 17466
2 42000
4 84150
4 33166
2 30176
4 54532
2 14712
2 10492
2 80856
4 3040
4 10764
4 87018
2 78384
2 32332
4 41782
4 9170
4 48352
4 32648
2 73524
2 64744
4 3172
4 90842
2 87792
4 90716
4 35802
4 70050
2 81680
4 97466
4 84724
4 71502
2 65590
2 96020
4 84360
4 36130
4 56042
2 98676
2 56306
2 37094
2 76466
4 82230
2 33686
4 67614
2 54398
2 66650
4 36414
2 55150
4 51832
2 20808
4 82568
2 76866
4 36078
4 1522
2 73450
4 12090
2 62872
2 91706
4 60884
4 85954
2 14090
4 66626
4 42366
4 39888
4 14242
2 68452
4 68904
4 94012
2 13532
2 34738
4 48860
2 13786
2 65028
4 21454
4 46332
4 98104
2 84594
4 11636
4 13160
2 53926
2 76266
4 86552
2 66002
4 59110
2 38182
2 55600
4 58734
4 25042
4 94002
4 77320
4 31382
2 46188
4 29992
2 56642
4 12572
4 47070
2 48962
2 2546
4 3322
2 91846
2 54048
2 90632
2 100
4 31880
4 11734
2 42890
2 1886
2 86306
4 28098
2 60388
2 39188
4 63858
4 21996
4 32682
4 5184
2 99032
4 28172
2 81862
2 15520
2 20450
2 79898
4 85552
2 82210
2 59130
2 9902
4 50986
4 9234
2 75792
4 41596
2 17888
4 35054
4 24394
4 52948
4 21164
4 15088
2 93622
4 71712
4 75634
4 16224
4 14388
4 52482
4 51924
4 30878
4 52012
4 588
4 13082
2 68836
2 1352
2 98250
4 63138
2 23026
2 51410
4 70690
2 33856
4 61994
2 52454
4 58982
2 42330
4 6968
4 73838
2 95092
2 84880
4 82800
4 56826
4 80038
2 79312
4 72798
2 49408
2 75400
4 79396
4 99706
4 85676
4 36564
2 63440
4 94824
4 45414
2 37240
4 69524
4 99728
2 79132
4 50124
2 70260
4 97928
2 63718
2 14062
2 59482
2 49210
2 27298
2 66212
2 77202
4 35088
2 71510
2 41516
2 71888
2 95770
4 90236
4 19892
4 15310
4 35888
2 34162
4 67106
2 89004
2 48144
4 57896
2 96614
2 50054
4 66944
2 68692
4 96804
4 26274
2 16628
4 54358
4 62334
2 23256
2 56498
4 14978
2 13516
4 4590
2 27588
4 93122
2 70146
4 47378
2 86388
4 30020
2 35170
2 96626
2 62062
2 49584
2 39570
2 41236
2 95398
4 58828
2 32998
4 74202
4 13788
4 50488
4 57208
4 56472
2 20810
2 39720
4 41238
4 89060
2 16018
2 31212
4 18884
2 61062
2 90448
4 94276
2 71650
2 6028
2 85154
4 61716
2 97484
2 72288
2 54696
4 840
2 95764
4 98550
4 33406
2 28866
2 55892
4 59748
4 94468
4 54648
4 98896
2 73848
4 60290
4 19948
4 25874
2 47300
2 96512
4 99260
4 37052
2 14866
4 44228
2 54676
2 60696
4 65158
4 18278
4 11996
2 4068
2 97634
4 47390
4 11932
2 52666
2 59344
4 23786
4 39808
2 8286
2 62238
2 99666
2 42316
2 91786
4 16306
4 82840
4 62454
2 95408
4 1874
2 70118
4 58796
2 73704
2 2340
2 60722
4 37512
2 15896
2 60994
4 32398
4 50576
4 58698
4 82134
4 60192
2 42614
4 74674
2 77596
2 40722
4 72362
2 94846
4 98990
2 94388
4 89970
4 58518
2 23208
4 63610
2 73468
2 13060
4 24150
2 70886
2 19334
4 16670
4 73442
4 63180
4 50638
4 15592
2 4868
4 72884
4 82564
2 6960
2 36152
2 45378
4 62864
2 4210
4 36108
2 26558
4 39656
4 62566
2 4040
2 7526
2 83934
2 5836
2 91266
4 37370
4 96580
2 68306
4 73700
2 15644
2 97134
4 32668
2 49332
4 37890
2 20150
4 64530
4 94598
2 3874
2 19470
4 3304
2 87814
2 60490
4 4428
2 57494
2 1630
4 17068
2 16814
2 6686
2 12692
4 15520
4 31320
2 6706
4 23804
4 86562
4 5296
2 62194
4 45628
2 13224
4 49806
4 43898
2 89918
2 8422
2 15700
4 67298
4 85792
4 82062
4 27200
2 646
4 30892
4 7522
2 22538
2 50228
4 33372
2 19594
4 7094
4 16024
2 44608
4 7544
2 4438
4 67214
4 53780
2 98484
4 94840
4 38462
2 4718
2 62538
2 56290
4 64930
2 24624
2 83880
2 54994
2 7370
4 82452
2 72388
2 68034
4 24676
2 43496
4 13986
4 9818
2 59608
2 19224
4 91070
2 48818
4 54368
2 26808
4 78364
2 43392
4 28184
4 69646
4 29020
2 97008
4 71934
2 41240
4 69548
2 22902
2 11440
4 31236
2 41026
4 35184
2 95888
4 4778
2 29796
2 60230
2 91078
4 82462
4 81010
2 28392
2 26462
2 72750
2 24292
2 4560
4 8720
2 83866
2 37608
2 51014
4 20634
2 17644
4 69500
4 49484
4 78360
2 96522
4 49438
2 1826
2 71226
4 390
4 4314
4 32424
2 58416
4 67662
2 87560
2 41702
2 13484
2 54668
4 96272
2 48116
2 85012
4 45960
2 36706
2 38030
4 86040
2 55928
2 65322
2 63286
2 63318
4 79332
2 726
2 79226
2 37012
2 75638
4 29880
4 60998
4 12506
4 95012
2 89480
2 83634
4 54152
4 70174
4 26892
4 8326
2 78492
4 47428
4 91310
4 8158
2 88568
2 8768
2 69524
2 19084
4 31036
4 82464
2 18400
4 34738
2 50580
2 70008
4 49258
4 70020
4 91010
4 59126
2 71334
4 94434
4 69496
2 35950
2 1562
4 47628
2 5680
2 11688
2 56602
4 11726
4 75280
4 48442
2 27374
4 92268
4 62310
2 26184
2 94424
2 46340
2 58558
2 66530
2 17392
2 38798
4 91738
2 66146
2 57306
4 60156
4 56386
2 72546
2 58112
4 17352
4 24176
4 19108
4 90666
2 17390
2 2206
2 88844
2 36798
4 88898
4 45308
4 24826
4 43068
2 586
4 76460
4 92402
4 19904
4 17186
2 31174
2 19796
4 33662
4 86186
2 17632
4 46720
4 35634
4 91150
2 31754
2 75570
2 61548
2 24094
2 25334
4 51714
4 62380
2 53950
2 36916
2 87388
4 95378
2 21844
4 31596
4 30446
2 41110
4 50258
4 36378
4 33396
4 31314
2 81328
2 63306
2 24856
2 68198
2 31148
2 93364
2 48182
2 39800
2 11642
4 19044
4 49558
4 4498
2 37854
2 51840
4 55854
4 29944
4 98624
2 59470
2 75796
2 7270
4 77776
2 74686
2 13514
4 30820
2 91232
2 85118
4 73268
4 35136
4 69798
4 19598
2 20136
2 51744
2 27294
2 73824
4 72282
2 93228
2 49740
4 67190
4 85768
4 32426
2 14112
4 63964
2 98418
4 23268
4 94456
4 65442
4 63416
4 53586
4 59604
4 43352
4 99440
4 2018
2 44172
4 83068
2 68404
2 82964
4 46324
2 57326
4 9508
2 7936
2 20352
2 16758
4 75642
4 70940
2 15922
2 92492
2 45302
2 73064
4 9096
2 24986
2 29900
2 42354
4 55898
4 85410
2 40746
4 33294
2 99360
4 37744
4 76068
4 31424
2 46962
2 66550
4 87620
2 16670
4 95948
2 60854
2 43448
2 58234
2 69448
2 20378
2 60172
4 81012
2 72446
4 58672
4 65416
4 92368
2 28430
2 16234
2 29688
4 64228
4 73358
2 46062
2 48628
2 71088
2 98956
4 20912
4 35552
4 796
2 51556
4 49584
2 49202
4 88318
4 31690
2 27902
2 99824
2 82360
4 62080
4 7652
2 84286
4 81506
4 57774
2 39204
2 59098
2 81082
4 4726
4 99058
2 71896
4 48618
4 78434
2 3612
4 80170
4 90440
2 48718
2 44936
2 83506
2 38902
2 1726
4 34392
4 73806
4 21240
2 54760
4 23134
4 42848
2 4710
2 52100
2 78812
2 69714
4 91512
4 7298
4 92700
4 45432
4 47582
2 15096
4 96968
4 20016
4 46430
4 54774
4 25360
2 77652
4 9200
2 83428
4 15354
2 8156
4 6192
2 56140
2 14818
4 18150
4 15464
2 50336
2 50904
4 17912
4 79982
2 54472
4 33412
4 67382
4 79594
2 79950
4 2638
4 15068
2 97952
2 94190
4 88036
4 74216
2 90840
2 1050
2 68664
2 21632
4 75762
2 12952
2 3752
2 34508
4 15344
4 56238
4 53642
2 81482
4 84420
2 62046
2 20498
4 85204
4 33158
4 16872
4 23608
4 77120
4 3916
2 50992
4 38860
2 91302
4 51722
2 28108
2 472
4 11928
4 50390
4 68212
4 12228
2 51298
2 63368
4 84644
2 30902
4 56188
2 16778
4 53284
2 74014
4 38572
2 56526
2 87550
4 75314
2 76726
4 6208
2 45316
4 13988
2 60996
4 33374
4 80896
2 78688
4 66468
2 86300
2 40402
4 74446
2 93116
2 26186
2 41138
4 39714
2 47148
4 48346
4 8822
2 24176
4 82340
2 14984
4 90432
2 62688
4 41528
2 98110
4 28902
4 49494
4 88014
4 9312
4 29276
4 73254
2 13868
2 85600
4 55640
2 21478
4 97154
4 95808
2 99684
4 6160
2 43680
2 11808
4 89388
2 68200
2 36200
4 45718
4 62328
2 13460
2 36276
2 84150
4 58270
4 35028
2 55208
2 89830
2 22784
2 59488
2 2230
2 63302
4 24924
4 76908
2 21512
2 81582
4 17202
4 70752
4 13976
2 89416
2 62396
4 22770
2 10344
4 23866
2 75080
2 29850
2 19930
2 25118
2 36606
4 17566
2 89054
4 21520
2 74418
4 57670
2 92002
2 72184
4 53274
4 85682
4 83768
4 2078
4 36194
4 20388
4 93194
2 96458
2 34474
2 94248
2 43984
2 95116
4 2752
2 57934
4 7288
2 3564
4 97288
4 55360
2 7140
4 42500
2 99242
2 67072
2 74786
4 13138
2 41002
2 11946
4 4892
2 54380
4 94800
2 68690
2 9490
2 68396
2 43808
4 76334
4 56056
2 51198
4 67568
4 95158
2 23708
4 52224
2 74076
4 8490
4 76856
4 27024
4 29152
2 35424
2 70878
4 94744
2 75032
4 46130
4 70792
2 80166
4 93500
2 71050
2 11112
4 32594
4 29938
4 78906
4 24514
4 64222
2 26356
4 16972
4 92160
4 49580
4 78892
4 49428
4 77708
4 54492
4 10158
2 97998
2 25428
2 52000
2 44728
2 26048
2 63790
2 65640
4 36456
4 21108
4 79552
4 80078
2 40090
4 94328
4 35034
2 36574
4 71160
2 42572
4 54548
4 47186
4 38542
2 26714
2 53804
2 25748
4 59128
4 16740
4 26520
4 87416
4 4956
2 3996
2 77160
4 9736
2 80088
4 44628
4 42200
2 57844
2 54026
2 10320
2 27550
2 74228
4 72598
4 44892
2 42418
2 16744
2 90596
2 99646
4 63042
4 99332
4 4336
2 97884
4 53132
4 62486
4 25056
4 23706
4 86606
4 4302
4 65242
2 27540
4 18082
4 87792
2 49032
2 36270
4 45558
4 87100
4 5450
2 23542
2 23240
2 7210
2 75662
2 93624
2 68120
2 354
4 97510
4 61316
2 53564
2 99024
2 532
4 28896
4 2664
4 33088
4 25722
2 8572
4 58040
4 3744
2 96850
4 1844
2 56456
2 96116
2 25954
2 20998
4 88644
4 66566
4 26712
4 78186
2 76800
4 70612
2 22562
2 13726
4 63246
2 95836
4 366
4 56048
2 26420
2 93508
2 40340
4 28850
4 88150
2 71790
4 89894
2 98718
4 68658
2 88956
2 29222
2 97526
4 62398
2 53204
2 77768
2 65476
2 62798
4 8350
4 56712
4 84078
2 89958
2 16792
4 63870
2 12690
4 45016
4 90586
2 67526
4 45858
2 25200
4 85426
2 61912
2 85758
4 44464
2 42358
4 49952
2 38434
2 72874
2 12400
2 15708
4 88874
4 39124
2 78130
2 34046
4 23976
2 31678
2 58734
2 43528
4 14604
4 29516
2 55448
2 30186
2 29466
4 74954
4 85538
2 1142
4 20268
4 12024
4 95582
4 33380
2 65416
4 18056
2 89604
4 97372
2 80308
4 98266
2 6560
2 31160
4 43202
4 17152
2 80540
4 6586
2 50146
2 74460
2 7276
4 68166
2 33022
2 72294
4 83106
2 96028
2 58988
2 11316
4 45976
4 5008
4 12738
2 17112
4 29630
2 286
4 7504
4 78508
4 42290
2 85752
2 93740
2 34702
2 79296
2 45998
2 85022
4 13544
4 3202
4 49216
4 47578
2 17806
2 24948
2 45510
2 57742
2 77498
2 7700
2 7916
4 81722
4 10486
4 11358
2 98426
4 10182
2 61688
2 46816
2 46560
4 99656
4 70540
4 52468
2 78738
2 97378
4 7162
2 28830
4 55984
2 10260
2 69944
2 26544
2 83032
4 76636
4 14652
2 97190
2 2540
4 90420
2 39878
4 56088
4 5400
2 53576
4 92574
2 72936
4 11906
4 32064
4 84190
2 23356
4 84030
4 1974
4 89366
2 13388
4 72668
4 14752
4 32042
4 36178
4 74564
4 59546
2 47732
2 80496
4 66042
4 81418
2 66022
2 70220
2 14624
2 77464
2 11668
4 87208
2 66922
4 57772
2 2774
4 1170
2 36750
4 46700
4 94432
4 22966
4 26720
2 81178
4 26800
4 62986
2 62120
2 81658
2 66722
4 75852
2 55470
4 80288
4 33824
4 69870
4 24794
2 57064
4 8918
4 16692
4 14190
4 21926
4 39620
2 4812
2 13644
2 71906
2 68998
4 54426
4 11540
4 75040
4 18120
2 19436
2 91122
4 71148
2 19180
2 19938
4 68960
4 67946
4 598
2 3866
2 73280
4 45974
4 47806
2 22302
4 60728
4 47258
2 33980
4 33670
2 96394
4 69004
2 80952
2 28622
4 12020
2 38258
4 80322
4 54510
2 87972
2 37340
4 90956
2 27788
2 51948
2 24894
2 56216
2 87830
4 43710
2 97914
4 53420
2 59944
2 86328
2 99196
4 77960
4 12400
4 86770
2 49458
4 71070
4 46702
2 54826
4 70804
2 99566
4 13498
2 74470
4 87046
4 12348
2 43460
2 55804
2 32544
4 92586
4 18218
4 55782
4 56720
2 74214
2 68426
4 85660
2 47234
2 75494
4 17836
2 63754
4 27948
2 88654
2 31696
2 94486
2 76302
2 19450
2 84516
2 68170
2 29220
4 6152
2 44266
4 41622
2 44466
2 53284
4 1478
2 21822
2 39098
4 77780
4 10220
4 64550
4 17666
4 22116
4 8392
4 39146
2 87618
2 24030
4 68410
2 37278
4 40070
2 11680
4 75824
4 88868
2 88816
2 90730
2 53468
2 3326
4 43890
2 86648
2 71248
2 460
4 64812
4 64836
4 65582
2 11194
4 25468
4 57188
2 58710
2 14760
4 1042
4 6086
4 23418
4 30362
4 56022
4 70916
4 42132
2 79304
2 33484
4 26758
4 67302
2 28668
2 77298
4 73096
2 50582
4 3226
2 18246
4 64486
4 73130
4 6158
4 56388
4 83822
2 42434
4 10900
2 24872
2 28664
4 29040
4 5338
2 9056
4 11168
2 81032
2 14422
4 24912
2 87084
2 50156
4 75104
4 86628
2 29922
2 92678
4 37380
4 95650
4 30078
4 79260
4 500
2 80552
4 64022
4 22044
4 50164
4 67144
2 23526
2 58406
2 69604
4 43038
4 76520
2 53066
4 76270
2 80348
4 34340
2 56508
4 64258
4 15140
4 92596
2 58738
4 45652
2 12868
4 35690
2 43280
2 43890
4 89966
2 54822
4 82396
4 71202
4 69532
2 87530
4 76932
2 63560
4 43888
2 60470
4 6384
2 64128
2 15380
4 8104
2 56514
4 96662
4 16974
4 32572
4 17646
4 92840
4 28980
4 86988
2 16128
4 970
4 41506
2 70366
4 3698
4 72514
2 52284
2 15864
4 65466
2 14756
4 71286
4 1352
2 58864
4 64922
2 68250
2 52680
2 17464
4 63652
4 10808
4 24126
4 44502
2 92094
4 31868
2 87952
4 44808
2 91764
2 32476
2 14292
4 17360
4 99430
2 66532
2 85512
2 19746
2 29216
4 2710
2 47628
2 17856
4 16748
2 58418
4 35560
2 80996
2 98982
4 62530
2 71496
4 29982
2 59892
4 68314
2 79004
2 70410
4 88446
4 68980
2 74994
4 76892
2 3786
4 59256
2 17784
2 15322
4 21100
2 93768
2 30202
2 65514
4 57588
4 72132
4 31662
2 13364
2 44878
4 95850
2 5504
4 76180
4 72724
2 29964
2 14392
2 28690
2 66748
2 14094
2 15480
2 69038
2 67978
2 15534
2 47518
4 17220
2 25228
4 5504
2 39546
4 43942
2 57394
4 70742
2 79000
4 43440
4 17498
2 82128
2 37908
4 6726
2 34768
4 59112
4 7944
4 89122
2 81948
2 44678
2 19890
4 82072
4 40280
4 92326
4 64990
2 26398
4 15472
4 4652
2 65408
4 72184
4 49976
2 3468
4 73696
4 51674
4 30146
2 5362
4 14086
2 71548
4 70278
2 84110
2 2124
2 35296
4 52370
2 3908
4 94508
4 12044
2 1998
4 84706
2 50768
4 66486
2 26278
4 35662
2 71100
2 87064
2 74848
2 45070
4 63894
4 9396
2 76162
4 95500
4 61000
4 98344
2 81492
4 65002
2 74680
4 88722
2 11372
2 11064
2 14270
2 17062
2 84998
2 99236
2 44774
2 17702
4 74656
4 12698
2 38386
4 64708
4 48648
4 67914
2 47540
4 60264
4 19856
2 12910
4 21480
2 93832
4 70340
2 46774
2 18896
2 79588
2 90242
4 27454
4 42226
2 12962
2 21248
2 89134
2 978
2 6956
2 12180
2 8146
4 87872
4 94492
4 87642
4 6038
4 94894
2 36874
2 90480
4 51898
2 75936
2 53538
2 37112
4 68968
2 53692
4 12948
2 25260
4 78468
2 42922
2 93902
4 1156
4 70074
4 79404
4 98114
2 18838
4 76988
4 66898
2 24212
2 97710
4 13106
2 6776
2 53566
2 24430
4 46964
4 74728
2 54182
2 97772
4 74372
2 8490
2 63876
2 44174
2 33734
2 54780
2 60472
2 10450
4 23834
2 24384
2 53874
4 61592
4 31542
2 56328
2 40110
4 48212
4 11750
2 24638
2 4312
2 42972
2 67968
4 62516
4 71484
2 574
4 1976
4 8774
2 88804
4 5560
4 64762
4 8660
2 93062
2 48524
2 94602
4 14454
4 30122
2 38954
2 41022
4 28748
4 59574
4 33384
4 99064
4 21682
4 36958
2 84490
2 27354
2 60396
2 92602
2 97582
2 6990
4 58112
4 63836
4 46244
4 45498
2 23344
2 64200
2 63670
2 38166
2 55068
4 92044
2 96446
2 1160
4 33164
4 90442
2 57422
4 48638
4 59278
4 75126
4 72778
4 46150
2 36442
4 86436
4 28214
2 54162
2 3454
2 95628
4 44376
4 62694
4 24582
2 7614
4 52056
2 4678
4 37754
2 43642
2 58820
2 99408
2 17990
4 5000
4 33450
4 53490
4 72100
2 24572
2 81710
2 75062
4 80422
2 25166
2 62918
4 75702
2 5152
4 80266
2 43296
4 96834
2 49228
2 138
2 6278
4 24558
4 41416
4 21504
2 81240
2 30720
2 33624
2 75112
2 78464
4 93262
4 18980
2 51616
4 78236
4 36014
4 15700
2 51320
4 30456
2 48422
4 6618
4 75722
4 98710
2 1908
2 39972
4 8458
2 98268
2 42926
4 68512
2 18884
4 45344
4 38020
2 10980
2 63540
2 89744
2 56804
2 25502
4 70698
4 92606
2 26666
2 4994
4 67682
2 92536
2 38100
2 68402
4 81058
2 66508
2 6576
4 17600
4 90470
2 22860
2 73066
4 46858
2 48978
4 15986
2 94178
2 38284
2 14860
2 34968
4 37570
4 11102
2 206
4 10782
2 42018
4 50824
2 58808
4 7060
2 98220
2 6632
4 74642
4 36652
4 59496
2 91136
4 73010
4 9474
2 71876
4 68646
4 31018
2 12350
4 30062
2 6566
4 73046
4 56574
2 6434
2 12732
2 30000
2 24042
2 46396
2 47780
2 98054
2 44978
2 77418
2 81208
4 94420
2 99320
2 75070
2 78612
4 15294
4 99466
2 76556
4 17226
4 54382
4 21292
2 82484
4 72646
4 88774
4 90286
2 25972
4 98562
4 18338
2 97030
4 43944
2 76182
2 99782
2 21980
2 75858
4 41754
2 42860
2 25910
2 48062
4 2456
4 40790
2 70846
4 32022
4 79298
2 26900
4 31828
4 44418
2 24774
4 51320
2 47892
2 41302
2 87632
2 69134
2 9160
4 36352
4 18272
2 33316
2 5474
4 19336
2 59408
2 41942
2 98118
4 79116
2 55138
2 84338
4 50526
4 1606
4 53952
4 15978
4 9352
4 61372
4 60888
2 89372
2 93154
2 69272
2 97762
4 66392
2 20132
2 50334
2 48214
4 24376
4 82570
2 73584
2 9098
4 80088
2 3432
2 35910
2 94332
2 63872
2 73714
4 63048
4 95262
2 53734
4 85570
2 93838
4 66948
2 10174
2 6608
4 83994
2 88262
4 92190
4 87278
2 72222
4 27946
4 92884
2 71368
2 60454
4 52146
2 99926
4 37070
2 30276
4 39842
2 45666
4 47998
4 10222
4 83982
2 43774
4 14332
2 33476
2 3608
4 28654
4 69094
4 49734
4 44962
2 46150
4 11646
4 14612
4 81966
2 34270
2 27864
2 44888
2 83304
4 74806
2 47054
2 28066
4 30514
2 44402
4 9210
4 24932
2 37578
4 70400
2 55738
2 78642
4 14276
4 4122
2 93512
4 34112
2 70668
2 14716
2 36814
4 4362
2 63890
4 96506
4 26164
4 49592
2 54880
4 9484
2 73512
4 134
4 15330
4 36600
2 37154
2 83896
4 32322
4 35864
4 26292
4 14266
2 27424
2 56540
2 64790
4 22876
4 1842
4 676
2 3024
4 37596
2 5926
4 60862
2 99908
2 78156
4 5666
2 23862
2 42058
4 84914
4 23278
2 52248
4 89614
2 19082
4 23594
2 50834
4 87744
2 19866
4 90310
2 64148
4 46508
4 92906
4 40726
4 1660
2 80156
4 64764
4 93034
2 1596
4 35904
2 9006
2 35582
2 14080
2 98462
2 92774
2 92848
2 11522
4 71682
2 93498
2 47576
2 73592
4 14870
4 42160
2 25312
2 62228
4 16198
2 10396
2 36726
4 2466
2 1356
4 83886
4 87000
4 55196
2 56984
2 66032
4 95576
4 7254
2 58702
4 57338
2 22764
4 98886
2 37370
2 83236
4 39350
2 72806
2 7770
4 65226
4 49014
2 84098
2 34314
4 49102
4 52858
2 70786
2 59486
4 74410
2 79960
4 7620
4 57562
4 71544
2 99276
2 50958
4 62086
4 10358
4 36952
4 68234
4 77898
4 74218
4 21506
2 53818
4 98064
2 41926
4 70452
2 86968
2 95536
4 64462
2 4662
2 81364
4 92086
2 8410
2 80708
4 90048
2 79680
4 79088
4 96372
4 23994
4 38930
4 55704
2 46092
2 65102
2 21780
2 1854
2 85868
2 21708
4 54356
2 36602
4 88894
4 64878
2 29588
2 32772
2 83238
2 15348
2 20098
4 40182
2 844
4 77232
4 23308
2 55954
2 37134
4 36956
2 85428
2 26134
4 52564
4 84016
2 49286
4 236
2 97534
4 70866
2 87112
2 99698
4 30758
2 24908
4 78440
2 11228
2 37238
4 74350
4 47072
2 18350
2 81438
4 48526
2 11258
2 21968
2 59516
2 15010
4 65252
2 70974
4 1286
4 80986
4 37586
4 83544
2 32830
4 25184
4 99102
4 70740
2 52826
4 34254
4 49566
4 11506
4 19024
4 50182
4 32488
4 34650
4 82224
4 77610
4 88518
4 62894
4 36386
4 52532
4 81192
2 28554
4 93202
4 13726
2 91760
4 73944
2 15032
2 78252
4 29664
4 63828
4 44242
4 74038
2 13500
2 18864
2 31886
2 27182
4 82960
2 5846
2 9310
2 37922
4 11136
4 92550
2 51340
4 12594
4 87922
4 36584
4 3216
4 3700
2 1124
4 47796
4 13686
2 36930
2 65204
2 48234
2 34842
4 97518
4 38300
4 90820
4 17526
4 47686
4 56078
4 19120
4 76340
4 60324
4 84822
2 32904
4 81928
2 76274
4 40154
4 70944
4 78978
2 83674
2 70116
4 34516
2 21832
4 45500
2 66086
4 85500
4 52332
2 73634
2 35746
2 31186
2 34650
2 53496
4 99584
4 22140
2 20672
4 16152
4 14790
4 4166
2 19848
2 4738
2 55110
2 40050
4 62642
4 87794
2 72910
4 45406
2 62664
4 95152
2 10322
2 16666
2 86950
2 95594
4 29192
2 15734
2 64974
2 72358
4 86358
2 1218
2 66376
2 33262
4 43242
4 14480
4 81260
4 40246
4 82924
4 71516
2 58162
4 51238
2 97054
4 59082
4 1942
2 9250
2 73958
2 92318
2 94074
2 92362
4 98860
2 38416
4 46162
4 53588
4 76562
4 36864
4 76100
2 36710
2 95108
2 83216
4 16988
2 82398
2 92530
2 11604
2 78258
2 9410
4 47740
2 24924
2 55522
2 30686
2 99434
2 23648
4 43194
2 50634
4 38404
4 47066
2 44004
4 99996
2 97188
4 56862
2 60064
4 99990
2 15544
4 84170
4 76348
2 52868
2 2754
4 63926
2 94562
4 65566
2 49118
2 40024
4 18624
4 49346
2 17624
4 32462
4 19344
2 15498
2 76894
2 38246
2 64280
4 468
4 52834
4 44872
2 86496
2 55714
2 39902
4 48660
4 11468
4 16908
4 8362
4 53666
2 15308
4 88802
4 89334
4 69940
2 21278
4 53756
4 94734
4 92828
4 21098
2 45932
4 84126
4 25350
2 95538
2 28250
2 3334
2 58300
4 46320
2 64144
2 20818
2 94674
2 41340
2 40074
2 58590
2 54728
2 16876
2 75258
2 3876
2 39912
4 93974
4 74958
4 27582
2 41676
2 89820
2 51860
2 46884
4 92220
4 58482
2 24450
2 34404
4 72906
4 38710
2 56346
2 54670
4 62122
4 654
2 80168
2 12008
4 60068
4 52494
4 96736
4 23894
2 2350
4 42126
4 35254
4 74160
4 45094
2 77956
2 73220
4 75106
4 44710
2 92700
4 28154
2 99490
4 40466
2 32474
4 20766
2 69140
2 72796
2 49520
2 8384
2 99308
2 12800
2 35738
4 9980
2 77594
4 65750
2 53032
2 48742
4 3214
4 43430
2 57556
4 91516
4 80686
2 86542
2 51164
4 70868
2 34422
4 82698
4 71520
4 52818
4 60752
2 25772
2 27344
4 39802
4 52624
2 14306
2 82780
4 90116
4 1690
4 27414
4 79302
4 29878
4 358
4 2648
4 15116
2 5746
2 63520
4 56824
2 98684
4 8220
4 65790
2 44984
2 48130
4 76116
2 63910
2 47410
2 5434
2 71656
4 91450
2 54862
4 92380
4 48656
2 70834
4 77214
2 95686
4 37604
2 83270
2 78722
4 55564
2 11086
2 35168
2 73298
2 68380
2 5890
4 18670
4 40198
2 65770
4 94042
4 30570
4 72634
4 22922
4 13570
4 76606
4 88214
4 97772
2 3428
4 82206
4 79448
2 11288
2 7278
2 37638
4 11138
4 22376
4 9864
4 36536
2 41392
4 20446
4 33080
4 23908
4 14162
4 14108
4 97868
2 90064
4 29052
2 65992
2 5898
2 62410
4 90938
2 30312
2 25604
4 68944
4 13682
4 90934
2 43554
2 22018
4 76770
2 95474
4 96740
2 71290
2 27436
4 81538
4 80282
4 24854
4 96544
4 77378
2 66386
4 39638
4 81414
4 95792
2 22472
2 59914
4 93722
2 82500
2 89200
2 46316
4 11810
4 15584
2 98310
2 7960
4 52796
4 3940
2 99044
4 72746
2 86538
2 56254
2 14000
2 30470
2 54834
2 20592
2 72594
2 24960
2 70098
4 36110
4 40114
2 69916
4 35894
2 2020
2 56106
2 25568
4 8478
4 51176
2 27906
2 87930
2 11572
4 73472
2 23148
2 74010
2 80934
2 83110
2 60376
2 67792
4 54974
2 30212
4 86360
2 80318
4 88320
2 15090
4 24334
4 7844
4 53546
4 86018
2 79752
4 61578
4 84642
2 75664
4 96832
2 86612
2 15790
2 49728
4 44712
2 89540
4 92230
2 76632
4 79182
2 56108
4 28106
2 70552
2 5860
4 68138
2 49602
2 8090
2 37260
2 93920
4 81654
2 72520
4 10254
4 1438
4 45542
4 68698
2 33784
4 26002
4 23582
4 71192
2 19128
2 71592
4 30000
4 16060
2 1418
4 35486
4 59348
2 7378
4 96150
4 40144
2 41030
2 88104
4 88728
2 58212
4 94230
2 14046
4 95088
4 96182
4 49404
2 98634
2 92614
4 41252
2 39694
4 52668
4 36590
2 4342
2 75988
4 17348
4 44890
2 33416
2 12546
2 11632
4 19442
2 46496
4 68870
4 59936
2 94104
2 19360
2 50786
2 93444
2 99532
2 16608
4 51768
4 78868
2 49002
2 80534
4 36930
4 64488
2 74116
4 24106
4 61004
2 56656
4 55856
2 34630
4 88580
2 61794
4 68342
4 40424
2 70404
4 55016
4 83462
4 5970
4 48330
4 75734
2 71642
4 41408
4 71488
4 67618
2 18126
2 28576
2 23260
4 69304
4 4450
4 28982
2 33882
2 71578
4 14204
2 67382
4 99010
4 68340
4 84238
2 71536
4 27438
2 71836
2 89900
4 56296
4 11224
4 80026
2 75006
2 10810
4 46354
4 65668
2 52784
4 30624
4 50276
4 5084
4 32914
4 3948
2 49352
4 30948
2 38704
4 66470
2 37586
2 18132
4 15018
4 78188
2 37652
4 9972
4 1490
2 22916
4 21276
4 18992
4 93018
2 79270
4 75444
4 5426
4 77560
4 4622
4 31282
2 12896
4 90192
4 46840
2 68090
2 70600
2 21474
4 91400
2 3484
4 88930
2 86974
4 38810
4 82162
2 23470
4 92620
4 87098
4 86662
4 71714
4 93432
2 49970
2 48270
2 27918
2 22898
4 24870
2 93384
4 46330
4 42204
4 14050
2 56352
2 87570
4 78110
2 64904
4 25756
2 88020
4 54820
2 34618
4 7748
4 99434
2 32654
4 99412
2 22864
2 71072
2 28632
4 70204
4 7666
2 89108
2 76180
4 61910
4 5508
2 96308
4 28174
2 5028
2 27064
2 98558
4 18072
2 60752
4 57900
2 47402
4 30712
4 25550
2 1068
4 3726
2 63328
4 77296
2 3734
2 19108
2 95922
4 80854
4 89064
2 80814
4 80948
2 13926
4 69434
4 25978
2 76970
4 39258
4 1968
4 12016
2 20412
4 72962
2 82102
4 18484
2 61146
2 50218
4 6182
2 97452
4 96356
4 26134
4 26728
4 17558
4 54398
4 14932
2 50486
4 34594
4 13980
2 92376
2 90750
4 16614
2 7900
2 99438
2 60936
2 56190
4 5742
4 60886
2 36536
2 32422
2 57436
4 31408
4 45180
4 54044
2 22294
2 652
4 62586
2 17152
2 97588
2 56400
4 83196
4 25522
2 16918
2 61120
2 83296
2 90372
2 93754
4 74028
4 73016
2 76658
4 33894
4 61408
4 98840
4 79010
2 11928
4 4492
4 91590
2 52782
2 65002
4 41534
2 17082
2 89716
2 44656
2 92704
4 6178
2 9012
4 19956
2 91918
4 91238
2 3634
2 35986
2 51380
2 25868
2 92908
4 7628
2 36466
4 46474
2 62724
4 96596
2 65434
2 236
4 36758
4 85420
4 89314
4 86510
2 65202
4 11502
2 79084
4 5072
2 98192
4 35140
2 16170
4 80382
4 73370
4 32470
4 29260
4 50590
4 9718
2 46352
4 69486
4 79028
4 33772
2 16832
2 44410
4 35030
4 92020
4 9138
4 1778
4 25634
2 52422
2 49924
2 94158
4 71464
2 35760
4 99424
2 12114
4 54134
2 95170
4 49064
4 42494
4 6714
2 13936
4 22948
2 78302
2 1828
2 34736
2 74570
4 47660
4 20408
2 12484
4 54916
2 38692
2 99850
4 16128
4 22456
2 45686
4 39826
4 30346
2 61632
2 39008
4 62016
4 81424
4 1004
4 82938
2 12154
2 61422
4 25758
2 79362
2 39272
2 4640
4 32266
2 91804
2 27854
4 46022
2 68044
4 39586
2 17536
2 53260
2 1440
2 8436
2 29636
2 91576
2 59546
4 87202
2 10162
4 59296
2 62848
4 1524
4 88918
2 96842
2 72030
2 7360
2 50354
4 12412
2 30368
2 93736
4 15424
2 98618
2 42736
4 31066
2 60350
4 77954
2 29144
4 92198
4 43958
2 18122
4 37896
4 71016
2 62454
2 62504
4 55354
4 62798
4 60882
2 23830
2 77998
2 77092
2 29902
4 18494
2 83632
4 2628
2 22394
4 37280
2 54704
2 85990
2 21408
2 84770
2 18048
2 75782
2 12338
2 96570
4 44654
2 36844
4 16358
2 25034
4 84104
4 11004
4 11586
4 33300
2 53518
2 4782
2 34646
4 78152
4 63774
2 41756
2 57236
2 25318
4 89682
2 36216
4 41886
2 58174
4 65650
2 27030
4 47156
2 14824
4 63952
2 83016
2 41040
4 35162
2 13090
2 35708
4 50586
2 36324
4 71802
2 68730
2 38046
2 13102
2 99210
2 98714
2 66270
4 56480
2 12446
2 44354
2 87948
2 6026
4 53634
4 50166
4 67558
4 14000
2 84096
4 45394
4 29262
4 55476
2 78356
4 81438
4 91338
2 10738
4 11592
4 14028
2 79082
2 76704
4 82274
2 79218
4 7856
4 23158
2 60432
2 20258
4 33368
4 44992
2 22326
4 95502
4 80878
2 69154
2 70488
4 78790
4 38606
4 37812
4 93976
2 40474
4 14440
2 97680
2 80900
2 66368
2 4554
4 73866
2 79700
2 94778
4 29560
4 23550
4 84416
4 79410
4 22512
2 78848
4 31478
4 2748
2 87938
4 50674
4 2052
2 78326
2 17418
2 33222
2 38096
4 22474
2 50064
2 7484
4 10708
4 32618
4 75172
4 93986
4 12984
2 2646
2 4418
2 27562
2 63316
2 48416
2 8152
4 42890
2 33428
2 67350
4 61376
4 85408
2 44840
4 6846
2 93376
4 73270
2 24068
4 79774
4 76022
4 74240
4 7166
2 38972
4 95874
4 73026
4 79848
4 42170
2 75292
2 64740
2 5064
4 49070
4 81892
2 62404
4 43732
2 40896
4 8928
2 31830
4 38850
2 84796
2 47066
4 47574
4 78484
2 14072
2 29962
2 7016
4 90504
2 56364
4 80148
4 95786
4 17366
2 7488
4 26392
2 9918
2 66440
4 43484
2 49878
4 43992
2 68842
4 41954
4 16976
2 59640
2 66252
2 49758
4 59618
2 30408
4 4844
2 11836
2 79978
2 37830
4 82602
4 33800
2 39738
4 10306
4 87964
2 94198
2 80332
4 65254
4 89114
4 50370
2 56242
4 28454
4 27772
2 16358
4 72450
2 95322
2 42686
2 92738
2 25750
2 97784
4 97112
2 48412
4 33982
2 47912
4 80842
4 89594
4 65130
2 20750
4 38426
2 4038
2 51798
4 25518
2 43016
2 54486
2 56926
4 70328
2 92014
4 62884
2 60534
2 17132
2 46470
2 10858
2 99166
2 49714
4 63110
4 83254
4 84628
2 73024
4 22656
2 94338
4 56520
4 89098
2 37688
2 31804
2 23516
2 52146
2 85820
4 77324
4 38762
4 12046
2 67492
2 78198
4 37552
4 44708
2 25738
4 7492
2 72018
2 34516
4 36374
2 58636
4 33116
4 10792
4 53300
4 69844
4 91798
4 47376
4 22176
4 32938
4 60284
4 11654
2 92638
4 41826
4 27092
4 15974
2 13394
2 81558
4 25882
2 55010
2 49606
2 3636
4 84970
2 41134
2 83854
4 13608
2 12492
4 28484
4 87706
4 12592
2 80990
2 1110
4 82172
2 74860
2 70454
4 35378
4 89384
2 8998
4 16488
2 46980
2 45462
4 4688
2 3164
2 7272
2 49762
2 96838
4 13414
4 8270
2 43348
4 72022
2 76070
4 60372
2 19756
4 66760
4 96598
2 48162
2 27714
2 92528
4 37646
4 44650
4 74490
4 59796
4 83088
4 17910
2 48538
4 68114
4 31712
2 43478
2 46758
2 65234
4 49998
2 35744
4 7262
2 62606
2 43868
4 27756
2 68772
2 27542
2 18018
2 58176
4 24414
2 36332
2 4390
4 65692
2 3182
2 65730
4 72340
2 63944
2 78324
2 77358
2 57348
2 48462
4 39708
2 71714
2 14484
4 73504
4 71024
2 40904
4 21462
2 83962
4 17652
4 50902
2 52682
4 93162
4 47360
4 65006
4 73340
4 59896
2 1120
4 57530
2 45424
4 59388
2 84726
4 34320
2 54146
4 68386
2 75972
2 93690
2 81426
4 59156
2 94866
4 66910
4 11428
2 10124
4 96682
2 12840
2 89624
4 85404
2 50362
4 10684
4 23832
4 94772
2 59148
4 26830
2 49962
2 9742
2 40980
4 2188
4 58068
2 45050
2 71918
4 68954
2 40018
2 23948
4 88688
4 49556
4 53056
2 3530
4 72010
4 73976
2 58596
4 75516
2 93792
2 3970
2 16846
4 8090
4 79756
4 78314
4 54122
4 33908
2 54002
4 86646
2 59872
4 79574
2 77336
4 42846
2 5956
2 73076
2 96170
2 46414
4 3738
4 21390
2 32016
4 74956
4 65882
4 23658
2 97826
4 80118
4 13046
4 49384
2 20936
4 16188
4 53954
2 61384
4 13174
4 74734
4 98720
2 41124
4 90538
4 79610
2 8190
4 74976
4 86492
4 87936
2 72498
4 34374
4 92194
4 35210
2 13444
4 70090
4 33992
2 22466
2 55466
2 53094
4 25210
4 45984
4 13270
2 96490
4 39602
4 11516
2 99872
4 48926
4 66686
2 85892
4 17308
4 39412
2 3796
4 8868
2 96942
2 44156
2 4222
2 76500
2 7400
2 35304
4 94384
4 1984
4 63524
2 37972
2 884
4 57940
4 11546
4 55478
4 78610
4 30032
2 17304
2 82248
4 51884
2 21840
2 47446
4 11410
4 94060
2 92634
2 45078
4 99188
2 85730
2 79622
2 3738
2 29028
4 80500
2 29326
4 5042
2 6670
2 5882
4 65816
4 69898
4 99398
2 78344
2 96122
2 41846
2 53442
4 44680
2 2638
2 54334
4 92064
2 1958
4 53592
2 5672
4 98600
2 80036
4 5228
4 90894
4 54800
4 50188
2 68282
4 52940
2 71234
4 89992
4 74648
4 37912
4 29218
4 78286
2 21508
4 13736
4 152
4 25426
4 42434
4 75400
4 62810
2 37096
4 9714
4 38892
4 60502
2 75994
4 31140
4 56546
4 75308
2 43126
4 60072
4 90784
4 19228
4 62348
4 69160
4 75724
2 91504
2 47184
4 72164
4 78916
2 3706
4 74528
2 53836
2 27256
2 55976
4 66086
2 77082
4 99220
2 34214
2 2548
4 40378
2 89944
4 52988
4 39922
2 18330
4 19694
4 31954
4 44334
2 16624
2 46036
4 2878
2 77276
4 29554
4 94184
4 72846
4 20412
4 94956
2 69158
2 86034
4 71968
4 50278
4 66506
2 32488
2 65648
4 67156
4 71074
4 5746
4 57740
4 9604
4 15554
2 49476
4 89296
4 61544
2 72946
2 51570
2 56006
2 68764
2 50796
2 55826
4 85230
2 96698
4 70608
4 19820
4 89672
2 34154
2 27366
2 72104
2 79096
2 28220
2 48920
2 58386
4 78378
4 88542
2 45970
2 88610
2 80576
4 4204
2 18436
4 35178
2 32672
2 46258
4 33682
4 52118
2 22476
2 63176
4 18044
2 82762
4 64086
4 92542
4 27668
2 22250
4 65858
4 25030
2 14370
4 56150
4 52488
4 64604
4 31306
4 1666
2 76770
2 62912
2 89088
4 75192
2 42516
2 41654
4 52664
4 25472
4 5886
2 68246
2 46126
2 99956
2 72942
2 92950
4 66724
4 97142
4 28752
2 12330
4 14382
2 2804
2 9824
2 72556
4 72944
4 59502
2 9900
2 10886
4 56810
4 79484
2 96674
4 61328
2 34242
4 33260
2 29004
2 32708
4 11150
4 12628
2 54
2 70196
4 38742
4 14514
2 88660
4 54232
4 90332
2 90054
4 74890
4 11772
4 56364
4 34308
4 62624
2 17812
2 6912
4 9532
4 88554
4 6696
4 3966
4 96132
2 31016
4 51844
2 29430
2 16882
2 29114
4 47234
4 67360
2 85912
4 45934
4 12056
4 45546
2 35174
2 49940
4 44042
2 70394
2 89062
2 62392
2 86814
2 17034
4 43864
2 59436
2 67988
4 67820
2 2566
2 74804
2 53796
4 32824
4 91496
2 11934
2 67388
4 64120
2 19046
2 99510
2 10588
4 64972
2 84500
4 40192
4 92548
4 22192
2 67412
4 51574
4 40970
2 83618
4 80530
4 37124
4 45636
4 19928
2 52086
4 25120
4 16044
4 35728
2 5062
2 78772
4 93206
4 44338
4 51064
2 10348
2 14156
4 11910
2 13606
4 48204
2 12300
4 82504
4 13276
4 83874
4 17470
2 32814
4 63540
2 99726
4 2362
4 33550
2 78288
2 18142
4 37068
4 43776
2 69372
2 52302
2 330
2 38158
2 37548
4 29546
4 63314
2 24410
2 42496
2 2254
2 27934
4 90742
2 94714
4 23610
4 44166
2 6660
2 62608
2 39388
4 3434
4 47868
4 63332
4 63780
4 48894
4 14222
4 73094
2 31012
2 81544
4 49872
4 26314
2 77066
4 75392
2 69160
2 52144
4 10724
4 31572
2 32128
2 33500
2 56210
2 75142
4 98260
4 43906
2 92332
4 43094
2 37214
2 82910
4 25380
2 64898
2 45856
2 49400
4 71748
4 10464
2 45108
2 95350
2 60920
4 82684
2 76626
2 72786
4 6078
2 91134
2 84506
4 95636
2 10996
2 89910
4 11580
2 32738
2 45804
2 13338
2 5564
4 36344
4 34302
4 34628
4 88304
2 97424
2 52352
2 92058
4 58812
2 44510
4 37836
2 5946
4 19944
2 5686
4 85738
2 93524
2 55776
4 22812
2 38320
4 35776
4 92642
4 2036
4 92150
2 16694
2 74510
2 44316
2 34190
2 50604
2 80778
2 16250
2 29532
2 92128
2 16920
4 85766
2 49168
4 36512
4 5254
4 23274
4 39474
4 23276
4 70446
4 19996
4 58830
4 93888
2 84574
4 88434
2 40854
4 24772
2 72166
2 71952
2 86368
2 65444
4 97660
2 38200
2 81064
2 90044
4 61200
2 16110
2 32496
2 74874
2 25100
2 86022
4 86570
2 60062
2 37424
2 32900
2 35774
2 64072
2 29936
2 98622
2 65186
2 23222
4 67534
2 58328
4 58814
4 8488
4 18164
2 49064
4 96800
4 45304
2 59176
2 11820
2 64514
2 71220
4 56984
2 6846
4 91918
4 81760
4 15220
4 80470
2 42148
2 71596
4 96078
2 54422
4 69652
4 83104
2 85586
2 33280
2 21334
2 53070
2 69462
2 51200
4 69070
4 76412
2 12318
2 12352
2 24880
2 56790
4 65318
2 75696
2 61668
2 24152
2 2808
4 2682
2 9922
4 52006
2 36388
2 98538
2 49068
2 12538
2 34164
2 17298
2 92692
4 83476
2 82764
2 90092
2 1254
4 7184
4 52700
4 85838
2 86988
2 28294
2 29194
4 92850
2 29816
2 79036
2 35704
4 72242
4 78534
2 79672
2 58926
2 33662
2 74806
4 59138
2 76670
2 87398
4 76004
2 3088
2 68360
4 6890
2 1008
2 36392
4 23498
2 19342
2 15694
4 72292
4 61938
2 51258
4 64580
2 4672
4 55760
2 28616
4 13898
4 72326
2 61278
2 92356
4 91390
2 56082
4 43792
4 2288
2 29704
2 32966
2 56188
2 5734
2 48198
4 54812
4 77304
2 17334
4 21902
2 46532
4 37954
4 82722
2 6518
4 59432
4 5876
2 97602
4 50246
4 11664
2 4378
4 76388
4 52230
2 34126
4 45350
2 96354
2 81528
2 5668
2 18698
4 15666
4 21726
2 1314
2 41470
2 55382
2 76168
4 16148
2 88942
2 54830
4 68462
2 76868
4 35032
2 58912
4 56460
4 78232
2 20142
4 63596
2 1798
2 39064
2 34104
4 46550
4 43694
2 36438
2 92686
2 31336
4 41890
4 35144
4 10278
2 36852
4 39574
4 36330
4 96144
2 3524
2 31642
2 71848
4 77164
2 86262
4 32304
4 25544
4 96830
2 90994
4 76542
2 88580
2 20452
4 93914
4 64690
2 71972
4 56034
4 26490
4 19270
2 9428
2 46510
4 12908
2 7764
4 25094
4 84880
4 87112
4 14588
4 20182
4 34832
4 99526
4 1398
4 42004
2 21784
4 54362
2 91332
4 73646
2 78204
2 69678
4 92400
2 37274
2 6156
2 9278
2 69746
2 26746
4 66716
4 69212
2 33176
4 48896
2 36484
2 62310
2 82562
4 89456
2 40812
2 84700
2 59996
2 92898
4 29062
4 98100
4 43468
4 87446
2 24800
4 45160
2 94478
2 64692
2 82336
4 82748
4 71468
4 20096
4 2938
4 70798
2 56096
4 17294
2 57518
2 86846
4 40788
4 6148
2 68112
4 66752
2 17394
2 84232
2 18222
2 33148
4 74802
4 87760
2 71300
4 31142
2 15412
2 13616
4 66966
4 61978
4 80208
2 13566
2 98226
4 42952
2 59742
2 93190
2 60030
2 51468
4 18540
2 34252
4 70128
2 46232
2 7550
2 71528
4 208
2 91766
4 59794
4 81990
2 83560
2 77892
2 6424
2 39786
4 85452
2 84176
2 79958
4 67952
2 28676
4 45006
2 60706
4 84536
2 94320
4 92628
2 81016
2 50552
2 36950
4 67158
2 7566
4 57992
2 24554
2 68168
2 98516
2 93716
4 93028
4 64470
4 30904
2 82730
4 95168
4 7980
4 12574
2 40530
2 48614
2 57704
4 26540
2 59178
2 58630
2 45048
4 85258
2 8694
2 55924
4 9260
4 34608
2 6330
4 88026
2 65030
4 61306
4 33480
4 60838
4 60922
2 2604
2 88072
2 55028
2 38152
2 42808
4 96292
4 67274
4 35064
4 73292
2 34964
4 88784
4 1530
2 24732
2 81092
4 54672
4 35796
4 84704
2 55122
4 16668
2 4444
2 44968
2 12458
4 74758
2 832
4 57428
4 51382
4 95366
4 93804
4 63014
2 78582
2 43966
2 74342
2 33054
2 17212
2 90442
4 49932
2 20400
4 91804
2 38742
4 99450
4 60900
2 47034
4 56422
2 67384
4 1446
4 22846
4 38316
2 59032
2 53380
2 63052
2 93780
4 30752
4 9670
2 85326
4 65038
2 98458
4 46554
4 26690
2 95404
2 81392
2 42540
2 49704
2 49674
4 73876
4 30560
4 14356
4 11074
4 65468
4 41934
2 33440
2 6744
2 15398
4 3924
4 59408
2 56730
2 17466
4 76466
4 4106
4 49202
2 19634
4 66610
4 40772
2 92862
2 75212
4 31048
2 68964
4 680
4 606
4 13116
4 17388
4 58438
4 93142
2 7886
4 49476
4 18602
2 35072
4 5814
2 15060
4 94416
2 84194
2 43316
2 15618
2 3104
4 22680
2 44828
2 23718
4 68796
2 52686
4 63634
2 12772
2 61008
2 53858
2 32190
4 63618
4 82476
2 61844
4 32356
4 18116
4 16118
4 13214
4 86326
4 78888
2 97490
2 97828
2 5982
4 76570
2 23220
4 22216
2 89022
4 98972
4 19144
4 91550
2 94838
4 16666
4 10616
2 99650
2 65602
4 41716
2 38412
4 72812
2 27350
2 89582
2 79498
2 33376
2 18580
2 72308
2 67636
4 92140
4 51774
4 80360
2 64978
4 40098
2 69762
2 47088
4 43724
4 90066
4 96526
4 43122
4 18008
2 5990
2 39236
2 6472
2 37776
2 5878
2 67258
2 84428
2 71498
2 52444
4 58236
2 32354
4 62116
2 79136
2 38054
4 74004
4 9834
2 34062
2 26598
4 64354
4 90202
4 53204
2 15330
2 63954
2 68196
2 50610
4 2506
4 99954
2 90250
2 12476
4 61012
4 75204
2 86900
2 21470
2 64350
2 19284
2 97488
2 12382
2 49668
4 45736
2 17762
2 85806
2 46696
2 63640
2 22974
4 1142
2 56528
4 24416
4 11216
4 33018
4 60154
2 35444
4 97508
2 23820
2 14358
2 87928
4 57560
2 45114
2 38850
4 78170
4 97924
4 56288
2 93680
4 34336
2 38106
2 52572
4 66288
4 62892
4 12618
2 95068
4 90854
4 16046
4 77322
4 6922
4 98590
4 87680
4 80838
4 12614
4 9882
4 54076
2 81694
2 29718
4 47902
2 70096
2 63098
2 77296
4 34622
4 31434
4 97612
2 16598
2 3522
4 45664
2 98374
4 67836
2 31758
2 71186
4 54418
2 15334
4 68824
2 50822
2 66674
2 46368
2 50016
2 76550
2 7808
4 924
4 55048
4 95892
4 76404
2 92350
4 4434
4 34936
4 60822
4 66682
4 67830
4 85004
4 67494
4 56978
4 22272
4 55200
2 39382
4 47826
2 4610
2 16900
2 12092
2 4016
4 52720
4 65644
4 55410
4 43396
2 7230
2 37732
2 54856
2 78590
2 39922
2 22610
2 88968
2 18106
4 16220
2 90410
4 84540
2 18472
2 40680
4 97740
2 1682
4 37758
4 79078
2 7544
4 98636
4 69172
2 89030
2 31446
4 46126
2 81540
2 51376
2 77538
4 40960
4 10690
2 51554
2 74932
2 44706
4 70100
4 94138
4 16526
4 96052
2 51168
2 70106
4 10986
2 43556
2 17408
4 93208
4 15532
4 74342
4 60458
2 13130
2 29288
4 188
4 51660
2 8918
2 71652
2 30938
4 65112
2 64392
4 17626
4 62072
2 65708
4 55288
2 83760
2 92972
4 8894
2 81906
4 83558
4 32832
4 6460
2 6166
4 38104
2 95248
4 7176
4 13594
4 59276
4 64168
2 19578
2 81922
4 18674
2 56620
4 52882
2 28838
4 62928
4 65694
2 99766
2 9712
2 25168
2 46338
2 51244
2 69368
2 85408
2 43942
2 46314
2 51416
4 82642
4 95032
4 66884
2 54870
2 40908
2 4612
2 38600
4 21388
2 66998
4 93218
2 19982
2 2852
2 51890
4 26232
2 24696
2 41464
4 53502
4 57192
2 83806
2 99928
4 42926
2 60482
4 50080
4 19608
4 1702
4 18544
4 41178
4 74140
4 64804
2 45204
4 81686
2 66670
2 55038
4 45424
4 44544
4 89136
2 57290
4 85946
2 42512
4 60742
2 82366
2 19048
2 1924
2 15444
2 16198
4 44900
4 83526
2 30652
4 66522
4 71826
4 97836
2 95338
4 20592
4 15470
4 1230
2 3136
4 38142
4 96020
2 97590
4 33398
2 88584
4 51600
2 10304
4 64920
2 31572
4 98078
4 52586
4 32710
4 83696
2 22166
4 44278
4 66294
2 31944
2 12332
4 25784
4 59526
2 85970
4 20518
2 30238
2 87100
4 54920
2 20094
2 63234
2 53684
4 44634
2 84898
2 11114
2 20690
4 7950
4 89554
2 86790
2 28382
4 76000
2 99342
2 90434
2 2096
4 85868
4 68686
2 28224
2 50896
2 6494
4 26162
2 62172
2 22586
4 9534
2 31522
4 14940
2 31364
2 7630
2 86914
4 66204
4 54448
4 54446
4 52304
4 79486
2 37644
4 98412
2 46698
2 78312
2 1094
4 61698
4 22618
4 99096
4 25278
4 87144
2 14698
2 10440
2 83478
4 51942
2 91736
2 98474
4 21498
2 77490
2 48790
4 64216
2 94722
2 79502
4 32936
4 47490
4 40968
4 28128
4 60450
4 5994
2 36298
4 52772
2 28748
4 84554
2 72568
2 17036
4 62906
2 95390
2 52106
4 1088
2 34822
4 20300
4 24426
4 91438
4 57152
4 50002
2 57630
4 17066
4 61954
4 97054
4 34564
2 3360
2 91526
2 8098
4 15340
4 11324
4 60516
4 4662
4 32174
4 29582
2 45706
2 63112
4 15570
4 7412
2 57830
4 32094
2 67446
2 28198
4 44008
2 45192
4 56060
4 12188
2 95546
4 51024
4 70532
2 92650
4 41790
2 37500
4 93770
2 32240
2 79504
4 26118
2 12002
2 77040
4 52268
4 67602
4 12794
2 69946
2 99972
2 85568
4 96254
4 79416
4 44672
2 53414
2 20996
2 96426
2 99602
4 13704
2 25124
2 26118
2 56738
2 98122
4 46226
2 72620
2 19532
2 45188
4 44340
4 37958
4 91766
4 5280
4 44294
4 49974
4 14936
4 21788
4 94386
4 69018
4 94374
4 32016
4 60748
2 15434
2 2472
2 41520
2 69538
4 45622
4 20222
4 83718
2 48964
4 14248
2 99844
2 64600
2 90286
2 74134
4 46800
4 22434
4 29934
4 63448
4 58980
2 88238
2 79684
2 65094
2 40444
4 55714
4 52042
4 16344
4 20336
2 55296
4 69242
2 86422
4 25416
2 34368
2 36460
4 3746
4 81404
2 27278
4 13020
4 95546
2 3794
4 74120
2 71526
2 7154
4 72830
4 8754
4 31586
2 6450
2 866
4 19998
4 76208
4 30412
2 29158
4 27030
2 53904
2 80978
2 73120
4 22324
4 48966
4 72248
4 68928
2 75100
4 71896
2 56706
2 98854
4 39196
4 3210
2 40134
2 35230
2 1350
2 91892
2 96832
4 67758
4 97958
2 160
2 94398
2 80730
4 11616
2 64648
4 69676
2 58608
4 82446
2 71724
4 67092
2 95316
2 87432
2 53896
2 65528
4 13522
2 43690
4 69690
2 72312
2 54130
4 88340
4 48536
4 74762
2 99918
4 24120
2 71996
4 31278
2 50810
2 17268
2 72366
4 21234
2 23296
2 73808
2 89238
2 49418
2 70790
4 22950
4 99998
4 29086
4 60600
2 4126
4 15436
4 96050
4 39150
2 94076
4 27432
2 77410
4 8578
2 58720
4 29212
4 95192
4 16644
4 73934
2 67440
4 68622
2 35810
2 53704
4 64546
2 91138
2 53014
4 11320
4 77102
4 668
2 33210
2 85488
4 33306
2 48906
4 97478
4 58748
4 38944
4 72540
4 89650
4 69616
2 77408
4 34894
2 97104
2 22740
4 32670
2 23682
2 23126
2 84126
4 93960
2 40422
4 33214
4 88438
2 16294
2 19772
4 8880
2 13436
2 59134
2 17788
2 35500
4 50766
2 48180
2 6318
4 46832
2 64472
2 84956
2 24330
2 10316
2 9010
2 58464
4 74668
4 76258
2 43636
4 86600
2 36888
4 8752
2 60252
2 19142
2 68358
2 46180
2 35410
2 64590
4 12384
2 10476
4 22658
4 17892
4 29298
4 73750
4 15850
4 67660
2 50220
2 96320
2 91672
2 8100
2 38300
4 87370
2 22708
2 77300
2 87958
2 32512
2 31370
2 82876
4 65286
4 87944
2 8634
4 58834
4 71838
2 60776
4 57408
4 28574
4 72380
4 53040
2 46832
4 61242
2 78434
4 42748
2 81098
4 79794
4 98760
2 1810
2 55364
2 62126
2 89414
4 19018
2 64614
2 22238
2 53558
4 39518
2 68096
4 17190
2 38848
4 36802
4 57858
2 46636
4 88572
2 2190
4 33600
2 63320
2 49928
2 61190
2 16736
2 90580
2 63524
4 81582
2 62158
4 8120
2 39444
4 84128
2 53772
4 12092
4 78028
4 72536
2 47338
4 42344
4 35698
4 70506
4 61626
2 506
4 35356
4 35450
2 14794
4 98006
4 71788
2 75676
4 79796
2 65812
4 12256
2 73274
2 15260
4 22804
2 24124
4 92184
4 92348
2 65120
4 35712
2 45572
4 13810
4 41540
2 61092
4 17544
2 63046
2 16298
4 60932
4 88464
4 34370
2 25904
2 61312
2 62732
2 55140
2 68588
4 82090
2 89324
2 43292
2 30924
2 11004
4 48020
4 71902
2 52996
4 72924
4 36192
4 7268
4 93408
4 97128
2 48598
4 37108
2 25778
2 52962
2 23972
4 63638
4 97744
2 74088
2 72754
4 62786
4 88008
4 12746
2 91534
2 51046
2 47782
4 60836
2 65060
2 35780
2 94862
2 2400
4 83288
4 72938
4 99196
4 8464
4 63810
4 99202
4 62780
4 45146
2 39978
2 23334
4 31750
4 43452
2 9038
4 94926
4 48378
2 68600
2 98528
4 8728
2 58288
2 6816
2 42940
4 28186
2 54178
4 25196
4 53848
2 71126
4 20302
4 77690
2 17656
2 66750
2 80090
4 29350
2 87258
4 62592
2 90968
2 40178
2 53112
4 17700
2 41584
4 45632
4 79956
2 22280
4 72808
4 64634
4 3518
2 11326
2 85698
4 44690
2 53598
2 39086
2 12178
4 45788
4 50344
4 40890
2 79614
4 61670
4 34286
2 46444
4 48602
4 2048
2 89848
4 82818
4 70964
2 41036
4 55124
4 14848
2 69442
2 15328
4 50858
2 30746
4 75146
4 34372
2 40244
4 93846
2 54940
2 13312
4 68190
2 92776
2 65510
4 53022
4 36924
4 60924
4 46914
4 93010
4 8174
2 97592
4 86212
2 15148
2 33458
4 59086
4 58336
4 97562
2 73800
4 93066
4 29160
4 30710
2 83822
2 31634
2 2200
2 24600
4 62248
2 78822
4 92824
2 13482
4 74006
2 63782
4 83538
2 10114
4 31258
2 58986
2 2796
2 65934
2 50110
2 28608
4 70252
2 93198
4 83168
4 12014
2 75388
4 70994
4 68992
2 9040
4 34244
4 82894
4 78082
2 80580
2 26094
4 79902
2 67312
4 63458
4 71040
2 32798
4 35362
4 28248
4 31486
4 35626
2 63602
4 86696
4 4562
2 53360
4 75664
2 7296
2 6070
2 90898
4 82934
4 78482
2 74114
2 89260
2 6788
4 35784
2 40798
2 88380
2 29616
2 72798
4 3680
4 56352
4 59284
4 83058
2 95752
4 60730
4 13584
4 28554
2 57068
4 14758
2 97538
4 51292
4 18126
4 29390
2 38860
2 15312
2 19886
2 2256
2 70962
4 25368
4 3906
2 75300
4 76556
2 74904
4 26324
4 60328
4 11108
4 60308
2 90614
4 98998
2 54614
4 56688
2 86510
2 83776
4 79664
4 73828
2 15172
2 87900
2 62592
4 17972
4 90208
4 69336
4 21320
4 59458
2 99034
4 96162
4 96458
4 65326
2 80224
4 66900
2 75866
4 26590
4 94004
2 23324
4 51588
4 62104
2 8580
4 2550
2 42486
4 78826
4 80628
4 12116
4 15262
4 3300
4 90150
4 33142
4 544
2 29652
4 19774
2 43612
4 68086
4 42774
4 89870
2 64564
4 3004
2 62060
4 50378
4 36318
2 17060
2 85278
4 67238
4 2000
2 69872
4 79286
4 5462
4 10658
4 43426
4 87736
2 32022
2 36494
4 10938
2 70756
4 12800
2 85878
4 97160
2 39894
2 83406
4 89364
4 12066
4 17410
4 20578
4 89920
4 32494
4 99802
4 37982
4 90412
4 30578
2 14384
4 83354
4 11270
2 57366
2 19720
2 9794
2 61724
4 48752
4 56212
2 3688
2 8620
2 91964
2 38942
4 54612
2 78454
4 29230
4 17904
2 3058
4 39886
4 9436
2 64344
2 35328
2 97736
4 50844
4 89000
2 93078
4 22386
2 81614
4 47116
2 39436
2 77916
4 9614
4 61532
4 86670
2 93450
4 90234
4 91326
2 27544
4 13284
2 46970
4 21822
4 41674
2 19694
4 89328
2 3580
4 98308
2 11444
4 244
4 21798
2 50456
4 67466
4 2894
4 27048
2 31834
2 77970
4 76970
2 22150
4 2858
2 65876
4 94974
4 54098
4 17926
2 15964
4 69330
2 75440
2 3766
2 79558
2 57838
2 61800
2 20226
2 65720
4 32464
4 74460
2 51432
2 20022
4 40730
4 44224
2 74892
4 93024
4 50118
2 86504
2 78778
4 10456
4 33846
2 53546
4 59778
2 20492
4 5880
4 33034
4 3346
2 99958
2 25652
4 6742
4 82122
2 78320
4 63852
2 4832
4 5002
2 50384
4 56492
2 95508
4 9634
4 50728
2 92166
2 36334
4 12620
2 41116
2 88694
4 69398
2 81182
2 36738
2 7660
4 38872
4 76080
2 86074
4 5086
4 69672
4 69756
4 80452
2 4736
4 46280
2 38274
4 27106
4 49600
2 59526
4 30236
2 86992
4 98196
2 49548
2 90254
4 93852
4 87550
2 21548
4 83616
2 53516
4 37666
4 83872
2 62452
2 78994
4 3704
2 82752
2 78202
2 71648
2 40792
2 22890
2 48998
2 40648
2 43190
2 46122
4 27862
2 27018
2 3550
4 80926
2 76590
4 18636
2 72962
2 37180
4 77728
4 8810
2 98566
4 64342
4 74076
4 25292
2 11624
2 18604
4 2706
2 61200
4 47756
4 90272
2 13264
4 40704
2 13230
2 80624
2 32970
2 8446
2 84672
2 28214
4 88132
2 74886
4 84342
2 66246
2 46838
4 51548
2 64132
2 98808
2 16752
4 84234
4 67794
4 89574
2 80206
4 87904
4 5532
2 9788
2 18914
2 33048
4 71852
4 69630
4 73042
2 82904
4 85190
4 7318
4 4684
2 16930
2 4668
4 59792
2 77096
2 52256
2 41282
4 24082
2 49948
4 36346
2 2212
4 28014
2 89436
4 25892
4 31308
4 80188
2 77722
4 79128
4 3042
2 1420
4 48186
4 31938
4 20028
2 50300
4 71210
4 7972
2 4658
2 39674
4 14706
2 4670
4 19706
4 86880
2 79260
2 91990
4 58346
2 85792
2 45116
2 72400
2 98148
4 43952
2 82690
4 92050
4 42726
2 36418
4 55708
4 87846
2 8786
4 72030
2 80098
2 99168
2 14152
4 49142
4 10780
2 67180
2 67632
4 89462
2 86046
2 84730
4 48174
2 13256
4 41344
4 70720
2 87842
2 69852
4 66964
4 74336
4 86608
4 35242
2 400
4 58158
4 75142
2 85388
2 3988
2 51334
4 20926
2 58104
2 62320
2 20294
4 95574
4 72332
4 61800
2 95818
2 91328
2 40490
2 85400
2 2696
2 55840
4 49626
4 3910
4 60958
4 50948
2 82418
2 95828
2 7132
2 50614
2 56024
4 29038
2 90130
4 86620
4 54736
2 59286
4 93838
4 26220
4 95086
4 34390
4 55630
4 53226
4 83046
4 81698
4 61086
4 30638
2 55728
4 61952
4 51386
2 27230
2 78128
4 92520
4 11484
2 54292
2 16640
2 54938
4 1284
4 88988
4 93968
4 70700
4 44864
2 85162
2 65570
4 49782
4 81948
4 36966
2 12704
4 82252
4 32830
2 29286
2 74744
2 76438
2 85558
4 80928
2 58884
2 84826
2 87734
4 18878
4 80658
4 55074
2 26148
4 21350
2 73762
2 52366
4 2268
4 27274
2 40614
4 57822
4 60592
2 22560
2 60732
2 20552
2 83356
4 92134
2 60826
2 24972
4 57296
4 84168
2 25706
2 18216
4 93238
2 74188
2 32754
4 73258
2 86892
2 84344
4 52480
4 20692
4 63626
4 1144
2 58054
4 78206
2 55418
4 81818
4 31806
2 72628
2 62870
2 90272
4 85186
2 57584
4 85466
4 38006
2 30834
4 51066
4 39990
4 96640
2 7268
4 36726
2 95036
2 28828
2 34140
2 4906
4 57580
4 86806
4 8274
2 91998
2 68164
4 1122
4 81812
4 59626
2 1316
4 65008
2 2678
2 98680
2 80820
4 9622
4 7956
4 74426
4 33568
2 3798
4 51734
4 21528
4 92758
2 19864
4 86350
2 55184
2 14500
4 74902
4 30834
2 84264
4 12848
2 35796
2 53596
4 33630
4 86484
4 84918
2 49338
4 52864
4 63878
4 8692
4 87116
4 75082
2 91390
4 84556
2 40826
4 36480
2 33860
2 75426
2 58424
2 74550
2 35300
2 96062
4 44622
4 40536
4 57098
2 90742
4 6802
2 22662
2 63714
4 69564
4 57422
2 31928
2 14842
2 50044
2 97570
2 41786
4 75670
4 44734
2 20086
2 69240
2 42992
4 85046
2 18712
4 728
2 54932
4 83966
4 36360
2 79332
2 89266
4 10334
4 50296
4 96912
4 16760
4 95710
4 76612
2 81534
2 98990
2 71742
4 71514
2 16718
2 39198
2 64844
2 84456
2 29148
4 19634
2 41292
2 50396
4 63218
2 40982
2 88042
2 68556
4 47308
4 55296
2 10802
2 94764
4 19830
4 97352
2 32212
2 24182
4 38690
4 95464
2 4562
2 45272
2 31168
2 55264
4 80562
4 73812
2 16698
4 3160
4 25652
4 53540
2 72760
4 47076
4 90702
2 8288
4 42276
4 57426
4 24572
4 61562
2 42702
2 53680
2 78834
2 57654
4 58410
2 75044
2 5378
2 15006
4 5398
4 47546
2 60416
4 29164
4 62790
2 75168
2 34440
4 97074
4 61558
4 21886
4 78306
4 20248
4 32756
2 75710
4 70986
4 74322
4 39046
2 82860
4 20134
2 96722
2 79130
2 88264
2 37958
4 57716
4 91184
2 49576
2 46578
4 57412
4 31150
2 83316
4 77414
2 51558
2 16422
2 768
4 57980
2 75916
4 72920
4 63612
4 30006
2 92758
2 85544
2 52312
2 42918
2 9884
2 20896
4 43568
4 39228
2 63142
2 18152
2 94824
4 98170
4 19894
2 16768
4 53570
4 75358
2 67110
2 66436
2 89130
2 16606
2 39416
4 26228
2 13204
4 15304
4 20482
4 59148
2 2284
4 286
4 85282
2 44116
4 42342
2 21956
4 22022
2 97750
4 11740
2 21170
4 38736
4 27154
4 83174
4 41882
4 20168
4 37866
2 12344
2 50980
4 18642
2 40692
2 45954
4 26284
4 2976
2 54320
4 15254
4 92038
4 55300
4 18530
4 74332
2 55032
2 63694
4 12120
4 83438
4 53678
4 13348
4 48700
4 87974
2 20944
4 50852
4 40860
4 67786
4 98028
4 46394
2 61606
2 76014
4 99046
2 84272
2 97502
4 32220
4 87030
2 89226
2 83998
4 79636
2 87834
4 26860
4 84484
2 62756
2 80680
2 2564
2 7262
2 49350
4 27230
4 16674
4 12504
4 64154
4 33122
2 19612
2 8120
2 54838
2 19908
2 21746
4 19718
4 72926
2 77316
4 22960
4 14322
2 82840
2 31256
4 28178
2 16722
2 22600
4 26936
4 88152
4 67018
2 36490
2 62530
2 74940
4 75174
2 70054
4 84410
2 59194
2 52470
4 40072
4 49058
4 6046
4 30386
4 73810
4 40374
4 40586
2 31416
4 18226
2 1088
2 56066
2 87782
4 18444
4 86166
4 17320
4 27548
2 68912
2 62708
4 30914
4 84090
4 95706
4 99682
2 12620
4 1488
4 5354
4 60948
4 46548
2 91716
2 91640
2 21996
4 9632
4 95846
4 50816
2 30104
2 5780
4 92406
2 64150
4 21740
2 58516
2 64578
4 51746
4 31196
4 41772
4 79228
4 56582
4 47084
4 72674
4 47314
2 69138
4 94780
2 43118
4 88334
4 54658
4 88418
2 18800
4 46368
4 4414
4 37478
2 55346
4 95304
2 73208
2 20670
2 36934
4 8872
2 71176
2 96562
4 54962
4 57228
4 99854
4 34492
2 58586
2 27352
4 49612
2 14320
2 60698
2 95426
2 73068
4 51004
2 52778
4 62390
2 83188
2 73290
4 43828
2 24928
4 36978
4 90320
2 60128
4 19542
2 23954
4 92238
4 34512
4 64360
4 27152
2 14398
2 54700
2 16438
4 85870
2 1484
4 75882
4 27458
4 40232
4 17094
2 49396
2 72128
4 57908
4 88956
4 91446
4 97684
2 62864
2 70978
2 85536
4 74346
4 31044
4 33208
4 44732
4 88090
2 4806
4 80480
4 2376
2 25110
2 40762
2 45610
4 37030
2 11794
2 25216
4 78556
2 65990
4 69416
4 76974
2 76008
4 20918
2 1348
4 78354
4 77108
2 56316
2 87648
2 79464
4 8058
4 87780
2 17290
4 32400
4 7120
4 93626
4 68432
4 62920
2 5156
4 6180
2 82274
2 76226
4 90346
2 49496
2 82646
4 77470
2 80450
2 58438
2 33320
2 57576
2 73202
4 99594
2 14724
4 93564
2 86864
4 56170
4 22304
4 87766
2 5214
4 5692
4 13146
2 2450
4 27810
4 19840
4 58020
2 58958
4 74786
2 30012
2 76296
2 24000
2 89614
2 10152
2 49840
2 53658
4 75148
2 93144
2 29236
2 57126
2 65486
4 23868
2 66500
4 78454
4 6174
4 87740
2 93528
2 65710
4 27610
4 17866
4 23688
4 78870
4 71056
2 24414
2 56842
2 10780
2 59270
4 10128
2 14738
4 4604
4 97912
4 85144
2 73158
4 28052
4 58588
4 78530
4 23302
2 92102
4 86322
4 8886
2 8138
4 35404
2 70750
2 8536
2 46220
2 84538
4 35324
2 63248
4 29868
4 10538
2 86638
2 24416
2 38180
4 37858
2 67904
2 55692
4 83060
4 91254
2 24606
2 43800
2 39358
2 82168
2 11182
4 70072
4 81204
2 82452
2 91042
4 44804
2 22232
2 37484
2 35970
2 23118
4 30190
4 67480
4 90030
4 76352
4 42050
2 34386
4 88238
4 23032
4 68842
2 14486
4 6746
4 10488
2 8782
4 42958
4 99072
4 98836
4 72786
2 36910
4 22098
4 21646
4 98606
4 91520
2 26388
4 70238
2 80578
4 98820
2 65498
4 76926
4 85924
4 91274
2 53052
2 50268
4 81226
4 65414
2 24446
4 77384
4 46676
4 96570
2 42682
2 10534
2 70212
4 8680
4 28338
2 41050
2 52488
4 47590
2 43462
4 40412
2 25884
4 55492
4 20816
4 43722
4 45360
2 32096
2 70358
4 99560
2 94086
4 8726
2 96092
4 90646
4 77112
4 32826
2 41372
2 784
4 72868
4 74592
2 90268
4 92264
2 53854
2 906
2 33114
4 50236
2 23860
2 40394
4 53174
4 9276
4 45710
4 64396
2 3750
4 56222
2 78028
4 62616
4 93364
4 1802
4 27738
2 22632
4 32754
2 54782
2 76592
4 55212
2 24424
4 81104
4 73398
4 86564
4 55172
2 38570
4 92252
2 16516
2 84736
2 44732
4 20288
4 68568
2 2180
2 68822
4 77888
4 61108
4 75606
4 87644
4 37176
2 36742
2 12496
4 12004
2 59254
4 27344
2 58200
4 42742
2 7098
4 66268
4 84188
4 40188
2 41354
2 5544
2 76192
2 71504
4 28316
4 70604
4 42234
2 20566
4 39748
4 63696
4 91770
2 27460
2 67260
2 90572
2 26030
2 63068
2 7816
4 51930
2 93840
4 29280
4 11120
4 14264
4 85022
4 19502
2 15484
4 642
4 64256
2 90542
4 20254
2 18840
4 27228
4 85960
4 88054
2 26328
4 70166
4 38840
4 38906
4 72344
2 57832
4 30984
4 11812
4 9874
2 48700
2 98856
2 58548
2 3380
2 12412
2 51888
2 40044
4 96416
2 58258
2 27312
2 12948
2 58142
4 27688
4 36062
4 1958
4 42036
2 72636
4 60406
2 21012
4 29744
4 72438
2 29432
4 81802
2 73530
2 28308
4 41012
2 80476
4 93104
4 65154
4 23360
2 42170
4 14888
4 26814
4 88614
2 66816
4 19804
4 20724
2 46614
4 25112
4 95444
2 16942
4 69334
2 89258
2 35628
4 12868
4 7880
2 91046
2 6160
2 38178
4 67196
4 74078
2 28876
4 53440
4 24938
2 42816
2 98900
2 95462
4 83854
4 88484
2 76232
4 5396
2 11350
4 89838
2 91080
2 79008
4 47656
4 37246
4 13328
2 9484
4 31118
4 62342
4 64236
2 21796
4 74444
2 32418
2 4664
4 43728
2 44738
4 33726
2 94982
2 92918
2 40116
4 69008
2 47616
4 14132
2 85694
2 95812
4 57982
4 22938
2 26434
4 78250
2 96910
4 80134
4 26180
2 94066
4 99038
4 20212
4 42352
4 41736
4 39078
2 21778
4 77228
2 54920
4 64846
2 49276
4 18400
4 67918
2 68020
2 20066
4 23880
4 89628
4 73820
4 70458
4 8508
4 49936
2 21616
4 95842
2 18572
4 46012
2 32624
2 23046
4 78310
2 5164
2 64864
2 47656
2 80118
4 1448
4 72140
2 75670
4 90644
2 27060
4 55010
2 33336
2 33592
2 49234
4 9162
4 62430
4 44510
2 61216
4 87472
4 56534
2 86480
4 74178
4 3742
4 65556
2 57226
2 23686
2 61466
4 33176
2 62490
2 28466
4 94018
2 27012
4 88154
4 35246
4 3662
4 55302
4 49122
4 70160
4 86494
2 42672
4 75464
4 14034
4 29436
2 81754
4 41998
2 64304
4 47982
2 31764
2 37344
2 72146
2 51044
4 76356
2 82834
2 46586
4 15682
4 11848
2 80614
4 58524
4 75866
4 61510
4 74812
4 4168
4 25572
4 63384
2 91506
2 91336
4 14202
4 25708
2 64674
4 22526
2 4008
4 89306
4 95724
4 71958
2 41856
4 47018
4 45306
2 93244
2 54598
2 66822
2 28918
2 73172
2 16834
4 15180
4 46922
4 62992
2 93612
4 220
4 68972
2 50842
4 22566
2 27512
2 90116
2 51916
4 18538
2 60934
2 98102
4 16940
4 44460
4 23690
2 8304
2 40336
4 59658
4 58630
2 32948
4 68586
4 20450
2 54470
4 86146
2 28842
4 17628
4 13728
4 91530
2 89738
4 48816
4 34696
2 13666
2 67922
4 13838
4 46660
4 96542
4 83292
4 36722
2 33126
2 1152
2 71540
2 8550
4 77396
2 27638
2 61914
4 52316
2 85502
2 57842
4 95442
4 90642
2 40210
4 68194
2 22470
2 13680
4 87296
2 23818
4 74686
4 88574
4 17178
2 59824
4 63292
4 72936
4 27488
2 81406
2 54962
4 9128
4 94188
4 1634
2 71430
2 68002
4 5554
4 10802
4 15864
4 42688
2 86742
2 80400
2 99562
2 82902
4 36824
2 37476
2 62788
4 49802
4 71126
4 94190
2 92158
2 82242
4 66464
4 15184
2 94470
2 58928
4 23560
4 45574
2 17830
4 22632
4 66668
4 70130
2 15018
2 92428
4 22788
4 52200
4 59480
4 24206
2 44242
2 51022
2 57956
2 68496
4 1954
2 80550
2 57896
4 84738
2 71842
4 41080
4 48948
4 50770
2 15732
4 82548
4 68514
2 72152
2 11034
2 49802
2 20052
2 57084
2 44162
4 92478
4 3544
2 63662
2 91618
2 28182
2 49022
4 61768
4 45920
4 74230
2 79640
2 54694
4 44940
2 51262
4 50756
2 24720
2 20920
2 25450
2 20190
2 81526
2 30166
4 66448
4 22392
2 21202
4 52276
2 62680
2 4274
4 20792
4 70802
2 3192
4 4180
4 23578
4 1434
2 73604
4 81656
2 59076
2 99708
2 9656
4 37312
4 54872
4 59952
4 68950
4 97572
4 40624
2 23194
2 33726
4 22962
2 96778
4 22520
4 28364
4 15218
4 23850
4 93590
4 43578
4 87954
2 49684
4 9286
4 22306
2 29880
4 38470
4 29534
2 9892
4 66056
2 34100
4 6464
4 34762
2 42560
2 68054
4 59144
2 24032
2 76156
4 67504
2 48850
2 89138
4 3664
2 42948
4 25494
2 23398
4 52712
2 84410
2 13030
2 83170
4 75190
2 12328
4 22480
4 72642
4 94618
2 53638
2 93232
2 1790
4 93036
2 12206
4 66662
2 32200
2 59752
4 2464
4 55236
4 46278
2 11260
2 1660
2 11306
2 20632
2 47146
2 830
4 80678
4 10528
4 17968
2 53308
2 28416
4 14048
4 68860
2 45342
4 53630
4 97564
2 79406
2 93178
4 64304
2 11656
2 60664
2 57222
2 17350
4 46546
2 56914
4 49504
4 17572
4 39832
4 42594
4 5314
2 13292
2 228
4 60500
2 26198
2 54338
2 59834
4 53002
2 59986
4 97574
2 25846
4 47942
2 63270
2 7752
4 72296
4 29994
4 14832
4 75116
2 9266
2 92764
4 44204
4 17784
2 42090
2 21804
2 5800
4 32556
4 12130
2 30822
4 68030
2 20942
2 7082
4 30546
4 5472
2 38376
2 21576
2 64584
2 85282
2 87940
2 77468
4 47852
2 26226
4 95682
4 98386
2 82514
2 39558
2 55588
4 55050
4 18844
2 55820
4 71538
4 78670
2 21966
2 62354
4 55334
4 27512
4 29900
2 1622
2 67844
2 41366
4 95206
4 84756
4 22230
2 78304
2 5790
2 86894
2 24964
4 46452
4 69782
4 42892
4 86690
4 55552
4 26742
4 65382
4 5740
4 25596
4 28640
2 58542
4 77646
2 12296
4 89880
4 94126
4 78380
2 40048
4 39858
2 47734
4 60792
2 970
4 12752
4 30706
4 93880
4 79754
4 61166
2 88726
2 46268
4 31330
2 18512
4 55610
4 41332
4 49570
4 11090
2 84656
4 99236
4 58324
2 41480
4 59960
4 9850
4 67816
4 41198
2 76962
4 12990
4 740
4 2394
4 28440
4 9524
4 31946
4 54032
4 28074
4 58286
4 2742
4 30070
2 55412
4 20516
2 20346
4 59262
2 71056
4 22106
4 78766
2 23992
2 26452
2 42314
4 40046
2 5718
2 2766
4 93940
2 57378
4 80150
4 51148
4 13364
2 43114
4 40916
4 56946
2 3290
2 44342
4 72946
4 45468
2 78870
4 18414
2 91118
4 17160
2 91066
2 91718
4 45548
4 11794
4 19722
4 79826
2 4902
4 84800
2 1666
4 47568
4 22312
2 64676
4 90688
2 82722
2 54138
2 13790
4 46948
2 22806
2 32390
4 35520
4 24994
4 58380
4 3672
4 13754
2 10022
4 96380
4 64908
4 60220
2 16160
2 78946
4 33924
2 7990
4 99944
4 318
4 6932
4 28522
2 41546
2 77550
2 40310
4 24304
2 18178
2 33488
4 96994
4 25298
4 23008
2 37694
2 37634
2 17676
4 90734
2 41886
2 68218
2 9384
2 99250
4 32090
2 82538
2 94288
2 69924
2 65388
2 6430
2 28928
4 47358
4 49904
2 53676
2 64152
2 36978
2 28976
4 77404
4 75114
2 97244
2 88908
2 7976
4 91716
4 87570
4 53912
4 194
2 67836
4 18366
2 56756
4 97578
2 98908
2 55982
4 83020
4 63662
2 48286
4 54908
4 22768
2 86482
2 65918
2 47202
2 24808
2 52984
2 92784
4 94114
4 55812
2 81662
4 91104
2 56922
2 77024
2 51300
4 91658
2 45782
4 3430
2 49358
4 43290
4 29220
2 56184
4 22178
4 17706
2 12316
4 91920
4 80384
2 17146
4 19292
2 36416
2 47664
2 72174
2 49518
4 49576
2 96476
2 10520
4 73470
2 75316
2 22828
4 89526
2 40636
4 47038
4 6310
2 67940
2 72548
4 34080
4 76164
4 7922
4 51088
2 12870
2 90120
2 75980
2 36226
4 25944
2 79850
4 80186
2 72862
4 2724
2 64902
2 1560
4 71368
2 80346
4 38822
4 34750
2 77636
2 84842
4 25108
2 9692
4 12630
2 89264
4 55868
4 89904
2 68278
4 52892
2 26710
2 80382
2 98066
4 86758
2 90324
2 31656
4 9398
2 16520
4 66218
4 44408
4 36282
2 43344
2 81366
4 17658
2 20316
4 49532
2 81894
4 87640
2 51724
2 20502
2 78960
2 20646
4 3564
2 93530
4 11226
4 87762
4 94574
4 98466
2 12196
2 63894
2 12770
4 21954
4 2322
2 76964
4 86084
4 60746
2 13318
2 22046
2 39130
2 77698
4 59482
2 71770
2 49492
4 57998
4 4648
4 75520
2 81816
2 36364
2 13076
4 73256
4 54320
4 77372
2 19304
2 89194
2 65100
4 88142
4 64198
4 86774
4 10362
4 55006
2 84236
2 9756
2 9750
2 78784
4 65672
4 39250
4 82958
2 40846
4 12886
2 47524
2 64788
4 81534
2 98216
4 24990
2 53812
4 80152
4 40430
4 30844
4 55252
2 24004
4 68298
4 68846
4 11824
4 83142
2 55570
4 8190
2 51246
2 92840
2 10090
2 77506
4 83440
4 17300
4 95666
4 84744
2 97758
4 12982
4 52350
4 84048
2 93292
4 2876
2 6644
2 63646
4 51178
2 47676
4 3970
4 33586
2 78862
2 6662
4 17548
2 54272
2 8708
4 27630
4 78812
2 28598
4 45090
4 36994
2 89682
2 5810
2 46490
2 68930
2 41090
4 67204
4 49894
4 72290
2 81184
4 3978
2 32210
4 65652
2 7020
4 82806
2 28666
4 83654
2 83294
2 83910
4 99426
2 78806
4 38272
4 91204
4 88182
2 92236
4 4574
2 94894
2 74660
2 87196
2 1686
4 16398
2 11546
2 96558
2 40774
2 20208
2 17664
2 45122
2 46936
4 47924
2 84740
4 48034
4 11610
2 82948
4 52932
4 4692
4 32306
4 99710
4 28090
2 57698
4 70826
4 90186
2 98084
4 92688
2 97122
2 63314
4 65064
2 95406
4 9750
2 79450
2 47850
4 45206
4 21978
4 14032
2 87378
4 47938
2 57508
2 89292
4 94868
4 8170
4 22194
2 54776
2 90740
4 24628
4 54956
4 57046
2 21826
2 12086
4 5978
2 35750
4 63994
4 80868
4 872
4 59486
4 53048
4 87906
2 75078
4 1450
2 96734
4 74646
2 83332
2 58364
2 13640
2 81234
4 60708
2 98850
4 32896
2 28036
4 92088
4 80220
2 93378
4 3046
2 22098
4 72346
2 55084
4 21496
2 49180
2 24306
2 31450
2 71730
4 81702
4 77350
4 8670
4 75814
4 11884
4 89994
2 51424
4 61334
2 45082
2 31152
2 84198
4 18124
2 29654
4 77838
2 77528
2 5528
2 52672
2 64952
4 30840
2 7238
2 57240
4 70996
2 24760
2 92374
4 19570
2 17314
4 75726
4 27502
2 5532
2 35146
4 45148
2 28782
4 85602
4 91832
4 38904
4 73594
2 59690
4 45518
4 31080
2 52424
4 76846
2 22116
4 80356
4 5278
4 71546
2 6124
4 45354
2 10662
2 43834
2 17508
4 13366
2 9332
4 13262
2 90034
4 39966
4 26564
2 39672
2 45674
4 49524
4 96330
4 60702
4 12484
4 98548
4 99790
4 51154
2 760
2 67710
2 92276
4 42446
2 21422
4 66698
4 65722
2 45418
2 202
4 87592
4 49618
2 73860
2 8026
2 64364
4 72648
2 6704
4 9566
4 19074
2 69752
2 76422
4 45038
2 12534
4 16764
2 92606
4 48854
4 87510
2 68542
4 32718
2 46284
4 7332
2 39342
4 88412
4 21442
2 80506
4 19414
2 22072
2 83138
2 71640
4 22784
2 83444
4 82868
4 33076
4 95324
4 18616
2 96328
2 34886
2 76022
4 4542
2 63774
4 55872
2 3784
4 25024
2 71582
2 88732
2 63748
4 32608
4 52104
2 24906
4 8986
4 63846
2 59504
2 78684
4 1528
4 31242
4 88610
2 12568
2 61204
2 20908
4 31256
4 45856
2 33158
4 77978
4 92594
2 28334
2 17498
4 94244
4 20246
4 82410
4 50568
4 37804
2 22352
2 31964
4 61790
2 12504
4 63002
2 21160
2 35928
4 86080
4 79256
2 89090
2 64032
2 89422
2 58562
4 64152
2 20686
4 23242
2 99030
4 87096
4 78180
2 67820
4 37764
2 42030
2 47046
2 29614
2 61206
2 90744
4 34828
4 53890
4 42466
2 13608
4 12060
4 90438
2 74130
2 37878
4 67750
4 64016
4 77252
4 33776
4 88190
2 98266
2 39354
2 98536
2 8280
2 6818
4 47808
4 12700
4 2178
4 96922
4 12362
4 50570
4 83692
2 52162
2 14568
4 53536
2 48882
4 83534
4 94534
4 2942
2 61316
2 55438
4 7300
2 31454
4 47782
2 72448
4 53860
2 99590
2 63218
4 59410
2 556
2 31054
2 23604
2 78472
4 19912
4 8308
4 97942
2 6474
4 73110
4 3624
4 74742
2 932
4 99634
4 2824
2 98968
4 76120
2 5684
4 67120
2 80002
4 96060
4 84624
4 63844
4 61908
2 80280
2 47926
2 40954
4 13066
2 31912
4 18788
4 82160
4 59334
2 5772
4 2694
2 40098
4 35098
4 12550
4 49198
4 54490
4 48802
2 23442
4 21440
2 52904
4 70956
2 91634
4 1682
4 44032
4 61818
2 34462
2 25310
4 54832
2 59800
2 34402
4 43056
4 57124
2 87440
4 64768
2 10170
2 51010
4 62728
2 82026
2 38988
2 52628
4 64772
2 13194
4 40892
2 13146
4 21566
4 43154
2 5604
4 90530
4 49740
4 9470
4 52218
4 41076
4 21652
4 84354
2 52558
2 73670
4 20542
2 99128
4 7694
4 24944
2 70804
4 63538
4 10084
4 71358
2 99934
2 77524
4 25848
2 84620
4 19540
2 99952
4 49918
4 98176
2 34274
4 1692
2 84142
2 45752
4 29584
4 42630
2 33958
2 96406
2 63986
4 91756
4 81724
2 89332
4 19220
2 7910
4 2366
2 10818
2 3154
4 74582
4 98512
2 21586
4 32592
4 57206
4 34228
4 62720
2 43056
4 30204
4 86464
2 79876
2 1752
2 67498
2 25132
4 71742
2 74068
2 79530
2 68186
4 4886
4 15080
4 42372
2 93510
2 45962
4 99498
2 24192
2 42854
2 11132
2 164
4 80982
2 94212
2 33780
2 56582
4 78372
2 83142
2 78206
4 18874
4 84928
4 89842
2 60100
2 16582
4 97388
2 48438
4 35966
4 81392
4 93156
2 51502
2 56074
4 87524
4 63478
4 50464
2 72500
4 368
4 46786
4 33238
4 25260
4 49924
4 24340
2 14936
4 87920
4 19450
2 68788
4 33304
4 29608
2 18176
4 54834
4 15296
2 59710
4 51612
2 4144
2 35254
2 37564
4 7982
2 1904
2 88606
2 77840
4 23574
2 58194
4 96384
4 98062
4 39660
2 37132
2 81048
2 44350
2 6688
2 79474
2 11912
2 72114
4 18158
4 64274
2 37510
4 22608
2 45214
4 45902
4 31116
2 36130
2 59876
4 5596
4 6906
2 28936
2 23422
4 56462
2 47376
2 48678
2 94820
4 10002
4 54660
4 10194
4 22108
2 38738
4 66114
4 3694
2 53966
4 74520
4 17298
2 67802
2 26820
2 11612
2 88144
2 69930
2 39680
2 43168
4 58182
2 27510
2 48074
4 17854
2 58670
4 41314
2 43802
2 2072
2 16332
4 71232
4 36132
4 6058
4 28594
2 7966
4 63996
4 18230
4 60084
2 49540
4 92144
4 89690
2 32840
4 38734
2 40512
4 89008
4 71730
4 30004
4 20894
4 74716
2 96246
2 80878
4 89002
2 22520
4 74434
2 87690
2 62844
4 8730
2 48224
2 13804
2 12010
4 31336
4 93514
4 38844
2 37478
2 36986
2 84532
2 42236
4 4396
4 65078
4 24586
4 96366
4 51394
4 67756
4 72300
4 78650
2 50746
2 96060
2 38696
2 39136
4 18052
4 28088
2 43432
2 4018
4 4308
2 92464
4 4374
4 53030
4 58052
4 11830
2 21414
2 16236
4 36118
2 28896
2 96644
2 52678
2 42400
4 30230
2 43756
4 46846
4 70960
4 1736
2 46146
4 27060
2 74414
4 9926
4 60160
2 17584
4 22308
4 17616
4 92374
2 49468
4 18852
4 96496
2 3152
4 67168
4 52896
2 72216
4 772
4 64998
2 64926
2 5422
2 50402
2 5490
4 95136
4 25942
2 64244
4 30696
2 37160
4 5750
2 31240
2 54408
4 73674
2 94306
2 60946
2 90000
2 88028
4 79026
4 34204
4 77576
4 42102
4 37042
2 59450
2 16104
4 69820
2 21598
4 64952
2 64230
2 63186
2 81560
4 54350
4 80980
2 48994
2 30452
2 5260
2 19686
4 21022
2 48770
2 95928
4 63796
2 37368
2 640
4 78222
2 5210
2 97436
4 98150
2 31290
4 32588
4 13924
4 53342
4 10054
4 67002
4 50492
2 2130
4 16886
4 74626
4 96532
2 99080
4 18666
4 73282
2 11816
2 15630
2 37388
2 25698
2 56510
2 87306
2 88958
2 67742
4 69300
2 33338
2 21014
2 18670
2 98000
4 88376
2 62846
2 55006
2 15288
2 7294
2 29678
2 35466
4 99456
4 26572
4 78254
2 48258
4 52486
4 6074
2 51386
4 5730
2 43310
2 24848
4 4594
4 47710
4 22426
4 97758
2 35782
4 56232
4 88638
2 75396
2 79716
4 72314
4 77936
2 48732
4 62230
2 50794
4 94518
2 75220
4 46894
2 61098
2 42370
2 94496
4 28212
2 76942
2 72330
2 6018
2 74554
2 4334
2 25644
4 61772
4 49548
4 38328
4 82600
4 51818
4 21426
2 33642
4 42918
4 11414
4 94546
4 62330
2 29496
2 72334
2 61054
4 41768
4 13068
4 3800
2 79330
4 43048
4 41246
4 63698
4 18174
2 39860
4 57770
2 2666
4 53744
2 32494
4 99204
4 75344
4 10424
4 90656
2 27358
2 2208
4 82660
2 1976
2 61720
2 2066
2 46732
2 49174
2 26896
4 75738
4 46172
2 53438
2 46768
2 45682
4 70970
4 98052
4 33646
4 6138
2 18506
2 14578
4 12164
4 29264
2 38052
2 25666
2 17474
2 9762
4 38934
4 49934
4 4084
2 29262
4 1006
2 75646
2 54154
2 36530
4 76484
4 20102
2 76392
2 47078
2 6414
4 13786
2 95700
2 49954
2 96154
2 92958
4 29472
4 39174
4 97270
2 53038
4 3956
4 35896
4 19766
4 66768
2 95244
4 48726
2 59512
2 90574
2 34182
2 84326
2 83642
4 81678
4 55766
2 42068
2 1252
4 88494
2 68460
2 31184
2 33658
4 4060
4 27764
2 30456
4 7716
2 52670
4 66602
4 44604
4 45116
4 43436
4 28432
4 43768
2 32140
2 36444
4 32732
2 26838
4 78070
2 48536
4 24064
2 8796
2 50550
2 67628
2 24474
2 23254
2 28642
2 61980
4 23668
2 47172
4 64612
2 132
4 84088
2 40052
4 74530
4 92180
4 39274
4 13602
2 15976
2 664
2 96716
2 21138
4 74952
4 2834
4 61610
2 41324
4 16776
4 96324
4 7140
4 59274
4 15518
2 64216
4 34858
4 97746
2 62646
4 52032
2 71020
4 95004
4 82588
4 13358
4 69148
2 93466
4 92634
2 96858
4 89502
4 69298
2 46676
2 80686
4 86338
4 82656
4 74176
2 16134
4 56646
2 16938
2 11918
4 80362
4 76446
4 89426
2 85812
4 33022
4 19278
2 86084
2 93564
4 35836
2 33986
2 97982
2 63976
2 15430
2 19388
4 82418
4 89224
4 67642
4 39002
4 35014
2 6998
2 71294
4 53928
4 15768
2 80602
2 21500
2 87120
4 72912
2 11044
2 7204
4 54452
4 38276
4 95972
4 64736
2 94418
2 94000
4 98826
4 74186
4 13642
2 11416
4 6554
4 36778
4 99578
2 25410
2 56724
2 75584
4 60548
4 86090
4 60382
4 15130
2 2530
2 39424
2 41192
2 35338
4 84698
4 60486
2 69812
4 66298
2 18962
2 1928
4 7682
4 34846
4 50562
4 56008
4 83808
2 67572
2 87456
4 93672
2 36886
2 72202
4 28578
4 95562
4 76476
4 47324
2 99132
2 98804
4 76218
2 7938
4 31876
4 39520
2 49934
4 15816
2 10242
2 90338
4 95832
4 98930
4 64166
4 60044
2 34914
2 97428
2 42498
4 97408
4 6284
2 49594
2 26654
2 22498
4 72088
2 42920
2 85700
4 22046
2 29702
4 49544
4 24658
2 82848
2 25912
4 92684
4 96552
4 57532
2 50824
2 30160
4 51856
2 28330
2 98678
4 23654
2 1508
4 85754
2 64242
2 33718
4 74246
2 69466
2 22846
4 94194
2 39138
4 96346
2 57428
4 5548
4 47142
2 17246
4 5414
4 6006
2 13998
4 20572
4 37894
4 38654
2 20710
2 96156
2 93342
2 95132
4 78098
2 41404
2 47328
2 39144
4 96200
4 18362
4 19846
2 57382
4 48302
4 10242
2 65062
4 8644
4 80996
2 42438
2 55026
2 50024
2 75784
2 59844
4 69186
4 89342
4 64270
2 85880
2 46198
2 3790
2 27766
4 37306
2 66608
2 38628
2 53336
4 95092
4 97674
2 24868
4 47884
4 10582
4 51986
2 78768
2 6304
2 98454
4 7732
4 18556
4 34826
2 38082
2 98170
2 70374
4 89332
2 53330
2 69402
4 24486
4 33126
4 96446
4 86138
4 29830
4 17230
4 29296
4 97718
4 85222
4 14930
2 15046
4 52828
4 68878
4 71316
4 69128
2 13830
4 8154
4 75084
2 44362
2 77250
2 18438
2 84204
4 70040
4 528
4 66300
4 77430
2 14482
4 29952
4 84542
2 69932
2 47622
2 45914
4 32224
4 19646
4 41200
2 9472
4 48260
2 93284
4 40218
4 84446
4 58632
4 74570
2 67882
4 51254
2 69190
2 7422
2 39984
4 96164
2 16754
4 72720
2 16618
2 45688
2 96784
2 38224
4 19468
2 52708
2 15152
4 81874
2 65188
4 84498
2 45408
4 81150
4 99056
2 69312
2 36550
2 37380
2 47374
2 45006
2 23504
4 15726
4 5060
4 33962
2 81588
2 94454
4 60704
2 58456
2 2916
4 97824
4 54202
2 1232
4 33882
2 5082
4 68602
2 22644
2 99880
2 89524
2 25152
2 74322
4 24248
2 19324
2 73642
2 28746
2 69146
4 79062
2 44822
2 23434
2 65684
2 20332
2 4100
2 65744
4 9628
4 2660
4 81200
4 82688
2 54322
2 98812
2 44810
4 97566
4 30082
4 87910
2 60290
2 61988
4 49820
2 44970
2 35036
2 46120
2 71946
2 96754
4 91090
2 34124
2 98042
4 28808
4 87418
2 30466
2 39490
2 79914
4 27830
4 88524
2 9466
4 19230
2 68986
2 88770
2 9300
4 12906
4 74562
2 24824
2 34784
2 80144
4 56670
4 74196
2 43400
4 85708
4 43302
2 4860
2 15894
4 37904
4 20582
4 62110
4 78958
4 3574
4 99688
4 88404
2 10634
4 24552
2 55540
4 71560
4 99994
4 94054
2 81180
2 18724
2 93316
2 84968
2 22962
4 96550
2 21442
4 28786
2 3624
4 51788
4 51430
4 25592
4 79264
4 70272
2 76012
2 68660
2 26882
2 82406
4 21374
4 84794
4 24090
2 67864
2 99718
2 71660
2 57384
4 90770
2 67736
4 86654
2 51962
4 96204
2 39390
4 27494
4 57328
2 68070
4 4694
4 84792
4 52152
2 57586
4 73854
4 83014
2 15662
2 72678
2 15302
4 95054
2 15608
4 59052
4 22668
4 20088
4 81282
4 92008
4 86460
2 46216
4 17846
2 57150
2 44986
2 94698
2 1036
4 71678
4 9404
2 41932
2 99280
2 94064
4 18780
4 75768
2 318
2 49868
4 48454
2 93138
2 8504
2 49898
4 45260
2 47806
4 19376
4 52402
4 91636
2 98506
4 1564
2 35136
2 22966
4 12502
4 32352
4 83344
4 13600
4 32300
2 25752
2 2688
2 19148
4 20436
2 38496
2 11608
4 14650
2 22878
4 89862
2 90928
2 33644
2 92578
4 89058
2 62254
4 66148
2 5538
2 7292
4 75160
4 27158
2 54172
2 33438
4 67082
2 5356
4 59816
4 79564
4 95712
2 13328
4 48118
4 56130
4 13670
2 92132
2 26156
4 33118
4 76860
2 61854
4 34656
2 98952
2 91236
2 28014
2 6926
4 83286
2 65766
4 19428
2 46512
2 33660
4 24222
2 96952
4 43320
2 37594
2 92402
2 9710
2 87114
4 95146
2 21964
4 37424
2 73362
4 12324
2 13664
2 31362
2 45924
4 7066
2 70702
2 16228
2 37402
4 81388
4 5186
4 11842
2 92930
2 21986
4 20790
4 34400
4 19182
2 88656
2 10234
4 58704
4 39428
2 4432
4 33916
2 6756
4 70910
2 93430
2 9826
4 6674
2 79300
2 61758
4 57026
2 4270
2 57362
4 59076
2 22504
2 2314
4 13018
2 30506
2 2074
2 99848
2 18186
4 36942
2 11230
2 13756
4 85712
4 46188
4 24246
4 858
2 57414
2 8702
2 88952
4 34366
4 10384
2 63076
4 14554
2 61452
4 39244
2 70310
2 94056
4 25870
2 32062
4 4040
4 95912
2 79442
4 5624
2 14388
2 89898
4 14246
2 80658
4 54488
2 19132
4 7242
4 74540
2 55968
4 88818
2 6842
2 58812
2 80948
2 39536
2 58426
2 69870
2 70672
4 20334
2 33000
2 48168
2 29528
2 14916
4 89846
4 80744
4 26188
2 29858
4 42356
4 38914
4 1328
4 79132
2 82738
2 49088
2 34836
4 97978
4 62988
4 17082
4 97812
2 53254
2 12934
2 67146
4 7738
2 30332
2 22792
2 12340
4 7266
2 45576
2 46116
4 79412
4 35012
2 43420
2 52520
2 18950
4 89412
2 61530
4 23378
2 98886
2 24608
4 97666
4 81276
4 44290
4 12082
2 41506
2 82310
4 90328
4 87264
2 50672
2 14332
2 79114
4 28860
4 78500
2 61472
4 16426
2 36046
2 61752
4 75440
4 53430
2 52552
4 59422
2 7548
2 55456
4 68970
2 51660
4 58002
2 33404
4 91946
4 75020
2 95280
2 7242
4 36046
2 8204
4 63746
4 13998
2 12482
4 24012
4 39994
4 58678
2 49404
4 84854
4 62152
2 88602
2 8322
4 28234
2 14158
4 93426
2 17180
2 74722
2 89992
2 48078
2 34052
2 58068
4 29498
2 19070
4 95570
2 98026
2 53288
2 23414
2 77242
4 1360
2 26476
4 30512
2 45622
2 38454
2 12038
4 60688
4 61500
4 64376
2 99290
4 43740
2 67828
2 99606
4 86206
2 33398
2 12882
4 47134
4 1590
4 88478
4 98452
2 76254
2 74452
2 29542
4 17520
4 63898
2 308
4 99968
4 61236
2 2800
2 46056
2 5972
4 85806
2 60620
4 14402
4 18472
4 86686
4 8946
2 61354
2 32084
2 74870
4 47026
4 51474
2 81036
2 61358
4 14386
4 34618
2 56990
2 29186
4 29450
2 74330
4 97872
2 700
2 14902
2 57442
4 48990
4 76916
4 15064
4 35740
4 19550
4 2526
4 96938
2 44192
4 28
2 59072
2 26474
4 33714
4 6034
2 46906
4 68528
4 62006
2 29482
4 28344
4 78764
4 15844
4 71300
4 67492
2 5360
2 16484
2 88708
2 89382
4 44482
2 56564
2 85470
4 88850
2 79928
2 95620
4 38800
4 78160
4 34094
4 4404
4 18296
4 28536
4 56276
4 86726
2 97966
2 5166
4 53918
2 10642
2 28844
2 47562
4 55578
2 5928
2 86832
2 64360
2 14480
2 90758
4 4328
2 80366
4 83034
2 73194
4 84572
2 62492
2 54980
2 95532
2 74080
4 3252
2 59590
4 53576
4 28972
2 37976
2 48644
2 91104
2 11948
4 55938
4 86498
2 52264
2 98890
2 11772
2 88922
4 84896
4 4934
2 46386
2 48884
2 82258
2 11960
4 59876
2 91908
4 80086
4 41378
2 84890
2 98028
4 6498
4 4738
4 9812
2 50252
4 92578
2 90684
4 40124
2 74930
4 50744
4 50034
2 96780
2 40684
2 2938
4 45172
4 91332
2 46014
4 21262
2 25584
4 38406
2 66260
2 11872
4 85512
4 30374
4 39810
2 28950
4 42236
2 5826
4 58534
4 88790
2 2606
2 68284
4 43716
2 42222
2 71408
2 26700
2 94252
2 14474
2 87490
2 95664
2 82554
2 61616
2 33852
4 53076
4 47250
4 24238
2 12398
2 63800
4 54412
4 990
4 67940
2 26396
4 76820
2 7822
4 23450
2 11400
2 28796
4 29186
2 15992
2 23938
4 67676
4 68562
4 91972
2 49914
4 31086
2 88840
2 13918
2 74976
4 97164
4 94392
4 12008
2 54526
4 98244
2 40372
2 16006
2 31812
2 85956
4 74630
2 69548
2 36096
4 12208
2 70112
4 38128
4 7820
2 9942
2 78980
4 98976
4 47338
2 38668
4 82346
4 53804
2 51308
4 8746
4 95286
4 18760
4 63654
2 9368
2 60580
4 96266
4 3352
4 97576
2 77118
2 15538
2 52022
2 90682
2 84852
2 23764
4 84470
4 42652
2 65786
4 25296
4 99040
2 47348
2 96998
2 66844
4 65616
4 3220
2 7814
2 9980
2 67420
4 3418
2 64832
4 37156
2 60436
2 28764
2 48706
2 69124
4 1090
2 91552
2 98984
2 76812
4 31312
2 44992
4 45256
2 34066
2 83164
4 77422
2 68318
4 59824
4 15636
2 29368
2 71204
4 57472
4 36368
2 97886
4 72446
2 24992
4 10114
4 4598
4 72982
2 43904
2 53688
2 79814
4 98168
4 97708
2 28696
4 6024
4 55976
4 56596
4 65270
4 14724
4 48652
4 10030
2 85562
2 67070
4 14786
4 18592
2 19306
2 70538
4 46594
4 34198
2 23252
2 4110
2 70148
2 33342
2 74668
4 39478
2 46792
4 17654
4 20206
4 8668
4 46376
2 94116
4 4174
2 25964
4 43214
2 70520
2 19060
2 78480
4 47052
4 66758
4 94380
4 71572
2 45450
4 47212
2 27396
2 64444
4 73958
4 68744
2 32490
4 82878
2 95330
2 9036
2 77632
4 95926
2 9738
2 35374
4 32392
2 5262
2 70364
4 71972
4 69366
2 27478
2 47270
4 65136
2 84252
4 63552
2 68310
2 31726
2 1498
4 13596
4 83640
4 86062
4 30250
4 44082
4 70336
4 99134
2 87710
4 9920
4 85550
4 99958
2 8744
2 15832
2 2414
2 23868
2 10246
2 79190
2 83174
4 24520
4 9918
4 23702
4 97022
4 74598
4 20272
2 40588
4 29422
4 23462
2 81400
4 95526
2 32770
2 44202
4 89204
2 65736
4 2930
2 72998
4 90164
2 88080
2 58982
4 59630
2 21808
4 35138
2 35958
2 7198
2 12658
2 91704
2 75724
4 10852
2 93870
4 72080
2 49214
2 37474
4 1808
4 74738
4 44162
4 99070
4 16750
2 95206
4 20500
4 4924
2 83892
4 27384
2 88294
4 56294
4 25924
2 95378
2 94950
2 30772
4 62458
4 34946
2 24982
4 42834
4 52584
2 85272
2 21410
2 36162
2 84536
4 95450
4 94482
2 21220
2 14736
4 71302
2 81610
2 25176
2 77048
2 910
4 56924
4 90960
2 20276
2 78856
4 5380
4 20954
2 9030
4 1178
4 64298
4 76418
4 44422
2 87396
2 75206
4 36732
2 93726
4 15222
2 42494
2 48346
2 52124
2 12128
2 47464
4 46568
2 65330
2 77434
2 23200
2 47710
2 3788
4 79052
4 73406
2 23266
2 68110
4 36728
2 30168
2 16992
2 94688
2 63230
2 81608
4 1758
4 49646
2 60480
4 65380
2 8214
2 96518
4 42932
2 52822
4 81136
4 27904
4 14452
4 10622
4 82528
2 82152
4 58546
2 59688
2 7864
4 61288
4 17270
2 51876
2 21942
4 35284
2 92246
4 13230
4 78256
2 94532
2 45512
2 15356
2 14630
2 62366
2 89314
2 43602
2 3838
4 950
4 6238
4 20
2 85170
4 81594
4 26914
2 77948
4 2192
4 99542
4 85348
2 68080
2 73798
4 73668
4 13588
4 45284
2 14186
4 80924
2 11802
2 31794
4 43840
4 56208
2 98324
2 82916
2 96532
4 89244
2 39244
4 92488
4 91174
2 74304
2 47190
2 20984
2 54036
2 23250
4 1414
2 98236
2 5506
2 36812
4 34630
2 83842
2 69904
2 57056
4 80816
2 76202
2 96422
2 97344
2 49258
2 29974
2 60888
4 71174
2 95166
2 61880
2 80138
2 82866
4 75862
2 19106
2 45616
4 98868
4 57482
2 4488
2 24644
2 51842
4 94930
2 90738
4 15752
2 27796
4 91168
4 77782
4 97586
4 2740
2 22682
4 81952
2 67212
4 47778
4 3440
2 47310
2 6510
4 16362
4 43802
2 31774
4 7000
2 48680
4 16416
2 18692
2 37058
2 93030
4 37354
4 18464
4 58556
2 45854
2 88258
4 91942
2 12532
4 8804
4 4954
4 49704
4 73754
2 62018
4 96396
2 79670
2 39496
2 87004
2 94818
4 10922
4 25618
4 28370
2 47678
2 6098
4 29720
4 78320
4 11748
4 69650
4 71218
4 59268
2 24396
4 94532
4 62862
4 91932
4 28290
2 70068
4 33264
4 80420
4 81798
2 77190
4 60254
2 53144
4 77550
2 61152
2 46810
2 30920
2 59706
4 66770
4 93328
2 62666
2 75546
2 53686
2 48856
2 81876
4 87652
4 56198
4 6176
2 38110
2 27896
4 40134
2 31136
2 54968
2 26664
4 50784
2 82650
4 96620
4 73234
2 16470
4 590
2 92064
2 34602
4 2730
4 95524
2 57948
4 64008
4 3256
4 10884
2 92242
4 88442
2 48004
4 11128
4 38942
2 39466
2 85620
4 29104
2 75898
2 71928
2 84944
4 21594
2 52872
4 25530
4 5726
4 95534
4 12602
2 91430
2 71436
2 16934
4 17978
4 68730
4 14474
2 87998
4 30424
4 61070
4 4888
2 88796
4 10738
4 79918
4 49388
4 61140
2 12860
4 99752
2 70610
2 96554
2 94020
4 59054
4 90338
2 88736
4 21922
4 6254
4 79446
2 11190
4 84832
2 10688
4 30418
4 30138
2 91306
4 75372
4 72490
2 47012
4 81314
2 48320
2 11138
2 50266
2 85038
2 20820
4 87118
4 94300
4 83890
2 92974
4 31846
4 95098
2 94256
4 61638
4 8246
4 81262
2 10076
4 11878
4 39014
4 50480
2 16432
2 52282
4 65974
4 93266
2 76584
2 82914
4 86680
2 50022
4 26686
4 38452
2 84738
4 85736
2 92778
4 26606
4 84546
2 22496
4 65642
4 19794
2 25624
4 75558
2 9104
2 99736
4 3962
2 45020
2 31822
2 14470
4 22360
2 70540
4 73760
4 45530
2 22808
2 19628
4 59040
2 57944
2 83664
4 7566
2 6954
4 70236
2 17938
2 40384
2 50306
4 63832
2 4234
4 36988
2 93050
4 76482
2 51066
2 32608
2 95286
4 88174
2 28026
2 27438
2 77234
4 74586
4 4588
2 11956
4 89680
4 24752
4 80398
4 20032
4 51830
2 13116
2 10940
2 76948
4 88958
4 14858
2 37966
4 63082
4 38262
2 23572
4 5770
4 40806
2 78752
2 30510
4 95652
2 72436
2 89804
4 16826
4 68884
4 4762
4 90822
2 81854
2 43154
2 9216
4 52694
4 34146
2 32102
2 36582
4 91228
2 88744
2 16720
2 14124
2 60366
2 45010
4 71648
4 54094
2 84090
4 39836
4 56732
4 86886
2 56338
2 52220
2 82858
2 29120
2 2890
4 87782
2 42712
4 31626
4 58640
4 47550
2 24804
4 87712
2 41476
2 59066
4 89138
4 88806
2 73722
2 82252
4 55928
2 86762
4 54500
4 30100
2 26380
2 45076
4 28056
4 95162
4 30548
4 83098
4 39000
4 87024
2 8810
4 81170
2 35848
2 78790
2 37746
2 70400
4 7736
4 23988
2 37436
2 34626
4 18880
4 35860
4 85206
2 61338
2 33936
2 5924
2 55778
4 34888
2 96946
4 14422
2 78594
2 19780
2 9222
4 84576
2 50100
2 21446
2 83364
2 69144
2 78290
4 27504
2 56892
2 51572
4 35076
4 55728
2 33238
2 2318
4 20762
2 64738
4 84348
4 57806
4 89038
2 80340
2 66186
2 18844
4 45506
4 19698
2 45574
2 25054
4 81322
4 39398
4 51988
4 63514
4 52306
2 18102
2 15012
2 61566
4 13226
2 38444
2 72082
2 55224
2 58372
2 57400
4 19216
4 13168
2 65714
2 72178
2 6976
4 23284
2 93772
2 43376
4 16284
2 37850
4 78898
4 42406
4 72892
4 98284
4 89814
4 35278
2 63826
2 32380
4 41298
4 26506
4 46212
4 51090
4 24072
4 77406
4 5638
2 96076
4 62776
2 8642
2 68132
4 80318
4 43562
4 79920
2 87568
2 30972
4 32472
2 22596
2 26034
4 84592
2 66372
4 87822
2 8906
2 49966
2 74038
4 76162
4 66250
2 44440
2 8682
4 56936
2 81196
2 4250
4 65906
2 23656
4 45088
2 3900
2 93038
2 43662
4 80552
4 73926
4 60464
4 56744
2 88396
4 68636
4 31270
4 11006
2 36612
2 9296
4 36466
2 91988
2 59802
2 76460
2 25390
2 86336
4 92260
4 8292
2 56246
4 43896
2 88220
2 69774
4 3086
2 85844
2 99544
2 44462
2 38926
2 8380
4 51748
2 55526
2 23370
2 72046
2 80646
4 48486
2 64318
4 25948
2 63000
4 85848
4 45096
2 58604
4 84722
2 69282
4 926
2 55070
4 95060
2 34282
2 24172
4 20760
2 76236
2 40574
4 72024
2 72828
2 44256
2 15244
2 74524
4 36004
2 60886
4 61936
2 48036
4 30410
4 64684
4 89806
2 24186
2 53502
4 85648
4 92562
4 68270
4 43354
2 70402
4 82672
4 89934
4 29686
2 85840
4 43904
2 42568
4 55066
2 15776
4 88296
4 49648
4 18896
2 87144
2 17294
4 66692
4 71410
2 86610
4 22476
2 82932
2 60354
2 73128
4 22604
4 28952
2 27848
2 17942
2 64046
2 94040
4 91006
2 78736
4 27736
4 70248
2 27336
4 51138
2 5290
2 55636
2 3836
4 15270
4 60744
2 84476
4 72308
4 19778
2 56002
4 82596
2 44464
4 84258
4 52090
4 98726
4 21170
4 98212
4 98790
4 73786
4 15394
2 37570
4 41232
4 95520
4 40132
2 25472
4 1776
4 44392
4 76870
4 95230
2 22074
2 55192
4 58
2 61142
2 87062
4 18432
4 82314
4 36608
4 81334
2 59668
2 53178
2 3118
4 21584
2 78420
2 48434
2 97984
2 66666
2 87680
2 38752
4 23776
4 42618
2 60880
2 20868
2 7734
4 27482
2 12892
2 83542
2 53828
4 94200
2 81496
2 1672
4 44122
2 70188
4 78386
4 19192
2 54488
2 23626
2 44630
4 54264
2 60508
2 41088
2 42718
2 45456
4 27580
4 44854
4 86060
2 79718
2 89674
4 69448
4 66748
4 55896
2 20130
2 66646
2 71554
4 43706
4 5054
4 78528
4 34972
2 57750
4 58738
2 39798
4 57730
4 92668
2 7118
2 83064
4 55778
4 96184
2 75174
4 60734
2 47232
4 13996
2 7730
2 56520
4 2108
4 89834
4 24108
4 64870
2 72110
2 63564
2 55160
2 94334
4 95698
2 2578
2 91330
2 15342
4 20196
2 38880
2 68728
4 39616
4 49578
4 80244
2 34336
2 40862
2 61742
2 42430
2 18076
2 34898
4 35412
4 86200
4 18136
4 82008
2 9638
4 34496
4 44164
4 13036
4 49166
2 68244
2 36770
4 80512
4 87462
2 6898
4 12666
4 50956
4 94396
4 76192
4 9456
2 9506
4 37250
4 11532
4 97556
2 30810
2 73386
4 60498
2 46070
2 51362
2 80794
2 76768
4 22124
2 49270
2 47010
4 86924
2 22532
2 53582
2 7252
4 59910
4 42186
4 75782
2 72298
4 28622
4 7556
4 84528
4 26398
2 16042
2 33550
4 77426
4 64212
4 57650
2 52906
2 88792
2 9804
2 92936
2 78666
4 97414
2 78624
4 6114
4 21824
2 86226
4 62322
4 60136
4 80892
2 60978
2 89014
4 57030
2 51108
2 14140
2 19028
2 18730
2 71362
2 48024
4 73090
4 702
4 70212
4 44516
2 36614
4 86700
4 42254
2 75030
2 2224
4 78308
2 37558
4 21318
2 72768
2 44532
4 27272
4 79090
4 28788
2 17136
2 96524
2 8854
2 21712
2 16866
4 52806
4 84944
4 61076
4 23432
4 93782
4 48042
4 51460
2 71468
2 73934
2 62020
2 12866
2 42348
4 95120
2 49098
4 12434
2 93470
4 60942
4 4536
4 5766
2 78918
4 74932
4 97768
4 60112
2 93682
4 25462
2 32026
4 58800
2 82692
4 31632
4 13730
2 41006
4 26206
4 60964
2 46916
4 86512
2 46944
4 14816
2 63290
2 87620
2 83840
4 64048
2 35794
2 92562
2 20720
2 81814
2 44478
2 16240
4 60064
2 39082
4 41594
4 17356
4 50520
4 91894
4 85250
4 43642
2 57196
4 26488
4 97976
4 53672
2 82460
4 92162
4 65972
2 51500
4 86612
4 90796
2 83050
2 12166
2 89800
4 24498
4 41364
4 14572
4 53778
4 58474
2 60146
4 60810
2 51904
4 2168
4 7708
2 34870
4 56410
4 18920
2 8612
4 59908
4 8770
4 18952
2 15218
2 78842
2 37350
4 87956
2 91062
2 39730
2 96208
4 21686
2 10852
2 38820
2 40082
2 2390
2 59008
2 55306
2 57434
4 44796
4 68428
2 53024
2 11376
4 76700
2 84632
2 91956
2 74262
2 32702
4 1554
2 26632
4 40644
4 20916
4 3650
2 4118
2 62652
2 61640
2 30776
4 67844
4 72694
2 68978
4 35650
4 11892
4 52298
2 58728
2 58154
4 55818
2 8186
4 73484
4 8896
4 53496
2 40540
4 91146
2 3552
2 98128
2 67028
4 46538
4 74092
2 30532
2 60988
2 80574
2 97740
4 26978
2 29246
2 16590
4 11528
4 54262
2 19156
2 65304
2 25018
2 67134
4 67870
2 90602
4 15826
2 51158
4 14128
2 76954
2 4004
2 11786
4 39134
2 83622
4 30286
2 95028
4 96174
2 10422
4 20844
4 84378
2 90218
4 60360
2 52544
4 39582
2 74296
4 86092
4 50626
2 88234
4 86130
2 24144
4 27484
2 8350
2 86716
4 29382
4 49092
4 20314
4 73682
4 34508
2 41784
4 19312
2 76646
2 41414
4 56176
4 10866
2 91470
4 91276
4 69878
4 96886
2 79778
4 91324
2 96364
4 3706
2 496
2 75064
4 42750
4 89544
4 16894
4 15758
4 84954
4 35852
4 85128
4 42912
2 48616
4 83630
2 15008
2 13818
4 940
2 61866
2 63684
2 67966
4 1734
4 66504
4 15412
4 66654
2 41898
2 18688
2 1158
4 59096
2 84906
2 320
2 88854
4 52020
4 29080
2 93790
2 32472
2 43322
2 43444
4 68996
2 64178
2 74416
4 86034
4 20406
4 23424
4 8596
2 28724
2 85102
2 70304
4 65354
4 34816
4 43634
4 60480
2 65206
4 26624
4 92270
4 49962
2 1246
2 38384
4 86236
2 77254
4 66372
4 80472
4 49828
4 38332
4 55598
2 49190
2 27584
2 51488
4 25582
4 53326
2 25534
2 78298
4 26922
4 40942
4 95090
4 6894
2 63332
2 58156
4 84406
2 83186
4 89320
2 7506
2 69266
2 99460
2 82104
4 16134
4 56658
4 99004
4 30700
2 38520
2 23800
4 39010
2 60202
4 8650
2 10572
2 98496
4 65654
2 24558
2 84612
4 12638
4 10626
4 17008
4 42470
4 47596
2 55256
2 45044
4 97420
2 32368
2 87654
4 80336
4 66990
2 28396
2 51114
2 85260
4 45484
4 37950
4 41330
4 44356
2 50216
4 21700
2 99948
2 39360
2 90416
2 83192
2 85716
2 69330
4 8840
2 32118
2 88714
2 35376
2 85120
4 2900
4 61414
2 43684
2 36644
2 38074
4 97966
4 9922
4 28438
2 48602
2 40312
4 33854
4 74442
4 98772
4 39476
2 58922
2 36306
4 63356
2 82346
4 10044
2 43762
2 89970
2 21560
4 68062
4 3554
2 5498
4 3974
4 95674
4 45820
2 4702
4 3592
2 41382
2 68236
2 58452
4 12366
2 17904
4 22002
4 82436
2 6076
2 84900
4 68724
2 33092
4 63962
4 16150
4 10164
2 64700
2 8268
4 55804
2 39450
4 92146
2 43706
4 89738
4 7568
4 37540
2 58836
2 84002
2 36176
4 19408
4 72382
2 28136
4 85984
4 16568
2 31582
4 85864
2 14496
2 70656
2 40630
2 86558
4 74314
2 23576
4 66536
2 22800
4 12206
2 82988
2 71588
2 41068
2 80058
2 16796
4 78908
2 61202
4 95080
4 62142
2 88450
4 40252
2 98828
4 70644
2 66964
4 57544
2 53986
2 22220
2 37184
2 65010
2 89860
2 20548
2 5454
4 18558
2 74138
2 96964
2 52578
2 50304
2 95668
2 37446
2 89348
4 4310
4 34778
2 21050
4 87916
4 8702
2 63166
4 17778
4 85580
4 33150
2 25950
2 70378
4 55966
4 7860
2 58408
2 44524
2 77664
2 5654
4 51424
4 84788
2 89340
2 84670
2 79698
4 99544
4 59948
2 15422
4 17174
2 47824
2 61894
4 61874
2 24434
2 55746
4 8674
4 36298
2 21494
2 92106
4 55740
2 47612
2 56034
2 92040
4 49978
4 49394
2 95652
2 56518
2 71138
4 42982
4 41100
2 43514
4 81500
4 77640
2 36050
4 50752
4 3580
4 90482
4 43110
4 11462
2 90300
4 47994
4 6150
4 62232
2 79706
2 25170
2 65088
2 19956
2 62906
2 62152
2 84386
4 48804
4 22342
2 47990
2 23864
4 7472
2 66810
2 25258
2 1816
4 84424
4 99228
2 21542
2 37116
4 10138
4 10388
4 20190
4 45108
2 97184
2 5548
4 23886
2 94554
2 17398
4 7874
2 77834
4 31740
4 68500
2 58860
2 53466
4 61756
4 36460
4 4870
2 71886
4 14624
2 19904
2 51138
4 8626
4 91754
4 17314
2 9372
2 52836
4 39434
2 58872
4 82178
2 76398
2 6714
2 86872
2 2692
2 2528
2 61792
2 59580
4 33830
2 68326
2 59904
4 48138
4 67896
4 12834
4 6280
4 68458
4 5100
2 40616
2 53148
4 38442
4 43946
2 28290
4 51468
4 63410
4 15276
2 59444
2 90288
4 70630
4 59808
4 87858
4 60682
2 59364
2 92278
2 2940
2 37980
4 48214
2 81034
4 1160
4 68978
4 58334
2 6448
2 64362
2 12116
4 39414
2 35134
2 278
4 15712
4 35612
4 82384
4 19454
2 43262
4 50006
4 69370
2 4480
2 10250
4 23562
2 65052
2 79314
4 26140
4 56458
2 46362
4 63474
4 4824
4 56676
2 82934
4 2014
2 63786
2 82194
4 56918
4 35692
2 41310
2 65144
2 46290
4 45052
2 99778
4 75764
2 25042
2 41986
4 99942
4 18322
2 47266
4 2636
2 95370
2 93572
2 17384
2 46134
4 38696
2 20280
4 53480
4 43224
4 18478
2 95118
2 48702
2 93042
4 79150
2 39882
4 55040
2 52196
4 66104
4 99198
4 2452
2 37974
4 15380
4 664
2 77194
2 59150
2 36542
2 11094
4 86210
2 54288
4 94344
4 69174
4 47972
2 87016
2 9778
2 58782
2 41684
2 45642
4 52252
2 3902
4 30042
4 13776
4 56204
2 33650
2 72960
2 12048
2 54468
2 74012
2 61770
2 41722
2 78254
2 87478
4 70150
4 34296
2 39172
4 81968
4 96232
4 50666
4 10058
4 1920
4 98164
2 72050
2 34470
4 67118
2 51546
2 98068
2 52698
4 21138
2 80352
2 97444
2 20890
2 43430
4 19340
2 57876
4 81336
2 8154
2 62292
4 44202
2 4960
2 91314
4 17310
4 3890
2 31408
2 13798
2 63948
2 39412
2 64720
2 95392
4 5160
4 50136
2 3682
2 7062
4 57894
4 19480
4 63030
4 92148
2 90628
2 92368
2 20960
4 42878
2 31926
4 9478
2 62722
4 93280
4 82054
4 82610
2 63932
4 78154
2 72002
2 99944
2 48172
4 45730
2 32960
2 18744
2 77726
4 77060
4 9684
2 91898
4 57000
2 84220
2 49416
4 26832
2 30392
4 54000
4 31342
2 5342
2 27190
4 73306
4 34330
4 73220
2 57614
2 6454
4 7410
4 23436
4 26442
2 85166
4 99794
4 32404
4 12914
4 86868
2 77884
4 10474
4 17194
4 49712
2 56696
2 58096
2 61890
2 32906
2 6652
2 77988
4 21148
4 44044
2 64266
4 70408
4 59890
2 19822
2 630
4 41776
4 86740
2 74044
2 3722
4 61636
4 12674
2 60368
4 80306
2 16980
4 18364
2 52920
2 70734
2 68686
4 2912
2 49076
2 30006
2 50056
2 35206
2 4586
2 99462
2 89688
2 96988
4 13184
2 27184
4 4946
4 7916
2 94140
2 93072
4 13908
2 74018
4 17604
2 386
2 26244
2 93006
2 24622
4 40500
4 24734
4 33432
4 29702
4 55892
4 28030
4 21046
2 26262
4 71684
2 64338
2 19410
2 7958
2 76810
2 98284
2 17640
4 41220
4 2458
4 68108
4 88482
4 8002
4 56674
2 80546
4 95558
2 9726
4 30522
4 18104
4 85392
2 46754
4 67842
4 65698
4 37808
4 76684
2 3260
2 1064
2 21984
2 51906
2 74844
2 13496
4 38702
4 38640
4 10378
4 16216
2 16682
2 20538
2 98662
4 19324
2 1284
4 49706
2 58664
4 62018
2 30992
4 97356
4 12168
2 83640
4 78278
2 79664
4 76090
2 86594
4 93704
4 51056
4 43286
4 85082
2 48512
2 29098
4 98326
2 46928
2 45720
4 82638
4 15762
2 51018
4 80268
4 31884
4 62292
2 7534
4 19970
4 10544
2 24540
2 21336
4 52860
2 88432
2 65612
4 51796
2 34988
4 22594
4 64246
4 48396
4 95668
2 58890
4 24762
4 4366
4 24116
4 3678
2 14704
4 19014
2 47580
4 34614
2 96270
4 83698
2 51012
4 11774
4 90292
2 60846
2 24840
4 95540
4 34274
2 99268
4 11560
4 94832
2 27174
4 3334
2 68026
4 30964
2 69414
4 28712
2 43000
4 66544
4 96378
4 43168
4 83540
4 25214
2 29334
2 84954
4 37614
4 58508
4 71704
4 87252
2 44550
2 15514
2 82308
4 71694
2 37066
2 56752
4 79840
4 33056
2 92832
2 61780
2 85456
2 12646
4 56964
4 81524
2 43980
2 54170
4 32948
2 49522
4 2390
4 89176
4 86800
4 71240
2 87824
2 92838
2 93998
2 44990
2 54498
2 89230
4 12306
2 30134
2 15638
4 63374
4 82076
2 470
4 60344
2 97708
4 32432
4 88492
4 40104
2 23778
2 84474
4 74154
4 73924
2 17274
2 63824
2 1322
4 27002
2 80388
4 32786
4 53898
4 24406
4 2770
2 20970
2 73636
2 50222
4 24308
4 54178
2 5256
4 74220
4 10438
4 73418
2 76898
2 44704
2 24786
4 23208
2 24238
2 2378
2 70466
2 75282
4 34108
4 16138
4 69848
2 14584
4 95800
4 11064
4 83732
2 53730
4 76852
4 61416
2 81852
2 52384
4 56100
2 19798
4 94168
2 50030
2 38506
4 38950
4 51136
2 38482
2 57736
2 36342
4 55662
2 11366
2 69068
4 23052
4 78974
2 88798
2 83446
2 87892
2 8836
4 45686
2 78632
2 13980
2 71712
4 21688
4 10230
2 97870
2 52746
4 55930
4 19046
2 63202
2 34060
4 96992
2 20156
4 60026
2 83034
4 28912
2 83914
4 26598
2 25532
4 93954
2 50984
4 64810
4 77368
2 54518
4 27520
2 64550
2 57320
4 62500
2 33370
4 61114
4 33086
2 55436
4 66264
2 94328
2 416
2 85590
2 72078
2 89942
4 23916
4 91442
2 24988
2 93692
2 9964
2 89946
2 20786
4 2038
2 75574
4 91602
4 19730
2 38940
2 12762
2 9406
2 90546
4 36058
4 76194
4 20772
4 24956
2 68406
2 10674
4 4132
4 5164
2 13740
2 15728
2 59764
4 53328
2 63934
4 46052
4 21002
2 33932
4 20200
4 74942
4 10400
2 90104
4 37296
2 72562
4 5796
4 93892
2 33914
2 36478
4 19582
4 18102
4 38522
4 31052
2 27800
4 92780
2 35148
4 75602
2 35450
4 88342
4 89486
4 89586
2 22942
4 11274
2 87816
4 92244
4 69914
2 25370
2 64610
2 75640
2 70430
4 1978
2 70028
4 95302
4 95748
4 53816
2 56156
4 67218
4 91302
2 57526
4 31764
2 78536
2 42762
4 75582
2 17746
4 45910
2 2512
2 53762
4 84430
4 54486
2 20146
4 45454
2 16940
2 91384
2 95502
4 70288
4 70666
2 83370
2 11898
4 27640
2 51028
2 90066
4 30478
4 7772
2 69784
4 36478
4 23720
4 22536
2 55392
2 74410
2 25186
4 11350
4 63740
2 61564
2 50410
2 14488
2 1238
2 33252
4 45582
2 97788
4 84876
2 88278
4 50206
4 62440
4 59868
4 91610
4 36936
4 94398
4 4016
4 54640
2 18906
2 51160
4 79406
4 42682
4 26768
2 51884
2 51578
2 71780
2 56536
2 19160
4 22884
4 42476
2 97470
4 89186
2 51656
2 11394
2 21418
4 58134
2 65354
2 89704
4 51272
2 43780
2 71190
2 26000
2 24912
2 23448
4 93530
4 14412
4 43830
2 23474
2 17454
2 79512
2 52386
2 15658
4 17468
4 65180
2 15986
4 27510
4 12722
2 9992
2 39292
4 7238
2 71808
2 64008
2 94610
2 12862
2 25438
2 6604
4 6302
4 17776
2 8150
2 22616
2 46886
4 92096
4 14104
2 60394
4 12370
2 53960
2 33330
4 63388
4 30804
4 85380
4 26170
2 46986
4 4546
2 28516
2 7350
2 1026
2 67276
4 10496
4 80048
2 73308
4 98702
4 59580
4 79858
4 8762
4 90682
2 18922
4 42486
2 46304
2 71166
2 12380
4 21224
2 56538
4 39814
2 58934
4 91084
4 6790
4 88596
2 32436
2 9392
2 38512
2 98312
4 15134
2 67340
2 97368
4 39632
2 58316
4 4554
2 49052
2 61488
2 38780
4 8938
2 8898
2 97264
4 30280
4 85484
4 14628
2 63378
4 48148
4 63588
4 29064
4 92076
4 86380
2 75114
4 61580
2 68158
2 62782
4 61384
2 66680
2 88570
2 97386
2 24704
4 53402
4 1102
2 16388
2 66756
2 93828
4 2420
2 53840
2 68356
4 71010
2 13374
2 65122
4 4782
4 39226
2 69022
4 27984
4 95824
2 24376
4 76930
2 54828
4 98752
4 82964
4 52100
2 85710
2 52068
2 5922
4 5298
4 50356
2 41958
2 82638
2 53240
2 85780
2 24162
2 16190
2 98166
4 10660
4 99856
4 72202
2 3774
2 80596
4 8152
2 36958
2 73514
4 77098
2 5830
2 29760
2 36840
4 5346
2 89670
4 54056
2 77046
2 22896
2 1598
2 16466
4 46630
4 60460
4 82614
2 73898
2 85936
2 97954
2 90514
4 13180
4 84980
4 15054
2 71302
2 66926
4 71112
2 24334
4 40372
4 90090
4 5812
2 22936
4 45728
2 77976
2 91206
2 65654
2 52724
4 80672
2 98016
2 35052
2 79050
4 70104
4 37342
4 7156
2 37840
4 37072
4 73168
4 8516
4 29940
2 61016
2 49874
4 51228
2 66796
4 27664
2 64806
4 57826
2 60724
2 82878
4 29324
4 64696
2 25052
4 13638
2 60758
2 27228
4 59786
4 11062
4 27268
2 67422
4 75682
4 6766
4 64934
2 35102
2 36250
2 27580
4 57678
2 86266
4 19170
4 77966
2 3388
2 31154
2 66112
4 57990
2 70166
2 5642
4 9550
2 65124
2 14064
2 40604
2 54658
2 12324
2 22886
4 2462
2 3588
2 9454
2 26830
4 48954
2 33590
4 18162
4 12710
2 66772
2 87482
4 48194
2 69576
2 63746
4 75798
2 15950
4 63600
4 10618
2 49026
2 88996
4 76854
2 12606
4 17942
4 24920
4 28396
4 59968
4 60716
4 26872
4 32536
4 42980
2 47132
4 65426
4 17188
4 30370
4 29586
4 35114
4 69244
2 8808
2 15862
4 2746
2 58190
2 10194
2 60548
2 56104
2 88618
4 73146
4 73116
4 78598
2 21258
4 37302
4 83512
4 3546
2 15264
2 62994
4 24608
4 54244
2 69506
4 19770
2 14758
4 92470
2 93410
4 28452
4 60876
2 49204
4 41756
4 44186
2 93182
2 17594
2 57858
2 77588
2 75166
2 93082
4 27666
2 79338
4 37286
4 40956
4 51348
2 44086
2 96738
4 37554
2 88480
4 66982
2 34480
4 87518
2 4754
4 92136
4 31834
4 91674
2 87858
4 22760
2 3078
2 74164
4 87490
4 23310
2 52108
2 90776
2 56558
4 61020
4 26296
2 76186
2 92086
4 70158
4 98134
4 66356
2 51128
2 85996
2 4998
2 24878
4 76810
4 37402
2 72708
4 71426
4 26756
2 44792
2 32232
4 52190
2 18700
2 92966
2 53916
4 98604
2 56372
4 556
2 58910
2 32810
4 72948
2 88154
2 89602
2 77108
2 48542
4 75620
2 28816
4 98232
4 75258
2 78618
4 33850
4 99750
4 45056
2 93758
4 31788
4 50298
2 56982
4 25770
4 53910
2 93358
2 77718
2 57490
4 1086
2 43070
4 84414
2 19320
2 78260
4 52062
2 51344
2 93976
4 62788
2 53322
4 43872
2 52372
2 62736
2 43608
4 280
2 19714
2 85450
4 96556
4 19968
4 49486
2 16644
2 53320
2 31462
4 35234
2 5264
2 37046
4 61674
4 45706
4 90856
4 29302
2 84596
4 13550
2 93534
4 94036
4 42338
4 20354
2 94790
4 51912
4 90294
2 12082
4 2874
4 52050
4 47566
4 15420
4 72342
2 12596
4 3364
4 44062
2 66778
4 36768
4 7172
2 19858
2 47786
2 96070
2 4442
2 41614
4 72432
2 8586
4 72442
4 16950
4 48254
4 30432
4 42602
2 45770
4 62252
4 65754
2 99318
2 46608
4 21420
4 61986
4 93468
2 90
4 19232
4 79510
2 9504
4 72516
4 26944
4 14016
2 41678
4 28422
2 47390
2 93854
4 73476
2 60784
4 14486
4 98872
4 64478
4 35298
2 57874
2 59244
4 70386
2 43736
4 25904
4 82530
2 95476
2 89908
2 65622
2 9960
4 5858
4 87758
2 71882
2 90304
4 11116
2 33910
4 71686
2 48482
2 85208
2 50068
2 99028
2 99476
2 33568
2 10438
4 92116
2 43926
2 99628
4 48106
4 35594
2 85504
4 36402
4 24744
4 98764
4 33584
2 99924
2 35368
2 85126
4 70770
2 11582
2 60922
2 92588
2 99540
4 93442
2 36746
4 57080
2 89406
4 61270
4 82112
4 52608
2 42520
2 48704
2 11666
4 29216
4 23194
4 38766
2 25674
4 74492
2 81270
4 93870
2 58776
2 64210
2 13034
2 65012
4 48512
2 57062
2 66380
4 45850
4 36044
4 46946
4 16508
2 93798
4 64452
4 50264
2 39520
2 9968
4 32748
4 47276
4 99152
2 15216
4 7902
4 1860
2 22664
2 94098
4 77788
4 94834
2 73754
4 96798
4 45228
4 40838
2 55310
2 40184
4 76292
2 32300
4 51352
4 26788
2 86698
2 1090
4 94496
2 21284
4 45962
4 64196
2 54378
4 69146
4 71796
2 6508
4 12408
4 45298
2 60254
2 92330
4 78948
4 57106
2 44042
4 35468
2 96682
4 75046
2 66812
2 50874
2 84424
2 24556
2 15852
2 28634
2 47606
4 3022
4 13318
2 76688
2 54852
2 43028
4 85292
4 2010
2 19724
4 42580
2 28074
4 12298
4 88584
4 18324
2 81376
4 70576
2 30694
2 83512
2 27274
2 99686
4 56336
4 23938
2 48082
2 49194
4 23064
2 72028
2 30698
4 53706
2 88634
2 12060
2 48282
2 45532
4 60474
4 92822
2 82434
4 49036
2 56286
4 66958
4 49248
2 80818
2 66354
4 80046
4 30242
2 34528
2 70848
4 43782
2 94210
2 48432
2 41656
4 36384
4 20636
4 36926
4 23496
4 4840
2 82232
2 79064
4 96444
2 13554
4 94836
4 13862
4 98668
4 38936
4 8520
2 97482
2 39232
4 53384
2 47306
2 47480
2 2374
4 5830
2 98438
4 30952
4 26548
4 53524
4 69554
4 9832
2 40806
2 82474
2 57184
4 17684
2 73278
4 14060
4 34152
2 96178
4 42120
2 51652
2 59614
4 92804
2 44066
2 3824
4 3732
4 57116
4 76550
4 91042
2 31984
2 66110
2 28372
4 89172
2 33146
2 79858
4 69170
2 74360
4 47920
4 99820
2 91312
4 25510
2 52010
4 79750
2 47442
2 92592
4 78808
4 52878
4 20360
2 65004
2 91678
2 60992
4 48400
2 66096
4 48950
4 53282
4 27440
2 73286
4 80290
2 30002
2 67356
4 14886
4 79040
2 50806
2 93240
4 98654
2 45504
2 81556
4 92496
4 26286
2 10856
4 97150
4 92940
2 63144
2 72062
4 10196
4 9272
2 94588
2 87054
4 71616
4 94094
4 71930
4 47502
2 13586
2 50918
2 19378
4 98106
2 85040
2 22174
2 94656
2 34844
4 34870
4 85012
4 71296
2 10848
4 47346
4 51950
2 55492
4 19356
4 12172
4 76322
4 89812
4 46470
2 94782
2 26790
4 24536
4 83888
2 12474
2 2968
2 15210
4 39700
4 97286
4 67030
2 52194
4 66936
4 4744
4 11492
4 77388
2 31414
2 70186
4 47458
4 48038
4 25418
4 54372
4 63428
4 92058
2 66344
2 93084
4 94626
4 64958
2 13880
2 20674
2 42102
2 95016
2 39534
2 71618
4 85164
2 32876
2 92696
2 16652
2 28846
4 35050
4 88824
2 34316
4 7948
2 71270
2 35776
2 47038
2 29708
4 62984
2 14868
4 95654
2 38624
2 95514
4 65892
2 62470
4 65040
2 27124
2 4048
2 32686
4 93490
2 42042
4 86220
2 99136
2 85320
4 11760
4 85048
2 68746
2 6850
4 47238
2 3138
2 88964
2 52426
2 59866
2 68894
4 12350
4 99044
2 3064
2 58908
4 23046
2 44052
4 96676
2 93102
4 42266
4 86416
4 4920
4 79494
4 5546
2 37490
4 25132
2 73156
2 71982
2 5560
4 16310
4 28670
2 59118
2 7128
2 27578
4 20682
2 25600
2 75582
2 10264
4 78366
2 34864
2 64958
2 59990
4 20736
2 55496
2 91848
2 50038
2 18814
2 42070
4 24098
4 7588
2 3298
2 40894
4 17060
2 62462
4 8114
2 92176
4 28806
2 38394
4 26126
4 39570
4 64476
2 15340
4 5612
4 15998
4 23628
2 34698
4 44802
4 92118
4 42978
2 55380
4 56046
2 56814
2 30208
2 74394
2 48156
4 50260
4 19346
2 30854
4 84866
2 80498
2 28028
2 98876
2 92666
4 60288
4 53366
4 76240
2 50382
2 14412
2 98126
4 22084
4 70914
4 49666
2 69432
4 3504
4 47442
4 58682
2 29092
2 55390
4 13372
4 14044
2 18150
4 67426
2 19476
2 25708
4 49966
2 20650
4 84278
2 69118
4 98012
4 142
2 59714
4 24094
2 32356
4 13338
2 79762
4 14302
4 59434
2 65868
2 56170
2 27338
2 6482
4 27390
4 32658
4 13006
4 79906
2 41084
2 70396
2 96874
2 88900
2 47604
2 72804
2 82664
4 68172
4 21684
4 43306
2 88920
2 52548
4 66176
4 11594
2 8818
2 86548
2 75344
4 25552
4 86864
2 76598
2 56042
2 28346
2 99536
2 43818
4 22694
2 67206
4 51972
4 81412
4 19222
4 56792
4 1596
4 39824
4 92866
4 83914
2 32990
2 37646
2 21062
2 80384
2 10704
2 2514
2 15888
2 25274
2 98272
4 35608
4 57722
2 62712
2 21312
4 43152
4 41194
2 75644
2 75224
2 59000
2 14800
4 14314
4 98664
4 36190
4 54842
2 75456
4 72916
2 61952
4 4930
4 9716
4 31490
4 4524
2 78802
2 64634
4 2720
4 41380
4 94560
4 49830
2 89618
4 56426
4 57240
2 19898
2 31968
2 96640
4 47494
2 52452
2 1524
4 30284
2 33820
2 75568
4 44508
2 99564
2 65446
4 80408
4 25980
2 20024
2 96470
2 73204
4 93810
4 64290
2 9340
2 25206
2 54758
4 81390
4 13468
2 34152
4 43270
4 66598
4 91454
2 91354
2 70960
2 66940
4 75424
2 58724
4 11844
2 15054
2 30192
4 30468
2 89740
4 85822
2 96190
2 92962
4 60080
4 42398
4 95856
2 40234
2 77788
2 41402
2 62406
2 38276
2 98264
4 92948
2 39656
4 85152
4 87244
2 9556
2 21420
4 88972
4 42770
4 64754
2 41936
4 50624
2 35014
4 12424
2 46868
4 58426
2 35160
4 26582
2 34396
2 79998
4 30608
2 32456
4 4820
4 76154
2 32650
2 72526
4 70488
4 50688
2 62674
4 56012
4 43702
4 94666
4 24702
2 13462
4 57984
2 79772
4 98568
2 87932
2 31768
4 59290
4 93690
2 79174
4 28252
2 17708
2 33160
4 38054
2 60556
4 11866
2 61902
4 13740
2 46182
2 45958
2 59684
2 10100
4 60088
2 47014
2 14414
4 42456
2 93516
4 56708
4 72336
4 94080
2 45458
2 34118
4 49630
4 13846
4 63400
2 53122
2 77260
4 62658
2 84800
4 46436
2 62740
4 36246
2 27752
4 92042
4 77002
4 61788
2 56206
4 87088
4 94954
2 54746
2 52550
2 93812
2 78250
2 94928
2 69696
4 65146
2 53092
2 27622
4 10546
4 77636
2 12336
4 87444
2 96684
2 40754
4 42396
2 72744
4 12170
2 28260
2 35658
2 200
2 12252
2 74300
2 19184
2 10156
2 32828
4 2762
4 72676
2 56356
2 45052
4 50088
4 88846
4 98314
2 71524
2 78332
4 99588
4 93648
4 98670
4 55068
2 68382
2 30258
2 61932
4 5394
2 42798
4 99960
2 28584
2 69738
2 35426
2 75542
2 22642
4 48800
4 46352
4 5112
2 20834
4 17446
2 68604
4 57160
2 85680
2 14674
2 63668
2 28990
4 38424
4 93082
4 48644
4 2778
4 18134
2 53642
2 21660
2 48784
2 25150
2 75218
4 43178
4 4612
2 30936
2 25786
2 53788
2 41836
2 6784
4 23376
2 5118
4 14308
2 48256
4 90348
2 4194
2 14664
2 87234
2 8736
2 62926
4 14578
4 80380
4 46778
2 26890
4 4996
2 78380
4 40636
4 5434
4 68900
2 12220
2 2386
4 36096
2 40918
2 71296
2 84714
4 56590
2 93638
2 58690
4 51294
2 78058
4 47398
2 81340
2 8054
2 13112
4 92670
2 80536
4 11916
2 28660
4 80718
4 64646
4 69640
4 97192
4 28392
4 44520
2 56016
2 26466
2 19406
4 10536
2 37250
4 50286
2 56326
4 63784
4 88180
2 46392
4 40824
4 79912
4 51076
4 37848
2 61772
2 79460
2 23678
2 59170
4 96564
4 52908
2 91196
4 24346
4 54266
2 55972
2 24260
4 58320
4 72806
4 56632
4 66520
4 12364
4 31148
2 48744
4 64706
2 85472
4 59088
4 91300
2 90412
4 19436
4 55544
2 89952
2 67066
2 30968
4 28714
2 28834
2 86118
4 51614
2 22112
4 38940
4 25316
4 36150
2 68626
2 95136
4 17120
2 73856
2 94682
4 54798
2 39544
4 27692
2 10454
4 59556
4 25580
2 91318
4 27804
4 40234
2 7810
2 41182
4 96806
2 21706
2 26324
2 78158
2 34896
4 18080
4 77498
4 31190
4 24664
2 55608
2 22964
4 49552
4 7480
4 73550
2 10222
4 12380
2 99226
2 9176
4 37152
2 1814
2 32892
2 41798
4 81550
4 80584
4 17860
2 97890
2 41500
2 15306
4 35596
4 37494
4 81936
2 29610
2 94312
4 35212
2 97802
4 88600
2 61586
2 84324
4 95214
4 35258
4 4036
4 52592
4 23792
4 40724
4 39204
2 1938
2 44958
2 65798
4 18214
2 5580
2 10330
4 47218
2 87804
2 76100
2 66600
4 46930
2 19314
4 72492
2 8270
2 12126
4 17760
2 44018
4 39382
4 31030
4 97010
4 63308
2 9806
2 21452
4 67792
4 31082
4 81410
2 62340
4 47342
2 67122
2 74512
2 80970
2 46002
2 88444
4 79438
4 28954
2 53674
2 73460
2 11730
4 32480
4 86408
2 80590
4 38752
4 46666
2 6918
4 86014
2 13026
2 56552
4 57218
2 50808
2 97516
2 41498
2 61132
2 98006
4 44788
2 60824
4 60212
4 33950
4 72190
2 6044
4 74652
4 39960
4 5956
4 19138
4 92556
4 21840
4 73956
2 38964
4 1362
4 92276
2 12616
4 15690
4 75592
2 2956
4 95234
4 48568
2 65638
2 2100
2 16852
4 36030
2 87186
4 3668
4 24228
4 46154
4 49922
2 70612
2 80162
2 74822
4 32102
2 5880
2 93634
2 58646
4 84028
2 84958
4 32232
4 98486
2 75086
2 83554
4 74604
2 22634
4 38592
2 15190
4 59702
2 77134
4 70594
4 57558
2 10
2 34050
2 88508
2 64820
4 51172
2 89784
2 73406
2 36862
2 84686
4 23224
2 52850
4 86470
2 84310
2 79154
2 72898
4 35172
2 57364
2 68684
4 66718
2 86316
4 40606
4 38896
2 51444
2 10544
4 23038
4 51780
4 38000
2 98920
2 43332
4 27720
2 62938
4 35472
4 86330
2 35508
2 54908
2 30562
4 17782
4 85138
4 27058
2 78208
4 31630
4 92164
4 44414
2 96894
4 6710
2 1154
4 36024
2 9124
2 50190
4 62214
4 99978
2 77446
2 91088
4 10364
4 61882
2 67456
2 24742
4 46062
4 35082
4 77884
2 26910
2 89478
4 11094
2 90870
2 31910
4 96744
4 51040
4 26136
2 97628
4 16094
4 52378
2 65722
4 78830
4 31492
4 80204
4 80178
4 85116
2 56198
4 15240
4 73478
2 18778
2 56014
4 89096
4 86652
2 10068
4 1274
4 70708
4 48946
2 15762
4 15912
4 52542
4 81782
4 14282
4 90528
4 39658
4 95512
2 45472
4 6722
4 99622
2 85904
2 73770
2 55204
2 54256
2 13104
4 51350
2 17328
4 55330
4 71486
2 35404
2 33806
2 52860
4 69390
2 43820
4 49268
4 25016
2 32082
4 80758
2 44454
2 23550
4 98492
4 26764
2 67936
4 73844
4 90416
2 53580
4 3424
4 83110
2 41064
4 74302
4 91788
2 38326
2 60714
4 68064
4 50392
2 93586
4 5118
2 41142
4 7614
2 32224
2 27756
2 53752
2 42946
2 42970
2 67424
4 20104
2 37704
2 14216
2 66268
2 22768
2 54476
2 1074
2 64670
4 85698
4 35750
2 37104
2 77112
2 52806
2 52438
4 29434
4 98020
4 62646
2 10180
2 10298
2 55240
4 30760
2 36942
4 2774
2 85210
2 40390
2 35850
2 96368
2 9682
4 64062
4 61960
4 82552
2 37612
4 9140
4 50262
4 45724
4 24516
2 74584
4 51632
2 83824
2 56668
2 10288
2 65634
4 7286
4 39426
4 5610
2 35798
2 73326
4 19724
4 10700
2 26282
2 22324
4 68106
2 33170
4 95116
2 3130
4 11012
2 27592
4 78404
4 77698
2 70812
2 9482
2 13378
4 65472
2 39208
2 81494
2 38460
4 99298
2 4190
2 45306
2 76044
2 26984
4 90034
4 81040
2 34464
2 84050
4 79082
2 61840
2 10754
2 28920
2 21238
2 48048
4 80
2 55818
4 10068
2 45268
4 23910
2 82796
2 30512
4 68382
2 11304
2 40386
2 64984
4 89196
2 21726
4 67832
2 77776
4 43962
4 29914
2 40250
4 39800
2 11016
4 34292
2 78094
4 45882
2 51990
2 21744
2 6378
4 89142
4 9350
2 2518
4 79068
4 64240
2 7722
2 32286
2 69838
4 93106
2 65728
4 47592
4 77756
2 18280
2 31318
2 88632
4 64436
4 70382
2 54768
4 91544
4 43116
4 91342
4 80756
2 52742
4 57082
4 51964
4 2968
2 68088
2 99630
4 85634
4 25208
2 22338
4 44084
2 66360
2 24390
2 83382
2 67418
4 97910
2 27320
2 22924
4 33616
4 61096
2 13530
4 63366
2 32552
4 45330
4 21064
4 83632
4 6204
2 21948
4 32070
4 63168
2 26488
4 30210
2 76094
2 89856
2 8840
4 68548
4 47774
2 79196
4 9610
2 73180
4 77882
4 89882
4 54670
4 98034
4 62236
4 36462
4 98460
4 12968
2 27998
2 20420
2 81784
4 94378
4 56402
2 81446
4 71848
4 50982
4 13272
2 21962
4 8072
4 66976
2 67052
2 54764
2 25010
4 25668
2 34984
2 28180
2 96528
4 86788
4 39844
2 71776
4 5608
2 93286
4 48458
4 44546
4 94332
4 67978
2 88990
4 2286
2 62244
4 43022
2 24780
2 26638
2 32060
4 76206
4 584
2 58954
2 78010
2 16472
4 47030
2 2164
4 65292
2 83456
4 80742
4 75446
2 45724
4 97960
4 62084
2 57180
2 34810
2 14544
4 56562
4 89480
2 67974
4 27442
4 43570
4 91360
4 3460
2 20950
4 21892
2 83902
2 72668
2 41496
4 33984
2 64626
4 89226
4 95406
4 73072
4 69206
4 37722
2 17264
2 62422
4 64180
2 47180
2 35418
2 11328
4 98288
2 8596
4 15416
4 29500
4 50012
4 24328
4 73880
4 5344
2 39106
4 25516
4 48672
4 2608
4 80504
4 74590
4 87628
4 5284
2 56944
4 59478
2 39508
4 2232
4 52238
4 614
4 1486
2 20842
4 80120
4 55786
4 47576
4 94732
4 8472
2 82670
4 18758
2 20854
4 95610
2 48086
4 72206
4 47698
2 49058
2 91488
2 11672
2 54190
2 87242
2 20974
2 87092
2 11406
2 73596
4 70304
4 43950
2 86928
4 80516
2 64322
2 74280
2 63072
2 88122
4 68232
4 29766
2 43538
4 48706
4 79124
2 84744
2 52314
2 96984
2 70088
4 68498
2 69988
2 73430
2 24734
4 63934
4 21730
4 11272
2 45934
2 68568
2 77406
2 44456
4 49450
2 35340
2 20112
4 98602
2 12136
2 87656
4 6900
2 29998
4 9038
4 75466
2 43928
4 34122
2 92804
2 3662
2 40248
4 26524
4 74344
4 61214
4 95646
4 59220
4 3848
4 47834
4 93860
2 1836
4 51200
4 46058
4 37300
2 98446
2 25372
2 32020
4 47534
4 46886
2 93602
2 65738
2 78678
2 41398
4 52768
4 96448
2 13166
4 17378
2 29726
4 71012
2 14002
4 15750
4 48032
4 29008
4 52424
2 466
2 41262
4 8892
4 460
4 74610
2 79280
2 92050
2 8566
2 47742
2 53016
2 74672
4 30196
4 46392
4 37292
2 48358
2 49280
4 6800
4 78540
2 9926
2 24300
2 40
2 4756
2 21126
4 58340
4 93694
4 60098
4 15466
4 77328
4 41292
4 42194
2 36652
2 41540
4 8640
2 43246
2 68662
2 27076
2 92262
4 72992
2 24864
2 65324
2 46254
2 17302
4 61898
2 96574
2 7940
4 63216
4 76396
2 18550
4 78092
2 71312
4 33346
2 88188
2 52464
2 78512
4 48522
4 10796
2 60498
4 88502
4 10798
2 63850
2 68712
2 88004
2 61236
2 43372
2 83310
2 59624
4 99580
2 40036
4 30008
4 10946
2 50288
4 89254
2 38296
2 98032
4 40094
4 34908
2 42764
2 96200
4 81210
4 90302
2 61506
2 75986
2 36476
2 8306
4 62820
2 35060
4 69966
4 46600
2 79644
2 77984
4 65356
2 46336
2 65702
2 47716
4 82750
4 41626
4 36518
4 76530
2 14554
2 78724
4 190
4 88200
4 73800
2 27676
4 65206
2 15136
2 39746
4 23952
4 74058
2 72504
2 32176
2 94962
4 37014
2 56314
4 28080
4 17710
2 31740
2 5258
2 908
2 51112
4 28518
2 2562
4 48172
4 60496
4 5030
4 29074
2 53640
4 48996
4 65602
2 70584
2 22858
4 86248
4 13062
2 33844
2 57006
2 61924
2 33934
4 40774
4 26562
2 69224
4 47036
4 10134
2 69578
4 84156
2 37690
2 20224
4 65134
4 14842
2 49282
2 62080
4 36670
2 69546
2 45080
4 3122
2 16638
2 57998
4 96540
4 56724
2 44564
4 65340
2 93912
2 9758
2 85302
2 38058
2 54364
2 72012
2 18932
4 10598
2 49664
4 93798
2 86376
2 23846
2 2986
4 57804
4 54240
4 76818
4 21632
2 50942
2 88356
2 2168
4 8228
4 79868
2 62726
4 93168
2 73256
2 92656
2 18402
4 20556
2 41276
4 39974
2 50520
2 71310
2 8080
2 97006
4 58228
2 82576
4 85182
2 38898
2 99946
2 97820
4 61694
2 54372
4 41570
4 97016
4 35638
2 10878
4 28042
4 30862
4 99852
2 862
4 7232
4 35350
2 4574
4 55430
4 41828
4 33890
2 44372
2 93254
2 57016
4 24292
4 29916
2 49572
2 75874
2 97360
4 13050
2 9924
2 12186
2 54440
4 63492
2 63268
4 50358
2 58236
2 74700
4 35726
2 72596
4 69402
2 17786
2 70706
2 96310
2 3102
4 52744
4 25238
2 87696
2 72462
2 11248
2 78032
4 32194
2 96488
4 26628
2 91582
2 17614
2 30820
4 24554
2 97790
2 72324
4 52606
4 30510
4 18398
4 38988
2 69172
2 88048
2 89542
4 45216
4 1934
2 23140
2 47418
4 19500
2 78478
4 90138
2 91276
4 14884
2 90136
2 12442
2 41456
4 90710
2 50760
4 40560
2 89132
4 76204
2 69710
4 10868
2 3256
2 64006
4 63902
2 71484
4 5190
4 71026
2 24354
2 21292
4 49758
4 21034
2 40424
2 75586
2 65318
4 86426
2 91240
2 79546
4 51486
2 81320
4 85664
2 43916
2 69986
4 8082
2 77162
2 48580
2 83458
4 86136
4 3996
4 55142
4 75058
4 41848
2 76176
4 76674
2 64026
2 54772
4 85706
4 44764
4 69158
2 80394
2 26566
4 89902
2 9412
4 112
2 24448
2 4248
2 45814
2 81432
2 4054
4 78184
2 31684
4 20814
2 49018
2 76672
2 38772
4 14122
4 91506
4 8926
4 92452
4 79454
2 81696
4 89156
2 23714
2 74374
2 21164
4 11338
4 17720
4 70728
4 96082
4 30454
2 93238
4 21368
4 66194
2 60692
2 63644
4 24014
4 11386
4 21012
2 27940
2 29798
4 88616
4 46794
4 5376
2 4258
4 94826
4 13210
4 24204
4 61442
2 98904
2 76796
2 63212
4 1068
2 79378
4 77920
4 99744
4 79180
2 79862
2 42408
4 99698
4 57550
2 9816
4 52640
4 36832
4 24866
4 7056
4 92312
4 65568
2 49766
2 37130
4 8150
2 80218
2 66284
4 41892
2 33522
4 19732
2 52916
2 79144
2 24318
4 26478
4 23114
2 4088
2 7396
4 56752
2 18318
2 42378
4 49916
2 48216
4 23956
4 20294
4 53608
4 68280
2 39150
4 42988
2 1122
2 82884
4 68480
2 79570
4 32740
4 81002
2 82708
2 63060
2 44292
4 37926
4 29564
4 91172
4 17612
2 11460
2 10734
4 38532
4 42650
2 21332
2 92348
4 86446
4 15026
4 80598
4 37322
2 37472
2 81354
4 90426
4 99062
2 48948
4 24604
4 44370
2 70660
2 46622
4 13508
2 31626
2 8024
4 35328
4 35918
4 1620
4 57134
2 27582
2 43730
4 9220
2 79208
2 69640
4 67938
4 15884
4 66906
4 59578
2 67512
4 44656
4 68348
2 13944
4 6938
2 40914
4 33642
4 25326
4 65776
2 64922
4 89044
2 54336
4 80126
2 94942
2 88470
2 84636
4 60558
2 29366
4 77624
4 92296
4 14316
2 85740
2 53624
4 16560
2 63974
2 91492
4 21668
2 86788
4 16494
4 21966
4 36472
4 83024
2 61444
4 47164
4 54058
2 42204
4 89330
2 51186
4 92982
2 51120
2 33664
4 71330
4 34096
4 67294
4 85072
2 64222
4 2024
4 39702
2 28772
2 98154
2 82028
4 69200
4 81034
4 36316
4 90288
2 52432
2 56598
4 96568
2 72780
2 8978
4 3596
2 83550
4 33044
2 47744
4 68544
2 56282
2 86734
4 24890
4 19742
2 6122
4 73148
4 89890
2 87274
4 16744
2 77824
2 45142
4 8816
4 87398
2 72528
2 41306
2 35940
4 52236
4 10340
4 72018
2 12680
2 26336
2 59086
2 45592
2 47156
2 58092
4 44632
4 46552
4 55654
4 96760
2 2926
2 76272
2 17174
2 17568
4 7580
4 99084
2 88506
2 53418
4 12368
4 87298
4 59898
2 78610
4 22692
4 94182
2 19118
4 86486
2 12360
4 45240
2 66894
2 55472
2 87510
4 84374
4 17246
4 66334
4 66896
2 62876
2 17188
2 36528
2 62758
4 33426
2 48968
4 22156
2 8662
2 46388
4 25446
2 75326
2 39084
2 23090
4 4634
4 48280
2 88578
4 87854
4 94922
4 82424
4 57834
2 44604
2 77990
2 13162
2 17004
4 69054
2 56368
2 94576
2 11878
4 30256
2 91784
4 11686
2 2680
2 92498
2 37986
4 66088
2 59300
2 49978
4 15176
2 25148
2 50856
2 23514
4 39864
2 47122
4 24154
2 91742
4 52504
2 62602
4 89778
4 43196
2 14612
4 89620
4 84452
2 4942
4 66784
4 17332
4 21238
4 20656
2 47642
4 42284
4 6858
2 57328
4 85740
2 18204
4 66902
2 51368
4 49692
4 21484
2 24050
2 85684
4 45392
2 6994
4 48300
4 74680
2 75926
2 37178
4 98962
2 76604
4 69612
4 4858
4 31276
4 16814
2 68456
4 84684
4 34522
4 88276
4 22346
4 34418
4 84608
2 74104
4 81758
4 92710
2 98142
2 17186
2 6248
2 4170
4 73114
4 85432
2 30022
4 54706
4 85704
2 41792
2 6090
4 44454
2 27628
2 24302
4 27042
4 1440
4 97012
2 60816
4 22880
2 91424
4 64830
4 85238
4 4576
4 39924
2 81838
2 29358
4 9538
2 30148
2 69586
2 79632
2 78566
4 72272
2 52176
4 22102
2 37984
4 65346
2 88406
2 23112
4 36514
2 32858
2 68022
4 80202
2 66782
4 29678
2 50554
2 40418
2 77992
4 19172
2 69086
2 80232
4 79214
4 41748
4 76960
4 79354
2 64166
4 1574
4 61382
2 99114
4 54312
4 39556
2 62066
4 16228
4 56956
2 80988
2 24688
2 33600
2 44862
4 20426
4 44914
4 96896
2 51324
4 71462
2 90484
4 73552
2 78070
4 87290
4 95604
2 49374
4 88582
2 38632
4 77500
2 53218
2 68720
2 99472
4 71606
2 27138
2 63056
4 66646
2 32784
4 5654
2 87740
4 32722
4 54124
2 43428
2 60746
2 7150
4 67630
4 29708
2 70070
4 59028
2 42868
4 46238
4 92796
4 71530
2 7472
4 80690
4 54696
2 16970
4 17820
2 18504
2 89298
4 34236
2 83312
4 10924
2 73820
4 81030
2 61170
4 25822
2 97236
2 90148
2 47836
2 85402
4 75482
4 50506
2 60866
4 53464
2 55350
2 5004
4 59762
4 55036
2 67434
4 28188
2 65652
4 84894
2 34858
4 26370
4 54982
2 74866
2 61464
4 65778
4 71318
2 15300
2 6564
4 75908
2 86614
2 59528
4 78198
2 12810
2 41838
4 43182
2 98934
2 19126
4 14840
2 30890
2 45928
4 36450
4 36124
4 84050
2 16162
4 17750
4 51156
4 24564
4 31804
4 91152
2 88466
2 57298
2 8228
4 86010
2 18890
2 29208
2 10618
2 36500
2 66872
4 72110
2 75540
2 22848
2 55284
4 65344
2 74654
2 17194
4 60414
2 41598
2 73030
2 11390
2 81532
2 58280
4 88534
4 48422
4 19002
2 91350
2 27962
2 11286
2 44880
4 93956
2 31594
2 94700
2 16734
2 93204
4 19666
4 69356
2 68942
2 37562
2 60078
2 49344
4 56280
2 91864
4 80618
2 97412
4 40678
4 15740
4 34040
4 23430
2 44874
2 22130
2 53174
2 67986
4 66616
4 21242
2 424
4 18774
2 92234
4 80624
2 56972
2 42034
4 82096
4 30002
2 55168
4 56282
2 25116
2 8592
4 18824
2 72486
4 54698
4 64416
4 48402
2 15070
4 2494
4 54746
4 35522
4 94132
4 49072
4 6214
4 68656
2 18164
2 42786
2 84064
4 46258
2 86088
4 39972
4 97814
2 79552
4 7350
2 56418
4 35992
2 87290
2 32620
4 16104
4 50174
2 66874
4 1134
2 12342
2 91972
4 48514
4 51806
4 61230
2 11296
2 24018
2 65180
2 78866
2 13902
2 19096
4 52942
2 63924
4 23176
4 70300
2 30504
4 36358
4 28036
4 75362
2 36516
2 92282
4 22844
4 20390
2 50858
2 8674
4 69328
2 42716
2 27780
2 42356
4 92360
4 78078
2 78038
4 69992
4 59032
4 76402
4 7616
2 74832
2 43692
2 45874
2 15802
4 44274
2 85440
2 81842
2 52944
4 76822
4 64250
2 89494
2 92762
2 36300
2 86406
2 92302
4 18160
4 77642
2 7306
4 53518
4 75646
2 84362
2 39676
4 94738
4 86376
2 13754
4 49554
2 75772
2 16320
4 64484
2 6802
4 54138
4 5626
4 91838
2 87230
2 2228
4 30436
4 2008
4 48836
2 79952
4 94290
2 10684
2 59154
2 8188
4 27406
2 43026
2 93188
2 41578
2 13474
4 46358
4 40320
4 95486
2 530
4 82082
4 37252
2 75310
4 60094
2 99790
4 14284
2 90702
2 63452
2 35378
2 33206
4 45324
2 5134
4 49196
4 79628
2 75872
2 11408
4 29640
4 72182
4 63190
2 1002
4 52970
4 41928
4 95354
4 91494
2 89400
4 80832
4 58242
2 3582
2 57954
2 79102
2 18502
2 48634
2 74620
4 62834
4 66188
2 63446
4 36308
4 16966
4 4558
2 84418
2 86342
4 6450
4 33228
2 31676
4 11248
2 99720
2 66832
2 1754
2 70480
4 48342
4 97752
4 29290
4 22026
4 33152
4 65904
4 48572
4 90008
2 49610
4 30174
2 53278
4 40190
2 19710
4 88038
2 77508
4 51050
4 9742
2 22998
2 90984
2 51188
4 68504
2 93678
4 41966
4 4734
4 61066
2 43952
2 52930
2 30122
2 28046
4 63280
2 58204
2 67750
4 52420
4 12498
2 16010
4 6594
2 27032
2 59348
2 49448
2 76644
4 36554
4 82488
2 71530
2 3472
2 88652
2 49126
2 98124
4 65076
2 50686
4 65090
2 45566
2 56482
2 64290
4 37616
4 37418
2 71346
2 86666
4 76768
4 45998
4 52142
4 57172
4 64872
2 72306
4 92288
2 66830
2 21356
4 49960
4 13558
4 14780
2 79094
4 8416
4 412
4 22772
2 21722
2 90922
2 38808
2 65950
2 25620
4 5696
4 92156
2 30222
4 69224
2 32674
2 42046
2 79320
4 40100
2 33106
2 18394
2 92906
4 33648
4 20746
4 51582
4 22976
4 33654
4 49060
4 1080
2 84422
4 35264
2 92190
2 36518
4 28120
4 4480
4 27550
4 19966
4 65170
2 85542
4 26394
2 26834
4 67850
4 14424
2 28652
4 372
4 12754
4 52884
2 25978
4 34200
4 29792
2 85850
2 92878
4 45704
4 17930
4 72640
2 2758
4 14982
4 37900
2 36684
4 27308
4 64950
2 46964
2 8012
2 6380
4 24518
2 14110
4 53358
4 89702
4 15266
4 91054
4 17950
2 80222
2 31628
2 46784
4 71884
4 27532
4 46246
4 96876
4 61552
4 53626
4 5194
2 47186
4 31748
2 39606
4 30426
2 49426
4 98372
2 29840
2 55518
2 99094
4 67838
4 12458
2 80746
4 92412
4 15694
2 7496
2 99220
2 83094
4 26070
4 95176
4 75382
2 50734
2 33962
4 85760
2 53630
4 69254
2 41638
4 78744
4 57596
4 15102
4 62672
4 49462
4 43648
4 85756
4 93616
2 61250
2 82098
4 7746
4 77356
4 99582
4 67990
2 75366
4 12106
4 63148
2 59018
2 64924
2 75706
4 68608
4 46140
2 62380
2 30302
4 64402
4 27448
2 94466
2 87882
4 51444
4 32696
2 5678
2 35214
4 52914
2 78448
4 67588
4 49546
2 48118
2 44982
2 91544
2 23592
2 62010
4 76468
2 27566
2 44058
4 6608
2 25384
4 73908
4 79662
4 73748
2 10500
4 48766
4 91388
2 38882
4 89624
2 8476
2 11268
4 97040
2 29072
4 88046
2 70278
2 72150
2 96220
2 16580
2 44078
4 48222
4 55554
4 66020
2 32896
4 93288
2 61070
4 66732
2 5310
4 23626
4 30486
2 1824
4 2956
2 71674
4 73846
2 1478
2 48008
4 17504
2 58942
2 62298
2 87154
4 95536
2 98470
4 96248
2 62958
4 408
2 48808
2 19030
2 74074
2 38858
4 30626
2 22850
4 7650
2 87888
2 67760
2 20558
2 5106
4 46898
2 98338
2 60382
2 26376
2 77564
4 28878
4 30936
4 24512
4 34802
2 87984
2 59318
4 40322
4 43968
4 28258
4 66850
2 47056
4 98188
4 25004
2 77282
2 95798
2 18428
2 598
2 66248
2 3430
4 74740
2 45808
4 37466
2 42566
2 65286
2 67618
2 21752
4 34420
2 16740
2 93268
4 74998
4 10958
4 25610
4 4526
2 88954
4 12252
2 94250
2 24070
4 83488
4 91924
2 80126
2 13658
2 29226
4 10634
4 40958
2 60642
2 79790
4 14974
4 58058
2 53364
2 2936
2 25222
2 19154
4 68370
4 27088
2 66638
4 61454
4 27658
2 45288
2 5700
4 35932
2 97196
2 5086
4 43852
4 75754
4 45106
2 79920
2 51770
4 22996
4 79702
2 5708
2 40822
2 75046
2 38998
4 50900
4 57892
2 36240
4 87142
2 95156
2 27380
2 81704
4 61864
4 35948
2 47668
4 97254
2 58356
2 36580
2 33512
2 23536
2 6000
2 28448
4 75014
4 96454
2 94032
2 48012
2 89796
4 52246
4 83816
2 96432
4 92540
4 47440
2 29578
4 49680
2 78162
2 26842
4 91518
4 4970
4 68776
4 48510
4 15606
4 23840
2 32284
4 80696
4 52674
4 87272
4 31650
2 48662
2 68420
4 15400
2 22584
4 75128
2 29968
4 56748
4 21078
4 18640
4 86720
2 54970
2 32636
4 86066
4 61124
2 29408
2 33628
4 95400
4 36850
2 80316
2 21318
2 53746
4 19756
4 3426
2 46322
2 19104
4 79258
2 63708
4 50508
4 88508
4 4702
4 26990
2 13876
2 3400
2 5328
2 20962
4 31598
2 7576
2 11146
4 48430
2 502
2 29662
2 80866
4 78292
4 13330
2 16908
4 4530
4 2792
4 94286
2 2536
4 51800
2 95580
2 85594
4 89248
2 33314
2 15352
4 600
2 57412
4 57200
4 88058
4 96784
4 2426
2 91978
2 19330
4 50862
2 74734
4 54238
4 5648
2 17224
4 13644
4 75580
4 22462
2 50184
2 30714
2 99480
2 62
2 75278
2 31942
2 25476
2 2370
4 14464
2 42694
2 99818
4 52602
4 86572
2 95490
4 47290
2 56652
2 69436
4 64326
2 47422
2 4236
4 93944
2 68430
2 61806
2 18286
2 13924
4 29384
2 57336
4 97312
2 68924
4 45576
4 41170
2 63512
4 28590
4 65764
4 54988
2 86498
2 61490
4 30764
2 98002
2 66286
2 24478
4 15514
4 8704
2 59922
2 65814
2 78136
4 89390
2 70230
4 57618
4 18862
4 1970
2 31506
2 6720
4 11668
2 87934
4 71212
2 94804
4 85898
4 88964
2 3200
4 7822
2 74048
4 49252
2 59988
4 16664
2 84624
4 54900
2 93140
4 41092
2 99938
4 62716
4 63222
4 9866
2 93328
2 45222
2 41788
4 66336
2 30742
4 13254
2 54354
4 98132
4 79176
4 51358
2 79408
4 95900
2 86224
2 76308
4 32428
2 30736
2 38390
4 95106
2 98
2 78526
4 62228
2 88886
2 36564
4 54270
2 31736
4 7106
2 31198
2 1134
2 7708
2 83526
4 56192
2 47508
2 8352
2 65148
2 77748
2 25300
4 27498
4 93700
2 63036
4 97428
4 84952
4 84974
2 25256
2 67096
2 79986
4 64076
4 24252
4 37768
4 71828
2 65608
4 71412
2 35560
4 68436
2 60262
4 68822
2 69816
4 45028
2 61126
2 13288
4 80780
4 36364
4 56328
4 26702
2 68288
4 19316
4 46342
4 294
4 97808
2 68830
2 56396
2 9060
4 17990
4 37260
4 99366
2 67470
2 12776
4 62682
4 26976
2 48618
2 37602
4 64726
4 24462
4 708
2 22048
2 57332
4 23460
2 55230
2 12364
4 81970
2 89380
2 62822
4 35302
4 13436
4 75616
2 10516
2 83368
4 59142
2 6642
2 22442
2 14672
2 8562
4 37130
4 77584
2 96564
4 27584
2 96514
2 29126
2 89888
4 96512
4 8226
2 48664
4 61896
4 41440
2 62222
4 49528
2 79734
4 28102
4 29818
4 63758
2 16364
2 66104
4 82828
4 93584
4 7814
2 10128
4 59886
2 43976
2 74968
4 50708
2 29284
4 59400
4 80396
4 65336
2 96000
2 76034
2 11330
2 25114
4 84678
4 46308
2 6050
2 86318
4 21780
2 64552
4 57662
2 49682
2 19460
2 33408
2 60720
4 23166
2 85314
2 23010
4 68360
4 42694
2 46666
2 65624
4 75502
2 44932
4 15258
2 88050
2 4454
2 80616
2 24370
2 80120
2 38770
4 67696
4 24144
2 56554
4 41078
4 41064
2 32992
4 41872
4 31978
4 94142
4 7962
2 36584
4 21448
2 99910
2 70000
4 334
4 8026
2 84504
4 81494
4 19152
4 71920
4 45450
2 27316
4 46576
4 89178
2 47134
4 25536
2 36048
4 60652
4 70068
4 73144
4 95430
2 94542
2 37838
4 85878
2 99940
2 55628
2 60998
2 98522
4 16598
4 13152
2 96280
2 21456
4 97398
2 24088
4 61132
2 19344
2 37320
4 88278
4 69924
2 89070
2 80448
4 85008
2 49056
2 82076
4 29652
4 73794
2 16662
4 69702
4 18456
4 74600
2 59854
4 19042
2 58126
2 56114
4 4670
2 774
4 55446
2 67888
2 17732
4 68908
4 41016
2 63298
2 48504
4 12950
4 84842
4 6098
4 96862
2 47832
4 908
4 78752
2 95182
2 55312
4 81690
2 57958
4 59682
2 52436
4 54978
2 36976
4 62166
2 55994
4 33598
4 13888
4 7994
2 36838
4 75346
4 47958
2 2984
2 73318
2 3446
2 96500
4 11478
2 84940
4 90620
2 70372
4 25842
2 54466
2 66280
4 95048
4 18476
2 5614
4 61292
2 43620
2 19074
4 9464
2 22458
4 57832
2 99814
2 78914
2 68422
2 6870
4 14928
2 46446
2 62626
4 17546
4 42358
2 22654
4 59784
4 51528
2 72988
2 4776
4 60470
4 91372
4 68016
2 80656
2 67392
2 6828
4 11290
4 41646
4 34474
4 11340
2 66258
2 25398
4 2700
2 55546
2 59280
4 37928
4 94134
4 32162
4 74116
4 78064
2 22738
2 45220
4 90664
2 2240
2 69056
4 96750
2 96552
4 69010
4 15878
2 28646
4 5904
4 2618
2 44392
2 99494
4 15866
4 80080
4 54870
4 36392
4 4426
2 32578
2 93044
4 96298
2 52210
4 56398
4 99834
4 61112
4 88350
2 38404
2 16766
4 66202
2 33356
2 46200
2 4966
4 37160
2 1458
2 28762
4 52776
2 9178
4 67444
4 64880
2 12878
4 13096
4 32020
4 44288
4 32122
2 75914
4 47736
2 95302
2 37396
2 60708
2 78892
2 4006
4 76072
4 84440
4 64384
4 72750
2 23976
2 42398
2 84652
4 30584
4 64534
2 90100
2 69836
2 86590
4 53370
4 42524
2 79594
2 11704
2 51036
4 81558
2 65250
4 59152
2 74938
2 73480
2 59390
4 1680
2 76166
4 65050
2 52848
2 17406
4 3856
4 85210
2 46046
4 45600
4 66688
4 91810
2 32044
4 80684
2 87044
2 4136
2 50538
2 11914
2 57402
2 18094
4 67852
4 55402
4 40064
2 24044
2 1510
2 21838
2 29050
4 29128
2 6212
2 62904
2 57206
4 47804
2 44444
4 96270
4 88724
4 87406
4 85854
2 26954
4 85820
4 54530
4 17476
4 1258
2 68650
2 64982
2 94272
4 76946
4 71808
4 1990
4 95396
2 7982
2 4992
2 23568
4 69138
4 45434
4 7022
4 69634
2 68130
4 92234
4 10722
2 25102
4 29288
2 74174
2 43576
4 82174
4 35874
4 88620
4 80160
2 34288
4 76378
2 11048
4 50354
4 43636
2 85476
4 37438
2 13450
2 5014
2 93412
2 94148
4 22634
2 48560
2 74856
2 91056
2 75436
2 35050
2 34094
2 47068
4 12650
2 16704
4 48822
4 20400
4 47292
2 89306
2 89386
4 76308
4 65434
2 6722
4 76968
4 89444
2 50562
2 68694
4 54030
2 75928
4 78020
4 29150
4 67692
4 27930
4 90846
2 48728
4 55092
2 21346
2 37108
4 46864
2 48378
4 54862
4 38998
4 97600
2 80152
2 26506
2 58310
2 33276
2 73726
4 58218
4 87310
2 73676
4 57138
2 51634
4 53844
4 6194
4 4672
2 53326
4 33242
2 18036
4 74608
2 42448
4 64362
2 26228
2 29200
4 41144
2 39938
2 31438
4 39340
2 30564
2 15940
4 33592
2 82960
4 54570
2 18704
4 78712
2 29302
2 40140
2 2250
2 54450
2 7538
4 86968
2 622
2 1066
4 7808
4 40152
4 76694
2 42606
2 31986
4 6306
4 48772
2 9564
2 24662
4 44702
4 73718
2 50680
2 4514
2 27616
4 23830
2 66852
4 19226
2 82892
2 42770
4 36814
4 59476
4 99832
4 22420
2 73560
2 91902
2 2682
4 39436
2 79350
2 75022
2 99674
2 37620
4 57590
2 13920
2 48554
4 4894
2 34946
2 35900
4 72218
2 53176
4 44716
4 16572
2 78604
4 58314
2 360
4 38088
2 3562
4 44344
2 3288
4 23478
2 48792
4 67296
2 24356
4 17128
4 63842
4 11758
2 86748
2 96482
2 88284
4 66080
2 62556
4 20752
2 53158
4 13946
4 59492
4 25688
2 16130
2 32290
2 26310
2 22948
2 85130
4 53376
2 91092
4 26684
2 30868
4 36872
2 77148
4 22032
4 17278
4 88654
2 44964
4 3050
4 65696
4 67920
2 64566
4 65268
4 58372
2 88116
4 36068
4 60310
4 42138
4 91346
2 93816
4 80158
4 88250
2 81222
4 10928
4 96558
4 78876
2 90106
4 39050
4 52900
2 96822
2 30760
4 71640
2 98852
2 18998
4 21008
2 36246
4 85576
2 88938
4 50248
2 70176
2 81458
2 30922
2 9898
2 14250
4 17014
2 57250
4 59710
4 13716
4 25926
4 19918
4 35260
2 66398
2 83132
4 33768
4 93622
2 46760
4 78806
2 31864
2 64920
4 70830
2 60012
4 35774
2 36142
4 16860
4 60442
4 71918
4 73060
4 74384
4 20786
4 15256
2 28228
4 41546
2 25684
2 59618
2 15138
4 6344
2 55374
4 41184
2 65194
4 88668
4 75610
4 48250
2 72624
2 79078
2 57976
2 81132
2 19712
2 78280
2 85736
2 13938
2 936
4 31144
2 7952
2 95694
2 19242
4 45374
2 99808
4 59782
4 16302
2 3950
2 50380
4 44828
4 67998
2 16572
4 27616
4 13306
4 87328
2 42910
4 93112
2 40392
4 82500
2 71292
4 47784
2 68174
4 15028
4 20050
4 41452
2 1974
2 54914
2 61718
2 25720
4 4346
4 10494
4 35780
2 39784
4 40380
4 34252
4 48412
2 68928
4 10676
4 16738
2 11714
2 88682
2 13008
4 63140
2 15488
4 90100
4 74858
2 71726
4 73762
2 46538
2 43216
4 6102
4 86268
2 30032
4 74448
4 49946
2 10248
4 49050
4 96524
2 30600
2 97546
4 11156
4 72578
2 79524
2 41620
4 54676
4 95212
2 96906
4 73038
4 72034
4 63124
2 88862
2 89766
2 88544
4 22968
4 48262
2 26914
4 51572
4 44974
2 3638
2 57762
4 15522
2 28366
2 95306
4 12540
2 55024
4 57848
4 22808
2 98174
4 20076
4 64148
4 16484
4 51346
4 23542
2 92150
2 48836
4 10116
2 90660
2 46872
4 4678
2 27974
2 54766
4 28182
2 63294
4 93226
4 69414
2 96676
4 24858
2 29830
4 84600
2 39988
4 86872
4 72118
2 9450
4 60584
4 64092
4 13088
4 31648
2 10220
2 18202
2 67190
2 32598
2 27198
4 3394
4 58370
4 85372
4 34000
4 83910
4 6988
2 72660
4 29030
4 18626
2 40022
4 84200
4 57346
4 75566
2 86150
2 19296
4 30356
4 39280
4 24962
2 54944
2 79842
2 35626
2 40568
4 52888
2 11570
4 92920
2 5046
2 46300
4 78258
2 85180
4 63188
4 35122
4 43134
2 79934
2 8010
2 49498
2 98038
2 44302
2 43628
4 30630
4 4532
2 88686
4 41690
2 83852
2 63574
2 56102
4 47128
2 2018
2 84804
2 71222
2 18448
2 48620
4 22334
4 80258
4 63248
2 80822
2 36274
4 49672
2 41488
4 32056
4 16646
2 85082
4 99234
4 75512
2 41616
2 59630
4 72452
4 28838
2 48814
4 618
2 43244
2 40610
4 28766
4 70298
4 30416
4 15718
4 83678
2 18072
4 890
2 89318
4 19300
4 89070
2 57360
2 75762
2 1548
4 47634
4 35352
2 66264
4 48900
2 17770
2 77186
4 8136
2 75478
4 75090
4 20242
2 8068
2 17424
2 92694
2 55740
2 30560
2 77320
2 64430
4 32956
2 722
4 27754
4 20252
4 91256
4 12448
2 22986
4 49336
4 20612
4 51068
2 83158
4 17582
2 10472
2 2086
4 73536
2 12844
2 13828
4 33956
4 55408
2 82788
2 5130
4 96398
2 69382
2 37614
4 21446
2 87548
4 29408
2 84802
2 36666
2 3368
2 70388
4 91934
2 60452
4 28084
4 98250
4 37178
2 87030
4 43066
2 37044
2 3806
4 2264
4 58794
2 88722
4 25394
2 1172
4 68036
4 66228
2 31824
4 37686
2 98826
4 98902
4 82776
4 71050
4 11850
4 83492
4 37210
4 32314
4 20364
2 89700
4 57910
2 73732
4 56226
4 14544
4 35530
4 24450
2 30254
2 21570
4 46854
4 52842
2 20330
2 29526
4 69282
4 38684
2 86522
4 82686
4 58452
2 30048
4 85916
2 22026
4 22158
4 78488
4 36856
4 11300
2 91460
4 51422
4 44350
2 49612
4 16768
4 70858
2 43956
4 2818
4 32326
4 35474
4 27222
2 76776
4 61302
4 40438
2 40260
4 20540
2 62650
2 10708
2 62460
2 17922
2 9460
4 77880
4 70244
2 2170
4 27364
2 51294
4 29852
2 54656
2 47124
2 21786
2 97522
4 71536
2 85992
4 98920
2 34324
4 72910
4 3054
4 91734
2 6558
2 3316
4 98882
4 23762
2 58848
4 3170
2 67316
2 56970
2 26892
4 75136
2 270
2 73854
4 56196
4 78418
4 60174
2 79688
4 72716
4 9760
4 69904
2 80174
2 52502
2 57138
4 34876
2 93632
4 96320
4 40480
2 34798
4 67312
2 50692
4 42972
2 49308
4 50028
2 4440
2 27932
2 79488
4 86832
2 93600
4 74774
4 98458
2 58788
2 23378
4 34414
2 80842
4 56468
4 60808
2 38754
2 42610
2 46034
4 50840
4 41824
2 48766
4 62392
2 4412
4 31702
2 78034
4 28476
4 34954
4 93830
4 33782
4 93110
4 53752
4 44210
2 74434
4 46722
4 34722
2 27890
2 19662
4 36698
2 54416
2 20152
4 13840
4 89104
4 98454
4 99850
2 60584
4 14176
2 63842
4 24298
4 23180
2 78458
4 45692
2 60622
2 57926
4 56782
2 47264
4 1936
4 10620
4 13140
4 23514
2 94690
4 86598
2 49328
4 33918
4 36354
4 86342
4 33938
4 2392
2 92074
4 1560
4 39936
4 5020
2 15262
4 33278
4 4050
4 96450
4 48416
2 45146
4 58232
4 2904
4 61902
2 13250
4 48902
4 14234
2 87682
2 51740
2 36728
2 78852
4 52520
2 56378
4 61168
2 19680
2 86220
2 73370
4 806
2 61798
4 54208
2 1962
2 90418
4 224
2 70314
2 21184
2 42210
4 8276
2 18404
4 59228
4 98282
2 69504
4 46716
2 9792
2 5570
4 4090
4 64420
2 6538
2 53464
4 50176
2 32184
4 65462
4 70808
4 11876
2 46846
4 17176
2 28164
2 73920
2 33840
4 7496
4 536
4 9238
2 1724
4 11048
2 17978
2 75362
4 87708
4 38060
4 14850
4 12416
2 39554
4 37050
4 76598
4 15410
4 40578
2 2878
4 47180
4 88284
4 68296
2 1482
2 87102
4 91110
2 64202
4 64262
2 73466
2 2148
4 98674
2 88516
4 75216
4 92934
2 5088
4 60282
2 19510
4 60750
2 76880
4 46314
2 55300
4 72706
4 88390
2 48192
4 29626
2 63840
2 46312
2 18398
2 32264
4 89948
2 43110
4 1462
4 91202
2 10318
4 30244
4 54440
4 46200
4 26616
4 36454
2 90710
4 30050
2 26484
2 36866
4 3464
2 11858
4 92182
2 80764
4 43796
2 91694
2 71774
2 90246
2 91356
4 59992
4 87066
4 51214
2 44912
2 30700
4 28236
2 81652
2 87650
4 81854
2 38048
2 40778
4 76314
2 4344
2 24660
4 65986
2 52892
4 44718
4 82510
4 47624
2 76634
2 78900
2 17622
4 87520
4 55020
2 54936
2 60670
2 79104
2 37802
2 43660
4 81442
2 67500
2 34004
2 92038
4 9044
2 96104
2 89336
2 14980
4 87790
4 64714
2 17668
4 18572
4 75244
4 81134
4 87184
2 70202
4 77196
4 57924
2 16730
2 98924
4 37090
4 99314
4 25638
2 91608
4 61412
4 66438
2 71924
2 82350
4 10614
2 27262
2 40572
2 83858
4 27718
2 12904
2 446
2 7332
2 78654
4 5582
4 40832
4 55462
4 81684
4 24584
2 97278
4 10910
2 98790
4 8344
4 87838
4 41568
2 68354
4 16732
2 19394
2 59360
4 14730
2 50434
4 6382
4 63542
2 90836
4 57646
2 29758
4 60700
2 61328
4 65266
4 30376
2 70392
4 92890
2 81520
2 49440
4 32078
2 91020
2 28566
2 78044
4 80608
4 94152
4 74884
2 61538
2 84080
2 44122
2 96718
2 4238
2 96408
2 83266
4 55956
2 44160
4 54376
2 50460
2 8048
4 77126
2 81370
2 44946
4 36748
2 66724
2 73134
4 65404
2 28168
4 75460
4 61042
4 99092
4 34780
4 23152
4 37088
4 28426
4 47712
2 62004
2 65978
2 24730
2 81512
2 76572
4 56066
4 92704
2 57052
4 1400
4 30554
4 64664
2 89394
4 33582
4 95828
4 18536
4 15182
2 2424
2 64718
4 11420
2 2508
4 34720
2 17356
4 42660
4 21654
2 84902
2 73572
4 6012
4 47356
2 72338
2 5900
4 83332
4 98806
4 56842
4 99458
4 32644
2 12502
2 42574
4 91114
4 3006
4 75088
4 96328
4 19802
2 64064
4 10552
4 62408
4 99598
4 78822
4 35198
4 29132
2 3026
2 98734
4 29200
4 53320
4 78498
2 34472
2 50198
2 72958
4 18006
2 68016
4 30318
2 20036
2 71818
4 6424
2 38598
2 85548
2 55334
4 69928
4 42394
4 65678
2 55012
2 94296
2 95218
4 65488
2 76138
2 36088
2 31282
2 80160
2 47392
4 93064
4 66494
2 29470
4 84180
2 73936
4 82296
2 63546
2 31472
2 17532
2 51178
2 21094
2 28522
2 82162
4 33058
2 61992
4 81496
4 13680
4 6792
4 31666
2 51754
4 91992
4 97730
4 47908
4 68346
4 5418
4 14912
2 22066
4 88742
4 56064
4 79672
2 22268
4 50150
4 68560
4 53544
2 9594
4 96820
2 65266
2 27096
4 27762
4 57754
2 50292
2 54242
2 90824
2 5418
4 83186
4 84986
2 41592
2 27180
4 1148
2 76864
2 79560
4 40080
4 3258
2 62150
4 79240
2 67450
4 10284
2 106
2 83832
2 53452
2 31252
2 78148
4 83674
4 80932
4 34812
4 43108
4 25256
4 79976
4 93254
4 78600
4 28682
2 20076
2 15648
4 83688
2 63428
2 16596
4 57212
4 78018
2 79686
2 36506
2 87424
4 18090
2 90458
4 5004
2 41970
4 66510
2 69708
4 16368
4 97734
2 75798
4 54298
4 21500
4 30806
2 65350
4 38862
4 69666
4 28610
2 89454
4 78816
4 21904
4 19100
4 4002
2 75444
4 10752
4 20694
2 31222
4 58498
4 94172
4 67704
4 42182
2 33900
2 89320
2 72640
2 94872
2 49588
2 50096
2 26880
4 53526
4 25182
4 33626
2 85564
2 61262
2 60658
4 33440
2 44216
4 95864
4 73894
4 25236
4 6026
4 43726
2 77016
2 57802
2 44020
4 88854
2 48810
2 21882
2 15646
2 89270
4 38842
4 43086
2 88540
2 53154
4 1818
2 53106
4 99826
2 46020
2 27178
2 2762
2 62400
4 62368
4 13654
2 3244
2 1896
2 14784
2 32482
2 67874
2 5136
2 82226
4 218
4 30618
2 37834
2 32662
4 63434
2 49424
2 13840
2 73462
4 45514
2 29522
2 59296
2 26162
2 64238
4 91380
2 45172
2 76946
4 85234
2 27698
4 32062
4 27356
4 82634
4 51590
2 39322
2 12836
4 13054
4 63558
2 91258
4 72044
4 95726
2 33010
4 39208
2 86752
4 89584
4 97842
4 92932
2 54168
2 51026
2 23242
2 40922
2 85322
2 13738
2 88554
2 5340
2 78328
2 80278
2 66982
2 51966
2 80836
2 56744
2 16506
4 29642
4 92004
2 34680
4 39326
2 63858
2 99314
4 74088
2 47100
2 61272
4 39380
4 83132
4 65794
4 72852
2 19948
2 12980
4 56926
4 19154
4 91746
2 15038
2 37938
4 25880
2 96696
2 67868
2 8164
4 67434
4 11762
4 84164
4 20176
4 53932
4 54734
4 9274
4 10412
4 62608
4 40544
2 7218
2 74354
4 50482
4 35204
2 39096
2 39572
4 65576
4 38838
4 846
4 21526
2 44856
4 11302
2 98478
2 78500
2 42288
4 39308
4 53054
4 95624
4 43814
2 8468
4 34284
2 67996
2 79750
2 44832
2 60178
4 40974
4 68974
4 61712
4 2358
4 23946
2 38360
4 34646
4 32570
4 69290
2 44926
2 32288
2 492
2 96986
2 38214
2 58896
2 62196
2 23136
4 9582
2 32800
2 29712
2 52430
2 61702
2 3036
2 71158
4 42542
2 3958
4 1624
4 40796
2 92928
2 3272
4 80124
2 57524
4 59866
4 85668
4 89542
4 23362
4 43248
2 47858
2 19098
2 68344
4 45278
4 72244
2 55176
4 62270
4 61506
4 45780
4 61256
2 43722
4 23890
4 77116
4 8446
2 47588
2 68844
2 89586
4 71048
2 53856
2 21468
2 79604
2 6968
4 14004
2 8852
2 9424
4 10540
2 6110
2 76636
4 74398
2 58780
2 55542
4 36738
2 9492
2 56666
2 61614
4 93038
4 71456
4 79732
4 75820
2 46358
2 46058
2 95292
2 45178
2 42838
2 24634
4 68374
4 60674
4 68058
4 18866
4 75246
2 16742
2 91382
2 94152
2 91292
4 54858
2 17512
2 87008
2 96032
4 6776
4 37462
2 2300
4 81118
2 7582
2 28970
2 88472
2 75348
2 58790
4 56168
2 45438
4 39958
2 25062
4 20664
2 93408
2 8296
4 41972
2 18794
4 39338
2 702
2 37468
4 3320
2 31618
2 75450
4 13158
2 34348
4 46844
4 25480
2 62834
2 86126
2 38198
4 7596
2 71240
4 18974
2 90062
4 87436
4 94214
2 6950
2 4208
2 5238
4 61418
2 86724
4 13200
2 90284
2 18144
4 65348
2 7986
2 2046
2 28284
4 68886
4 75714
4 13290
4 43854
2 14404
4 93290
2 90166
4 40924
4 77144
4 54176
4 43490
4 24914
2 15826
4 18416
2 52886
2 64874
4 17124
4 73224
4 27928
2 57960
2 342
4 25986
2 348
2 97284
2 87964
2 36768
4 24580
4 49814
2 46478
4 42898
2 76474
4 56072
4 79978
4 49664
4 44146
4 40224
4 33232
2 87606
2 81820
2 93702
2 99040
4 34912
4 67246
2 10654
2 13832
2 96194
2 88034
2 28246
2 59432
4 79862
4 82066
2 97334
2 37756
2 98960
4 99558
4 47552
2 52168
4 9378
2 63070
2 52728
4 65276
4 92830
2 87156
4 38548
4 4108
2 4230
4 76672
4 18658
4 84708
4 20320
4 85890
2 658
2 22516
2 77804
2 79704
4 17690
4 45594
4 7850
4 38050
2 78718
4 578
4 93734
4 68110
4 74638
2 27686
2 77712
4 26854
2 11732
4 62960
4 46174
4 83810
4 63118
4 16770
4 57462
2 17696
4 68804
4 29876
2 1692
4 79430
4 85652
4 8206
4 30552
4 97774
2 79888
4 33588
4 66930
2 56158
2 49832
4 97832
4 92070
2 54298
2 34284
4 66750
2 70770
4 25334
2 4704
4 98258
4 43148
2 2516
2 41212
4 41488
2 5920
2 87604
2 81264
2 26640
2 90386
4 74054
2 37718
4 34278
2 7138
2 88520
2 72832
2 67004
2 50944
2 82810
4 65634
4 87748
4 89404
4 76028
4 39490
4 6624
4 58030
2 6196
2 41674
4 40528
2 44572
2 57458
4 61420
4 56872
2 36914
2 17084
4 23392
2 39190
2 6220
2 50926
2 24316
2 54350
2 10678
4 212
4 73324
2 74408
2 40126
4 63936
2 85062
4 3840
2 64678
2 11458
2 28256
4 71392
4 23958
4 88096
4 71098
4 28692
2 98488
2 77438
2 2616
4 74244
4 76762
4 89046
2 40272
4 58094
2 93646
4 79836
4 75872
2 75802
2 28750
4 71078
4 11126
2 74676
2 19862
2 44092
4 29058
2 59268
2 76040
4 86294
2 57258
4 86126
4 19196
2 15546
2 82100
2 42174
2 15836
4 30074
4 90506
2 91520
2 65172
2 54978
2 33946
4 5576
4 51634
2 2306
2 94318
4 79032
2 50118
4 24606
4 28326
4 34770
4 68794
2 66716
4 48196
2 30668
4 55536
4 50140
2 87566
4 21906
2 1448
2 71396
2 40196
4 72804
4 9620
4 2614
2 94570
4 89144
2 70906
4 45262
2 38574
4 1040
4 80936
2 25836
4 50878
2 17386
2 17968
4 58098
4 70628
4 61250
4 32684
2 82976
2 91514
2 81938
4 14960
4 82524
2 24552
4 32184
4 83514
2 85980
4 25810
4 42740
4 75206
4 46756
4 69114
4 77506
2 59386
4 54196
4 35078
4 5078
4 78754
4 74850
2 34180
4 29000
2 27958
2 36538
4 43160
2 65636
4 61990
4 61554
2 62438
4 61486
2 1400
4 68042
4 50202
2 39110
2 72956
2 27518
4 26952
2 73608
4 272
2 10118
4 91142
4 53944
4 15390
4 56536
2 796
4 41036
4 19354
4 33040
2 37728
4 88210
2 29706
2 34656
4 77578
4 70990
2 4212
4 28032
2 29008
4 28104
2 29344
2 89326
2 51918
2 42150
2 60016
2 87722
2 23834
4 23340
2 62888
2 97474
4 93276
2 71728
4 50222
4 48344
4 14406
2 71772
4 28960
2 62122
2 29966
4 18510
4 19910
2 55080
4 13438
4 58490
2 7456
4 68830
2 46648
2 30298
4 36546
2 19970
4 49744
2 3768
2 39930
2 60966
2 69950
2 97072
2 80944
4 43080
2 19964
4 82308
2 6878
2 56132
4 3618
4 17358
2 72632
4 69746
4 40260
2 93860
2 30738
2 15876
2 17170
2 12968
2 13220
4 87776
4 20152
2 64706
2 93588
2 27632
4 98778
2 65006
2 12370
2 35918
4 75272
2 72326
2 25306
4 43746
2 92522
2 72148
4 38484
4 86164
2 33504
2 27200
4 67560
2 97528
2 9720
4 89946
2 28050
4 42310
2 44306
2 44622
2 13558
4 23586
2 23866
4 25776
2 26274
2 21082
4 88470
2 34138
2 34452
2 90594
4 52024
2 24994
4 64114
2 50088
2 16338
2 91680
2 40054
2 1388
2 35956
4 68494
2 35326
2 83628
2 78190
2 67960
2 69630
4 5326
4 21874
4 72714
4 31722
2 75188
2 16158
2 18464
4 90926
2 35346
2 8418
2 66996
2 27046
4 58954
4 29380
2 65256
4 88414
4 6416
4 28628
2 60206
4 95770
2 76746
2 84076
4 60056
4 31910
4 47594
4 73954
4 44936
2 99356
2 55660
4 91542
4 97994
4 6804
2 8400
4 79074
4 88650
4 31696
2 18008
4 92372
4 38416
4 57978
4 16430
2 68994
4 76580
2 3726
4 84758
4 36084
4 10944
4 76062
4 85398
2 78930
4 53986
4 45844
2 26454
2 68888
2 61424
4 21638
4 67840
2 67600
2 81586
4 27686
2 1292
4 86104
2 34986
2 1536
4 40120
4 71720
2 23732
4 97620
4 50700
4 50560
4 70126
4 70062
2 58970
4 99614
4 69534
4 10526
4 52824
2 23832
2 48532
4 12310
2 98708
4 38900
2 73870
4 77752
2 89954
2 40034
2 26028
4 88736
4 45662
4 45900
2 95634
4 42142
4 78788
2 7286
2 19214
2 4220
2 810
2 5616
4 24282
2 19834
2 60938
4 1026
2 67060
4 9134
2 64298
2 21230
2 22722
2 93330
4 59988
2 22144
2 25660
2 29558
4 88456
4 82430
4 90476
2 92114
4 19748
4 97262
2 47976
2 21594
2 23684
2 45832
2 21394
2 84466
2 91738
4 32434
2 89870
2 95076
4 57144
4 34322
4 95908
2 90012
2 54710
2 73908
2 99288
2 95552
2 94600
4 19034
2 27334
4 43856
2 15078
2 88880
2 65726
4 88324
2 36156
4 15288
2 96036
4 90994
2 98194
4 87856
4 32898
4 24940
2 35278
4 90588
4 85052
4 84502
4 58190
4 29780
4 11578
4 31562
4 6428
4 69078
2 74246
2 72068
4 4998
2 42024
4 84520
4 47472
4 30396
2 78950
2 46402
4 42780
4 38912
2 89538
4 36610
2 24834
4 91868
4 61040
2 408
4 27070
4 10872
4 62490
4 6936
4 16536
2 39076
4 20662
4 22872
2 46112
4 84672
4 87266
4 44328
2 1450
4 26048
2 33166
2 6
2 49666
4 71696
2 49946
2 38702
4 63518
4 99510
4 52844
4 63916
2 73968
2 6096
4 89776
2 67744
4 13440
2 31216
2 57204
4 49716
4 5636
2 79730
4 20558
2 4200
4 34562
2 96596
2 51864
4 39728
2 16524
2 7226
4 83860
2 58698
2 70996
2 97238
4 94282
4 12100
2 2756
4 52290
4 49488
2 718
4 55576
2 92546
4 68254
4 74574
4 21586
2 29300
2 70606
4 26466
2 69580
2 83872
4 35168
2 87248
4 48382
4 48688
2 56076
4 40428
4 34948
2 27116
2 346
4 9248
2 42818
4 83140
4 87404
2 55376
2 44268
2 70836
2 62772
2 57790
2 55906
2 27680
2 78546
4 64914
4 16444
2 45084
2 67058
2 67662
4 50642
4 31464
2 32386
4 84094
4 55254
2 98580
2 36678
4 23634
2 56308
2 11590
2 38764
2 45986
4 9206
2 69168
2 11346
2 82802
2 14022
4 84734
2 83336
4 88892
4 93538
2 39482
2 14828
4 34230
2 20000
2 43068
2 6016
2 66154
4 1752
4 84038
2 48294
4 99348
4 10824
2 19826
4 20108
4 12126
4 11456
2 93676
4 350
2 54744
4 12244
4 84114
4 48842
4 18826
2 32562
2 54516
2 52624
2 808
4 2918
4 53802
4 95696
4 49436
2 10796
4 3438
4 96822
4 50552
4 18408
4 58092
4 18308
4 69958
4 34164
2 19186
2 68966
2 88462
2 30356
2 1288
2 1200
2 23196
4 22414
2 11682
4 82914
2 60570
2 41202
2 27304
2 21380
2 80888
2 97816
2 21924
2 12176
4 96074
4 71614
4 76094
2 71566
4 99538
2 14844
2 8758
2 5766
4 71382
4 46148
2 56844
2 31340
4 56158
2 55052
4 37960
4 63302
2 15418
2 53352
4 916
2 76676
2 19602
4 45794
4 69858
2 43058
2 92340
2 90860
4 58654
4 85170
4 37962
4 4440
4 65560
2 81686
4 31156
4 64060
2 11392
2 95600
4 98364
4 97630
4 67608
2 44870
2 26378
4 37600
2 75446
4 41256
4 10286
4 45188
2 83586
2 35484
2 13186
4 41398
2 80452
2 59292
4 94470
4 83448
4 58484
4 21534
4 19680
2 78754
2 55206
2 7780
4 48466
4 1470
2 76452
4 66862
4 22014
2 15212
2 14914
2 94854
4 36338
2 80786
2 38156
2 19542
4 65020
2 11240
2 39980
2 14176
4 40276
2 69686
4 73486
4 40720
2 39926
2 71558
2 18946
4 72142
2 74642
4 69886
4 61278
4 77276
2 44616
2 87726
4 54568
4 55912
2 75808
2 46836
4 23190
2 30052
4 89322
2 36624
2 9192
4 31704
4 35622
2 2866
2 81944
2 51752
2 69650
4 41896
2 39228
4 91554
2 12614
2 5226
2 33144
2 58216
4 52910
4 23802
4 72966
4 59222
4 6234
4 71778
4 30108
2 87864
4 25382
4 7216
4 63156
2 19528
4 4584
4 10498
4 2252
4 96376
4 64234
4 25554
4 84162
2 16024
2 10054
2 57464
4 62066
4 62224
2 570
4 21778
2 81368
4 85142
2 65438
4 61634
2 55670
2 61288
4 67730
2 55082
4 93196
2 86152
2 94952
4 604
2 21224
2 95352
4 81242
4 70788
4 95658
4 47630
2 70572
4 24474
2 34670
2 19690
4 15926
4 47394
2 32040
4 67892
2 53844
4 10450
2 24378
4 81180
2 70446
2 81760
4 41562
2 9408
4 29528
2 33012
2 98864
2 7078
2 73918
2 97846
4 54524
4 35492
4 38846
4 50180
4 13506
4 20214
4 96622
2 24532
2 75716
2 25988
2 75774
2 10158
2 24310
4 68028
2 45754
4 53398
2 90726
2 27322
2 67834
4 9894
2 40286
2 29202
2 61784
4 14362
4 48026
2 46724
2 31880
4 16410
2 82166
4 56258
4 67328
2 41820
2 84962
2 58932
2 47494
4 71856
4 56256
4 81580
4 25474
4 20416
4 16190
4 51952
4 87006
4 89052
2 55884
4 89488
2 37874
2 13128
4 50146
2 34332
2 67712
2 52478
2 70270
2 56896
4 1700
2 69456
2 21376
2 77784
2 8378
2 72720
2 7792
2 72036
4 19174
2 75956
4 23102
2 82176
4 72334
2 14050
2 16032
2 44708
2 1554
2 63464
2 98816
4 67370
4 53136
4 92262
2 20388
4 60628
2 13360
2 15432
4 80818
2 74476
4 37850
4 72548
2 96550
2 83868
4 15618
4 79614
4 76390
2 49712
4 58894
4 8280
2 35488
2 12888
2 21710
2 51586
4 55558
4 27684
2 2932
2 34484
2 31548
2 37800
4 81396
2 65838
2 11154
4 83056
4 88030
4 77292
2 15524
4 95656
2 58800
4 85078
2 38176
2 39014
2 26344
4 26482
4 65548
4 60020
4 85596
4 46284
2 77204
4 73070
4 89530
2 88638
2 98592
4 16984
4 16932
4 58768
2 57992
2 16886
4 59848
2 3378
2 84668
2 68904
2 71108
2 13180
4 79004
4 56764
2 42648
2 75800
2 48018
2 19764
2 59994
4 75138
4 62676
4 36406
4 88406
2 16892
4 6390
4 47768
4 88756
2 1538
4 82060
2 35552
4 36464
4 18244
4 65172
2 85734
2 99368
2 96124
2 75286
2 38666
4 67454
4 32116
2 13550
2 49546
4 94642
2 33120
2 96256
4 70024
2 15408
4 65628
2 34666
2 33916
2 49428
2 53928
4 5602
2 62430
2 49028
2 81018
2 91364
4 51280
2 9790
4 31100
2 43954
2 88352
4 33826
2 78690
4 51208
2 38174
4 98630
4 36754
4 50848
2 58892
4 38362
2 32936
2 7426
4 22006
4 9884
4 39216
2 58980
4 9686
4 54666
2 62162
2 8670
2 17130
4 80210
4 71386
4 60082
2 94134
2 72716
4 47192
2 73140
2 18590
4 12036
4 3634
2 96048
4 82292
2 81216
2 31904
2 74988
4 60456
4 74466
2 47302
2 53736
2 39028
4 29178
4 33684
4 19788
4 3492
4 40318
4 11480
2 96338
2 15918
2 92450
2 42078
2 66928
4 97266
2 6316
4 68088
2 78218
2 54934
4 70142
2 77426
4 18638
4 458
2 79014
4 51016
4 32736
2 57918
4 22072
2 68194
2 94022
2 58598
4 65522
4 39182
4 79308
2 20644
4 48696
2 23376
4 51026
2 29452
2 58230
4 23438
4 69442
2 27666
2 264
2 5940
4 88424
2 27222
2 10864
4 5600
2 87526
2 6320
4 53138
4 39358
4 86114
2 71258
4 98754
2 80462
4 82782
4 25006
2 71612
2 57112
2 26716
4 21380
4 42766
4 37594
2 67166
4 22482
2 58084
2 3146
4 90146
4 608
2 90550
2 65296
2 81976
4 21678
4 9422
4 30214
2 89648
4 88966
2 11076
2 96498
2 21400
4 91198
2 87788
4 65022
2 11368
2 80962
4 58150
4 34588
4 81400
2 634
4 14734
2 39058
2 78910
4 40212
4 62648
2 6914
4 65490
2 80832
4 3824
4 34324
2 84694
4 44160
2 82334
2 29692
2 41534
2 45126
2 82448
2 21252
2 33748
2 77532
4 38002
4 41484
2 14754
4 82848
4 26426
2 37884
4 49318
4 37612
4 87768
4 51262
2 67154
2 34038
2 61242
2 19066
4 28158
4 41244
4 64942
4 74754
4 90396
2 52990
4 66382
2 74746
4 32630
2 26016
4 44762
4 41326
2 39062
4 42620
4 3914
4 46266
4 97644
4 40484
4 35484
4 65398
2 64384
4 75708
4 36998
4 97770
4 518
4 93344
4 81706
2 79238
2 26588
4 86364
2 95050
4 11990
2 58978
4 93326
2 26108
2 32410
2 57388
4 83436
2 29468
4 80812
2 37750
4 9528
4 42380
2 80834
4 92864
4 97210
4 16628
4 16990
4 75132
4 85120
4 64474
2 77646
2 44558
2 66994
2 24038
4 35602
2 84100
4 86964
4 59074
2 57538
2 61600
4 47484
4 13952
2 93980
2 58870
4 93908
2 794
4 49512
2 65182
2 42122
4 97338
4 46882
2 96510
4 7132
2 32516
4 31790
2 28064
4 28456
4 34612
2 25982
2 90904
2 23362
2 57156
4 96230
4 14992
4 32774
4 61890
2 15280
4 16280
4 86954
2 46380
4 66834
2 92052
4 1944
2 35054
4 29912
4 69492
2 15550
2 72488
4 5090
4 29394
4 43170
2 67200
2 29280
2 75722
4 5530
2 57148
4 25228
2 40358
2 6528
4 60224
4 37814
2 71950
2 29006
4 69294
2 66624
4 32372
2 34450
2 21588
2 78620
4 48162
4 20316
4 21762
4 55972
2 52300
2 8496
2 3404
4 83166
2 42612
2 48762
2 26256
4 48598
4 43980
2 51764
4 93370
2 53606
4 11192
4 71868
4 69780
4 21842
4 42732
4 44970
4 91814
4 95890
4 27560
2 30354
2 66066
2 65484
4 32590
4 6244
4 84906
2 33406
2 49000
4 36980
2 3218
4 3794
4 5464
2 20210
4 16090
4 18582
4 97568
4 21974
4 36986
2 1302
4 18576
2 32930
4 19008
2 9508
4 60346
4 57048
2 58082
2 12872
2 39148
4 36372
4 3506
4 9530
2 11244
2 91776
4 75492
4 66152
4 71088
4 88300
4 58042
2 42464
2 58830
2 96410
4 13956
4 37276
2 70554
4 94980
2 90502
2 16732
2 24740
2 79002
4 36146
4 4994
4 59846
2 68384
4 7490
4 93458
4 36486
2 69314
2 57262
4 38208
2 61874
2 32776
4 84938
2 53390
2 66726
4 78136
4 13164
4 86814
2 85612
4 15802
4 70930
4 88032
2 72948
4 64124
4 20832
4 75338
2 49122
4 17518
2 54492
4 75348
4 69682
4 17180
4 56522
4 88888
4 25692
2 67228
2 31956
2 47076
2 56686
4 14052
2 81726
4 46868
2 84702
4 49272
4 52514
4 5224
4 47968
2 25030
2 5730
4 49090
2 68368
4 86224
4 23402
4 79164
2 89136
4 34998
4 95316
4 37230
4 48216
2 84546
2 61256
2 58612
2 4240
4 72632
4 30024
4 9368
4 31444
2 40194
2 1192
4 45830
4 50630
4 63334
4 2766
2 58198
2 89254
4 46198
2 60980
4 43308
2 60864
4 650
2 50296
2 52718
4 54558
2 32762
4 79542
4 40618
2 64624
2 34092
4 81586
4 94664
2 82478
4 92708
2 28718
4 56164
4 66564
2 90210
2 26644
2 15710
4 35062
4 97894
2 25768
4 27208
2 42250
4 88
2 78446
2 96484
4 51308
2 26446
4 1366
2 79180
2 94352
4 39552
2 84106
2 58050
2 18278
2 47452
4 21406
4 31818
4 51758
2 7524
4 61892
2 69218
4 81024
2 4984
2 34296
4 32890
4 83496
4 35630
2 6140
2 48672
4 4898
4 6880
2 15320
2 66700
4 1832
4 65890
4 47992
2 91372
4 35930
2 32424
2 29932
2 42742
2 25880
2 92674
4 16386
2 83130
2 10570
4 34158
2 85390
2 43750
2 49702
2 59788
2 4526
2 26152
4 84732
4 43210
2 59012
2 55594
4 84780
4 9292
2 38714
2 45322
4 15398
4 31194
2 68550
4 41742
4 48692
2 97800
2 18852
2 59960
2 7884
4 21786
4 54650
2 73782
2 83876
4 77818
4 75570
4 36964
4 86998
4 32704
2 32148
2 28162
2 6980
2 38620
2 53268
2 20166
4 10050
4 47532
2 52794
4 72186
4 49956
2 61372
2 85926
2 7434
2 95504
2 24486
2 93124
4 11092
2 39900
4 69068
2 968
2 25340
2 6866
4 25650
4 61190
4 92880
2 9200
2 39102
4 34592
2 63436
2 79516
2 28974
2 88440
4 87314
4 63276
2 38126
2 75210
2 32602
2 78530
4 52856
4 17882
4 63336
2 44962
4 61686
2 12020
2 12156
4 14794
4 91778
2 682
2 26002
4 77750
2 71622
4 81330
2 54166
2 44024
2 48470
2 52320
4 30788
4 22712
4 61212
4 38528
4 65870
4 72390
2 64780
4 21140
2 44826
4 19418
2 84840
2 85974
4 89338
4 27468
4 42062
4 19914
4 69408
2 45056
2 12628
2 59748
2 73088
2 84618
4 28566
2 71486
4 99308
2 76922
4 53762
4 29242
4 77696
4 53156
2 87022
2 32622
4 37856
2 25690
2 37574
4 60398
4 47904
2 96944
4 89392
2 71318
2 99542
2 81224
4 88800
2 79146
2 95644
2 38254
4 86384
4 58732
2 4548
2 70206
2 42040
4 72298
4 57092
2 73000
2 2656
4 93656
4 23250
4 84570
4 32966
2 81112
4 23718
4 39882
2 17814
2 89094
4 4306
4 49764
4 4474
2 66090
2 78228
2 41868
4 33132
2 22290
4 35736
4 94292
4 96940
4 29614
2 50122
4 61462
2 88688
4 9506
4 66526
4 25988
4 60318
4 32744
4 42016
2 15602
2 47400
2 88974
4 55424
2 35514
4 8592
4 28656
4 68072
2 75534
4 77246
4 30926
2 55538
4 59242
4 15348
2 29926
2 8470
4 77122
2 32138
2 3490
4 5514
2 4642
4 82910
4 11412
4 13868
2 26824
4 89468
4 8652
2 30116
4 424
2 35342
2 7720
4 68490
4 76262
2 80652
4 57276
4 37446
4 81602
4 97804
4 30326
2 4232
2 12694
4 79952
2 35994
2 47802
4 97328
2 13304
4 48012
4 56664
4 80810
4 92474
2 7248
2 28348
2 30610
4 44964
2 89916
2 40268
2 92216
2 25732
4 4608
4 70976
4 66368
2 87480
2 32638
2 99496
4 73734
4 78432
4 68924
2 24806
2 29444
2 47368
4 46712
2 23102
4 92974
4 19738
2 93546
2 22030
4 52186
2 48900
2 8800
4 21054
4 62190
4 40620
2 62138
2 24352
4 98010
4 71948
2 55638
4 31944
4 31918
4 62134
4 61356
4 71028
2 68810
4 20570
2 16148
2 81798
4 56416
2 15120
4 45784
4 89764
2 27142
4 40844
4 72740
2 70058
2 39752
4 3060
4 74144
2 82772
4 51328
4 14110
4 96608
2 65352
4 22302
4 51538
4 39736
4 65828
4 76610
2 54184
2 90002
2 43580
4 25934
2 94732
2 92792
4 68046
2 67686
2 3918
4 82370
2 7778
2 83982
2 82824
4 57878
2 11708
2 36948
4 20948
4 47844
2 86640
4 84382
4 39210
4 8018
4 43232
2 37074
2 83082
2 20500
2 43248
2 47674
2 45702
4 61430
2 38824
4 73078
2 43624
2 74730
4 44834
2 72608
2 2812
2 894
2 77730
2 79518
4 33566
2 23798
2 85500
4 43010
4 38948
2 76394
4 85382
4 28828
4 50760
2 19638
2 28744
2 78040
4 36746
4 84428
2 68274
4 47846
4 28948
4 7378
2 70024
4 11316
4 75056
4 60204
4 48086
2 33854
4 19084
4 99448
4 6010
2 68602
4 46040
4 67498
4 54954
2 29648
4 4
2 56912
2 10290
2 75732
4 11022
4 46390
2 8890
2 85642
4 30610
2 76258
4 56954
4 34064
2 72262
2 5740
2 21870
2 30670
2 69748
2 41148
2 99012
2 44008
2 53802
2 65138
2 39304
2 82370
2 60636
4 83672
2 38566
2 13384
4 96262
2 64686
2 60316
2 17058
4 54370
4 49906
2 43454
2 12310
4 48006
4 38994
4 74658
4 47344
4 4960
4 84892
4 73688
4 12640
2 25550
2 10590
4 68834
4 58962
4 84870
2 19656
2 54846
2 96182
2 59650
4 11088
4 8666
2 96686
4 92430
2 25658
2 54370
4 32646
4 19128
4 47648
4 77720
4 61210
2 82058
2 16748
2 16030
2 32358
2 98046
4 40384
4 88786
4 14482
2 7736
2 53432
2 94452
2 41744
4 40090
2 91670
2 37588
4 33082
4 13128
4 79800
4 39812
4 88546
2 4308
2 26752
4 2520
4 78280
4 34082
2 23980
2 26762
2 50982
4 27168
2 99218
4 40324
4 91836
2 66474
4 74282
4 35400
4 49038
4 43514
4 88364
4 18782
4 85640
2 52182
2 10078
4 44736
4 38358
2 70964
2 80170
2 21908
2 50622
2 81472
2 81996
2 56994
4 48050
2 34504
2 14394
4 18466
4 3142
2 72672
2 51836
2 1808
4 34880
4 30096
4 80426
4 7050
4 25868
2 90958
4 58408
2 67406
2 22522
4 10434
2 4706
4 24428
4 23056
4 45356
2 48840
4 70066
2 84208
2 25108
4 76190
2 64688
2 90712
4 63436
2 20692
2 3912
2 86960
2 50408
4 73230
2 45792
4 54144
4 48492
4 62000
4 19720
2 38472
4 49594
4 87808
4 76658
2 274
2 89328
2 7782
4 15558
4 20722
2 98720
4 42060
2 69934
4 79174
2 97836
4 9756
2 34476
2 63536
4 10860
2 67804
2 43446
4 71812
4 5856
2 93184
4 80324
4 13002
2 59970
4 32882
4 24074
4 66642
2 88676
4 4500
2 99484
2 2634
2 38044
4 97132
2 98296
4 30928
4 6200
2 20830
4 59750
4 51834
4 35106
4 37706
4 78242
4 72794
4 37956
2 82278
4 47460
2 16476
4 45168
2 5126
4 18170
4 22460
4 94426
4 90884
2 71830
2 17874
4 47154
2 27852
4 91306
4 25972
2 35728
4 32692
2 14958
2 57922
2 5158
4 12880
4 89658
2 97222
2 4684
4 11438
2 1662
4 85886
4 66354
2 15924
2 36640
4 2028
2 83946
2 82382
4 46334
2 32122
2 34186
2 91334
4 3384
4 24466
2 10574
2 3792
4 68742
4 50690
4 50628
2 62148
2 7344
2 63058
4 16808
4 54328
2 35922
4 4034
4 59162
2 75834
4 48952
4 62612
4 9466
2 39454
4 66016
4 34792
2 82856
2 87976
4 85086
4 43264
4 86914
4 36342
2 97638
4 73368
2 87314
2 82626
4 34866
4 67834
2 92496
2 88488
4 49082
4 26912
2 86426
2 49264
4 9242
2 92448
4 57610
4 75728
4 55888
4 43750
2 40388
4 72002
4 35676
2 66366
2 63604
2 17740
4 78718
2 48420
4 70132
2 8882
2 38318
4 42006
4 84336
2 1522
2 14478
4 48928
2 50000
4 61832
2 72482
4 72350
2 67648
4 66070
2 30274
4 36162
2 49484
2 29462
2 63228
4 88156
2 85090
2 43892
2 39274
2 29988
4 83866
4 65608
2 18224
4 82442
2 8950
2 63050
4 9302
2 63030
2 67786
2 82444
2 99334
4 78220
4 28238
4 43416
4 43584
2 55414
4 1740
2 26876
2 14996
2 46798
4 16236
4 49818
4 29286
4 34768
2 32312
2 9678
4 32054
4 95410
4 75564
2 64640
4 56860
2 36662
2 12190
4 32228
2 4370
2 34490
2 32510
4 43336
2 3820
2 24116
4 45904
4 56776
2 26512
4 45840
4 67944
2 45866
2 77396
2 568
2 36622
4 22560
4 50302
4 61350
4 4290
2 55936
4 2186
4 70764
4 97880
4 10490
4 35464
4 46290
4 94490
2 46174
2 69488
4 36540
2 10052
4 66134
4 81784
2 44942
4 22270
2 15000
4 85156
2 71570
2 26320
2 66488
2 13808
2 81316
4 79382
2 60572
4 68854
4 8870
4 69452
2 40174
2 89066
4 59740
4 30954
4 9042
4 28822
2 51756
2 79780
4 66946
4 66496
2 45670
4 14616
2 84218
4 66236
2 31096
2 40732
4 20608
2 55734
4 49538
2 68852
4 19308
4 85992
2 74688
2 34582
2 52710
4 42614
4 2822
4 87606
2 40008
2 83650
4 96732
2 18674
2 64662
2 73600
2 32684
4 52750
4 57230
4 42656
4 33764
4 63286
4 79142
4 92152
2 12478
2 13528
2 8180
4 936
4 14608
2 13350
2 86954
4 31062
4 1034
4 54526
4 41668
2 2484
2 3946
4 25308
4 25778
2 75978
2 99750
2 98116
2 91262
4 32310
4 11450
2 57372
2 83060
4 34220
4 10648
4 94892
2 10382
2 30592
2 83004
2 51548
4 81448
2 20350
4 40184
4 55602
4 39348
2 85442
4 97658
4 14374
2 81598
4 79122
2 50900
2 63280
2 14526
4 83996
4 89708
4 33778
4 67236
2 80544
2 33996
4 59224
4 72160
2 99676
2 60906
4 49176
4 24508
2 60782
2 37276
2 71552
4 10940
4 20884
2 87382
2 47854
2 8784
2 18098
2 48046
2 96602
4 57888
4 93174
4 64618
4 75242
4 65524
2 54720
2 26216
2 15844
4 42080
2 58306
2 41164
2 92896
2 39404
4 312
4 69632
4 76764
2 59966
4 11058
4 72198
2 87714
2 18924
2 44498
4 36394
4 70162
2 68006
4 21178
2 87238
2 56324
4 44742
2 97140
4 11800
4 99318
2 69594
2 10994
4 28614
2 13820
2 52032
4 94566
2 75382
4 51850
4 76472
4 98278
4 88788
4 89256
2 89632
2 1842
2 95858
4 61226
4 2044
4 94722
4 89704
2 6446
2 74978
4 23010
2 43112
4 5714
4 94048
4 14008
4 17328
4 12756
4 58504
2 85866
4 34742
2 90022
4 73344
2 33704
2 21578
2 64768
2 65676
2 21792
2 65764
4 97632
4 4502
2 45588
4 78520
4 43144
4 75996
4 31034
4 73034
2 79392
4 2116
2 96312
4 71060
4 87322
4 18462
2 59692
4 34038
4 97088
4 91662
2 13652
4 44300
2 88596
2 30658
2 64658
4 3614
2 36174
4 48864
2 77106
4 86242
2 79508
4 12590
2 18212
2 25562
2 32074
2 16482
4 1306
2 11334
2 21580
2 93738
4 8700
4 40336
2 72650
2 56976
2 3986
4 58836
2 46662
4 81806
4 27040
4 81316
2 16724
2 73366
4 30226
4 24160
4 84508
2 86994
4 63624
2 6418
2 82634
4 6854
4 14364
2 52814
2 8178
4 73316
2 17626
2 98880
2 13614
2 68610
4 89024
2 64206
2 77496
2 84858
4 35086
4 86424
4 15614
4 17708
2 74624
2 12434
4 51836
4 25138
4 77734
4 62326
2 52056
4 78716
2 48878
2 51930
2 8194
4 62056
2 4624
4 48828
4 26298
2 95790
2 59282
2 9144
2 29352
4 52094
2 14930
4 15550
4 91786
4 11868
4 21056
2 8652
4 97650
2 46078
2 74798
4 14534
2 71938
4 4880
2 16828
4 47622
2 85894
4 43622
4 43344
4 64528
4 61262
4 55806
2 77404
2 63472
4 53876
2 44496
2 73778
4 80216
4 47674
2 99270
4 28220
2 48844
2 23928
4 43444
2 60390
2 83970
2 37284
2 88838
4 40670
4 59468
2 85618
2 58894
2 29090
2 33636
2 95122
2 58172
2 10686
4 73702
4 28634
2 21288
4 80466
4 7862
2 32432
4 4788
4 16960
4 51124
2 31620
4 48482
4 2922
4 5322
4 26694
4 75402
4 61044
2 23510
2 93086
4 56230
4 77192
4 63604
4 61658
2 43584
2 77124
2 92358
4 36388
4 58644
4 9240
4 19350
4 57528
2 73588
4 2208
2 89076
4 51764
4 13524
2 12916
4 41190
2 26072
4 51708
4 6816
2 65948
4 28304
2 82182
4 25564
4 77152
4 32662
2 18816
4 32816
4 25998
4 63528
4 53286
4 86254
2 56700
4 76444
2 99732
4 22322
4 52206
2 9208
2 12540
2 42254
2 38652
2 90382
2 78168
4 22286
4 71592
2 32162
4 71176
4 1372
4 79360
4 84186
2 50034
2 70614
4 68170
2 37332
4 19572
2 61468
4 24742
2 81388
2 42298
2 73696
2 17964
2 34572
4 92350
2 49860
2 17848
2 77952
4 6830
2 66442
2 16426
2 20410
4 44258
2 16854
4 15560
4 72914
4 40038
2 83796
2 888
2 75906
4 49766
4 43260
2 21720
2 6398
2 21298
4 84432
4 89068
4 94024
4 5752
2 30498
2 90926
4 83028
4 58350
4 68746
4 88694
4 64454
4 66272
2 72344
4 8142
4 58972
4 95460
4 516
4 54662
2 63066
4 17104
4 84848
2 90570
4 56798
2 27786
2 38578
2 9312
2 98472
4 56938
4 30572
4 46750
2 63514
2 91428
4 28352
2 71740
4 69670
2 85638
4 22716
4 79578
2 9580
2 27136
4 47882
4 96840
2 90316
4 16888
4 61850
2 48582
2 93096
2 81910
4 47352
4 75720
4 54624
2 95862
2 13070
2 35124
2 1992
4 43972
2 83860
4 35956
2 18096
4 60804
2 72976
4 96288
4 5862
2 32168
2 45732
2 91590
2 56782
2 96374
4 17594
2 59052
2 30708
4 28750
4 50074
2 14450
2 92902
2 71332
2 84162
4 48834
4 64842
2 21852
4 84638
4 74928
2 1434
2 42276
4 66844
4 69388
4 84526
4 5176
4 59394
4 1058
4 11334
4 62718
2 19100
4 48820
4 89986
4 63208
4 44958
2 87184
2 42208
4 77490
2 42394
4 82284
4 93430
4 43032
2 77750
4 93550
4 43128
4 68660
2 46650
4 34910
2 18000
4 14330
2 65960
2 86154
2 45062
4 87918
2 19546
2 8148
4 98470
4 76912
4 18868
2 82542
4 98296
2 46412
4 37790
4 10152
2 57862
4 33434
2 7928
4 36960
2 2950
2 874
4 5412
2 20126
4 3236
2 32506
4 26008
2 65428
4 29550
2 54018
4 35970
2 36992
2 73188
2 7684
2 13824
2 34454
2 31976
2 15376
2 86246
4 50592
4 78982
4 98338
2 22766
2 62954
2 57032
2 85194
2 41308
4 87362
4 46706
4 41346
2 14648
2 30640
4 41462
2 69204
4 67126
2 75984
4 39548
2 46234
4 11568
4 74828
2 61458
2 8912
4 31500
4 83146
4 74918
4 37392
4 60242
2 69602
4 14926
2 13694
4 9738
2 1594
4 37878
4 53068
4 52786
2 76432
4 85888
4 26406
4 72422
4 44354
2 58718
4 81728
4 77536
2 50448
2 900
2 15666
2 10038
4 93696
4 25106
4 87558
2 53754
2 18058
2 18810
4 92762
4 5282
2 97282
4 68378
2 42526
2 66620
2 86700
4 81100
4 27650
4 93854
2 23880
4 1750
4 31420
4 54566
4 31784
2 5438
4 48550
2 94772
2 11434
4 76706
2 57242
2 37618
2 68114
2 30244
2 29314
2 19430
4 95766
2 56
2 59544
4 16332
2 70548
2 28142
4 99156
2 31490
2 50956
2 90282
4 89108
2 842
4 96216
4 62180
4 9382
2 28886
2 91142
2 47398
4 20886
4 62336
4 80648
4 87402
4 27194
2 55232
2 34832
4 39758
4 3182
4 65018
2 67854
2 21742
2 22404
4 84812
4 33790
2 68122
4 42646
4 75302
2 97604
4 17614
2 65784
2 38952
2 56150
2 52294
4 78936
2 27960
2 51448
4 70016
4 72104
2 2332
4 18876
2 59216
2 87866
2 65516
4 51822
2 36448
4 78
2 79448
4 12068
4 99608
4 36216
2 22972
4 28584
4 66814
2 13838
4 40692
2 63406
4 91802
2 53166
4 10840
4 47730
2 33702
4 35936
2 16306
4 68768
2 3444
4 36122
4 6650
2 94180
4 15924
2 56496
2 89710
4 43940
2 28734
4 3222
4 32522
2 68444
2 49638
2 44286
2 97798
4 77740
4 98218
2 36836
2 13352
2 74288
2 82928
4 39970
4 18084
2 73312
4 62692
4 60738
4 12596
4 398
4 3034
4 94452
4 80172
2 27838
2 22814
4 71962
2 69608
4 526
4 78328
4 59288
4 70362
4 44926
2 42888
4 60994
2 90940
2 62564
4 67496
4 52330
4 36660
2 85818
2 75948
2 5964
2 48908
2 79972
2 32112
2 16218
2 42016
2 98278
2 77880
4 9032
2 17502
2 62934
2 99580
2 48014
4 2532
2 71646
4 18912
4 22944
4 73242
2 19650
2 36722
4 68764
2 39686
2 14562
2 44852
4 8328
4 62908
4 52102
2 40288
4 90754
4 78094
2 77362
2 62248
2 82604
4 63376
2 78598
2 25484
4 11978
4 37198
2 9772
2 58650
4 62962
4 72124
4 44998
4 90970
2 15452
4 12470
4 64202
4 68076
4 54444
2 57768
4 40420
4 80636
2 70302
4 33270
4 43550
2 14030
2 1204
2 29426
4 58332
4 78312
2 824
4 58404
2 26280
2 44094
2 66734
4 86674
2 78246
2 64664
2 10546
4 32476
2 3672
4 38620
4 86528
2 38932
4 96332
2 9976
2 10444
4 13390
4 32440
2 15604
2 60790
4 41620
2 50244
4 55502
4 92552
4 98158
4 66210
2 64596
2 47284
2 71114
4 46208
2 76106
2 81900
4 65676
4 32110
2 24498
4 69034
2 62344
4 69708
2 89166
4 4806
4 444
4 1442
4 36458
4 92988
2 63856
2 31500
4 97272
4 56904
4 36300
4 64606
4 64116
4 73936
4 70294
2 46932
2 16966
4 67804
4 66810
2 73834
2 31110
2 70742
4 75636
2 55424
4 69744
4 48070
2 87660
4 3238
2 43988
2 3742
2 5822
2 81042
4 21114
4 13708
2 75276
2 22398
4 53080
2 42724
4 97208
2 3948
4 89188
2 62086
4 99464
4 56992
2 93540
4 52740
2 96656
2 5902
4 28540
2 16810
4 42048
2 1862
2 1148
4 9540
2 89574
4 14876
4 64260
2 50014
4 9942
2 63832
2 15738
2 69800
4 59980
4 41476
4 26906
4 44138
4 20802
2 5832
4 21468
2 28212
2 11828
2 22342
2 42644
4 22500
4 1626
4 85772
4 52808
2 78116
4 37668
2 74830
2 32582
2 31120
2 7018
4 16064
4 83748
2 44720
2 56568
2 81024
2 57980
2 66886
4 34956
2 14910
4 79680
2 26548
2 69574
4 36020
4 54118
2 34538
4 96142
4 92382
2 58004
2 74948
2 69232
4 89910
4 74326
4 42388
2 45646
4 65532
4 20202
2 1916
4 43358
4 58254
2 33184
2 13068
2 82682
4 52854
2 2152
2 39134
4 57454
2 61474
2 3868
4 4550
2 26804
4 24136
2 18254
4 59882
4 1280
2 92730
2 25536
4 91386
4 32152
2 71710
4 99552
4 42482
2 11242
2 65470
4 87692
2 89570
4 29146
2 19124
2 17850
4 10320
2 17358
2 44988
4 10088
4 26716
2 78056
2 31646
2 48302
2 89222
2 32114
2 69592
2 21180
4 71646
2 77376
4 79362
4 64900
4 60162
2 43562
4 97218
2 72014
2 69692
4 27964
2 37026
4 25920
4 97402
4 77472
4 6256
2 81206
2 8208
2 9396
4 37096
4 78244
4 37172
2 50282
2 59794
4 18948
4 86706
4 84612
2 85518
4 89118
2 67266
2 18034
2 49782
2 1788
4 54890
4 12740
4 87364
4 95880
2 21638
4 95370
2 28252
2 65644
4 37988
4 33284
4 48856
4 78896
2 55872
4 32680
2 54368
4 88808
2 51074
2 71378
2 78474
4 33020
4 53238
2 96464
4 31098
2 83464
4 55516
4 79216
4 27260
4 21146
2 182
4 88514
4 40664
4 93042
2 13048
2 4424
4 42488
2 29992
4 26138
4 7966
4 14784
2 37206
4 27142
2 3420
2 34638
4 13084
4 58512
4 44390
4 56790
2 73130
2 65842
2 36878
4 44524
4 77562
2 32574
4 97284
2 34848
2 73374
4 77522
4 9268
2 6484
2 74960
2 42350
4 59592
4 64162
2 45246
2 48444
4 98966
2 19608
4 12520
4 25484
4 33520
2 61052
4 65802
2 30426
4 16136
4 36836
4 67036
4 58514
2 8250
4 64962
4 87356
2 68338
2 75274
4 26072
2 21124
4 73346
4 41740
4 30938
4 6016
4 8864
2 43936
4 51696
4 39420
4 4570
2 95936
4 33030
4 13958
4 14620
2 20034
2 42218
4 26396
4 46460
4 37104
4 70094
4 29042
4 61456
2 30986
2 46424
4 51664
2 6014
4 22340
4 4510
2 84376
4 38882
2 83470
2 83782
4 51960
4 64710
2 53266
2 49130
2 44922
2 5492
4 54104
4 28516
4 8758
2 60512
4 11834
4 81652
4 44658
2 4746
4 82696
4 42176
4 34676
4 52282
2 75050
2 81888
4 45336
2 50468
4 13580
2 53090
2 13574
2 71782
4 52170
2 68312
4 85962
2 58086
4 31778
2 89526
2 50018
2 45036
2 28244
4 71122
2 62408
2 55134
4 92724
2 64254
4 50754
2 85026
2 36020
4 56916
4 79880
4 1786
4 81466
4 33750
2 58478
2 36436
2 30464
2 56532
2 29086
2 21774
2 93280
2 82188
2 47760
4 36688
4 44470
4 89898
4 4156
4 9222
4 79348
2 80214
2 78972
2 6198
2 11042
2 86826
2 28818
4 55160
2 26780
2 90176
4 63326
2 14382
4 75540
2 48528
4 7684
4 41118
4 55328
4 55638
4 79638
2 82002
2 53028
2 46236
4 94044
4 24710
4 91492
4 29622
2 41548
2 82850
2 71562
4 46710
4 67034
4 712
4 99900
4 852
2 87426
4 31234
2 14220
2 84882
2 47988
2 54878
2 53454
4 80468
2 29756
4 78116
4 11766
4 6874
2 86068
2 99518
4 34464
4 53494
2 8984
4 53862
2 10408
4 76654
2 84086
2 45042
2 73490
2 21208
4 50856
2 83234
2 77770
4 62082
2 14066
4 10942
2 85032
2 974
4 66820
2 41082
4 54686
4 86496
4 45818
2 61178
2 50400
2 11250
2 87894
2 96892
4 46492
2 42270
4 46264
4 65712
4 42796
2 54788
4 19036
2 77546
2 65400
2 15558
2 62328
2 78426
4 82074
2 43664
4 77206
4 46662
4 93790
2 11494
4 79226
2 94028
2 28326
2 65724
2 11484
2 47262
2 94828
2 40136
4 37406
2 47024
2 3880
4 35104
2 90112
2 72348
2 73516
4 16660
2 27078
4 18566
4 88218
2 96916
2 89792
4 60664
4 41544
4 35572
2 76030
4 97934
2 44684
4 57286
2 53618
2 6480
2 74346
4 42654
2 17600
2 57098
2 19110
4 42668
2 85378
2 93500
4 99896
4 84820
4 33860
4 33286
4 85650
2 36150
2 26928
2 80386
4 47418
4 2334
4 87082
4 78654
2 67374
4 45026
2 856
2 72852
2 67158
2 58736
2 70090
4 17006
2 98408
2 25046
4 98816
2 7848
2 9138
2 71856
4 76496
2 61938
2 13708
4 49254
2 88788
4 53656
4 57882
2 47152
2 73190
2 42592
2 13822
4 22514
4 51918
2 67846
2 54762
2 77872
4 96728
2 4596
2 9152
4 76998
2 36184
2 80326
2 64960
4 91062
4 58914
4 38550
2 26410
4 31032
2 81548
2 21916
2 19204
2 21366
4 1252
4 46476
4 99020
4 67482
4 13620
4 50474
4 46932
2 34210
4 32952
2 95176
4 37216
2 98130
2 7110
2 41736
2 83140
2 96120
4 47548
2 26690
4 92680
4 81206
2 28992
2 15684
4 27176
2 27954
2 9280
4 68736
4 68666
2 49656
4 79878
2 83596
4 70206
2 11818
2 84912
4 6202
2 97794
4 57068
2 38892
4 92418
2 2468
4 95516
4 46802
2 98902
2 36600
4 43486
2 49968
2 95802
2 43768
2 66884
4 85140
2 50352
4 85244
2 6942
4 62030
4 61136
4 82272
4 96296
4 9372
4 57702
4 67728
4 41130
4 98804
2 1738
2 73522
2 80368
2 22328
4 27474
2 33196
2 13760
4 5676
4 75508
2 1782
2 77978
2 20422
2 60514
2 5352
4 87896
2 93230
4 24732
2 70452
4 90274
2 81840
2 66860
4 45194
4 48312
4 61612
4 71974
2 88986
4 86158
4 8942
2 63220
4 81122
4 96606
4 71926
4 78604
2 49792
4 81188
2 53214
4 6824
2 30140
2 7766
4 3868
4 44402
2 74234
2 78576
4 26096
2 41054
2 91126
4 53974
4 9174
4 28992
2 70434
4 74438
4 9258
2 43326
2 43592
2 5692
4 22516
4 54040
4 58726
2 50472
4 53244
4 52508
2 96800
2 98672
4 56836
4 66614
4 23996
4 15894
2 92604
4 91292
4 4872
2 82674
2 69954
2 54626
4 33168
2 74022
4 82518
4 5236
2 91030
2 642
4 7228
2 81116
2 15460
4 68592
2 2998
2 88870
2 93552
4 35942
2 11160
2 34132
2 96318
2 75254
2 61522
2 10148
4 54544
2 33710
4 42478
2 83696
4 71140
2 52542
2 37256
2 21374
4 22990
4 65780
2 25226
2 49362
2 47022
2 16286
4 96364
2 52072
2 15966
2 63610
4 95164
2 78562
4 19992
2 88296
2 30702
4 74804
4 3982
4 57750
2 85354
2 26318
4 90578
4 12316
4 16574
2 89450
4 31238
4 28846
2 27100
4 73262
4 39566
4 25096
4 86594
4 93794
4 4736
4 40926
4 32128
4 90102
2 61006
2 64856
4 87778
4 76532
4 1714
2 89160
2 35382
4 59250
2 19262
4 49836
2 74714
2 34134
4 52188
4 43126
2 13370
2 77516
4 73946
2 26050
4 69816
4 13880
2 43020
4 27694
2 24738
2 95388
2 58914
4 32230
4 73170
2 15168
2 63434
4 34088
4 29552
2 65650
4 64140
4 79968
2 52586
2 36608
2 9896
4 63586
2 84924
2 82284
2 56234
2 50694
4 62494
2 47476
2 29658
2 31540
4 81332
2 39890
4 27396
4 75264
2 47568
2 63448
4 7664
4 95692
2 9380
4 46612
4 82788
4 30846
4 32996
4 54868
4 44134
4 96986
4 5974
2 49356
4 22364
4 21888
2 95456
4 38232
4 12268
2 90942
2 75172
4 88804
2 86916
4 32422
2 32104
4 40642
2 49596
4 28254
2 56180
2 67284
4 34806
2 38486
2 57774
2 65674
2 97848
4 68356
2 80226
4 90758
4 44024
4 57986
2 45514
2 60666
2 96598
2 40354
4 64042
4 73450
2 89232
2 65196
4 56610
2 66456
2 70390
4 9354
2 54698
4 3636
2 66088
2 24588
2 74854
2 50650
4 3180
2 51812
2 2
4 54038
2 28536
2 63146
2 32326
4 39780
4 73490
2 77206
2 95670
4 73824
2 37546
2 83408
4 92706
4 76632
2 15908
4 94624
4 19214
2 44006
2 67428
2 96276
2 74494
2 42402
2 20572
2 1878
2 4896
2 94988
2 52626
4 94888
4 87530
4 48838
4 77462
2 66426
4 90718
4 12038
2 62598
2 2608
2 4556
4 1854
2 93650
4 62964
2 92812
2 18952
2 93786
2 40040
4 46118
4 71080
4 5032
4 61940
4 66808
2 14778
2 56030
4 45596
2 54420
2 36590
2 80376
4 75838
4 93144
2 29848
2 98298
2 5650
4 24220
4 30746
4 9890
4 6110
4 21604
4 89724
4 41096
2 27816
4 95110
2 50476
2 83612
4 15458
4 34518
2 46954
2 42576
2 55338
2 33612
2 90808
4 74664
2 70524
4 26674
2 76818
2 14374
4 91452
2 66012
4 156
4 60032
4 38974
4 44880
4 42274
4 61202
4 67702
2 59808
2 39030
2 25080
4 34674
2 67176
4 21256
4 42052
4 65516
2 29492
4 91296
4 29490
2 12386
4 65682
2 73796
2 45800
2 89366
4 83668
2 28304
2 1690
2 96584
4 66824
4 45992
2 920
2 57702
2 82566
4 47246
4 45072
4 99252
4 42246
2 16370
2 15354
4 5868
2 15770
2 616
4 5098
4 96516
4 32906
2 20486
2 44426
2 97314
2 75272
2 85468
2 39970
2 81384
4 14428
4 54582
4 82700
2 8070
2 85392
4 19636
4 71632
2 86450
4 53810
4 70548
2 1980
2 66912
2 92292
2 46452
4 32360
4 94278
4 12002
4 93008
4 42340
2 52112
4 16616
2 98486
2 85252
2 63664
4 53662
4 84260
4 13966
2 88324
4 78802
2 41108
4 77582
4 20678
4 6598
2 79566
4 6540
4 98856
4 38396
2 85088
4 2616
2 89212
2 52136
2 84144
2 46862
4 98532
2 4982
4 78122
2 878
2 82828
2 50484
4 69052
2 79562
4 72394
2 98830
4 40634
2 20238
2 74040
4 45368
4 40460
4 13252
2 96632
4 11966
4 94268
4 81320
4 16756
2 37230
2 65564
4 70178
2 13950
4 53296
2 28056
4 46850
2 98022
4 81328
2 89750
2 6314
2 96896
2 55322
4 76212
4 49660
2 6020
2 48828
4 59512
2 49718
2 60728
4 78596
4 11650
4 28444
4 38884
2 35854
4 17074
4 8954
4 3842
2 31132
2 63966
2 53602
4 35240
4 18418
2 46764
4 73630
2 8874
2 31734
4 52924
2 31800
2 63338
4 55392
2 73360
4 40130
4 39928
2 26508
2 13036
2 43666
4 8620
4 13196
2 75850
2 49790
2 72918
4 90400
2 26214
2 15610
2 90910
4 68702
2 91324
4 60852
4 9878
2 30836
4 92504
4 43458
4 63682
4 27462
2 55022
4 66410
4 3556
4 94462
4 6982
4 22664
4 51080
4 96498
2 70830
4 61700
4 67148
2 67298
4 96392
4 63568
4 77892
4 65656
2 31510
4 56250
2 40282
2 91224
4 47966
2 50758
4 42812
4 1394
2 80998
4 94970
2 23726
2 82938
4 24030
4 10258
2 47774
4 46520
2 56398
2 50576
4 97560
4 29842
2 8262
2 87746
4 12464
4 52816
2 41580
2 27856
2 52336
2 44906
4 22726
2 28670
4 42824
4 7146
2 83150
2 30424
2 80526
2 62704
4 30420
2 32100
4 24798
2 9078
2 37696
4 70332
4 27530
2 51228
4 25660
2 87836
2 30346
2 43682
2 73056
2 77766
2 2960
2 2316
4 59648
4 52766
4 24226
2 44520
2 31018
4 97754
2 56172
2 65530
2 89564
2 44112
2 56864
4 65132
4 17976
4 7750
4 80772
2 30324
2 64986
2 14246
4 29258
4 79896
2 34592
2 35964
4 2562
2 50518
4 24336
2 60020
2 44694
2 23132
4 29322
4 9458
2 31578
4 14194
2 94908
2 98998
2 50640
4 58138
2 16648
2 97200
2 86858
4 23162
4 57738
4 99730
2 68956
2 71506
2 35644
4 58104
2 3914
2 65132
2 78746
4 62296
4 10562
4 71820
4 52998
2 25722
2 44778
2 68696
4 86554
2 83692
4 61616
2 80132
2 75384
4 86388
4 67392
2 28778
2 93946
2 14628
2 3262
2 61712
2 36938
2 62858
2 55648
2 92204
2 11618
2 68494
4 9780
2 69518
2 73368
2 16820
2 4168
2 61536
4 79312
2 39362
2 7850
4 47838
4 46556
4 7138
4 41218
2 17684
4 37510
4 10148
2 76568
2 3516
4 71216
2 74430
4 72682
2 6530
2 68996
4 28542
2 51236
4 71690
2 51136
2 49604
4 82772
2 75760
4 43638
4 84154
2 260
2 63702
4 70884
2 69638
4 94330
2 68238
2 74650
2 82930
4 50448
2 69562
4 57890
4 76436
4 51820
4 47330
4 37488
4 14002
4 33078
2 5200
4 45222
2 54510
2 29054
4 28832
2 57432
2 42958
4 80014
2 78002
2 67236
2 6372
4 49026
4 59802
4 96316
2 75590
4 6630
2 30642
4 52462
4 86974
2 30060
2 62034
2 58420
2 82768
2 12742
4 80326
4 54642
4 49920
2 2764
2 77430
4 46374
4 90992
2 44246
2 5816
4 81214
4 24644
2 26052
4 97820
4 72368
4 18706
4 51388
4 3264
4 83670
4 14
2 47316
4 55022
2 33482
2 44730
4 31262
2 72686
4 37952
4 84802
4 57632
2 85788
2 21182
4 10386
2 60190
4 36176
4 57952
2 66408
4 59862
4 19780
2 50910
4 29946
2 84022
4 38072
2 97732
4 90474
4 69358
4 36752
2 3604
4 67080
2 81372
2 26550
2 57952
4 30114
2 78952
2 19816
4 79398
4 15580
2 91700
4 71278
2 53136
2 27172
4 1868
2 11046
4 60336
4 59470
2 49212
4 3654
4 46048
4 5340
2 28944
4 79524
2 10462
2 75992
4 56974
2 60056
2 33364
2 87280
4 21742
4 99208
2 34098
4 28636
4 33806
2 93834
4 17054
2 10660
4 65192
4 24382
4 8540
2 14650
2 23268
2 17706
4 50578
2 76624
2 60300
4 30036
2 64030
4 62274
2 72866
4 82246
2 77216
2 62464
4 61130
2 20446
4 83564
4 28956
2 98706
2 37042
4 76752
2 6680
2 85928
2 61212
4 61680
4 62740
2 70604
4 16266
4 39034
2 93966
2 38350
4 62518
4 81066
4 30640
2 27112
2 41058
2 7134
2 93852
2 78394
2 17196
2 19234
4 97516
4 57760
4 55480
2 38
4 18754
2 22760
4 61488
2 73656
4 43572
2 70586
4 33050
2 30882
2 85152
2 8114
4 82432
2 50048
2 92364
4 15322
2 30472
4 41318
2 47846
4 68892
4 60774
2 5334
4 2604
2 75356
4 83836
4 99226
4 63924
2 73060
4 66962
4 52134
4 7020
2 31720
2 77866
2 40038
2 51126
2 2368
2 28770
4 8904
4 33358
4 5294
2 54854
2 35040
4 45270
4 57284
4 44446
2 24130
4 18274
4 59732
4 36214
4 69662
4 47514
4 94
4 18742
4 14080
4 73384
2 18714
4 29440
2 48398
4 98084
2 92584
4 40694
2 47816
4 33388
4 25378
4 97628
2 25828
4 9958
4 84846
2 26760
2 3610
2 7374
2 5320
2 51144
4 19524
2 42454
4 71562
2 19564
4 79942
4 38876
4 59120
4 65492
2 2094
2 55458
2 75964
2 20090
4 59854
2 76462
4 89272
2 80760
2 73728
4 2972
4 93434
4 23132
4 1834
2 37464
4 5542
2 69668
4 35960
2 20286
2 67656
2 44504
4 69620
2 78184
2 30126
4 39934
2 30102
2 8838
4 7114
4 39572
2 14990
2 84014
4 11984
4 31640
2 23540
4 79056
2 14908
4 56620
4 78842
2 10064
4 67128
4 47830
2 98344
2 43334
2 11870
4 37366
4 1296
4 87540
4 96294
2 56956
2 28806
4 54628
4 12200
4 72398
4 15862
2 41336
2 88630
4 1570
2 62956
2 17354
2 50256
4 42698
4 58082
2 19426
4 55376
2 51934
4 74190
2 33378
4 6834
4 97168
4 5162
2 86512
4 73360
4 26608
2 63956
4 67354
4 67736
4 87962
4 28386
2 71090
2 18310
2 14278
4 51376
2 86486
4 31852
4 60540
4 86312
2 86132
2 40764
4 86844
2 23308
4 70312
2 36120
4 9552
2 81268
2 27812
2 27300
4 2974
4 11998
2 32528
2 90238
4 31396
4 17792
4 87016
2 32254
2 47200
4 19828
4 54726
4 8384
2 12674
4 76576
4 20992
2 26608
2 39350
4 25110
4 88256
4 28040
4 41840
4 87784
2 63938
4 74122
2 88498
2 76554
2 83702
2 74818
2 43472
2 54586
2 63322
2 38504
4 62932
4 80964
2 75154
2 34110
4 59356
4 9004
4 60292
2 91826
2 70638
4 86356
4 92468
2 60820
4 31574
4 27608
2 79374
4 77374
2 78976
4 22424
2 92782
4 72774
2 4020
2 27008
2 9022
2 86454
2 47236
4 77802
4 66324
4 22382
4 25386
2 78568
4 62474
4 22882
2 55016
4 21384
4 3740
4 72096
4 7700
2 46196
4 41682
4 1082
4 59008
4 70580
2 66820
4 53840
2 13498
4 44776
4 96214
2 83348
4 45928
2 35828
2 13540
4 26726
4 44412
4 56018
2 94810
2 68870
4 26254
4 52662
4 15564
2 47314
4 14754
4 17196
4 5772
4 65956
2 74864
2 60256
2 50440
2 94912
4 15568
2 29046
2 48460
4 92022
4 4632
2 82086
4 64482
4 69698
2 20716
4 75416
4 67416
2 18972
4 12446
2 37348
4 87878
4 54120
4 48372
4 63650
4 72494
2 56212
4 56994
4 35908
2 59210
4 37752
4 54166
4 5614
2 52606
4 14398
4 14952
2 40912
4 75228
4 16384
2 64082
4 49312
4 92646
4 55616
2 70010
2 74750
4 4642
2 49882
2 92162
4 94940
4 90376
2 53420
2 45060
4 80462
2 490
4 47850
2 46440
4 23220
2 80270
2 99890
2 51056
4 40156
4 16182
2 42844
2 84
2 90334
4 48942
4 50544
2 50226
4 1856
2 74496
2 51720
2 43220
2 40816
2 81722
2 57352
2 50360
4 7112
2 85958
4 43322
2 58582
4 20778
2 61334
2 37950
4 39828
2 60654
2 61906
2 13080
4 8606
2 16468
4 54562
2 28760
4 79512
2 40454
4 21196
4 13706
2 41632
2 24656
2 7890
4 92390
4 43522
2 25074
2 61580
2 58502
2 61144
4 88506
2 80202
2 9894
2 41342
4 69364
4 17136
4 99808
4 33636
2 4988
2 49106
2 6208
4 63018
2 30304
4 44770
2 90976
4 74198
2 7568
2 26414
4 65768
2 3990
2 15082
2 48426
4 20362
2 22994
2 27086
4 38662
2 56596
4 96726
4 56038
2 9058
4 50162
2 8192
2 86534
2 95012
4 70180
2 60764
4 87004
4 7518
2 61898
2 70448
4 20726
4 57110
4 71424
2 45858
2 43284
2 25378
4 56108
2 67054
2 61572
4 88040
2 51354
2 59720
2 99986
4 83062
2 44458
4 69922
2 18092
2 46722
2 63264
4 96358
2 31786
4 91432
2 5884
2 27560
2 46472
4 73328
2 47396
2 36452
2 69018
4 34316
4 47362
4 69178
4 95870
2 89046
2 87174
2 98316
2 28460
4 83798
4 36624
2 91116
4 13878
2 68744
2 99374
4 29776
2 48232
4 83032
2 78518
2 32788
4 256
4 66644
4 2578
4 15620
4 35890
4 7086
4 69144
4 33848
2 51266
2 42850
2 83716
2 24508
2 57302
4 17524
2 36802
4 95996
2 54794
4 19076
2 9426
4 85998
4 88382
4 48494
4 71496
4 70688
2 25700
2 71868
4 95024
4 47450
4 3782
2 5252
2 78490
2 71844
2 8392
4 70926
2 23756
2 17458
2 41376
4 59418
4 90896
4 90614
2 53134
2 56112
4 95718
2 65988
2 46028
2 16674
2 56882
2 12830
4 79154
2 65566
2 99754
2 77456
2 82820
2 38712
4 48446
4 22028
2 11722
2 81810
4 76276
4 7974
4 98090
2 54216
4 55168
4 36324
4 28196
2 22054
4 37532
2 13088
2 98788
4 67798
2 99048
2 13730
2 45652
2 65054
2 94760
4 98350
4 70584
2 6024
2 56820
4 2238
2 94336
4 45812
2 86592
2 42118
4 65194
4 69772
2 97332
2 67920
2 39622
2 49806
2 66192
2 37988
2 85002
2 49278
4 16074
2 90170
2 44040
2 59198
2 63632
2 81536
2 3386
2 38396
2 47020
4 62570
4 42776
4 96234
2 20162
2 86962
4 69124
2 72664
2 77210
2 68012
4 15546
4 13442
4 27402
2 98858
2 97206
2 18886
4 1622
4 13386
4 2342
2 14950
2 53586
2 11402
4 2508
2 65014
4 77128
4 44112
2 74122
2 53594
4 55772
2 99550
4 38612
2 77560
4 1146
2 25408
2 16144
4 7012
2 8856
2 42186
4 1610
2 49250
2 52308
2 95558
2 46136
2 1146
2 65326
4 93374
4 59670
4 66106
4 26448
2 89010
2 56836
2 97032
2 14350
4 92978
2 88436
4 20982
2 87286
2 40042
2 99900
2 49422
4 70424
4 75298
2 15574
4 11374
2 31342
2 68962
4 72988
2 50628
4 5760
2 12982
4 32812
2 11314
4 59922
4 26262
4 56316
4 85840
4 77768
2 71584
2 16340
2 97936
4 60722
2 59404
4 89230
4 90140
2 16224
2 2476
4 65962
4 68136
4 2314
2 91362
2 72932
2 58924
2 77548
2 34786
2 81678
2 20880
4 62362
2 10892
4 47776
4 79682
2 94
4 71290
4 11306
4 5320
4 66756
2 23534
2 70298
4 33446
2 53064
4 13162
4 48072
2 51794
4 71108
4 80650
4 82202
4 98992
2 94712
2 18272
4 30810
2 35758
4 25878
2 6618
4 61858
4 182
2 78060
2 70984
2 91480
4 86192
2 16946
2 55696
4 62070
4 34552
2 83848
4 53120
2 85444
2 43746
4 70058
2 54270
2 6894
2 24438
2 65478
4 54468
2 2032
4 4254
4 76488
4 99786
4 52352
4 51710
4 76548
2 91692
4 14212
2 38478
4 20974
4 53488
4 86856
4 95660
4 44760
4 49842
4 63888
4 31324
2 52120
4 35700
4 392
4 50386
2 9724
4 13396
2 49678
2 11280
2 25214
2 16642
2 23808
4 3762
2 78966
4 22798
4 42360
4 26402
2 66896
2 10240
2 13572
4 41704
2 3800
2 67856
2 17612
4 83316
4 44610
4 13598
2 25826
2 10576
4 6292
2 41328
4 24678
2 31848
2 59594
4 10740
4 45864
4 58902
2 81642
4 21396
2 44716
4 93182
4 99132
4 16866
2 37848
4 60034
4 39604
2 25540
2 14322
4 60276
4 31394
2 29628
4 86890
2 75566
2 93784
4 57734
2 7232
4 31556
2 96930
4 76540
2 10680
2 95554
2 74560
2 59308
4 6616
4 95990
2 99424
4 35782
4 54578
2 23342
2 60586
2 99700
4 6134
2 12748
2 56954
4 76836
2 49360
2 85348
4 34410
4 722
2 85938
2 37898
2 36038
2 56980
2 70234
2 28436
2 38076
2 13564
2 82424
4 9392
4 30462
4 70906
4 31638
4 70486
2 60124
2 90460
4 61722
2 16840
4 10558
4 54614
2 70240
4 31428
4 30206
2 60026
2 60228
4 79792
4 49138
4 53390
2 22980
2 68292
4 19930
2 70282
2 77760
4 25632
4 72666
4 79440
4 17198
2 29946
4 79178
2 45284
4 18110
4 94792
2 4570
2 49930
4 34172
4 86226
4 2634
4 2336
2 98568
2 97578
2 80666
2 46082
4 82578
4 74836
2 54028
4 23918
4 71184
2 99370
4 24758
4 29334
4 84144
2 90224
4 85802
2 71814
4 7436
2 80310
2 11360
2 43806
4 18732
2 91874
2 86550
4 76922
2 78330
4 56682
2 48954
2 70938
2 33610
2 31992
2 9798
4 89078
2 92806
2 9494
2 98224
2 81138
4 21734
4 45162
2 1318
2 89572
2 34072
2 37286
4 49286
2 38000
4 21600
4 3812
2 90014
2 88670
4 81082
4 79622
4 49370
4 84178
2 33516
4 41094
4 68832
4 94816
2 44996
2 90208
2 80482
4 880
4 31964
2 12636
2 13358
4 64440
4 26638
4 39214
4 97852
2 68740
2 15794
2 69632
4 25164
2 15904
2 79030
4 92512
2 42552
4 78200
2 34910
4 21848
4 37474
2 31924
2 62204
4 44028
2 32580
2 87732
4 60286
4 18016
4 89012
2 85922
4 19576
2 86948
2 57734
4 24184
4 23798
2 27938
2 77914
4 45562
2 98276
2 67062
4 34368
2 6362
4 84418
2 88768
4 4272
4 60036
2 1602
4 2630
2 11158
4 84462
4 54160
4 11174
4 31554
2 48984
2 35454
2 3864
2 91218
2 10150
4 84082
2 52370
4 76958
4 10728
2 92244
2 85350
4 24506
2 82066
2 94788
4 92996
4 94494
4 35856
4 13008
4 73260
2 91270
4 81014
2 39170
2 30522
4 16716
2 42100
4 89740
2 50762
4 21704
4 38190
4 31170
2 51774
2 26412
2 61324
2 53022
2 51060
4 5958
2 34076
4 7934
2 18936
4 206
4 63084
4 23440
4 57554
4 9082
4 5446
4 76828
2 18488
4 16166
2 5974
4 3474
4 9556
2 15092
4 6008
4 7634
4 88264
2 75470
2 44892
4 26010
4 15008
2 25292
4 47092
4 3232
2 75630
4 81508
4 96894
4 77488
2 23518
4 68632
2 79372
2 67490
2 62636
2 16254
2 92712
4 87008
4 5684
2 6192
2 38248
2 72228
2 244
2 45710
4 38454
4 21162
4 87800
4 92010
2 97912
4 31174
4 69842
4 98914
2 89058
2 86056
4 52262
2 25656
2 53348
4 97308
4 4758
4 89106
2 93248
4 87656
2 82292
4 87942
4 13250
2 63414
4 82480
2 7716
2 6772
2 72156
2 86410
2 71816
2 90078
4 55572
4 68550
2 9330
4 83552
4 71882
4 2528
4 76200
4 87688
4 90334
2 78398
4 28814
2 54226
4 96010
2 71444
2 14690
2 8524
4 91470
4 39072
2 63802
2 94174
4 19158
2 88270
4 31940
2 63758
4 76020
4 29096
4 9132
2 3526
4 87074
2 5174
2 72060
4 10144
4 68994
4 13264
2 69528
2 76870
2 68296
2 64574
2 86042
4 62880
2 51402
2 3408
2 64602
4 70070
4 72530
2 16716
4 5270
2 22424
2 1054
4 93420
2 7718
4 9754
2 59934
2 70946
4 26420
2 58766
2 35870
4 85472
2 61396
2 30024
4 67778
4 22862
4 35592
2 85258
4 34600
4 36552
4 63176
4 93714
2 32634
4 14278
4 39122
2 43764
2 25514
2 25962
4 86752
2 19472
2 96694
4 66860
2 8472
4 3032
4 59742
4 11980
2 94088
4 46344
2 81052
2 90094
4 54136
4 75902
4 33786
4 96186
4 40328
2 23048
2 25196
2 22388
2 63730
4 79300
2 98544
2 31376
2 88982
4 61180
2 95972
4 83958
2 234
2 15984
2 44012
2 34872
4 98938
2 82984
2 31192
4 90998
2 1634
2 29634
2 29856
2 9474
4 96128
4 75410
4 41400
4 68130
2 76270
4 41406
2 19022
4 27162
2 6656
4 59360
2 14634
2 11218
2 36126
4 95196
4 13190
4 53046
4 19632
4 74692
2 26086
4 66098
2 59836
4 32414
2 99768
2 70980
4 89056
4 16392
4 31584
2 70326
2 46064
4 61490
2 2172
2 420
4 37676
4 36470
4 90630
2 55088
4 63848
4 74862
2 4792
2 37858
2 99856
4 59246
4 63656
4 28150
4 47650
2 6186
4 70876
2 2278
4 98160
2 72676
2 67224
4 39446
2 4140
2 39532
4 24002
2 84622
4 20938
4 11076
4 37638
2 25630
4 18376
2 3818
4 24358
4 3836
4 57648
2 80294
2 45382
2 47498
2 82790
2 42304
4 63252
4 13752
4 18360
4 13698
4 9362
4 16476
2 17582
4 65302
2 92698
4 66670
4 54334
4 97358
4 20452
2 95294
4 98942
4 52534
4 96774
2 14162
2 26528
4 69488
2 71598
2 25670
4 60076
2 91210
4 31724
4 82962
4 68558
2 23994
4 35026
2 96066
2 66214
2 73352
2 15740
2 53848
2 56754
2 42982
4 12190
4 42218
4 69876
2 46052
2 23230
4 21264
4 82874
4 57920
4 66488
4 98850
2 98342
2 40350
2 48296
2 26500
4 97198
2 70208
2 58034
2 26852
2 9402
4 91570
2 27280
4 6360
4 1558
4 24632
4 92782
2 15196
2 85556
2 83358
2 28192
2 37470
4 74778
2 69806
4 696
2 50040
2 39026
4 92424
2 77530
2 51408
2 39268
2 46068
4 8450
4 98054
2 64334
2 13992
2 92910
2 55854
2 32434
4 82094
4 99708
2 28184
4 86024
4 72434
2 79228
4 33292
4 29136
2 65860
4 37582
2 68872
4 6656
4 26408
4 8128
4 6266
2 39328
4 81894
2 8516
4 35482
4 28146
2 17672
2 94458
2 59762
4 81502
4 30040
4 83432
4 14826
4 62364
4 8554
2 27824
2 37386
4 4856
2 45668
4 64374
2 43672
2 29550
2 85104
2 73306
4 59850
4 92644
4 61844
2 95832
4 48348
4 92090
2 35544
4 23266
2 57700
4 87612
4 97002
2 62978
4 11860
4 29728
2 1844
4 70962
4 6448
2 21510
4 29734
4 18682
2 74814
4 2298
2 57544
4 63864
2 10178
4 10904
2 37920
4 19200
4 91656
2 8254
2 60972
2 45868
2 67678
4 26730
2 12278
2 68290
4 92662
2 65788
4 81026
4 14536
4 2712
4 99130
4 4966
4 67260
2 89084
4 79282
4 73834
2 34174
4 69006
4 46796
2 12036
2 3962
4 2370
2 38488
4 67178
4 64312
2 52798
4 6462
4 96642
2 86268
2 35982
4 9910
2 46874
4 28200
2 86098
4 61060
4 42772
4 87188
4 40912
4 7062
2 54294
4 89528
2 68562
4 75700
4 90002
2 20340
4 33216
4 86270
4 61258
2 70518
4 75534
2 68700
4 98502
4 57676
4 96594
4 64668
4 7426
2 59024
2 59678
4 54540
4 62112
4 79268
2 37582
2 94278
4 45460
2 64468
2 42514
4 31006
2 31352
4 52060
2 9544
2 57566
2 5496
4 88872
4 17286
4 87354
2 70360
4 91948
2 30954
2 70510
4 48068
2 28090
2 65994
4 43734
4 68966
4 75588
4 12560
4 35392
2 97756
4 17026
2 35634
4 39464
2 87698
4 85956
4 90554
2 82912
4 24356
4 78270
2 47842
2 97668
4 51662
2 89556
4 63800
2 95804
2 21480
2 67650
4 85622
2 8092
2 54800
2 73016
2 40146
4 4240
2 452
2 57048
2 8968
2 81242
2 4708
2 71800
4 89026
2 95658
4 41794
4 1580
2 72522
4 48128
4 9228
4 202
2 14692
4 87334
2 74702
2 37258
4 58188
4 95884
2 70320
2 99182
2 93850
4 17580
4 49676
4 62320
4 35680
2 18016
2 81706
2 95376
4 30480
4 94372
2 84222
4 94788
2 8724
2 40016
4 11304
4 14976
4 33336
4 4538
4 41512
4 20470
4 40966
4 47700
2 1212
2 61540
4 99218
4 9018
4 8664
2 2690
4 42228
2 59694
2 66190
2 51922
4 40588
4 41600
4 69088
2 34514
4 58318
2 17940
4 87138
4 10992
2 68136
2 10306
2 51086
2 45728
2 73916
2 46856
4 6526
4 46300
4 38960
4 86908
2 91772
2 27988
4 1106
2 22626
4 87054
4 17108
2 87504
4 52184
2 80322
2 16464
4 42474
2 19800
4 79378
4 57728
4 7442
2 59358
4 72542
2 11854
2 31492
4 19916
4 67422
2 28042
4 1804
4 17398
4 97066
4 30868
4 1598
2 79866
2 51002
2 72004
4 28442
2 43004
4 60148
2 52338
4 74226
4 52092
2 57766
4 42572
2 36730
2 17496
2 10106
4 26042
4 10046
2 8902
2 55468
4 32068
4 37536
2 83778
4 78470
4 53754
2 99710
4 43538
4 69132
4 52678
4 32664
2 14286
4 74374
4 52784
4 92546
2 33902
2 81194
4 88674
4 26988
2 23606
4 61078
2 26254
4 58842
2 92322
2 69764
2 97742
2 90600
2 82062
4 24978
2 70722
4 89572
2 16310
2 63174
4 33098
2 30374
2 52
4 78778
2 57286
4 60066
4 38156
2 52074
4 98838
4 49170
4 35490
4 6758
2 17182
2 80080
4 49500
2 41606
2 45852
4 22378
2 39584
2 82358
4 11200
4 72700
2 82022
4 39400
4 6974
4 11864
2 30226
2 72794
4 3484
4 80596
4 31566
4 19092
4 61974
4 26248
2 35624
2 5426
4 73436
2 50092
2 55094
4 78950
4 99524
2 25072
2 59232
2 5072
4 24836
2 32670
4 63278
2 13024
4 90436
4 9066
4 6124
4 85904
2 89402
2 68614
2 82714
2 18528
4 45528
4 56396
2 82644
4 79504
2 60474
4 14750
4 45532
2 56702
4 43820
2 79738
4 37658
2 14790
4 34428
4 39040
2 78238
4 34620
4 53984
4 19240
2 77080
4 67522
2 19604
4 25342
2 87028
2 79336
2 87466
4 12556
4 7846
2 92484
4 72858
4 14642
4 1190
2 66976
4 16062
2 95416
4 16610
2 76348
4 25786
2 26794
2 9130
2 98588
4 7136
2 7510
2 60340
4 46438
4 88984
2 85280
2 95084
4 81382
2 98760
4 36532
4 32968
4 85460
2 77800
4 33572
4 99248
4 60424
2 80494
2 58840
4 75826
2 67288
2 70602
2 98150
2 2622
2 65422
4 50574
2 53820
4 15498
2 60028
4 31550
2 7840
2 50798
4 29414
2 14846
2 23472
4 9432
4 79838
2 35344
2 76484
2 26596
2 60150
2 28058
4 22196
2 36656
4 43868
4 37566
4 32396
2 93942
2 34024
2 49566
4 9256
4 40622
4 11368
4 79160
2 50780
2 75140
4 12916
2 53220
2 58904
2 65922
2 34686
4 46944
2 24074
4 24024
4 67056
4 69900
2 99826
4 36834
4 51922
4 13298
2 2298
4 51564
2 64872
4 25992
4 17540
2 29984
4 70822
2 12294
2 43098
2 23646
2 79848
4 12052
4 38656
2 87302
2 8168
4 45764
4 67954
4 46648
4 58956
4 20754
2 67068
4 93544
4 19714
4 11184
4 83522
2 39982
2 46520
2 92790
2 30988
2 49444
4 59714
4 56850
4 36434
2 38498
4 85330
4 36586
2 58250
4 51284
4 81422
4 96688
2 54922
4 69250
2 84572
4 25198
2 42638
2 62800
4 62032
2 82880
4 71442
4 83228
4 40006
4 55390
2 43352
2 88832
4 32828
4 4712
4 97828
4 75412
4 55632
2 2156
4 58290
2 80808
2 4830
2 51814
4 19456
2 16880
4 67164
2 98164
2 55902
2 14886
4 96058
4 83078
4 34016
2 1370
4 79910
2 37194
4 49366
2 69854
2 55566
4 60858
4 9606
2 64416
4 92676
2 84762
2 55116
2 71208
2 38114
4 37888
2 34196
2 35246
2 97988
4 70170
4 64592
2 79824
4 22984
2 98910
2 43524
4 82002
4 88396
2 62258
2 46590
2 95646
4 32150
2 69050
2 86506
2 44080
2 82410
2 20394
4 48886
4 4988
2 63484
2 64612
2 77790
2 83314
4 76490
4 59436
2 13916
4 33052
4 36830
2 30352
4 3692
2 16174
2 80710
4 69724
2 45520
4 11172
4 68354
4 68828
4 99334
4 86244
2 92152
4 95736
4 78408
2 13542
4 63930
4 53868
2 26364
2 12820
4 24556
2 61378
2 92944
2 2036
2 6054
4 28118
2 55866
4 69184
2 57530
4 14530
2 50254
2 42720
2 84712
4 86622
2 83460
2 1716
4 97076
4 47734
2 80718
2 20248
4 70836
4 92792
4 51536
2 21100
4 87500
2 94706
2 95736
4 38670
2 53512
2 52870
4 50334
2 62334
2 88896
4 62998
4 23116
4 34030
2 89308
4 2716
2 62424
4 56930
2 90650
2 70382
2 21846
4 67366
4 72166
2 50924
2 25876
2 31014
2 52276
2 27828
4 91576
4 69428
2 38886
4 29032
4 53028
2 98838
2 70880
4 80866
2 27272
2 25634
2 5936
4 30916
4 96852
4 14012
2 35730
2 40570
4 55216
4 30754
4 5650
2 59730
2 18630
2 21290
2 28070
4 70730
2 35792
4 83636
2 72916
4 26734
2 46374
2 83146
2 79370
4 90958
2 69550
4 60570
2 64620
2 98382
2 61224
2 6420
2 89198
2 98132
2 35028
4 94568
4 9370
4 17392
4 42178
2 40274
2 64106
4 73278
2 32032
2 97384
4 81828
4 70118
2 8326
4 94842
4 45516
4 59680
2 18668
4 18924
2 49116
2 48982
2 53162
4 55494
4 27802
4 79592
4 7164
4 8008
2 47638
2 86714
4 74704
2 35420
2 3474
2 15622
4 27624
2 41648
2 90972
2 53764
4 22918
2 3016
4 69776
4 28434
2 15318
2 59456
2 83930
4 26902
2 36708
4 53318
2 91974
2 64044
2 27128
2 4030
4 88732
4 27038
4 93210
4 66406
2 4996
2 64348
2 28248
4 89618
2 25864
2 38810
4 14708
2 24726
4 2850
4 16514
2 53952
4 51716
4 21376
4 5832
4 72054
4 58358
2 62142
2 64340
4 56154
2 5566
4 69658
4 26416
2 54996
4 70216
4 17660
4 25266
2 84820
2 688
4 85312
4 25148
4 95394
4 72000
4 94934
4 12080
4 37328
4 24574
2 81886
2 93452
4 41284
4 48808
2 13710
4 99686
2 97550
2 23610
2 9146
4 98330
4 1210
4 57474
2 51016
4 492
2 63886
4 30200
4 59494
4 97332
4 18118
4 16802
2 56192
4 95522
4 9498
4 98592
4 10898
4 61746
2 75176
4 67290
2 15928
4 75856
4 72476
4 10542
2 4408
2 53608
2 39820
4 19672
2 3952
2 93590
2 76324
4 42390
4 7528
4 77984
4 42054
4 14576
2 33672
2 81466
2 86500
2 27886
2 67908
4 48670
4 26240
2 53520
4 18998
4 77844
2 54104
2 82348
2 74816
2 20656
4 620
4 58772
4 99306
2 89492
2 36128
2 59862
2 75940
4 86588
4 92344
4 74018
4 79632
2 37702
2 7188
2 59082
2 95856
4 79700
2 19996
4 99784
2 81142
2 98612
4 84422
4 58906
2 22348
4 54200
2 66
2 47204
4 13332
4 38220
4 62480
2 58080
2 12232
2 50372
4 95142
4 78594
4 76112
2 47542
4 18798
2 17342
4 47444
2 20926
2 2428
2 69024
4 34050
4 80144
2 98096
4 99884
4 16008
2 47746
2 78340
2 41408
4 5872
2 99898
2 44096
4 15250
4 18500
2 66800
4 10816
2 74158
4 99760
2 46968
2 99106
2 33098
4 40846
2 60604
2 63600
4 55264
4 62444
2 66238
4 59652
2 86616
4 88766
2 47116
4 46678
2 34950
2 94004
4 79516
4 18166
2 53448
2 64714
2 66594
2 18734
2 31960
4 27216
2 61650
2 64824
2 95074
4 57292
4 34898
2 24462
4 1332
4 73236
4 49748
2 32860
4 19832
2 7972
4 24018
2 10896
4 89726
2 42646
4 31900
2 34770
4 79144
4 16374
2 90036
4 67424
4 23374
2 77960
4 12356
2 91758
4 55052
4 66702
4 7038
2 45990
2 27866
2 93656
2 10378
2 45130
2 65070
4 94742
4 70410
2 9528
2 72208
4 28286
4 65388
4 79940
2 81916
4 60798
2 72354
4 57758
2 30858
4 32666
4 49858
4 84840
4 2026
4 83894
4 33784
2 60402
4 83662
2 54982
2 25874
2 59918
4 32250
2 36902
2 96820
4 21408
4 55726
4 98404
4 16606
4 23312
4 68324
2 85394
2 65328
4 81682
4 72180
2 57230
4 20344
2 12634
2 74438
2 80112
4 41228
2 1174
4 73218
2 71410
4 23456
4 92448
4 39766
2 83936
4 85928
2 91380
2 29048
4 16126
4 99278
2 48186
4 84702
2 75368
4 40458
2 2554
2 56476
2 25960
4 21908
4 9500
4 8196
4 83226
4 64142
2 62268
2 57000
2 38362
4 95782
2 70178
4 42588
4 80988
4 86522
4 64774
4 80110
4 88902
2 52632
2 282
4 87924
2 33648
2 92394
2 77658
2 64018
2 8220
4 75874
4 41968
4 58934
2 50444
4 32312
2 62002
2 32592
4 96338
4 66660
4 93518
4 22670
2 60894
2 63878
2 93424
4 65512
2 68078
2 15056
2 77640
2 61950
2 31372
2 93766
4 46746
4 86858
2 56490
2 21242
4 7696
4 69376
4 98242
4 54330
2 46084
2 34456
2 3926
4 37902
4 54556
4 63884
2 39312
2 58554
4 94212
2 64948
2 59112
4 93080
2 46278
4 26184
2 29230
2 46536
2 1052
4 3272
2 5576
2 97458
4 59668
2 17326
4 15634
4 3822
2 6374
2 25122
4 61128
2 90952
2 59806
2 48938
2 71812
2 80982
4 3178
4 99770
2 88170
4 19884
2 58678
4 70412
4 90604
2 9438
4 36852
2 58854
4 86332
4 87360
2 20684
4 33006
4 67264
4 43892
4 61794
4 81324
4 27962
4 9416
2 19220
2 49456
4 2852
2 18598
4 3154
2 8014
4 16130
2 83420
2 30130
2 20096
4 84110
4 34960
2 22770
4 44602
2 67274
4 28958
2 47880
4 45250
4 75472
2 36058
4 85486
4 94822
2 92126
4 17150
2 41368
2 92504
2 24614
2 75550
2 13362
4 8160
2 92646
2 96264
4 83224
2 86922
4 75844
4 49342
4 64628
4 50814
2 40576
2 51712
4 31656
2 10402
4 71366
2 27712
4 89066
2 99714
2 53180
2 38064
2 88452
2 63834
4 54928
2 59728
4 4964
4 54884
2 99108
2 14476
2 47412
4 47248
4 11494
4 78672
4 56400
2 77660
2 83766
4 38570
2 72424
4 93606
2 10446
4 88538
2 93938
2 76412
2 61658
2 67256
2 70036
4 55526
4 30508
4 27752
2 18306
2 83426
2 6578
2 78240
2 86720
4 18942
4 38338
2 66030
2 32438
4 34454
2 6868
2 93020
2 28030
4 70078
4 66592
2 7604
2 69968
2 20444
4 19566
4 65580
4 6422
4 55768
2 42082
4 45366
4 29396
2 57570
2 82254
2 26240
4 27304
4 79810
4 43614
4 73678
4 60302
2 58700
2 12108
4 95882
4 9584
4 75214
2 50546
2 19490
2 22554
4 70406
2 29942
2 5100
4 31364
4 52116
2 74898
2 36758
2 19666
2 93480
4 58386
2 8072
2 53314
2 46848
2 97572
4 54294
4 22698
4 48150
4 21266
2 35292
4 51992
2 70346
4 69072
2 95950
2 89490
2 60250
4 78660
2 11106
2 19010
2 19408
2 76752
2 10154
2 240
2 6692
2 22308
2 95260
4 2156
4 3132
4 66424
4 60780
2 9714
2 87848
2 34678
4 720
4 14496
2 98252
4 56466
2 97664
4 67486
2 21930
4 94586
4 2406
2 40106
2 69106
2 3622
2 42066
4 68080
2 82142
2 53062
4 95322
2 54948
4 19980
2 22882
4 2076
2 72058
4 24590
2 8522
2 47682
2 70172
4 77166
4 29932
2 84212
4 2382
2 88058
2 84322
4 3548
4 59928
2 92892
4 69868
4 1782
2 95678
2 90992
2 49110
2 52740
4 24728
2 30340
2 1176
2 34566
4 61976
4 78832
4 88992
2 45348
2 60180
4 80534
2 47488
2 64654
2 3532
2 29380
2 97306
4 120
2 80860
4 49096
2 61674
4 47226
4 62426
2 34204
2 51950
2 78720
4 67186
2 73628
2 44882
2 71476
2 1488
4 71284
4 43030
4 30392
4 91212
2 17306
4 92936
4 86798
2 65492
4 58216
2 75018
4 78334
2 46914
2 28034
4 15632
2 33948
4 60038
4 14154
2 91156
2 59644
4 22778
2 8340
4 24266
4 52078
4 57574
4 3392
4 41110
2 90156
4 2586
2 8690
2 34758
4 72792
4 10212
2 81276
4 3036
4 55790
2 20952
2 87626
4 49876
2 51372
4 24350
2 56986
2 15582
4 71522
2 67370
2 62764
2 18746
2 498
2 35892
2 27830
4 58062
2 48474
2 23784
2 77634
2 39046
2 69590
2 46728
2 94122
4 40020
4 74086
2 17950
2 48084
4 21284
2 26136
4 95066
2 4044
4 20352
4 36884
4 94890
4 51492
4 1048
2 11990
2 89866
2 21912
4 16782
2 57828
4 76718
2 47194
2 40380
4 76886
2 99998
4 59640
4 10094
4 9516
4 34752
2 99752
4 20996
2 31816
4 93594
4 65402
4 22008
4 5678
4 6312
4 3164
2 45726
4 75800
4 56604
2 47784
2 58098
4 35858
2 70506
4 5538
2 23248
4 69450
4 61958
2 89056
2 88000
4 33954
2 25162
4 76608
4 9308
4 56184
4 804
2 29252
4 27352
2 48846
2 55128
4 50342
4 3456
4 97250
4 29632
4 37682
4 19624
4 85374
4 95594
4 29796
2 21538
2 81824
2 45662
4 70418
2 76256
4 34224
4 38756
2 9996
4 60606
2 35310
4 70516
4 66852
2 37742
2 85552
4 44270
2 76564
4 38852
4 78024
4 15114
2 29296
2 45136
4 28842
2 56770
2 19194
4 85424
2 7130
4 21752
4 58788
4 51290
4 5810
4 79866
2 70126
2 60750
4 8078
2 85588
4 11744
4 89716
4 55784
2 92744
2 89886
2 90930
4 21728
4 92640
4 57698
2 53146
2 86526
4 56216
4 4974
2 71052
4 6954
4 65496
2 97536
4 16300
4 92776
2 8264
2 11110
4 70974
4 19952
2 26694
4 91866
2 19418
2 41056
2 88842
4 14762
4 33730
4 58598
4 69040
4 32106
2 10428
4 45656
4 96858
4 97654
4 61450
2 81836
2 16000
4 17502
4 7704
4 24614
2 29108
4 26342
2 26982
4 29536
4 47196
2 29450
2 7584
2 23906
4 1112
2 48682
4 45138
2 39736
4 40444
4 19198
2 12500
2 17286
4 69536
2 63488
4 53982
4 48642
4 94310
4 51854
2 85864
2 99776
2 30928
4 63040
4 20872
2 71094
2 6598
2 64406
2 87906
4 11690
4 66806
2 58492
4 71766
2 43418
4 32234
4 92444
4 99238
4 2544
4 72744
2 11342
2 56878
2 92802
2 40212
2 48722
4 31680
4 14712
4 39568
4 87892
4 92486
4 55532
2 11560
2 25460
4 93308
2 99146
4 70296
4 61046
4 47644
2 14622
2 3324
2 8308
4 30270
4 82360
4 93234
4 16652
4 6760
4 39184
2 6514
4 20960
4 57958
2 20272
4 48546
2 73288
2 78000
4 95018
4 36226
2 57086
2 73102
2 24380
4 68238
2 15388
2 13142
4 62876
2 99530
4 88430
4 80320
4 8418
4 32770
4 70674
2 58028
4 94050
2 33912
2 4542
4 81162
4 37158
4 37364
4 31058
2 11424
4 8576
2 53356
2 1740
2 97336
4 65912
2 53790
4 63526
4 82900
4 72954
4 44306
2 77088
4 31506
4 24898
2 98246
4 98740
4 1658
2 53724
4 39314
4 44948
4 4832
2 92720
4 96960
2 11382
4 26194
2 33008
2 92890
4 21052
2 27996
2 37772
4 97396
2 8442
4 83002
2 11788
4 28016
4 62550
4 44150
2 89278
4 8524
2 76488
4 23750
2 12854
4 47488
2 24464
4 21890
4 7876
2 63278
2 97774
4 21804
4 30962
4 79198
2 27610
4 58008
4 65198
2 72570
2 53296
2 14806
4 83466
2 62560
4 91258
2 34930
4 54608
4 3586
2 20870
4 30542
2 61534
2 9126
2 22780
4 60782
2 94160
2 37832
2 96440
4 64170
4 77508
4 22988
4 81296
4 30796
4 91148
2 83594
2 49808
2 35890
4 1608
4 56648
2 98094
4 25408
2 15294
2 76158
4 22940
4 18448
2 56200
2 75198
4 93100
4 47148
4 10120
2 22372
4 87488
4 35394
4 86596
4 33816
4 67658
4 524
4 8598
2 54088
4 3196
2 63384
2 41730
2 1044
2 10972
4 80460
2 30502
4 39600
4 73106
2 86978
2 36214
2 74950
2 64212
4 4696
4 70562
4 94796
4 31886
2 21650
4 27362
2 52902
4 37470
4 68524
2 39002
2 63418
2 50662
2 18294
2 94370
2 4028
2 95796
4 85114
2 96494
2 28406
2 26264
4 20404
2 46260
4 44746
2 41514
2 91948
2 56680
4 50178
4 69324
2 64438
4 58344
4 48676
2 44236
2 66694
2 99102
2 47522
4 72848
4 78638
4 15638
2 43734
2 37486
4 15800
4 75548
4 29392
2 27926
4 29990
4 85360
4 36664
2 28390
2 21816
2 34708
4 56870
4 53770
4 22472
2 47002
2 31528
4 36034
2 8760
2 47466
2 96772
2 47644
4 37018
4 38666
2 24494
4 83208
2 62302
4 72754
4 28414
4 80182
4 86032
4 72686
4 2056
4 11982
2 25718
2 75744
2 50620
2 19802
4 63840
4 11946
2 44002
4 97538
4 45022
4 81478
4 1216
2 38558
4 53062
2 32134
2 25654
4 86058
4 77496
2 8928
4 34728
4 41414
2 47358
4 87286
4 53186
4 95298
4 52364
4 42348
4 49098
2 68676
2 98562
4 85950
4 67134
2 41698
2 56678
2 2324
2 70416
4 36970
4 63922
4 34264
4 94502
2 26912
2 37072
4 26424
2 97930
2 8300
4 82294
2 33242
4 582
4 81918
4 81490
2 37354
4 47140
2 16060
2 93080
4 43482
2 28702
4 57620
2 15754
4 8630
2 96710
4 83190
4 71776
4 40142
4 20186
4 4838
4 36504
4 29156
4 61576
4 25800
4 72826
2 32918
4 92334
4 57488
2 13906
2 60822
2 50140
2 4398
2 2312
2 70800
4 64938
4 17622
2 4132
4 37054
4 24910
2 79906
2 95688
2 11102
4 32874
4 20980
4 998
4 40800
4 56116
4 35940
2 26932
4 64894
4 20000
2 53968
2 95946
2 25068
2 19960
2 61274
2 16330
2 46686
4 776
4 4728
2 40976
4 55514
2 71614
4 90194
4 59662
4 17354
2 66148
4 15084
2 21612
4 42582
4 70440
2 91876
4 84376
4 53886
4 87058
2 81450
4 77242
4 64816
4 74526
2 48178
4 18664
2 90290
2 24882
4 71532
2 93160
4 28366
2 16164
2 26128
2 83544
2 31946
4 24360
2 30930
2 19708
2 20334
4 64098
2 93122
4 4874
4 51994
4 86386
2 97702
2 92800
4 78728
4 46138
4 37922
2 23700
4 71066
2 17542
2 4300
4 26992
4 78458
2 51288
2 35088
4 91340
2 97364
4 95288
4 56880
4 38064
2 8074
2 84318
2 6532
2 12750
4 76876
2 64312
2 22594
4 87028
2 84068
2 1328
2 59016
4 54072
2 2028
2 73814
2 53450
4 5378
4 80826
2 67000
2 27254
2 57984
4 7458
4 2948
2 66218
2 79510
4 50114
2 4774
4 47666
2 65882
4 23212
4 72840
2 12432
4 81144
4 80358
4 94660
2 56908
4 40462
4 41204
4 90312
4 98890
4 82928
4 43778
2 65110
2 65712
2 99680
2 81874
4 82810
4 28756
2 96
2 47086
2 3010
4 20818
2 79446
2 21770
4 4958
4 82152
4 74094
2 60440
2 83784
2 98260
2 28900
4 85064
4 80176
4 69588
4 9394
4 54766
4 87850
4 12010
2 70768
2 74396
2 56632
2 41034
2 76004
2 97692
4 33594
2 25932
4 49334
4 48786
2 65914
2 88848
2 28822
4 82120
2 3998
2 70774
2 34820
4 57044
4 85412
2 25542
4 49264
4 2020
4 27284
2 54474
2 15962
2 63918
4 48594
2 25894
4 87894
4 87556
2 59992
4 22036
4 27500
4 49200
2 73878
4 27846
4 72460
4 9870
2 40750
2 58282
2 73822
4 27370
2 7326
4 81290
4 20312
2 60674
4 88280
4 20902
2 28656
2 52702
2 30572
4 60582
2 898
4 35666
4 8558
4 56736
2 10040
2 82052
4 98036
2 38908
4 27574
2 38442
4 8784
2 5726
2 47546
4 93324
4 56324
2 25896
2 71608
2 45104
4 13282
4 37408
2 91958
4 94124
2 57870
4 88936
2 56054
2 27718
2 84696
4 61494
2 21524
2 60912
2 16386
4 4256
2 81648
4 93178
2 31770
4 69742
4 64014
2 93306
2 27340
2 25456
4 56430
2 61028
4 21662
2 45166
4 40808
4 75688
2 14728
2 4404
4 66514
2 12898
2 41746
2 83468
4 53024
4 52150
4 44756
2 83708
2 56126
2 23826
4 34018
2 14440
4 6494
2 40124
4 22816
4 20932
4 26242
4 44688
4 69260
4 60976
4 72004
4 34760
2 85018
4 13928
4 48888
4 8248
4 92442
4 31772
2 18650
4 47446
4 42714
2 17854
2 25482
2 65896
2 68848
2 84996
4 48810
2 43410
2 32458
4 21958
2 84688
4 26050
4 96758
2 67724
4 24188
2 60348
4 99484
4 72178
2 2738
4 88158
4 91690
4 62698
2 94176
4 66550
2 83410
2 8486
2 27474
2 15596
4 75426
2 52684
4 47168
2 56028
4 47654
2 88026
4 33694
4 26034
4 80232
2 61820
4 40414
2 63222
2 30718
2 65800
2 58450
2 35026
2 67972
2 59206
4 32848
2 17554
2 57942
2 16806
2 19188
4 32602
4 28874
2 59022
4 32516
4 98698
4 3406
4 9518
2 67914
4 96080
4 22688
4 20928
2 8714
2 83774
2 95846
2 20648
4 80130
2 45798
2 64918
2 79178
4 37428
2 7352
4 50778
4 1098
2 77796
2 27000
2 67452
4 74900
4 52204
4 83370
2 11176
4 75864
2 90786
2 56000
4 77568
4 17842
4 17946
4 94830
4 66618
4 69836
4 41104
4 72174
2 92228
4 1268
4 51736
4 10390
4 65446
2 66330
4 63648
2 81700
4 73438
4 14678
4 91488
4 49980
4 38206
2 49240
2 6114
2 3220
4 43684
2 70936
2 2928
2 10502
2 32202
2 46474
2 54592
2 70914
2 34056
2 28740
4 30580
4 59918
4 66952
2 32932
2 80086
4 50564
4 87752
4 36294
2 7410
4 94528
2 34598
4 79352
4 68352
4 42778
4 31104
4 66442
2 41530
2 67540
2 10314
2 38186
2 22062
2 43844
4 98390
2 91252
2 10252
2 43990
4 11620
4 77300
2 79694
2 19486
4 31516
2 53160
4 54762
2 30320
4 4140
2 30596
2 81780
4 62806
2 26702
2 21762
4 54618
4 79842
4 92728
4 39006
2 3650
4 1054
4 38372
4 18600
2 88194
4 90062
4 37816
2 8482
2 66974
2 66364
2 18128
2 48540
4 87080
4 88976
2 64232
4 81240
2 27904
4 74800
4 55700
4 73650
2 70816
4 27132
2 90364
2 43230
4 71152
2 32170
4 73150
2 3816
2 71580
4 49320
4 10180
4 35460
2 76194
4 83998
4 63512
2 54004
2 69728
4 14994
2 89174
4 86468
2 44770
2 36302
4 99374
2 89994
4 47298
4 98958
4 62356
2 13132
2 25386
2 28904
2 19804
2 14092
2 65018
2 93158
2 74092
2 83448
2 93778
2 73500
2 57058
2 85360
2 65986
2 6622
4 86170
4 86068
2 18390
4 1708
4 91392
4 94446
4 20666
4 62618
2 40520
2 36834
2 68514
4 24458
4 79914
2 74140
2 56634
2 87262
4 41630
4 24310
2 86768
2 30892
2 62130
4 98894
2 24040
4 85670
2 70160
2 31954
4 25726
2 32514
2 61398
4 9828
4 73022
4 37558
4 12582
2 93666
4 55470
2 12738
4 24194
2 98288
4 4618
2 47370
4 56152
2 40898
4 90244
2 68776
2 10110
4 5892
4 9912
2 20858
2 42934
2 86106
4 60118
2 63416
4 47204
2 38352
4 81152
2 58362
2 40880
4 52026
4 79704
2 75226
4 55694
4 68376
2 36338
2 97082
4 27782
4 5664
4 79686
2 29212
4 33452
2 45790
2 99868
4 15916
2 25466
2 62226
2 25986
4 42718
2 32926
4 40
2 93576
4 8760
2 25824
2 5278
2 57758
4 76166
2 96240
4 40410
2 87470
4 26320
4 43156
2 73428
4 46220
2 51666
2 70288
4 39202
2 81260
4 28306
2 99418
2 79476
4 2908
2 44406
4 35684
4 47284
4 75120
4 76358
4 64780
2 59890
2 58560
4 40226
4 48872
4 91634
4 43798
4 67332
4 8996
4 65742
4 53750
4 43672
2 77674
4 12150
2 99950
2 39476
2 15952
4 43362
2 35978
2 54952
2 21186
4 1766
2 76830
2 65442
2 41432
4 7816
4 30406
4 63900
4 82594
4 14720
4 28702
4 45570
2 42782
4 64520
4 20890
2 55814
2 5994
4 93938
2 25742
2 37190
2 49756
4 2032
2 6934
4 2346
2 58510
2 11920
2 26990
2 73862
2 60858
4 93748
2 13778
4 24636
2 97882
2 24110
2 77294
2 61558
4 35128
2 33810
4 13100
2 39944
2 56822
2 28540
2 41406
4 73648
2 64980
4 20878
2 26520
2 46114
2 16274
2 59746
2 80728
2 52592
2 26444
4 69506
2 52662
2 54156
4 5486
4 33842
2 91538
4 71320
2 16058
2 62180
4 70250
4 76722
4 15346
2 56296
2 28514
2 68948
4 45034
2 48520
4 18806
2 60532
2 64270
2 57754
4 8172
4 86638
2 51882
2 55384
4 338
4 4606
2 62070
2 84406
2 62232
4 88294
2 30120
4 32512
2 78660
4 3498
2 80490
4 5896
2 76178
4 69026
4 26336
4 26530
2 97694
4 31248
2 24628
2 69672
2 49438
4 99094
4 87590
2 97290
2 13850
4 82448
4 56054
2 10646
4 6580
2 94440
2 11206
4 47692
2 66942
4 74064
2 94276
2 53376
4 78682
2 94348
2 61520
4 62924
2 41322
2 86634
4 72788
2 83964
2 66138
4 6444
4 85042
2 86964
2 23636
4 65604
2 2614
2 61858
2 1020
4 55214
2 29800
4 5024
4 21298
2 86418
4 96692
4 16194
2 71028
4 70262
2 32014
4 1696
4 88792
2 71620
2 11122
2 92690
2 42360
2 3178
2 18046
4 99416
4 81416
4 57628
2 81424
2 51470
4 85656
4 438
4 66328
4 72488
2 57730
2 75084
4 3626
4 1350
2 65192
2 85778
2 69756
2 73484
4 39722
2 41726
4 54226
4 46626
4 90362
2 89698
4 49796
2 66728
4 13156
2 52914
2 76242
4 76794
4 36842
4 22090
4 22204
2 55786
4 38122
2 43264
2 46602
2 17544
2 96064
2 802
4 16728
2 67426
4 61122
4 69232
4 54998
4 25676
2 10302
4 82768
2 22732
4 30248
4 98382
2 1912
4 31418
4 94600
2 8200
4 62278
4 36370
4 57114
4 45000
4 1506
4 44474
2 25574
4 17464
4 50804
2 10060
2 37512
4 46860
4 59414
2 46918
2 9698
2 74522
4 67038
2 10482
4 22268
4 7222
4 84324
2 97676
2 29442
4 88968
2 12660
2 44512
2 18342
4 39642
2 25284
4 32456
2 14274
2 71064
2 10888
4 91370
2 34150
2 55340
2 17396
2 14336
4 37304
4 19644
2 84862
2 32204
2 71676
2 18266
4 15014
2 52862
4 54234
4 6552
2 36190
2 9004
4 18304
4 95414
4 56272
4 83170
2 21390
4 88608
2 32716
2 93464
4 28082
2 30586
4 97298
4 94858
2 12856
2 19636
2 86982
4 27902
4 55312
2 77512
2 40522
2 25236
2 73914
2 70168
4 77586
4 70184
4 56794
2 95146
2 38298
2 70898
2 88120
4 10550
2 27868
4 54724
4 56592
4 77074
4 13240
2 35470
4 82706
4 54290
2 19836
2 25842
2 55980
2 24128
2 87074
4 66650
2 85494
4 10410
4 11280
2 14160
2 13946
4 95552
4 57918
4 78690
4 39424
2 4122
2 37542
2 91050
2 37416
4 93904
2 52954
4 48840
2 27496
2 88408
2 9306
2 8664
4 40640
4 25678
4 21150
2 95296
2 92366
4 16884
2 75596
2 86508
4 23732
4 77534
2 58576
2 83958
4 73126
4 41530
4 4030
2 57170
4 96772
2 18424
4 72864
2 42820
2 45014
4 14228
4 43408
2 59406
2 11554
2 16878
2 75736
2 17222
2 32012
2 38502
2 56086
4 91566
4 39066
4 40932
4 85598
2 55858
2 14494
4 60298
2 44318
2 77428
2 76506
2 70718
4 36984
4 29418
2 58726
2 52982
4 99190
2 33486
2 16194
2 43080
4 43084
2 59424
4 82124
2 94464
4 2870
4 62652
4 8430
4 57072
2 65394
2 59626
4 3888
4 31692
4 32458
2 71184
4 59070
4 21516
2 17064
4 12646
2 65494
4 98556
4 80254
2 26110
4 77766
4 42118
4 19704
2 45842
2 60242
2 23430
4 17340
4 55026
2 85122
2 728
4 7354
2 11036
4 55438
2 38864
2 6840
4 15284
2 5146
4 51730
4 85368
2 9870
4 28820
4 22796
4 68224
2 21724
4 16528
4 10020
2 33108
4 81736
4 8244
4 6520
2 55360
2 36148
4 61752
2 22658
4 96040
4 51974
2 58500
2 22746
4 28482
2 69736
4 18794
2 84414
2 16288
4 16418
4 47466
2 33282
2 71132
2 10926
2 92746
2 66046
4 50156
2 31310
4 42084
4 1186
4 90886
4 2910
2 20348
4 78240
4 8398
4 24724
4 2722
2 62590
4 42208
4 14812
2 65974
4 81638
4 26056
4 68750
2 12740
4 704
2 40742
2 49872
2 18538
4 20158
2 29866
4 18560
2 2486
4 98926
4 94266
4 9592
4 84720
4 41420
2 29728
2 8362
4 40230
2 69142
4 34310
2 5026
4 76902
2 11514
4 92078
2 8988
2 46678
2 76846
4 68364
2 55768
4 54790
4 16282
4 28394
2 14604
2 61032
2 45850
2 47170
2 83040
4 51440
4 6962
2 40926
2 51004
4 26732
4 14894
4 82576
2 44696
2 28452
4 10316
4 13406
2 4228
2 85966
2 30724
4 23386
4 36092
4 43140
4 78704
4 95648
4 17216
2 1072
4 85252
2 91602
4 5272
2 74652
2 50698
4 99088
2 61706
4 62106
2 67496
4 16542
4 40358
2 58754
2 43260
4 24684
4 13844
2 87384
4 48180
4 40990
4 60860
4 81922
4 67208
2 42490
4 24444
4 56864
2 73342
4 4444
4 58136
2 35436
4 6362
4 77790
4 87870
4 81570
2 4884
4 1518
2 95630
4 66278
4 97216
4 90902
4 5092
4 61710
2 84948
4 61744
2 12806
2 80378
4 82300
4 66360
4 88244
4 73530
2 33746
2 43506
4 90064
2 70100
2 84390
2 38970
4 29756
2 42108
4 23764
2 75648
4 43488
4 94110
4 81754
2 63690
4 68478
4 92582
4 44296
4 24344
2 89794
4 50530
4 46248
2 44556
2 17586
2 42088
4 87410
2 44260
2 77716
4 7122
4 63450
2 75468
2 25332
4 37472
2 64854
2 76904
4 57456
2 81416
2 40164
4 94296
2 93278
2 25812
2 35602
4 87860
4 7930
2 21572
4 31130
2 60476
4 96382
2 38436
2 49582
2 46074
4 96586
2 42912
2 48098
2 31776
4 21910
4 98986
2 3764
4 66792
4 52990
4 81672
4 88994
4 99362
4 6076
2 21388
4 93950
4 80496
2 29748
4 34006
4 29148
4 65138
4 88178
4 48328
4 78506
4 41146
4 94536
4 6930
4 23612
2 23574
4 45478
4 20806
2 94130
4 38516
4 92240
4 64056
4 98290
2 90468
4 85014
4 37932
2 95014
4 25284
2 68832
2 62902
4 19294
4 838
4 32530
2 59494
4 96190
4 83470
2 31832
4 34402
4 97970
4 53378
4 79548
4 91322
4 34262
4 8258
2 1800
4 38520
2 13654
4 36692
4 99022
2 58798
4 18836
4 60892
4 51106
2 95230
2 70680
2 7266
4 59830
2 65880
2 13702
4 53268
2 31820
2 86338
4 50032
2 29608
4 93666
4 42642
4 45802
4 13802
2 5294
2 56682
4 52578
2 5714
4 85912
2 96818
2 6366
4 10188
4 80576
4 12292
4 46998
4 26472
2 34166
4 18966
2 62714
4 79388
4 28472
2 91254
4 44154
4 15272
4 84620
4 44170
2 684
2 61662
4 63004
2 92198
2 74990
4 29562
4 65772
2 88412
2 39462
2 98362
4 69410
4 77434
2 81986
4 20156
2 20902
4 56988
4 60152
2 57026
4 33454
2 91172
4 89228
4 40534
4 16820
4 7600
2 25244
2 35666
2 33904
4 25812
4 87242
2 99516
2 40748
2 58844
2 53550
2 22506
4 19058
4 28202
2 36368
4 11698
2 25278
2 17140
2 97500
2 58682
2 86674
2 37246
4 1880
2 83500
2 93056
2 61168
2 68812
2 41314
2 19414
2 29516
2 66838
2 53708
4 5706
4 95166
4 51092
2 72188
4 37526
4 53332
4 67250
2 89664
2 95916
4 25242
4 18900
2 30016
2 95422
2 4880
2 23780
2 51068
4 20822
4 15338
2 93172
2 77038
4 11736
2 59984
4 26150
2 38878
4 2074
2 72920
2 29508
2 20178
4 51436
2 1768
2 87122
4 39160
4 45750
4 30588
4 67110
4 56768
2 87902
4 66608
2 73250
4 53070
2 97216
4 89790
4 88998
4 91166
2 19318
2 38868
4 68630
4 83900
4 27774
4 93134
2 10792
2 67840
4 1636
4 13974
2 89756
2 38946
2 70630
2 61660
4 27254
2 43598
4 19896
2 26106
2 6190
2 19090
2 14572
4 10236
2 85636
2 99770
2 17190
4 4962
4 6878
2 31810
2 11312
2 29564
2 31494
2 78276
4 17058
4 77600
4 24694
2 19512
4 82546
2 98762
4 24364
4 20046
4 73400
4 20774
2 70784
2 90882
2 87412
4 19692
4 22870
2 40192
4 8552
2 71442
2 78982
4 54754
4 11436
4 14672
2 33374
2 97036
2 71230
4 1138
4 87284
4 27680
4 69664
2 44474
4 85434
2 57628
2 24846
4 26924
2 40990
4 19006
4 75170
4 17404
2 99610
2 53902
2 83396
4 73024
2 54030
2 62488
4 78952
2 46242
2 62572
4 71406
4 16364
2 58114
4 60022
2 86664
4 84286
2 51450
2 63156
4 71274
4 63266
2 57792
4 21814
4 52232
2 16168
4 80402
4 84224
2 81650
2 16498
4 65538
2 39796
2 63292
4 48198
2 90724
2 14574
4 46260
4 42526
2 4298
2 5962
4 75560
4 37382
2 91714
2 11492
2 72746
4 23468
4 90984
2 75306
2 55668
2 27378
2 36262
2 97700
2 97640
2 4540
4 90964
4 34206
2 1168
4 88776
2 73414
4 88338
4 91298
4 562
4 580
2 95944
2 68064
4 94750
2 1012
4 46670
2 13376
4 42538
2 14618
4 91688
4 87566
2 322
2 35164
2 33822
4 26838
2 58358
4 24562
2 72032
2 24710
4 82428
2 77240
2 66170
4 39706
2 94826
2 86936
2 57248
4 51910
2 78422
4 27926
2 41122
2 44754
2 60450
2 54646
4 9682
2 15486
4 34794
2 79902
2 69358
4 62598
4 46780
4 11186
2 40084
2 94518
2 39430
4 28222
2 35076
2 89656
2 83416
2 53570
4 23580
2 85134
2 15972
4 50008
2 17148
4 78628
4 25946
2 72868
4 13278
4 48740
2 46086
2 85950
4 42640
2 77972
2 90114
4 44178
4 75226
2 12272
4 54378
2 76804
2 7474
4 11656
2 37792
2 87218
4 99272
2 94410
2 41728
2 47120
4 19782
4 56058
2 50788
4 45952
4 11716
2 84590
2 40838
4 95144
2 51806
4 98374
4 20506
2 81612
4 25230
4 90712
4 29906
2 58274
4 90350
2 79318
4 88254
4 70276
4 71466
2 4916
2 19432
4 36528
2 17172
2 868
4 78680
4 41108
4 90860
4 40552
2 69680
2 15464
4 70116
4 58724
4 41698
4 66492
2 90838
4 36678
4 63114
4 64026
4 64040
4 80632
2 92256
2 81832
4 66010
4 56068
2 31600
2 86142
4 44666
4 25104
2 69186
2 66084
2 21558
4 93780
4 954
2 30956
2 58384
4 41932
2 97050
2 62316
2 85858
4 62656
2 62468
2 87056
2 95042
2 53056
2 50466
4 84760
2 43046
4 2768
4 76872
2 30308
2 73602
4 68452
2 37604
2 78938
4 8796
2 364
2 2584
4 25144
4 31762
4 19586
2 75576
2 32978
2 42160
2 11884
4 94072
4 22320
4 57818
2 23408
2 43630
2 24922
4 46692
2 71758
4 40396
2 82362
2 15536
2 96912
2 69424
2 50414
2 82956
4 33170
2 51726
2 40842
4 56200
2 21622
4 40486
2 84134
4 75712
4 27404
4 52066
2 20794
2 56090
2 34536
2 60384
2 56840
4 23146
2 31854
2 87658
4 33046
4 25064
2 11622
2 99064
4 22198
4 50128
4 77330
4 82270
4 90130
2 56958
2 60204
4 25648
2 92214
2 91280
2 83120
2 34534
4 9944
4 89750
2 50792
2 94822
2 10898
4 16388
4 86882
2 99076
2 6780
4 81062
4 7342
2 32124
4 84002
2 26886
2 81460
4 95292
4 21802
4 29532
2 20392
2 84114
2 97486
4 44366
2 57030
2 99704
4 89944
4 55186
4 19276
4 34234
2 67728
2 45612
2 14858
2 71172
4 87876
2 22344
4 56616
2 81762
2 58166
2 81286
4 55286
4 39846
2 21092
2 64016
2 80636
2 54148
4 77714
2 75438
4 44424
2 12778
4 66888
4 6120
4 51222
2 95954
2 8790
4 77178
2 36920
4 48286
2 40108
2 34268
4 22630
4 40798
4 81098
4 1578
2 36446
2 59412
4 45292
4 51624
4 37390
2 24526
2 99578
4 62610
2 83062
4 11950
4 65996
4 63226
4 60770
4 22930
4 91904
2 82864
4 59316
4 65960
2 79794
2 54574
2 42240
2 36616
2 67660
2 3356
4 34326
4 48958
2 69882
4 9468
2 53486
4 78620
2 7362
2 76060
4 19382
4 91620
4 74378
2 68860
2 5040
4 39878
2 94860
2 32940
4 29864
4 6822
4 54060
4 33922
2 10934
4 58396
4 36100
2 8962
4 16160
4 46304
2 75036
2 9578
2 32070
2 42338
2 87818
4 46514
2 13372
4 12288
2 88484
2 48418
4 59178
2 65668
4 34114
2 18570
2 92996
2 63740
4 17762
4 53426
4 54518
4 63664
2 54062
2 2794
2 13252
4 56448
4 87056
2 24100
2 60314
4 55130
2 77966
2 98366
4 99962
4 15936
2 84918
2 66960
4 37550
4 66290
2 60208
4 79974
2 55912
2 67170
2 95898
4 40580
2 47362
4 44844
4 24510
2 51820
4 66160
2 9346
2 96054
2 51688
2 4894
2 49070
4 53266
2 42944
4 38382
4 60104
4 83664
4 65264
2 48566
4 97520
2 36826
2 57712
4 29424
4 84068
2 86470
4 42828
2 85262
2 37952
2 8960
2 18166
2 96108
2 92172
2 79158
4 5154
4 48918
4 76708
2 57218
4 53434
4 39762
4 60190
4 8480
2 68508
2 57900
4 42738
4 90238
2 87162
4 29742
2 52910
2 38918
4 66036
2 3886
4 75388
4 99086
4 39080
4 19262
2 85436
4 71916
2 74162
4 81310
4 11648
4 65942
4 89956
2 52170
2 5912
2 47684
2 47574
2 51696
2 98208
4 26932
4 19142
4 59366
4 65190
2 77518
2 2846
2 18454
2 3398
4 87438
4 51766
4 58616
4 17738
4 28944
2 71008
4 13562
4 36106
2 68906
2 38094
4 52572
4 73502
4 11898
4 7986
2 70908
4 49718
4 27240
2 9448
4 61232
2 16126
4 54276
4 24318
4 69916
2 57244
2 59702
4 86934
2 93932
4 93438
2 78226
2 90328
4 5700
2 13872
4 88884
4 42264
4 96950
2 94940
4 44972
4 94382
4 5912
2 7348
2 40266
2 58644
4 53758
4 3894
4 96690
2 33586
4 83004
2 62306
4 63550
4 50558
2 51456
2 96380
4 73196
4 15852
2 85124
4 7180
4 21080
4 62338
2 19722
4 29444
4 21006
2 39394
4 12304
4 70200
2 70318
2 58936
2 63312
2 40186
4 13274
2 67916
2 1654
2 97402
2 92900
4 14046
4 87326
2 40902
2 45960
2 81128
4 83326
4 58330
4 60786
2 5518
4 45020
2 94534
4 19946
4 16336
2 63086
2 10530
2 86424
2 53130
2 17718
4 14158
2 15414
4 87984
4 42024
2 21466
2 17144
2 25704
2 31164
2 61652
4 11026
2 95706
4 75598
2 20742
4 59644
4 40684
2 59790
2 47860
4 96958
2 59532
2 85064
2 24142
2 71520
4 68134
4 23066
4 78412
4 37588
4 71068
4 33436
4 92794
4 59444
4 63960
4 46412
4 8376
4 5722
2 11574
4 16570
2 77580
2 55516
2 38282
2 1334
4 73848
2 60136
4 9346
2 23810
4 9782
4 54828
2 82868
4 33794
2 59036
4 45370
2 53258
2 77008
2 72328
4 94576
4 66180
4 81074
4 33402
4 85936
2 48300
4 2206
4 17146
4 93074
4 68184
4 33668
4 78910
2 77318
4 36622
2 79100
4 4044
4 11962
2 31874
2 56806
4 49598
2 27522
4 52840
4 67162
2 57246
4 12584
4 22610
4 51880
4 49982
2 2108
2 54070
2 19998
4 32216
2 524
2 88828
2 95602
4 61254
4 69338
4 64444
2 37576
2 8176
2 29424
2 52110
2 85560
2 73214
2 17894
2 65290
4 61188
4 97686
2 46544
2 1884
4 15710
2 85754
2 8802
2 24344
4 71744
4 80458
4 34520
4 20908
4 61072
2 87294
4 72928
2 93908
4 68916
4 1716
4 96680
2 92752
2 40324
4 49108
4 35338
2 70748
2 26740
4 18678
2 95806
4 14658
2 61304
2 25082
2 55574
4 39472
4 43936
2 55356
2 56788
2 81238
2 43250
4 84384
2 49294
2 33352
4 92946
4 2166
4 40128
2 90834
2 70460
2 24888
2 42696
2 63172
4 97426
2 23772
4 53346
4 51602
2 42318
2 32414
2 1762
2 99422
4 65164
4 39504
4 54960
2 25546
4 5410
2 45196
2 3282
4 53200
4 89884
2 60138
4 10846
2 93104
2 29434
4 54254
2 89872
2 29730
2 24204
2 29786
2 81474
4 28852
2 73566
4 34626
4 44312
2 67758
2 35058
4 39996
2 21736
2 80734
2 66438
4 66708
2 29878
4 55176
4 57264
2 22312
4 41222
2 60156
2 41928
4 62272
2 31088
2 86926
2 64774
4 26058
2 66412
4 36420
4 63732
2 69778
4 11942
4 83008
4 32794
2 34772
4 56962
4 89644
2 94626
2 48458
2 98200
4 87220
4 25560
2 68522
2 41140
4 12338
2 45774
2 17728
2 73118
4 27856
4 11282
4 53220
2 55796
2 10300
2 94342
4 78758
4 40558
4 60062
2 83080
4 34706
2 46252
2 13598
2 54176
2 36762
2 17124
2 99740
2 64000
2 4224
2 17250
4 59186
2 66308
4 2386
2 50948
2 83704
2 94142
4 47476
4 37544
4 49502
2 63296
2 47372
4 19810
4 73644
2 7158
2 93730
4 86548
2 39666
2 35572
2 81398
4 78970
2 24546
2 46766
2 57972
2 22564
4 9844
4 63298
4 98904
4 49870
4 71862
4 77248
4 42680
4 42232
2 4900
2 94392
2 12104
2 42788
4 37908
2 36988
2 74100
2 59738
2 66006
2 35532
4 17228
2 62942
4 34238
2 6036
2 77340
4 6910
2 68898
4 59168
4 39290
4 38564
2 11712
4 66548
2 97172
2 1186
2 94582
2 50802
4 2872
2 10094
4 98704
2 2702
4 92154
2 22932
2 52532
2 94630
4 70806
4 56796
2 13274
4 58192
2 7944
2 18564
4 80192
2 1616
4 3832
4 3804
4 45134
2 58322
4 84326
4 94062
4 16108
2 65874
2 58834
4 31700
4 73132
2 5750
4 10354
2 82844
4 72
4 59184
4 11050
2 87246
2 22426
4 48882
4 72550
2 85150
2 34760
2 90368
4 11122
2 45000
2 28826
2 56446
2 29906
4 50994
2 65926
4 58146
2 78668
2 11558
2 54560
2 22096
4 82104
4 60454
2 90038
2 47210
2 45912
2 92772
2 42476
4 33708
2 19516
2 29244
4 10090
2 38084
2 4598
4 69340
2 81896
4 37204
2 7224
4 19136
4 88932
2 24680
4 80638
2 73296
2 48020
4 71660
2 21492
4 96394
2 58518
4 6632
4 77862
2 24512
2 76442
2 3974
4 28816
4 96702
2 40556
2 94196
2 88392
2 85838
4 736
4 60358
4 75888
2 67396
2 96110
4 81116
4 94208
4 8032
4 78374
4 47492
2 21976
2 33082
4 20870
2 56792
2 73506
4 27992
2 48594
2 8050
2 30814
4 89632
2 23016
2 2452
2 52374
2 1564
2 22958
4 79386
2 47648
4 24522
2 52888
4 57572
4 70848
2 44834
4 88120
2 76356
2 1126
2 23548
4 36816
4 41088
4 3892
4 78176
4 2114
2 70354
4 93540
4 27842
2 29474
2 37300
4 39092
2 94852
2 47246
2 85664
4 55890
4 90198
2 81902
2 11896
4 75442
4 94240
2 43930
4 93716
4 19234
4 93812
4 70234
2 58624
2 29078
2 5872
4 48666
2 69248
2 99988
2 59926
2 99402
2 86784
2 7358
2 64882
2 8440
2 90664
2 37924
4 98866
4 39686
2 24432
4 96588
4 860
4 46044
4 41654
4 2064
2 51630
2 52472
2 65982
2 34934
4 26054
2 51030
2 34494
4 92060
2 60050
2 23956
4 53154
4 45614
4 22368
4 96004
4 76906
2 74256
4 39042
2 90578
4 21466
2 77034
4 75600
2 15872
4 66162
2 30438
2 76886
2 84824
4 89626
4 32784
2 30620
4 30258
4 30266
2 65366
2 80444
4 46588
4 7302
2 59642
4 90268
4 98202
4 51586
2 58656
4 20738
2 23372
2 5170
4 74950
4 33804
4 98508
4 36284
2 82980
4 51512
4 2920
4 16934
4 50230
2 8046
4 2934
4 49378
2 4730
2 90350
4 46980
4 97172
2 28786
2 9686
4 89832
2 80370
2 22718
4 99148
4 51740
2 60298
4 43846
4 7886
2 60770
4 64758
4 42968
4 66678
2 40496
2 10326
4 91882
4 45970
2 41740
2 42044
2 81942
2 98702
2 61774
4 38468
2 29622
2 12590
2 52466
4 93132
2 33692
2 63960
2 61596
2 66932
2 1852
4 81964
4 60954
4 50802
2 40100
2 31922
4 81044
2 84230
2 99366
2 31590
4 80556
4 26784
2 62246
4 97888
4 45942
4 79272
2 16096
2 65270
4 20988
2 31074
2 22912
2 80780
4 81108
4 33198
2 86036
4 38202
2 42794
2 6938
2 13766
4 43106
2 8434
4 15002
2 10192
4 43910
2 88572
2 97506
4 85722
2 13662
4 94850
4 67554
4 15044
4 63396
4 394
4 88454
4 78562
2 77818
4 63756
4 67458
4 96146
2 55758
2 47666
2 52952
4 84230
2 40858
2 17046
2 82782
2 16552
4 83206
4 26552
4 27464
4 55586
2 44522
4 50580
4 9188
4 57070
4 50834
4 76582
4 50880
2 38148
2 83374
4 49204
2 22202
4 79436
2 81498
4 24112
2 39254
4 93964
4 51086
4 42636
4 27614
4 91722
2 47646
2 75522
2 6922
2 19352
2 90016
4 58810
2 99622
4 95588
4 78984
4 216
2 85750
2 6684
4 15494
4 55798
2 22272
2 13192
2 11594
2 67026
2 60048
2 68416
2 69486
2 34428
4 19328
2 63150
2 49132
2 62178
2 62184
4 39784
2 45846
4 24178
4 11510
2 43022
2 20680
2 99618
2 9770
4 60834
4 67574
2 14812
4 71990
4 85334
2 49156
2 70322
4 87996
4 48136
2 19088
2 44432
4 16686
4 5456
2 76292
4 21536
4 95906
4 67176
2 51824
2 13240
2 90428
2 2248
4 37718
2 62102
2 78572
2 77326
4 93282
4 33096
4 54388
2 41608
2 2906
2 1744
4 62946
4 52604
4 1812
2 58966
4 97996
2 41248
2 39270
4 86344
2 31752
2 73612
4 66066
4 90318
2 87344
4 7274
4 17338
4 15332
4 18842
2 82108
2 69626
4 48684
2 97990
2 224
2 54060
2 92870
2 96840
2 89596
2 60528
2 36498
4 91112
2 58676
2 17764
2 19676
2 80766
4 84434
2 20864
2 44126
4 62406
4 77556
4 36002
4 38482
4 29676
4 53050
4 3952
4 44556
4 47482
2 97116
4 77626
2 9994
2 34208
4 49160
4 92874
2 87758
2 56562
4 75652
2 65136
2 81570
4 24452
2 34856
2 16366
4 61326
4 16704
2 92874
2 93856
2 2122
2 98064
4 12026
2 51230
4 40750
2 84042
4 67818
2 14530
4 32624
4 90740
2 47870
2 86710
2 57228
4 17916
2 23288
2 88008
4 55620
2 77196
4 3558
2 79724
4 60108
4 32834
2 46500
4 60626
2 74772
4 9996
2 26602
2 91620
2 90864
2 29118
4 30344
4 89288
4 75982
2 45888
2 33266
2 94274
4 77268
4 17590
4 48698
2 68188
2 30138
2 74728
2 99794
2 65252
2 87150
2 69360
4 16890
4 51792
2 57684
2 49054
4 89728
2 66542
4 60536
2 73890
2 9298
2 98824
4 23426
4 70542
2 87812
4 50512
2 57888
4 43964
4 52716
2 44580
4 18232
4 25460
2 15206
2 87222
2 55810
2 82552
2 63830
2 34172
4 67846
4 99250
4 85892
2 61210
2 86286
2 56426
4 9722
2 42050
4 78216
2 81514
2 79852
2 16146
4 81864
4 28262
4 57974
2 54506
2 93652
4 78030
2 28414
4 3094
2 81444
4 8500
4 52922
2 26918
4 3080
2 43542
4 64340
2 56224
4 63948
2 40766
2 60924
2 62088
4 39048
2 66100
2 50868
2 27364
4 110
4 43464
2 6478
4 19488
2 17492
2 39642
2 49958
4 2802
4 78768
4 49518
4 25540
4 83284
2 27994
2 6930
2 73630
4 36944
4 57380
2 50232
2 90414
4 50910
2 88812
4 35458
2 45282
2 49084
4 57248
2 43342
4 59934
4 62304
2 47460
2 32628
2 19820
2 46668
4 86664
4 2756
4 3500
4 37716
2 54084
4 8338
2 11344
2 65958
2 20972
2 78798
2 29354
4 40752
4 95964
2 72378
4 77874
2 50
4 63290
4 35536
2 59196
4 17632
4 87002
2 80600
4 77376
4 55848
4 83494
2 86750
4 10112
2 26766
2 88604
4 40610
4 55278
2 41362
2 9072
4 95362
4 40886
4 88810
2 62256
2 10682
4 82084
4 37708
2 86374
2 44682
2 71196
2 87226
4 59852
4 46000
2 21812
2 67954
2 10232
2 23982
4 65306
4 6484
2 68462
4 18438
4 69970
4 5754
4 41888
2 10480
4 35262
4 21946
2 71128
2 30884
4 55992
2 2778
4 61386
2 4280
4 13832
2 1856
4 1538
4 19256
2 20954
4 68740
4 29090
4 28742
4 8256
2 5762
4 4102
4 61508
4 35876
2 19396
4 74522
4 91278
4 13030
2 50928
4 48560
4 11674
2 64494
2 56764
4 75102
4 42152
2 78996
2 99110
4 46760
4 91020
2 86630
2 27880
2 13124
4 12404
2 86260
4 26878
2 14718
4 39452
4 10714
2 61056
2 74032
4 90862
4 98650
4 53726
4 19504
4 6798
4 62488
4 64788
2 74292
4 64054
2 50028
2 44494
2 99730
4 19520
4 8432
2 98532
4 66690
4 8062
2 49742
4 79050
4 21660
4 39978
2 39866
4 62346
4 83500
2 52942
4 14744
4 34318
2 23926
4 95140
2 19916
2 70664
4 68682
2 51668
2 49450
4 41936
4 51944
2 73340
4 54896
2 72052
4 30304
2 86440
2 95384
4 50384
2 63482
2 40026
4 20800
4 47556
2 42502
2 14730
4 53702
2 29412
4 306
4 17012
2 69996
4 22402
2 62036
4 54968
4 43034
2 42758
2 93370
2 16012
2 1114
4 64284
2 82476
2 53912
4 58144
2 15814
4 28072
4 37690
4 32804
4 68930
2 89926
2 74724
4 10914
2 95800
4 70938
2 65164
2 80564
2 26276
2 85256
2 26246
2 42684
4 10864
2 44210
4 56412
2 57578
4 4540
4 18238
4 76282
2 6346
4 11688
4 44476
4 37082
2 6408
2 83400
4 86050
4 52096
4 30816
2 53202
4 78828
4 200
4 27634
2 69398
2 23438
2 99692
4 12788
4 52322
4 6850
2 77350
2 78374
2 71260
2 91144
2 76606
4 49670
2 22712
4 96786
2 84964
2 81538
2 49850
2 10866
2 44570
4 36820
2 64246
2 14762
2 97782
2 37804
2 23874
4 33522
2 51986
4 13188
4 95952
4 65796
2 68886
2 97102
4 80142
2 96428
4 45334
2 40638
2 8438
2 85676
4 93772
2 87720
2 53480
4 28780
2 65946
2 46904
4 75150
4 23382
2 91418
2 68156
4 68508
2 37410
4 67390
4 53648
4 22226
2 59498
2 30414
2 69624
4 6166
2 6452
2 6724
4 17134
2 5738
4 75098
4 87536
4 37106
2 1910
2 31570
2 78382
4 994
4 79980
2 62058
4 57564
2 34108
2 75336
4 1904
2 49884
4 78624
4 20498
4 97524
2 87642
4 21790
2 75246
2 21314
4 84000
2 67504
2 65600
2 98354
4 76652
2 790
4 40266
4 83094
4 57370
4 45142
2 49528
2 19114
4 5828
2 44352
2 15998
4 55368
2 55432
2 75932
2 79792
2 7074
2 72218
4 38830
4 60440
2 57142
2 43510
2 4818
2 35866
4 24392
4 84564
4 39724
4 85256
4 39938
4 98040
2 12378
2 71964
4 20256
2 89962
4 97504
4 17674
2 97620
2 70438
2 29268
2 48636
2 49318
2 71930
4 59704
4 86378
2 37364
2 25126
2 91396
2 44614
2 65134
2 81468
2 61258
2 8778
4 44630
2 71130
2 76566
4 25020
4 17434
4 25532
2 53962
4 9748
4 34548
4 50198
2 97302
4 56690
4 26678
4 10226
4 32676
4 67722
4 330
2 3510
4 76680
2 54342
4 2734
2 45626
4 83834
4 71304
2 88926
2 83942
2 39766
4 75796
4 5524
2 8704
4 66726
2 3470
2 90084
2 43962
2 53612
2 62288
4 99556
4 40000
2 22572
2 28662
4 36672
4 50250
2 14688
2 57818
4 19054
4 22290
4 28776
2 73624
2 42198
2 95290
4 93236
4 89636
2 61638
2 2644
4 37654
4 83342
2 97132
4 81746
2 43078
4 61176
2 67308
4 59320
2 19808
4 23942
4 25374
2 72906
4 25956
4 3410
4 3266
4 43172
2 24364
2 8822
2 6406
2 23396
2 83844
4 62316
4 71402
4 11530
4 77810
2 9288
4 47436
4 36876
4 64640
4 25832
2 57152
4 61970
2 15812
2 37068
2 8086
4 35410
4 13886
4 24868
2 47238
2 97922
4 73724
4 24264
2 16602
2 474
2 27082
4 41580
2 73310
4 71038
2 53572
2 80696
2 77138
2 5202
4 77770
4 66174
4 96696
4 4220
4 57542
4 95260
4 71256
2 30494
2 5006
4 5266
4 59942
4 90918
2 40176
4 50096
2 63776
4 77544
4 91874
4 79418
2 82996
4 34304
4 26250
4 38560
4 60198
2 3180
4 96792
2 33466
2 18334
4 14808
4 75186
4 16784
2 79250
2 80736
2 67280
2 40200
4 52550
4 28782
4 89086
4 66388
2 16668
4 87594
4 21694
4 57506
4 32468
4 53852
4 35878
2 14190
2 92430
2 18208
2 58846
4 44648
4 9410
4 16000
2 60836
4 75448
4 86
2 52016
4 56358
4 79698
2 80558
4 31288
4 47748
4 86796
4 44030
2 25296
4 59374
4 30632
4 24434
2 61492
4 85510
2 64716
4 79964
2 83412
2 99694
4 76392
2 69222
4 43060
2 67574
2 14924
4 72360
4 41834
4 18098
2 92526
4 15486
4 2474
2 53286
4 33634
2 63586
2 8424
2 52554
2 87686
2 95564
4 760
4 53198
4 50932
2 42746
2 9820
4 31684
2 55864
4 73394
4 99414
4 88504
4 16608
2 40996
4 27748
4 64602
4 9390
2 42710
2 80744
4 96054
2 79356
4 89158
2 46756
2 22298
4 93630
2 52402
4 54880
4 27288
4 91102
2 41458
2 83144
2 19556
4 20552
4 85310
4 61762
4 15948
2 98350
4 88368
4 94878
4 86822
2 36066
4 71722
2 9086
2 75510
4 84898
4 2042
4 24076
2 36940
2 87992
4 4360
2 14912
2 55878
4 90290
4 75500
2 78360
2 13392
4 30558
4 15806
2 34522
4 82322
2 24400
2 43040
2 70012
2 92076
2 18632
2 37534
4 39298
2 5172
4 9314
4 69130
4 81718
2 72376
4 27388
4 47058
2 36180
2 72246
2 68018
4 45312
4 66452
2 73090
2 7806
4 37186
2 31584
2 56920
4 60678
2 87190
2 62368
2 3300
2 19424
2 63394
2 74784
2 8258
4 42130
4 12214
4 48178
4 7520
4 98494
2 39580
2 82154
4 77370
4 15000
2 15858
2 56886
2 42752
4 40364
4 54700
4 10916
4 23184
4 66928
4 59590
2 80976
2 69936
2 17972
4 96670
4 13092
4 39530
2 21140
2 69628
2 90672
4 84978
4 48146
4 88354
2 65212
2 38802
2 84388
4 66330
2 47108
4 61084
2 66172
2 72186
2 75894
2 2056
4 35224
2 41454
2 656
2 40840
2 1490
4 51828
2 32944
4 35374
2 7554
4 11862
2 90206
4 51416
4 77886
4 46002
2 9570
4 4250
4 5458
4 33226
4 64856
4 83766
2 74302
2 77714
4 42886
4 9772
4 79326
4 87552
2 56858
2 11134
4 35126
2 60484
2 76930
4 35866
4 50104
4 23864
4 93012
2 37994
2 6422
4 31466
2 77944
4 59306
4 96520
4 14828
4 47818
4 83086
2 73562
4 62980
4 86054
2 30068
2 99706
2 32706
4 55088
4 81364
4 49520
4 5568
4 13114
2 96506
2 99512
2 82144
4 50094
4 61834
4 28962
2 76782
4 67200
2 72748
4 49736
2 55678
4 93340
4 32492
2 27784
2 33030
4 32146
4 68502
4 39592
2 20482
4 5276
2 73888
2 54500
4 38140
4 22228
2 86888
2 16764
4 30828
2 21362
2 12858
4 57944
4 20604
2 14364
4 54310
4 71082
2 57280
2 16986
2 62416
2 96950
4 65294
4 54436
4 17222
2 57884
4 70578
4 33196
2 48042
2 56734
2 82458
2 55898
2 92092
4 29316
4 2302
2 60046
2 91732
4 27542
4 79930
4 21614
2 38992
2 25352
4 22606
4 63976
2 13106
2 29316
4 62898
4 13722
4 47564
2 69092
4 83772
2 40850
4 31984
2 79462
2 28870
2 1372
4 86012
4 77504
4 10426
4 56654
2 3714
4 95852
2 31482
4 30066
2 10600
4 47746
4 70464
2 40502
4 39238
2 46158
4 72952
2 26430
2 35090
4 69502
4 28906
4 57796
2 41384
4 2100
4 29510
4 69090
4 22112
4 24256
4 31576
4 48142
2 52332
4 28474
4 49420
2 19130
4 16640
4 89168
4 76010
4 7014
4 91776
2 7346
4 94558
2 35596
4 9960
2 36694
2 60114
2 4434
2 52652
4 51842
2 84752
2 25764
4 70814
2 15286
4 15066
2 57368
4 49472
4 43858
2 59218
4 49434
4 42104
4 76572
2 64342
2 31762
2 92238
2 90380
4 44874
4 5374
2 93112
4 89876
4 11828
2 59704
4 83790
4 64970
4 70958
2 57836
2 40560
2 58654
4 42256
4 87186
2 98404
4 47414
2 98136
4 8766
2 47704
2 94498
4 14214
2 37680
2 68046
2 40868
4 79900
4 18570
4 64852
2 36366
2 33162
4 90026
2 26950
4 97756
4 40078
2 80924
2 14734
2 45862
4 24224
2 10648
2 45844
2 45474
4 59024
2 28506
4 3684
4 83182
2 59600
4 44064
4 95100
4 54772
2 28678
4 98322
2 3684
4 93258
2 56226
2 60276
4 33632
2 78682
2 27840
4 76368
2 64498
2 24160
4 6668
4 13098
4 96198
2 22122
2 12282
2 29052
2 79996
2 13784
4 60832
2 98146
4 58652
4 71702
4 10790
4 72064
2 85976
4 6
4 68998
4 51058
4 47888
2 12848
2 33920
2 19390
2 23770
4 58214
4 74498
2 76858
4 44988
4 57368
2 65610
2 53082
2 31630
4 51760
4 36210
4 1126
4 62002
4 79210
4 43530
2 99672
2 26594
2 93868
4 59208
2 28774
2 92104
4 4730
4 40660
4 71964
4 64348
2 20612
2 20360
4 12896
4 80236
4 95608
4 41616
2 16112
2 67262
2 39160
4 65910
2 36556
4 512
4 78124
4 94314
2 7640
4 14244
4 53894
2 29548
2 73096
4 23684
4 15668
4 44768
2 15824
2 58208
4 98236
4 87350
2 52238
2 91658
4 77760
2 49620
4 83036
4 27868
4 8410
4 13370
2 3350
4 98676
2 32616
2 85198
4 48878
2 80486
2 61390
4 42634
4 50014
4 89382
4 51814
4 40992
2 30616
4 52046
2 54540
4 18258
2 73684
4 404
2 94524
2 246
2 92992
2 42094
4 19236
2 30728
2 90918
2 89518
4 89362
4 33546
2 34728
4 58500
2 5456
4 21772
4 32876
4 43598
4 65202
2 24226
2 6924
4 82682
2 44356
2 78538
4 95632
2 63164
4 21118
2 4620
2 84254
4 15578
4 17016
4 3778
4 23950
2 60328
4 77822
4 46874
2 37028
4 24704
2 37940
2 42700
2 70064
4 8314
4 15020
4 5926
2 39054
2 8666
2 42262
2 95288
2 33894
4 98794
4 33696
2 40370
4 35498
2 21504
4 20748
2 79582
2 16936
2 10568
4 53934
2 30660
4 54024
4 34542
2 6876
2 59652
2 7284
4 59970
2 43718
2 38132
4 51650
2 33078
4 66924
2 57510
4 89824
4 22354
4 48374
4 6172
4 54600
2 42824
4 42702
4 75454
4 64698
2 55396
2 17766
2 69536
2 80020
4 10162
4 59420
4 64388
2 23578
4 21514
4 52318
4 96136
2 7832
2 14356
4 19932
4 42922
2 69378
4 57130
2 77860
2 52096
4 27036
4 43712
4 30824
2 64656
2 86242
4 22208
2 64698
4 63236
4 15196
2 27276
4 70744
2 25024
4 73496
4 1436
4 87014
4 57232
4 13108
4 29746
4 42206
2 71854
4 99300
4 81284
4 47240
2 28708
4 22900
4 58764
2 74644
4 8790
4 71172
2 26082
4 44830
4 14824
4 93900
4 55450
2 36144
4 83322
2 8252
2 942
4 39296
2 12966
2 25788
4 83726
4 83266
4 11264
2 96690
4 80710
2 79942
2 74738
2 61426
2 37454
4 74158
2 63122
2 38402
4 56488
2 97652
2 87212
2 4476
2 80060
2 51426
4 19574
2 30
2 45416
4 52408
4 36398
4 52258
4 40158
4 49430
2 27642
4 55748
4 4860
2 40994
2 8974
4 62462
2 22842
4 85068
4 1412
2 34240
4 86994
4 9160
4 1982
2 30292
2 15112
2 74380
4 25190
4 8922
4 71394
4 53116
4 94782
4 49702
4 37632
2 76956
4 96334
2 86158
2 23124
2 63110
4 29896
4 80042
2 70780
2 37914
2 8970
2 23018
4 49294
4 40440
2 73764
4 31446
2 22938
2 84638
4 90828
2 71500
4 28994
2 45780
2 18432
4 88916
2 45806
4 6928
4 47374
2 19164
4 52180
2 21698
2 30518
4 43236
2 77510
4 18684
4 95578
4 43216
2 29914
4 41262
4 11328
2 21462
4 1670
4 50536
4 6094
2 75452
2 39598
2 87914
2 66176
2 75672
4 90522
4 47202
2 54092
4 17736
4 1046
2 98184
4 27924
2 18660
2 77212
4 52850
4 31794
4 53450
2 20576
4 37272
2 37676
2 70280
2 29834
4 33526
2 87536
2 83768
4 78622
4 82692
2 61406
2 28524
4 43974
2 87986
2 54568
2 83670
2 9746
4 76056
4 69626
4 36696
2 70504
4 45560
2 87484
2 42714
2 69880
2 75026
4 744
2 59452
4 92316
4 98696
2 43458
2 83300
4 51954
4 57348
2 4026
4 4636
2 35232
2 61412
2 2236
2 516
2 95748
4 37184
4 19962
2 79388
2 75410
2 56036
2 46626
4 9212
2 90732
4 33744
4 16544
2 44918
2 73594
4 16772
4 49068
4 51580
4 32720
4 7368
2 38440
2 99326
2 97224
2 32402
4 37248
2 40408
2 20080
2 64066
2 94708
2 8514
2 4092
4 15132
4 64864
2 64368
2 46740
2 25184
2 10728
2 41320
4 5586
2 43532
4 89540
4 65758
4 46302
2 66762
2 7962
2 29264
4 40386
2 89104
4 72304
4 62024
4 54898
4 33874
2 69716
4 76360
4 96108
2 8
2 1330
2 23544
2 79402
2 93180
2 17698
2 17616
4 11392
2 5248
2 16558
4 56006
4 71130
4 7230
2 95850
2 18264
2 56786
2 52986
4 44694
2 10964
2 58906
2 3932
2 15344
4 50818
4 86532
2 61034
2 87316
4 90930
4 26454
2 58180
2 69310
4 27156
2 34862
4 87698
2 5554
4 90428
2 46702
2 98584
4 35342
2 76814
2 74402
4 87108
2 8542
4 8106
2 85044
4 6522
2 88024
4 79934
2 46574
2 16192
4 53404
4 45464
4 27814
2 64508
4 92196
4 88920
4 61606
2 23462
2 93110
4 86634
4 12040
2 51360
2 11352
2 79514
2 99244
2 23340
4 98206
4 15658
2 61786
2 23624
2 36454
2 96324
2 47482
2 75848
4 45776
4 14196
4 28758
2 18352
4 35840
2 97594
4 95958
2 10756
2 61680
2 23964
2 48072
2 96496
4 19368
2 53384
4 63254
4 13968
2 92652
4 63532
2 85100
2 18788
2 34014
4 87682
4 44262
2 4990
4 812
2 41018
4 46606
4 6892
4 57718
2 94150
4 640
4 48940
2 98106
2 44098
2 83602
4 42432
2 81738
2 65700
4 46458
4 1466
2 64370
2 40744
2 35822
4 89152
2 35898
2 28604
2 66420
4 85274
4 58920
4 73666
2 83204
2 45922
4 14774
4 75684
2 89282
2 17240
2 96678
2 96826
4 57684
2 99820
2 45562
4 75182
4 60908
2 1806
4 59006
4 8562
2 6238
2 56648
4 42134
2 56292
4 48620
4 70164
4 44686
2 74998
2 42390
4 92816
4 38562
2 96350
4 47172
2 23922
2 48930
2 69114
2 21574
2 78880
4 7424
4 41472
4 9136
2 91896
2 81720
4 11422
2 50378
4 64748
2 54648
2 65314
4 43230
2 58314
4 86688
2 49394
4 92
4 29452
2 15386
4 37984
2 65412
4 99920
2 34542
2 48522
4 8980
4 49056
4 67706
2 28998
4 78518
4 95440
2 60442
4 47194
4 55512
2 36398
2 69388
2 67550
4 17296
2 15176
4 48410
2 25916
4 41056
4 71430
4 758
2 23258
2 6766
4 13896
2 66914
2 53922
4 87372
4 5922
2 94092
2 40292
2 74172
2 83620
4 21746
2 78278
2 30398
4 77022
4 62344
4 50100
2 42792
4 58076
4 43180
2 41330
2 34202
4 67986
4 62778
4 18932
2 77252
4 83830
2 10806
4 50336
4 292
4 87110
2 76718
2 65316
2 95440
2 49200
4 28228
4 56014
2 66064
4 96890
4 29988
2 51384
4 11858
4 28206
4 61536
2 55288
4 31718
4 25954
4 63078
4 6538
4 45452
2 66910
2 99552
2 20590
4 51282
4 28600
4 38228
2 44864
4 50060
2 77598
2 83984
4 9568
2 46592
4 21664
2 70420
4 91164
4 39860
4 62738
4 77110
2 37408
2 62128
4 298
4 33308
2 78054
2 69230
4 91284
4 77592
2 12054
4 71136
2 98052
2 71862
2 28154
4 49282
2 6584
4 94846
2 66528
2 25516
4 20422
2 95718
4 56624
4 69444
2 59124
4 27886
4 32202
4 12140
4 15664
2 88060
4 16630
2 92130
2 86170
4 63742
4 10586
2 19134
4 56000
4 41560
2 2918
2 90438
4 89446
2 41934
4 1896
2 59342
4 18430
4 63980
4 52308
4 82604
2 90388
2 15406
2 70226
2 15796
4 22188
2 27898
4 23136
4 40910
4 67770
2 83748
2 62550
4 83752
4 64834
4 48630
2 22710
2 22566
4 72354
2 75152
2 77262
4 76564
2 42836
4 84024
4 27452
2 93206
4 28470
4 89552
2 66878
4 51876
2 38550
2 19466
2 69654
4 39096
4 66138
2 54508
4 40284
4 80390
4 62572
2 27054
2 27806
4 44662
4 50782
4 71238
4 18680
4 16904
4 15448
4 96888
2 33494
4 99908
4 83776
2 81212
2 23612
2 91950
2 99504
4 56966
4 18950
4 65234
4 62606
4 73272
4 43932
4 60092
4 30272
2 37302
4 6640
2 3044
2 30514
4 62182
4 3436
2 42878
4 24814
4 25766
2 34620
2 93848
2 30602
2 81808
2 98962
4 90922
4 23540
4 75932
4 39912
2 83176
4 26494
2 91248
2 46670
4 68538
2 77662
2 26496
4 74872
4 42888
2 11662
2 71314
2 47520
2 98524
2 99992
4 50944
4 74524
4 49114
4 98004
4 51366
2 31100
2 59534
4 26114
2 75162
2 33074
4 34276
2 61104
4 40874
2 31704
2 9546
4 98994
2 57564
2 75334
4 89686
2 98292
2 15500
2 94580
4 49234
4 85584
4 25422
2 74578
2 78600
4 10252
4 28988
4 91964
4 90132
2 11888
2 37482
2 27016
2 79034
4 17254
4 62448
4 75468
4 52376
2 73002
4 96126
2 59826
4 94236
4 70060
2 30444
4 17374
4 44322
2 17228
4 56822
4 12668
4 87092
2 16564
2 2022
4 51332
4 18902
4 34842
4 14342
2 77606
4 30732
2 64880
2 61628
2 96030
4 62828
4 92872
2 52864
4 61492
2 44150
4 89134
4 53216
4 54626
4 43314
4 56666
2 72766
4 2646
4 37316
2 8512
2 86918
2 30528
4 21620
2 4036
4 2058
4 84838
2 20598
4 5518
2 40470
4 60620
4 95458
4 71348
2 31520
4 67616
2 85898
4 3718
2 71456
4 144
4 69462
2 86656
2 30224
2 48158
4 2306
2 72964
2 4074
4 95376
2 99806
2 18680
2 29812
4 11148
4 50472
2 22140
2 88018
4 60572
2 34478
4 48154
4 98842
2 73184
2 80688
4 19650
4 62808
4 20232
2 54430
2 44508
2 11090
2 22646
4 84216
2 14986
2 24002
4 19708
4 62340
4 86990
4 73728
4 14512
2 86472
4 51112
4 46446
4 3908
4 24750
4 97384
2 19480
2 85356
4 27366
2 11932
2 82386
2 2840
4 93492
2 61926
2 37372
2 72736
4 4170
2 94924
2 13632
2 85438
2 38872
2 14706
4 51326
2 42834
2 24902
2 21670
4 16914
4 67368
2 24158
2 81804
4 94622
4 44898
2 18068
4 84296
2 83522
2 12834
4 41642
4 99718
4 40962
2 21656
2 90810
2 47060
2 51336
4 84208
4 14376
2 97464
2 68490
4 93124
2 38090
4 5552
4 82902
4 83532
4 32296
2 20582
2 45074
2 44530
2 50046
2 4882
4 90678
4 56542
4 22390
4 94252
4 26376
4 62034
2 18054
4 23042
4 97724
4 82006
2 87430
4 47496
4 5964
4 24196
2 39610
4 75846
4 96664
4 58816
2 69196
4 59804
4 99564
4 40418
2 2830
2 7666
2 25488
4 82254
4 86324
4 68650
4 33614
4 52654
4 93416
4 12838
2 78108
4 98416
2 17440
2 38830
4 77020
4 65024
4 80310
2 87612
2 91596
4 83006
2 27502
2 34444
2 22318
4 38086
2 68968
4 90166
4 81554
4 19558
4 59542
2 57572
4 35922
4 64070
2 74358
4 18380
4 91246
2 96138
4 86936
4 30090
2 40122
4 43422
4 40784
2 52530
4 44374
4 80198
2 16046
4 95436
4 35488
2 40088
4 85280
2 49466
2 96756
2 50412
2 64828
4 92106
4 80664
2 97960
4 47224
4 40186
2 47918
4 64746
2 14940
4 2318
4 26064
2 55850
2 64268
2 33952
4 75626
2 12074
2 3698
2 14538
2 82568
4 83474
2 21350
2 5218
4 85276
4 73568
4 33004
4 37360
4 73792
4 93768
4 27546
2 30400
2 24844
4 37060
2 9032
4 57598
2 79854
4 42728
2 83442
4 95380
4 21290
4 6164
2 72926
2 88464
4 53764
2 17896
2 8532
2 18316
2 36554
2 59666
2 62628
2 25726
4 75462
4 7292
4 13444
2 32492
2 94304
4 45752
4 75092
4 94698
2 23204
4 12676
4 40334
2 73570
2 48632
2 14400
2 35720
2 82422
2 696
2 90782
4 94570
2 7688
2 72356
4 21998
2 45508
2 89828
2 40536
4 61158
2 75498
4 7784
4 70140
4 67282
4 7770
2 99184
2 564
2 84872
2 53696
2 1720
4 68532
4 12296
2 70920
2 57176
4 16234
4 40204
4 72384
4 47800
4 60364
4 31390
4 78474
4 54950
4 52582
2 61064
4 6646
2 97450
4 58012
2 93288
4 28598
2 6616
2 22530
4 60130
2 96486
4 59382
4 41876
2 94302
4 77468
2 80826
4 91038
2 4050
4 13246
4 59620
2 30578
4 59078
4 76284
2 6426
2 98750
4 63608
4 4650
4 53126
2 9002
2 63178
4 85812
2 6340
4 92650
4 55426
4 55500
4 76996
4 35252
2 5698
4 25748
2 23272
4 41272
4 79474
4 52780
4 99480
2 31674
2 4184
4 31208
2 96870
4 27000
2 95240
2 58828
2 1382
2 26126
4 83154
4 13362
4 21918
2 76602
4 55222
4 79522
4 69606
4 55836
4 13044
4 45048
2 24862
2 31044
4 21356
2 90616
4 48884
2 19192
4 13658
4 53196
4 63256
4 90308
4 25526
2 89972
4 16962
2 5756
4 52706
4 53018
2 56890
4 67538
4 2738
4 61810
2 76286
4 90572
2 46434
2 15042
2 41912
4 58238
4 25036
4 67428
2 13354
2 41860
2 72
2 51072
4 99076
4 76260
2 68428
2 11824
2 27626
4 64860
2 42060
4 53788
4 19494
2 38606
2 23402
2 62810
4 27590
4 33702
4 57016
4 97790
2 28912
2 96214
4 31950
2 45824
4 67976
4 94942
2 15902
4 22612
4 23760
4 53646
2 79184
2 63990
2 14100
2 34972
2 67924
4 1100
2 89892
4 32620
2 74558
2 64264
4 96354
4 41836
2 41768
4 88394
2 42624
4 12932
4 88886
2 24234
4 11322
4 78516
2 9874
4 40194
4 26662
2 82792
4 28964
2 83070
4 10248
4 99592
2 14040
4 43948
4 39680
4 45584
4 8442
2 39338
2 28610
2 96416
2 67238
4 13486
4 62528
4 69478
2 23452
4 29548
4 86640
4 2642
2 44370
2 16382
2 1848
4 27982
2 72516
4 43564
2 87374
2 94918
4 25984
2 22756
2 81410
2 61664
4 56320
4 36772
4 8772
4 53700
2 40256
2 77378
4 66262
2 71250
4 3146
4 78134
2 50404
4 8020
4 92340
4 1684
4 99938
2 43090
2 67010
2 85220
2 33050
4 75232
4 60602
4 9554
2 37334
4 96464
2 64546
4 67518
4 15950
4 99114
2 59330
2 39210
4 794
4 79126
4 82846
4 7096
4 81048
2 66476
4 70260
4 41224
4 15988
2 50162
4 52284
4 4700
4 87830
2 78786
2 70078
4 99904
4 64564
4 28446
2 95870
4 77176
2 91036
2 10932
4 51470
4 88410
2 38150
4 33564
4 82022
2 24048
4 20920
4 9060
2 93940
2 2348
4 4068
4 82372
4 43374
2 86636
4 30330
4 66178
4 99394
4 44748
4 77808
2 52596
2 20610
4 17396
2 88152
2 87326
4 24592
2 68220
2 23668
4 79358
4 82512
4 31600
4 85724
2 61480
2 29518
4 63776
4 67334
2 30286
4 73104
4 3444
4 99386
4 95530
4 98774
4 94238
4 38954
4 92580
2 42312
2 60214
4 12178
4 2226
2 67250
2 51466
4 86160
2 95312
2 99994
2 54252
2 2704
4 97456
4 98534
2 83564
4 57966
4 33106
2 35096
2 43414
4 92818
2 64722
2 6888
2 51000
2 5976
2 83118
2 72442
4 57146
4 6904
4 41014
4 27822
4 22744
4 63144
4 56434
2 70726
2 76344
4 41046
2 59382
2 90358
2 7762
2 64724
2 84990
2 47356
2 17382
2 81262
4 96390
2 66986
2 24584
2 20244
2 82972
4 58904
4 58130
4 23334
4 10522
2 4804
2 18716
2 99452
2 32868
4 84606
4 18770
4 1756
2 73578
2 39644
4 28288
2 58614
2 49314
2 52834
4 59672
2 20736
4 54146
2 35464
2 57546
2 94026
4 22218
2 79364
2 62988
4 78088
4 92472
4 56878
4 30674
2 39918
2 26142
2 93354
4 56094
2 21954
2 4600
2 62286
4 16672
2 98784
2 16076
4 11752
4 83618
4 63094
2 18298
4 63134
2 32522
2 64528
2 54930
2 25302
4 40472
4 16092
4 73354
2 4824
4 7272
2 11742
4 39016
2 74142
4 41550
4 38898
4 82196
2 29876
2 7124
2 5784
4 90976
4 33528
2 53628
4 95634
4 7072
4 79392
2 11144
2 16450
4 46968
4 43580
4 30222
4 42144
4 36140
4 52394
4 54886
2 77472
2 76050
2 20254
2 16594
2 4356
2 16864
4 41810
2 12630
2 15230
4 68292
2 25056
4 98352
4 67226
4 44532
4 98876
4 60764
4 72102
2 57194
4 61138
2 60616
2 66818
2 90590
2 28488
4 88346
4 94146
2 54992
2 95758
2 33474
4 58718
2 59006
4 66894
4 13652
4 68530
4 1912
2 13020
4 79730
2 16226
4 92408
2 72420
2 79478
2 81362
2 57852
4 44126
4 57150
4 85406
4 69638
4 84968
4 14938
2 62986
4 17030
2 92196
2 24064
2 35262
4 18088
4 97050
2 21764
2 84112
2 28798
2 62426
2 73986
4 9948
4 49364
4 14582
4 20438
4 70920
2 18638
2 31544
4 62400
4 67016
4 19548
2 14328
4 24982
2 87448
2 97348
2 56874
4 13874
2 83520
4 88086
2 51834
2 91598
4 21896
4 16330
2 53234
2 55986
2 53250
2 2116
2 48052
4 88322
2 85366
2 97624
2 7380
2 39684
2 97508
4 1014
4 56114
4 55310
4 89848
4 92354
2 45480
4 84488
2 24560
4 88948
2 79098
4 47430
4 75648
4 6482
4 98888
4 97780
4 13286
4 27954
4 80922
2 87754
2 84718
2 42618
4 98192
2 9026
4 77926
2 19758
2 23856
4 26278
2 68918
4 54478
2 29294
4 65884
2 23008
4 30194
2 88892
4 65304
2 63476
2 94848
2 68314
4 42554
2 54630
4 83740
2 36212
2 66512
4 92674
2 89048
4 69024
4 60054
2 80404
2 58292
2 97000
2 77288
4 24158
4 47438
2 82282
4 92658
4 1368
4 81078
2 96810
4 43092
4 55990
4 56980
2 43852
4 25700
2 63090
4 7776
2 63346
4 87258
4 96306
2 95544
4 73964
2 98326
4 37980
4 69804
4 34034
4 25254
4 35514
2 20524
4 30052
2 75380
2 99238
4 50966
4 93548
2 44818
2 14872
4 17570
2 60754
2 80968
4 28022
4 9618
4 92460
4 61672
4 88206
4 380
4 93864
4 7494
2 15750
2 81140
4 52414
2 58118
4 71894
4 86610
4 41496
4 48168
4 90768
4 43718
2 44384
2 51110
2 82230
4 51720
4 596
2 4410
2 51662
2 18242
2 19054
2 82208
4 27674
2 95198
4 29800
4 67966
2 26646
2 15274
4 79044
2 73388
2 56800
4 90808
2 67544
2 2218
2 69990
2 91260
4 63462
2 84046
4 18290
2 48138
4 36448
2 79134
4 50524
4 32080
2 28172
2 96904
2 45600
4 97922
2 34
4 28694
2 83384
4 51114
4 95942
4 67768
4 14360
2 96180
2 88442
4 16902
2 66490
2 56884
4 34896
2 89826
2 69620
2 50736
2 56638
4 17948
4 63636
4 95016
2 81736
2 22528
4 48040
2 58568
4 2110
2 38116
2 60164
2 7856
4 1546
4 86154
4 232
2 37006
2 97400
2 81918
4 24124
4 61596
4 20116
4 63102
2 51052
2 35542
4 39576
2 3972
4 61814
2 96530
4 9968
2 50284
4 39558
2 87820
4 32596
2 98400
4 83652
2 25038
4 84370
2 39602
2 63780
4 37772
4 61526
2 7368
2 99614
4 30994
2 62318
4 9380
2 95940
2 66712
4 44846
4 64782
4 85732
4 28094
2 92416
4 61410
4 60634
4 99894
2 33090
4 45958
2 26010
4 71954
4 56998
4 47050
2 22982
4 59166
4 36736
4 30228
2 32340
2 41086
4 29158
4 61474
2 85192
4 76060
2 67796
2 22416
2 80532
2 94376
4 69504
2 74802
4 57828
2 32450
4 6908
2 19162
2 28766
4 71490
4 12262
4 85168
2 21402
2 1196
4 54484
4 64984
4 36222
4 85488
4 18140
2 14576
2 36570
4 9062
2 56500
4 12632
2 47578
4 53066
2 10032
2 7424
2 58222
2 23206
2 22380
2 73262
2 77862
4 25442
2 82228
2 13962
4 72970
4 89732
2 58990
4 91596
4 8042
4 31372
4 71950
4 41664
4 45466
4 62308
4 18342
2 34330
2 77526
2 66272
4 36572
2 50154
4 12334
4 48832
2 79310
4 69628
4 89720
4 52114
4 4616
4 3656
4 75842
2 59208
4 58872
4 56774
2 78968
2 60850
4 25884
2 92028
4 23170
2 56384
4 66822
2 94930
2 85972
4 98814
4 19626
2 30092
4 19674
2 77644
4 39288
4 17056
4 58312
4 29930
4 91040
4 7606
4 64438
2 45698
2 64396
4 80442
2 73212
2 18050
2 46376
2 95626
4 90912
4 49674
2 74312
4 36256
4 32046
4 17618
2 78732
2 79620
4 77236
2 38842
2 25758
2 3888
4 69592
2 47332
4 77052
4 65528
4 22936
4 4804
2 58918
4 77702
2 55888
4 41010
4 44488
4 19590
2 1084
4 97162
4 7558
2 38644
4 12136
2 90310
4 4600
4 82838
2 74324
2 91282
2 2034
2 86904
4 5682
4 34666
2 88514
2 22184
2 69416
2 9562
4 52762
4 51518
4 74114
2 45224
4 59990
4 48236
4 15352
2 33362
4 12308
2 90308
4 19392
2 94658
2 20850
2 43804
4 34926
4 52594
4 73744
4 40278
4 44098
4 22202
2 69254
4 48850
2 17338
4 91830
4 99382
4 37262
2 39996
2 47432
2 82970
2 26894
4 26846
2 31456
4 29228
4 48232
4 81512
2 23586
4 36268
2 14752
2 29350
2 91024
4 94752
4 7786
4 10292
2 41880
4 51384
2 43564
2 65344
4 77778
4 38456
4 48520
4 89980
2 35702
4 58628
2 12784
4 7308
2 78698
2 85902
4 1542
4 78114
2 86164
2 61986
2 2270
2 9854
2 75180
2 11450
4 88910
4 99446
2 79554
2 58626
4 49968
4 37780
4 19658
2 28054
4 64132
2 47680
2 48996
4 7896
2 3100
4 96008
2 79492
4 32652
2 90762
4 19950
4 36262
4 48606
2 87346
2 766
4 6948
2 54080
4 37936
2 80104
2 96834
4 58046
4 60330
4 49824
4 37624
4 71940
4 86020
2 95266
4 91264
2 13796
2 8944
4 71178
2 65706
2 3756
2 59420
2 16200
4 86630
4 62064
2 21370
2 95728
4 32132
4 52544
4 7376
4 67108
4 81112
4 40944
4 37142
2 42530
2 95636
2 90818
2 62330
4 72246
2 58354
4 10610
2 56424
4 66970
4 73616
4 13918
2 16772
4 1540
2 68770
4 28302
4 8990
2 45558
4 86996
4 18498
4 85414
2 27242
2 89204
4 48530
4 51014
2 72360
2 22742
2 35960
4 80656
4 56894
2 45542
2 63666
2 42120
4 11720
2 25462
2 85146
2 53108
4 86414
2 49066
2 43148
2 71272
4 22986
2 51172
4 79650
4 76670
4 72058
4 10080
4 42856
2 29400
2 26066
2 78920
4 53542
2 8166
4 43002
2 8474
4 72934
4 63318
4 59768
2 77014
4 73142
2 93194
2 52186
4 23414
4 38680
4 86972
2 20314
4 73222
4 91876
2 97004
2 76520
4 67184
2 25106
2 68628
2 14968
4 66766
2 30624
4 97526
4 59812
2 62338
4 47210
4 61126
4 44492
2 15884
4 44310
2 43796
4 96936
2 35162
2 64428
4 47824
2 81250
4 46482
2 78716
2 8044
4 55628
4 79046
4 92502
4 4582
2 27362
2 39892
2 69600
4 20640
2 21352
4 24478
4 89940
4 7388
4 52296
4 19452
4 12766
2 86932
4 94690
2 44034
4 21486
4 22868
4 92108
2 77996
2 31488
4 9190
2 4846
2 45360
2 76850
4 79188
2 99180
4 83184
2 37624
4 41816
2 80592
2 66538
2 49838
2 89428
2 86842
4 37786
2 25496
4 25740
2 22482
4 55866
2 38572
4 71756
2 42368
2 15624
4 10720
2 12516
2 59310
2 33526
2 19988
2 11162
4 34166
2 63480
4 30384
4 44786
4 93978
4 58418
4 70064
2 81374
2 86230
2 13940
4 78904
4 11678
4 61482
2 68670
4 47518
2 11562
4 9724
4 29618
2 33014
4 52472
2 96340
4 34102
4 64572
4 7450
4 5808
4 59060
4 67734
2 1426
4 65450
4 69002
4 87280
2 8602
4 18696
4 30980
4 76904
4 43402
2 11438
2 73300
4 42788
2 9094
4 35688
4 79346
2 85188
2 85634
4 28180
4 12966
4 73998
2 6600
2 59606
4 89050
4 2554
4 98622
4 59232
4 35176
4 9978
4 1882
2 82502
4 31370
2 81568
2 66076
4 90388
4 79262
4 99052
4 9080
2 58320
4 28116
2 50436
4 70680
2 19736
4 50050
4 6404
2 29498
2 73178
2 16184
4 4436
4 24026
2 13660
2 2344
4 49304
2 44368
4 59676
4 52928
2 11646
2 18928
4 21216
2 76526
4 26498
2 26676
2 72600
2 4608
4 54980
2 13526
2 23012
4 97682
2 87554
4 37010
2 58110
2 33104
4 59238
2 4856
4 80702
4 40954
4 2760
4 18042
2 92274
2 4584
2 79186
2 85328
4 30120
4 19462
2 12228
4 85438
4 20440
4 41278
2 6416
4 81120
4 55612
4 67432
4 52530
2 3336
2 92608
2 88786
4 57666
2 3558
2 40000
4 11308
4 82
2 16202
4 72084
4 84134
4 97598
2 47572
4 93108
2 92960
2 60448
2 48804
4 39408
2 27818
4 22864
2 428
2 95048
2 51766
2 89658
2 14852
2 41280
4 52642
2 75856
2 45152
2 64540
4 308
2 67588
2 53030
4 77486
2 896
4 25288
2 6920
4 90122
2 55568
2 89236
2 64274
2 80244
4 45192
4 33994
2 58074
4 3806
4 74588
4 53808
2 88064
2 67694
4 9840
4 5014
2 65418
2 99742
2 88698
4 17644
4 82502
2 73550
2 63330
2 5330
2 34840
2 82774
4 57802
2 70432
2 56340
4 68826
4 80768
2 93896
4 95508
2 37110
2 46170
2 87038
2 78664
2 41910
4 24770
2 15232
4 28048
4 81956
4 50812
4 58352
2 47050
2 5458
4 38604
2 87704
4 93246
2 26206
4 18202
2 88912
4 47022
4 5500
2 41230
4 98684
4 65458
4 71832
4 44968
4 88980
4 29478
2 44028
2 91656
2 67824
2 33572
2 79424
4 5372
2 84708
2 69502
4 32714
4 18690
2 6128
2 97318
4 64220
2 93568
2 76384
2 2920
4 93150
4 99322
4 29294
2 86182
4 12108
2 29260
4 11918
4 29942
2 63904
2 22456
2 18322
2 51618
2 61448
2 72404
4 21032
4 34640
4 98410
4 26792
4 8030
2 68036
4 42242
2 57318
4 38768
4 57674
4 19814
4 12224
2 39576
4 71272
4 83038
4 37534
2 48894
2 2334
2 56622
4 30178
4 64966
2 67900
2 95234
2 47490
4 80044
2 43006
2 21530
2 56058
2 17520
4 58966
4 2350
4 22952
4 37700
4 82310
2 15736
4 33802
2 97704
4 69248
4 40264
2 36432
2 13848
4 71566
4 35756
4 45994
4 35158
2 41948
4 31070
2 61066
4 47858
2 46016
2 57548
2 37248
4 49616
2 17150
4 47486
2 78284
2 75236
4 32810
4 1140
4 22052
4 40964
4 1706
2 85738
2 1772
2 19282
4 32154
4 85974
4 41584
2 43550
2 65024
4 2416
4 41276
4 97762
2 74514
4 46532
4 74816
4 73732
4 19426
4 90142
4 51544
4 35364
4 58248
4 98474
4 37898
4 18672
2 9830
2 33286
2 89268
4 33342
4 59912
4 13080
2 20100
2 70654
4 45114
4 70416
4 46128
4 86626
2 3680
2 92384
4 37892
4 41334
2 8692
2 28700
2 79856
2 83818
4 60210
4 10694
4 60666
4 31010
4 50070
4 89428
2 50990
2 55532
2 73026
4 26208
2 85802
2 16974
4 37964
2 85312
2 41914
4 72796
2 92672
4 22310
2 80328
4 18138
4 60196
4 93918
2 92542
2 67162
2 10976
4 85926
2 4034
2 43490
4 73512
4 85524
2 4636
2 230
4 33230
2 72468
2 75054
2 61482
2 88438
4 84872
2 59446
4 70492
4 34438
2 69652
2 54650
4 66062
2 12936
2 53760
4 32808
2 56260
2 77382
2 21566
4 83150
2 56694
2 36820
4 20278
4 99098
4 66380
4 19282
2 60650
4 49926
4 96584
2 1384
4 40490
4 74822
4 354
2 14114
4 61656
2 72380
4 94092
2 12056
4 82484
4 60916
4 51628
2 28018
2 30786
2 76052
2 45902
2 97510
4 80692
4 5842
2 48798
2 50274
4 24934
4 42696
2 25640
2 95204
2 76854
4 63580
2 6740
2 30566
2 36108
4 82566
4 79766
2 8402
4 41290
2 49510
4 6060
2 46620
2 55408
2 15706
2 59220
2 95766
2 10142
4 1928
2 61074
4 83100
4 13622
4 76504
2 28722
2 38672
2 61824
4 60616
2 350
2 68868
4 74866
2 92142
2 73458
2 99954
2 33394
4 13256
2 52038
2 28094
2 85764
4 73284
2 91802
2 22648
2 89904
4 92414
4 42600
4 59050
2 63952
2 63928
4 684
4 44248
4 71996
2 61682
2 75360
4 48554
2 47650
2 97660
2 95914
2 41478
2 40718
2 60940
2 27102
4 86986
4 41068
2 87500
2 22208
2 87522
4 47558
2 52734
2 45370
2 75434
4 96984
4 87932
2 21146
2 92826
2 76662
2 3802
2 65360
2 11214
4 3838
4 32028
4 90872
4 33370
4 92210
2 93382
4 6410
2 84214
4 30504
4 26038
4 20058
2 3448
2 35790
2 76720
2 52810
4 94058
4 41924
2 90376
4 84748
2 39090
4 78480
4 94064
2 46800
2 64524
2 78030
2 88142
4 63630
2 83328
2 73710
2 42076
4 28512
2 71706
2 48910
2 27232
4 92914
2 33178
4 51248
2 25782
2 46808
2 40508
4 63238
2 8844
4 11366
2 19182
2 71778
2 32700
2 87418
4 79192
4 12900
4 33618
2 20752
4 89640
4 43220
2 34788
4 83852
4 13460
2 31026
4 46974
4 29856
2 61642
2 78734
2 47708
4 7806
2 13842
4 34830
2 61048
2 30394
2 1470
4 48202
4 91524
2 87060
4 86440
4 10506
4 65464
2 13728
2 37886
4 99280
2 23050
2 99130
4 99290
2 35600
2 76228
2 98290
4 48406
2 68242
2 4874
4 91328
2 26064
2 65698
2 60060
2 13262
4 62404
4 14506
2 77286
2 85790
2 43920
2 4372
2 402
4 8856
4 66384
4 50024
4 85952
2 10176
4 17018
2 5144
4 37442
4 70080
4 8460
4 38078
4 3052
4 12118
4 13606
2 46408
4 68808
4 45832
2 1468
4 29224
4 93578
2 24080
4 79008
2 66038
4 12
2 76960
4 15996
2 90970
4 82996
4 10934
4 41952
2 74082
4 62668
2 74846
2 66968
2 58898
2 24208
2 16094
2 47468
4 60438
2 98868
2 86990
4 3116
2 67548
4 66414
2 97258
2 23380
4 14522
2 30712
2 36970
2 63628
4 16762
4 90762
4 26282
2 92010
2 7072
2 78940
4 64532
2 8416
4 24808
2 71738
4 45288
2 45864
4 5980
4 83770
4 72734
4 31836
2 3422
4 88172
2 83540
4 37274
2 61352
4 94802
4 2248
4 17478
4 79668
4 47646
4 22494
2 98248
2 41776
4 50288
2 86624
2 73558
2 63182
4 16882
4 69674
2 72646
2 4192
2 99214
2 59734
4 14410
4 87646
4 58054
2 14128
2 58352
2 94476
2 95568
4 63360
4 71944
4 27628
4 73584
4 94322
4 51704
2 78522
4 30016
2 42654
2 70982
2 13332
2 51792
4 27798
2 86222
4 56084
2 45140
2 1868
4 85796
2 24510
2 30540
4 44588
4 67230
2 28120
4 40332
4 14686
2 78222
2 33002
2 33430
4 36312
4 95068
4 57928
2 66952
4 45744
4 19734
2 48306
4 50920
2 23802
2 46276
2 69258
2 32790
4 79422
2 5184
4 40814
2 41184
4 61218
2 26592
4 31172
2 89398
2 41216
4 76306
4 98758
4 58114
2 90472
2 75290
4 81876
2 94920
2 32590
2 63410
2 12306
2 6864
2 12752
2 97248
4 64916
4 54108
4 51554
2 91446
2 75606
4 39276
4 41442
4 60668
4 8454
2 73392
2 6120
4 49184
4 24616
2 93662
2 58628
4 16986
4 71772
4 26794
2 66934
4 4052
2 21502
2 97250
2 68436
4 26696
2 7934
2 21326
2 93436
4 4704
4 26884
2 51146
4 44572
4 76712
2 60106
4 9644
2 44574
2 31328
2 47796
2 36308
4 76696
2 95200
2 68732
2 90394
2 8126
2 61140
4 8180
4 40828
2 12256
2 7988
4 78392
4 40768
2 26516
2 26346
4 20166
4 10332
2 65588
2 3158
2 76756
2 79576
4 80776
2 42052
4 88248
2 36154
4 8462
4 15058
4 77076
4 35496
4 13758
4 69552
4 56586
4 70354
4 66790
2 58430
2 27506
2 39164
4 47434
2 91456
2 79584
2 70424
4 13260
2 87220
2 99570
4 48788
4 43626
2 52508
4 23140
2 25392
4 91792
2 1194
2 16478
2 46948
4 90944
2 61524
4 12862
4 65686
2 54458
4 93742
4 72168
4 10630
4 29954
4 91476
2 4468
4 77732
2 77734
2 2426
4 47562
4 21494
2 93866
4 41154
2 29146
4 51344
4 26982
4 43118
2 80630
4 6398
4 22394
2 80176
2 38286
2 48832
4 3602
4 3140
4 96918
4 75112
2 28062
2 86678
4 62666
4 91678
4 96652
4 67878
2 80124
2 67676
4 11110
4 40398
4 91248
4 37168
4 83180
2 68612
4 3872
4 83660
4 11602
4 15848
4 36476
4 59454
2 69734
2 93304
4 16326
2 60248
4 92226
2 39896
2 21030
4 94946
2 41972
2 21886
4 36492
2 54220
2 11412
4 63576
2 25480
4 97306
2 2462
4 32888
2 62108
2 96846
4 79748
2 31898
4 76126
4 47790
4 45080
4 69296
4 4022
2 8450
2 3860
2 90772
4 23954
4 52902
4 91514
2 50230
4 40520
4 49832
4 69834
2 93132
4 34272
2 79012
2 31672
4 22276
2 59654
2 39742
2 95008
2 27148
4 1062
4 40570
4 40148
2 82156
4 12144
2 71832
2 11198
4 35746
2 46694
2 27798
2 62952
2 39958
2 17588
4 5604
4 98200
4 43654
4 42288
4 78264
2 70218
4 29964
2 45066
4 79624
4 49730
2 23454
4 9116
2 76932
2 67976
2 97918
2 62084
2 77942
4 77238
2 77572
4 4320
4 95046
4 43188
2 37568
2 75358
2 10764
2 17606
4 60532
2 10284
2 10214
2 6068
2 20574
4 11106
4 71036
4 28490
2 50830
4 78536
2 81776
2 52036
2 21750
2 88858
2 92596
4 15244
2 41814
4 15334
4 60802
2 77620
4 38080
2 95566
2 69006
4 88168
2 5574
4 76588
2 4748
2 74696
4 30296
4 93990
4 55702
4 20160
4 82972
4 92394
2 64382
2 8914
4 2072
4 8374
4 58246
4 39954
2 55754
4 14188
2 80556
4 5230
4 6572
4 44950
2 61336
4 40008
4 91572
2 49086
2 6064
2 48096
2 64748
4 61590
2 57670
2 60302
4 75164
4 57614
4 4178
2 15668
4 5502
2 74382
2 81946
2 26464
2 62390
4 56086
2 38340
4 98424
4 73706
2 32630
4 74616
4 41494
2 13236
4 12558
2 77076
4 91922
2 61998
2 40936
4 41702
2 69008
2 35422
4 19204
4 94530
4 79618
2 16574
2 87402
4 56706
4 35320
4 5168
2 87272
2 57722
2 6388
4 85290
4 36056
4 60690
2 15456
4 17848
2 83686
2 79382
2 1376
4 62564
4 4666
4 89718
4 52610
4 2800
2 3642
4 4766
4 60790
4 45136
4 64910
4 2442
2 28864
4 66916
4 93480
4 40170
2 56732
4 43616
4 92898
2 13434
4 53942
2 12994
4 21818
4 1864
2 37822
4 52312
4 55506
2 22068
4 54016
2 84052
4 94102
4 95554
2 51024
4 7722
2 21610
4 15062
4 66830
2 56962
4 78202
2 79112
2 86746
2 18004
4 66638
4 62388
4 52354
4 42984
2 37856
4 90654
4 97700
4 84008
2 1518
2 71372
2 1082
4 83952
2 49348
2 54818
2 50328
2 94136
2 98062
2 70490
4 25052
2 73050
4 13314
2 12570
2 21608
4 38788
2 29602
2 22656
2 7486
4 36968
2 34654
4 79790
2 18412
2 6694
2 288
4 23264
2 30362
4 20632
4 3362
4 16292
2 54442
4 80732
4 64400
2 35820
4 27182
4 2368
2 12902
2 54066
2 85662
4 44182
4 44208
2 99832
2 7146
2 3140
4 78852
2 12652
4 11562
2 32348
4 19208
2 51316
4 10716
2 41618
4 3808
2 32822
4 38056
4 4852
2 52006
2 6768
4 29118
2 80276
2 61574
2 19706
2 71594
4 58258
2 5572
2 98938
2 91924
4 17130
4 96310
2 6286
4 52726
4 2692
4 14548
2 69032
4 13032
4 94400
4 77934
2 36962
4 41956
2 57294
2 6298
4 33316
2 13000
4 78456
4 33868
4 34788
4 49902
2 40172
2 53590
2 70060
2 66970
4 45232
2 69430
2 49680
2 64542
4 81868
4 20962
2 1416
2 61810
4 38168
4 7976
4 23920
2 62640
2 46364
2 51420
2 89456
4 99506
4 29684
2 77284
4 31770
4 80030
2 51734
2 17402
4 99150
2 96460
4 87320
4 21562
4 32332
2 73616
4 40044
4 55324
4 31744
4 24966
4 18390
4 25528
2 58472
4 26366
2 93918
2 37926
4 33818
2 1900
2 22556
4 50460
4 38496
4 75752
2 5996
4 19760
2 92354
2 37172
2 25208
2 81708
4 56996
2 33278
2 83338
4 97490
2 38124
2 99594
4 63008
4 47042
4 32690
2 51714
4 78914
2 52448
4 36972
2 24164
4 34784
4 86352
4 37946
4 66740
2 9190
2 78838
4 59272
4 94656
4 66630
2 74926
4 16252
2 71820
2 63130
2 79346
4 68520
2 95744
4 798
4 99612
2 12268
2 47420
2 69356
2 7384
4 8794
4 50622
2 75020
2 57756
4 2678
4 38996
2 97544
4 74566
2 25358
4 97648
4 92908
2 42866
4 73112
2 51480
4 70218
2 51900
2 26424
4 53790
2 82584
4 47122
2 69826
4 28334
2 87674
4 74644
2 86822
4 3068
2 77246
2 50800
2 74
4 24390
2 27156
2 72336
2 38418
2 69464
2 41748
4 97060
2 15478
2 8816
2 31380
2 51338
2 73828
4 71224
4 21038
2 52028
2 43456
2 77328
4 5914
4 94526
4 46034
2 34488
4 55902
2 80606
2 60760
4 39516
2 3776
2 41450
2 94236
2 21136
2 75108
2 8136
2 43838
4 19506
2 77050
2 38688
2 42902
4 98080
4 91540
4 90040
4 50696
4 91816
2 12462
2 51122
4 64536
4 28054
4 33348
4 65124
2 58920
2 26076
4 32446
2 53778
4 38792
4 51210
2 97078
4 47280
4 46364
4 63198
4 78178
4 29764
4 47732
2 84178
2 15256
4 45230
2 30288
4 47034
4 7486
2 73052
4 80510
2 92682
4 60468
2 86866
2 92644
4 75954
2 19932
4 84364
4 29250
4 35950
2 50632
2 58336
2 18320
4 86590
4 66874
2 12266
2 69510
2 51782
4 80228
2 94948
4 99880
4 17484
2 93224
4 41174
4 35174
4 43504
2 8364
4 12084
4 63330
2 21680
4 74408
4 34856
2 93388
4 9914
2 1668
2 11634
2 20240
2 64288
2 51654
4 64172
2 82838
4 70820
4 32730
4 95750
2 31526
2 55242
2 9840
2 86882
4 94078
2 70762
4 75438
4 31972
2 9068
2 1150
2 62694
2 83276
4 16658
2 66672
4 96246
2 38314
4 74612
4 28890
2 3462
4 78182
2 82488
2 84942
2 95776
4 4756
2 88894
2 8554
4 90788
4 49300
2 70794
2 32502
4 24748
2 72272
4 54938
2 2876
2 30294
4 57548
2 52690
4 47174
2 55710
2 52796
2 23412
4 37290
2 44366
4 62496
4 53584
4 46232
2 39714
4 49332
2 63836
4 74050
4 52546
4 83300
2 50084
2 89342
2 57794
2 70754
4 50148
2 28520
2 1378
2 4766
2 65074
2 42258
4 76114
2 13704
2 94366
2 21434
4 7068
2 54240
2 33576
4 71440
2 11652
4 11376
2 71062
2 23040
4 85726
2 2714
4 50256
2 11716
2 25142
2 34078
2 56460
2 73216
4 93216
2 98444
2 32392
4 28402
4 91398
2 96612
4 57350
2 35126
2 4388
2 56830
4 29538
4 27534
2 28612
2 80726
4 10964
4 46378
4 77854
2 63676
4 90876
4 59780
4 56726
4 82110
4 45540
2 69280
2 93898
2 42162
2 24934
2 7080
4 45170
2 84072
2 30318
2 64796
2 10258
4 93558
4 86504
4 86816
4 10786
2 41752
4 37606
2 25146
4 60718
2 68346
4 14646
4 4754
4 15784
4 49214
4 44722
2 70636
4 41532
2 51848
2 93502
2 28630
2 96358
4 32376
4 65970
2 77656
4 78992
2 68260
2 93566
4 42252
4 46668
2 39126
2 86412
2 39428
4 59466
2 62730
2 36718
2 1624
2 94668
4 4718
4 83530
2 53834
2 46492
2 4302
4 44142
4 66600
2 17824
2 72124
2 60684
2 46032
2 56410
4 71196
4 87026
4 79588
2 79344
2 81114
4 44194
2 57660
4 85308
4 4932
4 77804
2 99332
2 26978
4 12696
4 19936
4 89200
4 21806
4 56506
2 22384
4 91736
2 81884
4 91394
4 19038
4 53112
2 25248
4 6036
2 24858
2 51508
2 28836
4 58946
4 97246
2 99364
2 334
2 92156
4 32204
4 68384
4 1838
2 24458
4 98932
4 69694
2 77302
4 53610
2 19094
2 90990
2 62494
2 74362
2 41166
4 51188
2 50542
2 15956
4 92404
4 31796
4 21862
4 87390
2 28024
2 68316
2 44030
4 20708
2 48834
2 41610
4 85970
2 11814
2 53324
2 28968
2 70340
4 29014
2 6582
2 17528
4 57078
4 92074
2 16002
2 4146
2 34544
4 83990
2 38800
4 42862
2 88322
4 55490
2 43398
2 22246
4 3404
4 19596
4 95914
4 73100
2 49688
2 24502
2 2042
2 75532
4 3776
4 42786
4 15316
4 36240
2 19440
2 13092
4 47262
4 31326
4 5166
2 55486
4 41902
2 29080
2 88760
2 39776
2 20828
4 23784
2 18836
2 31512
4 7598
2 72300
4 81176
4 612
4 19498
4 36916
4 42948
4 72020
4 85062
2 44516
2 48868
4 35314
4 51374
2 44280
4 17642
4 16550
4 12534
2 35330
2 57908
2 38026
2 75014
2 50142
2 37780
4 43318
4 91468
4 12820
4 62706
4 54090
2 8952
2 17832
2 72470
4 61754
2 22706
2 8792
2 29958
4 16698
4 46094
2 4324
4 14186
2 16136
2 87116
2 66544
2 43084
4 38678
4 4194
4 21550
4 45202
2 20706
2 16350
4 95564
2 63334
2 43426
2 31008
2 11276
4 18236
4 68890
2 97300
4 75524
4 41842
4 40918
4 93444
4 62576
2 72460
2 27132
2 49326
4 14600
2 93448
4 26000
4 16538
4 22898
4 68398
2 66862
2 80446
2 40500
2 21630
4 78686
2 3006
2 96212
4 67436
2 93536
4 99296
4 11682
2 4912
2 43340
2 57994
4 45936
2 55118
2 826
4 22762
2 61836
2 29646
2 80390
4 55908
4 73264
2 57238
4 92768
4 63942
4 47310
2 58838
4 15824
2 29152
4 48624
2 50754
4 76372
4 76832
2 14038
4 14948
2 31796
4 49642
2 24328
2 42296
2 48710
4 83424
4 87968
2 46394
2 24778
4 39136
2 40658
4 61090
2 39692
2 61970
4 81996
2 72710
4 39346
2 58150
4 38430
4 79714
2 79624
2 36744
2 88094
2 43766
4 85720
4 60830
4 46160
2 17534
2 56020
2 34486
4 98230
2 87860
2 7246
2 46736
4 58276
2 51174
4 87992
2 29166
4 15414
2 13714
4 7328
4 83176
4 8096
4 21300
2 6848
2 93846
4 22160
2 39158
2 68782
2 75182
4 91126
2 35546
2 86180
2 38786
4 39406
2 57304
4 99952
2 27716
2 47004
2 25508
2 94108
2 69722
2 30076
4 97892
4 37598
4 22004
2 89732
4 17902
2 14898
4 75124
2 6142
4 43594
2 63140
4 41242
2 87136
4 6316
4 6724
2 87318
4 94820
2 73882
2 9632
2 19246
2 67078
2 14118
4 67322
4 74518
2 14894
2 7182
4 1668
4 18234
2 54356
2 12466
4 95432
2 42952
4 22672
4 90660
4 2558
4 14138
4 43582
4 64296
4 7766
4 72996
4 28940
2 71944
4 94308
4 56830
2 72056
2 61544
4 46190
2 44620
2 96646
2 78410
4 78730
4 63480
2 68546
4 15112
4 15958
2 36032
4 49496
2 89262
4 60590
4 92592
4 6288
2 34562
4 13172
2 65174
4 98612
2 72180
4 73088
4 73690
2 38774
4 8834
2 43364
4 3416
4 28112
4 72156
4 28938
4 93248
4 4418
4 10154
2 29624
4 41650
2 16972
4 66484
2 27612
4 47812
2 92232
4 9544
2 34068
4 15496
2 49912
2 26492
4 42746
2 71182
4 8748
4 10338
4 56444
2 29456
2 43218
2 23158
4 17472
2 75012
4 65894
2 70286
2 18238
2 66178
4 98542
2 43658
2 19338
2 97110
4 81398
4 48762
2 15730
2 59320
4 82156
4 5952
4 64644
4 12500
4 66238
2 8404
4 7470
2 97128
4 74640
4 57692
4 48774
2 10870
4 5386
4 86320
2 54792
4 31580
4 47396
4 18628
2 44776
2 87936
4 64368
2 12250
4 43600
4 6072
2 63700
2 73614
4 54502
2 21264
4 61092
2 23104
4 82980
4 15880
2 62896
4 23928
4 37944
4 67404
2 28698
2 12802
2 5942
2 92020
4 78738
2 60870
2 3308
4 66878
2 6798
2 32258
4 33798
2 7724
2 33582
2 63968
2 12686
4 92356
2 66710
2 38160
4 17474
2 67454
4 22314
4 93062
2 33156
2 91090
2 94816
2 28402
2 8892
4 86448
2 47726
2 21134
2 67342
2 97726
4 70756
4 60140
4 34934
2 56214
2 20214
2 38370
2 17620
4 81076
2 40322
4 48022
2 98756
4 43200
2 64118
2 8390
2 65522
2 83298
4 33574
4 83426
2 17052
4 48438
2 94998
2 10822
4 51956
4 26098
4 1354
2 74340
2 99088
4 95676
4 19012
2 4520
4 37376
4 35752
4 40314
2 1680
2 46826
4 65420
4 90296
4 89210
2 54756
2 83744
2 17962
4 30056
2 88092
4 98678
4 8348
2 49172
2 85994
2 18666
4 23774
2 58484
4 44956
4 48058
4 56234
2 41004
4 900
4 79304
4 62732
4 88592
2 49738
2 26696
4 21050
2 75698
4 68798
4 29898
4 9320
4 54096
4 82898
4 92102
4 19150
2 60092
2 62154
4 32660
2 18374
4 68056
2 9220
4 88734
4 66142
4 75494
4 44128
2 85168
4 97488
4 99848
4 47138
4 58694
2 18654
2 64884
4 48230
2 19664
4 86710
2 72254
2 27348
4 18916
2 48038
2 56078
4 99814
4 46718
2 67390
4 35066
4 45428
2 45364
2 266
2 94614
4 35146
2 36098
2 43772
4 67788
4 64874
4 97670
4 160
2 51132
4 63112
4 81932
4 85400
2 37234
2 95610
2 15878
2 80690
4 60642
4 4392
4 52418
4 71846
4 16848
4 12508
4 41866
4 84710
2 222
2 13390
4 39074
4 91458
4 73654
2 64532
4 49328
4 9270
2 41162
4 82032
2 42974
4 8672
2 66718
2 35440
2 90934
4 26148
4 25116
2 56248
2 36912
4 44244
2 3396
4 74400
4 2284
2 12122
2 99066
2 91812
4 89294
2 312
2 99002
4 93890
4 12466
4 63024
4 92514
4 4776
4 41930
4 7032
2 56614
2 55480
4 77912
2 3234
4 57336
2 9432
2 15560
2 99354
4 20220
4 14632
2 38060
2 99282
2 58020
4 87456
2 66406
2 23554
2 55428
2 41930
4 90458
4 9788
2 85514
2 13272
4 23416
4 9344
2 12522
4 21782
4 78626
4 97822
4 16084
4 63150
4 46016
4 83464
2 16140
4 40728
4 71580
4 21872
2 73510
4 20236
2 71338
2 31722
2 89802
4 9322
2 73316
2 25280
2 54570
2 7100
4 60566
2 61296
4 15406
4 92112
4 18736
4 1104
4 78072
2 97644
2 3436
2 990
4 8254
2 63900
4 91958
4 2736
2 72492
2 23286
2 78922
2 85768
2 77346
4 88718
4 6100
2 85652
4 89410
4 46306
4 74278
4 93608
4 81610
2 95696
4 81982
2 10082
4 51526
4 85318
4 5142
4 77418
2 5132
2 34320
4 8522
2 65932
4 1158
2 13858
4 52800
4 74614
4 32822
4 94862
4 43052
2 99932
4 53078
2 85498
2 80492
2 50072
2 20816
2 54632
2 85528
4 65926
2 16612
4 8140
2 29266
4 4348
2 596
4 77190
4 10446
2 32500
4 78976
2 91914
2 71466
2 2436
2 91992
2 65272
4 68902
4 62508
2 97432
2 8858
2 16956
2 8198
4 32850
4 3194
2 3782
2 98728
2 25646
4 27854
4 21976
4 38748
4 18516
4 93350
2 73980
4 69080
4 70380
2 2594
4 10712
4 66640
4 29318
2 98780
4 23320
4 5728
4 7322
4 70544
4 65588
4 59390
4 25384
4 48640
4 42756
2 59464
4 67876
2 19492
4 20798
4 93172
4 27490
2 6712
4 8076
4 78032
2 74468
2 63916
4 34456
4 26898
2 29790
4 17556
4 70396
4 91844
4 95778
2 90624
4 32288
4 50792
4 58024
4 5382
4 85428
2 19914
4 16676
4 12946
2 5612
4 4822
4 36598
4 55688
2 66466
4 68652
4 54364
4 41450
2 62296
4 59504
4 42136
4 64192
2 29970
2 39418
4 36818
4 95960
2 86040
2 31294
4 83712
4 38888
2 60294
4 87828
2 68804
2 22954
2 21928
2 21664
4 71650
2 66068
4 79734
2 3370
2 4186
4 24172
4 50990
2 41668
2 29182
4 70618
2 90024
2 63412
4 61148
2 10360
2 51104
4 3652
4 95720
2 40230
2 52620
2 26402
4 178
2 68976
2 16782
2 65480
2 4108
4 2814
2 23346
2 8034
4 60644
4 80994
2 37942
2 49598
2 3540
4 34054
2 46132
2 18902
4 88692
4 10988
2 68364
4 79340
2 30360
2 92136
2 10672
4 70716
4 36932
2 13126
4 23384
4 11684
4 12476
4 25656
2 23226
4 63658
4 23602
4 35994
2 27928
2 43846
2 4980
4 70468
2 54428
4 55706
4 78524
4 44104
2 78532
4 14224
2 8064
4 972
2 77624
4 92258
4 90966
2 53880
4 23998
2 36734
4 77180
4 8566
2 74090
4 80474
4 14130
4 85836
4 6626
2 9308
2 39348
4 6606
4 61930
4 69392
2 22894
4 51342
4 12758
2 17986
2 50776
2 20620
4 75140
2 99634
4 89822
4 7714
4 69802
4 54002
2 30636
4 63174
2 72770
4 79892
4 84728
4 62176
4 20620
2 56594
4 42598
4 84454
4 53252
2 53060
2 57110
2 35896
2 994
2 90228
4 92918
4 78150
2 66152
2 46802
2 45110
4 61182
4 90134
4 8240
2 33870
2 62824
4 79894
2 48058
4 69936
4 84450
4 97436
2 70296
4 69768
4 22874
2 23182
2 24020
4 32098
4 44584
2 65538
4 67860
4 21680
2 22176
2 68438
2 94936
2 13670
4 31020
2 16630
2 88074
4 24236
2 18662
2 96376
4 28448
4 30414
2 94014
2 76940
2 28596
4 1612
2 37070
2 13074
4 56678
4 92352
4 930
4 91536
4 71362
2 57330
2 39018
2 38144
4 62090
2 55506
2 22484
4 81216
4 51134
4 25066
4 54216
4 67182
4 13182
2 32586
4 19322
2 36036
2 76490
2 26286
2 18234
4 81370
2 56494
4 70182
4 70084
4 6106
4 46098
2 32848
2 19268
4 31432
4 164
2 75554
4 7258
2 92990
2 8492
2 55808
2 18006
4 64620
4 79728
4 28298
2 53270
4 28800
2 67642
4 62594
2 9868
4 6226
2 12654
2 34574
2 82896
4 116
2 23902
4 37630
4 72116
4 77382
2 55612
2 9592
2 69364
4 39798
2 63760
2 43982
4 50306
2 8794
4 88326
2 21734
2 52224
2 71400
2 12874
2 64036
2 77156
2 98928
4 54994
2 62826
2 58752
4 53602
4 18424
2 68790
4 9146
4 93220
2 97806
4 98618
2 1642
2 20758
2 60216
4 75686
2 31384
4 9652
2 85870
4 48558
4 3244
4 88130
2 65496
2 78890
4 78100
2 51870
2 3616
4 45098
4 37416
4 89032
2 28306
2 35012
2 81668
4 73580
2 21316
4 82718
2 7304
4 94794
2 22638
2 80238
4 53034
2 67910
2 7862
4 49172
4 73184
2 80038
4 97114
2 62686
2 67568
4 95788
4 46510
2 43502
4 16800
4 5310
4 90500
2 38588
2 2848
2 22680
4 48192
4 49140
2 60582
4 98002
4 85178
2 32658
2 9668
2 70746
4 34932
4 11826
2 74980
2 59998
2 54770
2 18920
4 92246
2 55162
4 25760
2 78854
2 38594
4 42030
4 86526
2 32768
4 65954
2 81714
2 21364
4 12598
2 52148
4 80084
2 6900
2 76712
2 95072
4 38028
2 12816
2 82936
4 10000
2 26806
4 73770
4 98528
4 55590
2 3772
2 45024
2 68752
2 80466
4 31268
2 69076
4 85988
4 43990
4 70404
4 38886
2 60834
2 87908
2 83116
4 50504
2 69054
2 54396
4 52168
4 71378
4 22828
2 41170
4 71248
2 64592
4 12320
4 66782
2 56342
4 24544
2 9246
4 6070
4 16222
2 76848
2 33814
4 94578
2 988
2 58284
2 55394
2 89922
2 50700
2 97192
2 44110
2 38990
2 47378
2 11238
2 81158
2 11310
4 55156
2 96378
4 74846
4 17416
2 24340
4 58832
4 96666
2 57140
2 70140
4 35984
4 63792
2 79658
4 67812
2 18500
2 80438
4 50648
2 35268
2 62200
2 5662
2 84660
4 5058
2 99788
2 38168
2 37998
4 36076
2 27454
4 20348
4 23332
4 39508
4 48794
2 78186
2 2006
2 60342
4 75156
4 98660
2 63194
2 81970
4 50016
4 1744
4 28230
2 61470
4 14082
4 42818
2 69396
4 83282
2 65142
4 92174
4 36278
4 80750
4 9702
2 99330
4 46730
4 41800
2 27810
2 37166
2 89008
4 13546
2 13706
2 92168
2 64366
2 39518
2 50172
4 74888
2 15076
4 19614
4 11210
4 13944
4 11372
2 85250
4 83178
4 18282
4 55696
2 90332
2 14028
4 53620
2 12978
2 78520
4 84368
2 91818
2 55556
2 46738
2 61476
2 84292
4 32136
4 46992
2 19750
2 34694
2 85430
2 54808
4 1338
4 10778
4 88938
2 48248
4 93572
2 11766
4 59674
4 40282
2 9956
2 55130
4 18550
4 28390
2 87086
4 83446
4 97084
2 80964
2 78166
4 78656
4 21800
4 18898
2 54426
4 96116
2 46910
4 18864
4 75310
4 41780
2 27270
2 10760
4 44034
4 15598
4 66796
4 60312
4 26352
4 43652
4 22546
4 15776
2 83740
4 87928
4 70500
4 45458
2 99316
2 71912
2 10988
4 47672
4 11702
4 82702
4 87034
4 79350
4 68722
2 83734
4 33134
4 416
2 38458
2 99072
2 64704
2 19212
4 24878
2 78400
4 68838
2 43606
4 35990
2 43862
4 31676
2 734
4 67546
4 28818
2 86728
4 69458
4 8164
2 76328
4 84294
2 30436
4 90058
4 98792
2 47198
2 97120
2 16696
2 9018
2 97274
2 82256
2 68560
4 39596
4 44996
4 4462
2 86298
2 94792
4 19156
2 49340
2 18386
2 95246
4 92632
4 8534
4 18330
2 12640
4 732
2 29604
2 64568
4 74330
4 69274
4 79444
4 29602
2 69250
4 58282
4 81886
4 79990
4 38746
2 15382
4 8368
2 32262
4 67764
4 72556
2 45994
2 29612
4 71260
4 20358
4 28564
2 12222
2 81964
2 48128
2 68440
4 6470
4 36774
4 32274
2 17376
2 93728
4 76840
4 81564
2 57088
2 27240
2 70312
4 57262
4 13616
2 53010
4 67760
4 62726
2 50176
4 14844
4 25562
2 5886
2 18420
4 28928
2 16560
2 51346
4 14144
4 57414
2 10016
4 24610
4 71258
4 51060
4 20526
2 64492
2 75376
2 67602
2 74196
4 90794
4 97232
4 31660
4 63132
4 64380
4 42830
4 75028
2 97086
4 83134
2 46480
2 96804
4 98656
4 68222
4 37548
2 19356
4 73808
4 57234
4 73378
2 71940
4 49402
4 96264
4 39052
2 68254
2 15778
2 3602
2 87322
4 35074
4 36022
4 66954
4 30836
2 43880
4 43166
4 99014
2 65292
4 8080
2 79162
4 38786
4 75006
4 75806
4 15914
2 19752
4 51618
4 73974
2 73124
4 16298
2 16776
2 30744
4 13194
4 1192
4 88552
4 28550
2 62676
4 31754
2 51176
4 79652
2 72204
2 18772
4 89376
4 80940
2 67018
4 4904
2 38748
2 45898
2 39302
4 20862
4 66230
2 67016
2 79278
4 22166
4 73980
4 90764
2 94980
4 12496
2 21324
2 23816
4 36644
2 18832
4 76178
2 38716
4 15442
4 53242
4 86976
2 10270
4 14098
2 24580
4 42450
4 94678
2 572
4 6716
4 60846
4 41542
4 27082
4 66710
2 85896
4 48518
4 55008
2 93986
2 7540
4 9730
2 83104
4 69466
2 80692
2 61382
2 6658
4 23488
4 56062
4 35550
4 28624
2 88594
4 65298
4 16980
4 57268
2 46542
4 51896
2 2610
2 82442
4 30896
4 55372
2 34520
4 88564
4 57904
2 81684
2 49078
2 23660
2 31802
4 4332
2 83148
2 96900
2 65332
4 91680
2 96420
2 18552
4 22478
4 74310
2 60964
2 84568
2 69980
2 55440
2 10962
2 70368
4 89016
2 36430
4 37452
4 46336
2 67906
4 25556
2 32680
4 29736
4 69188
4 80864
4 91472
2 23696
4 85448
4 31178
4 32820
4 31154
2 96400
4 51412
2 13882
2 54150
2 44610
2 81258
4 83574
4 76132
2 26510
4 20128
2 86190
4 56820
4 4818
2 93906
4 25950
2 94868
4 7638
4 98304
2 84816
2 10860
4 90024
4 60796
2 30250
4 43036
4 25982
4 63676
4 82404
4 88684
2 61754
2 61776
4 14700
4 79988
4 56640
2 31418
2 31428
2 60884
4 25626
4 88944
2 7670
2 36464
2 62614
2 71432
2 23794
4 11708
2 89996
4 33288
2 13834
2 55806
4 26464
4 21992
4 44836
4 95202
2 15600
4 42374
2 63994
4 45290
4 13910
2 5018
2 69614
2 52456
4 42574
4 6028
2 49616
2 64860
2 47286
2 90354
2 84666
4 16322
4 22994
2 95996
2 56388
4 72624
2 31666
4 62420
4 60918
2 25420
4 91064
2 45586
2 12454
4 8572
2 34540
4 61934
2 92122
4 32842
2 76102
4 31912
2 87252
4 57830
2 56630
2 34212
4 84844
2 7598
2 90562
4 1456
4 86918
2 84380
2 24314
2 13846
4 93362
4 2380
2 94502
4 25608
4 83608
4 1686
2 92988
4 92846
4 47306
2 36326
2 11254
2 16064
4 62626
4 20062
2 42202
4 31732
2 19850
2 30756
4 36668
2 68944
4 61806
4 5264
4 95000
4 63028
2 25762
2 67810
4 95742
4 56758
2 42872
2 15150
2 29776
2 70944
2 65170
2 88550
4 11130
2 34258
4 62836
2 66850
2 26024
4 97072
2 54664
2 28972
4 49046
2 49552
2 77420
4 31668
2 43062
4 53902
4 22282
2 29142
2 25942
4 1370
2 56478
4 58950
4 92248
2 44624
2 11054
2 62970
2 41346
4 61584
2 45132
2 35140
2 99300
2 11720
4 48502
4 91182
2 73804
2 10018
4 36548
4 77288
4 16916
2 83614
4 58362
2 43176
2 30278
2 80886
2 31218
4 17162
4 60778
2 36796
4 90254
4 33246
4 58222
2 77882
2 26822
2 40978
4 96910
4 3756
2 85988
4 76280
2 66070
4 71728
4 98050
2 82544
4 97302
4 71790
4 37854
4 46386
2 65904
2 3620
4 26802
2 95472
4 15048
2 10470
2 51042
2 2760
2 96388
4 13634
2 95732
2 28258
2 87870
4 8148
2 57554
2 96128
2 46514
4 42854
4 1226
2 45016
4 23552
2 17956
2 62500
4 61360
4 83680
4 78860
2 76148
2 64276
4 66812
4 68024
4 17224
2 61042
2 59116
2 91970
4 40360
4 76424
2 59708
4 85866
4 22464
4 25794
2 41214
2 24132
2 36806
2 81248
4 66400
2 89116
4 20014
4 36340
4 68982
2 86092
2 41132
2 8342
4 50406
2 46426
2 82158
4 68164
4 56090
2 80966
4 94262
4 81488
2 21396
2 80142
4 89484
2 52744
2 17912
2 29822
4 98786
4 95372
2 81102
2 82180
4 61260
2 9258
4 45682
4 94960
2 59166
2 17236
2 9186
4 96988
2 53876
2 73272
4 57310
4 14030
4 12494
4 10280
2 58976
4 9970
4 11786
4 93568
2 28502
4 31124
4 96814
4 19064
2 20812
4 2414
4 86390
2 27894
4 21596
2 2104
4 92364
2 24214
2 37722
2 19624
2 30040
4 9930
2 88292
4 4150
2 2502
2 70954
4 11714
2 88700
4 16340
4 19388
2 14904
2 49042
4 15692
4 9916
2 47224
4 7810
2 46924
4 57780
2 69198
4 12866
2 41920
4 73186
4 35096
2 91054
2 7678
2 13490
2 71152
4 15508
2 82024
4 56484
2 75886
2 118
4 21558
2 60510
2 45446
2 30062
2 70222
4 25396
4 25142
2 7870
4 10214
4 16766
2 15890
2 76364
2 67658
4 12376
2 48088
4 9334
2 35984
4 75240
4 5242
2 16576
4 98892
2 93642
4 57556
4 43720
2 26436
4 76664
2 49822
4 20966
2 242
2 3934
4 36798
4 61972
4 96510
4 27054
4 55250
2 22550
4 74726
4 65914
2 74328
2 94900
4 29236
4 76174
4 72950
4 23470
4 45544
2 13206
2 87898
2 87474
2 72232
2 80416
2 43728
2 27194
4 38302
2 67794
4 34716
4 14782
2 17048
4 35714
4 69678
2 71732
4 57514
4 48094
2 49760
4 17786
4 80680
2 81304
2 42896
2 75734
2 83086
4 62020
2 95596
2 57708
4 38116
2 23796
2 310
4 2272
4 31398
2 88928
2 78386
2 67296
2 92174
2 55502
2 26220
4 32626
2 5254
4 78566
2 83280
2 91616
4 26502
2 52858
4 57010
4 88060
4 43760
4 71282
2 48276
2 66016
2 77414
4 33240
4 67386
2 3528
2 16586
4 27086
2 39264
2 376
2 8022
4 93600
4 60016
2 86474
2 85324
2 62370
2 5710
4 31986
4 76034
2 33616
2 20
2 39596
4 826
2 60748
2 66510
4 5366
4 25470
4 97610
2 38288
2 60536
2 78888
4 23070
4 28618
4 16320
4 53210
2 98518
2 61884
2 45496
4 51562
4 74966
4 91988
2 86816
4 12884
2 53976
4 82148
2 81596
4 25018
2 94932
2 60568
4 84932
4 23058
2 94058
2 7120
2 92414
4 74168
2 11234
4 40478
2 34632
2 306
2 30162
2 81118
2 96762
4 14540
2 26904
4 6478
2 49636
4 93576
2 61264
4 19758
4 29458
4 35024
4 78532
4 41112
4 70696
4 70780
4 67670
4 83738
2 85914
2 10894
4 75660
2 62662
4 56300
4 30906
4 93762
2 16208
4 73276
2 16314
2 80504
4 98736
2 34904
4 89160
4 26522
4 35206
2 16430
2 73938
4 67542
4 60902
2 52044
4 21222
2 30706
2 70868
2 18498
4 19470
4 18036
2 69724
4 51164
4 9358
4 40650
4 57096
2 97476
2 40118
2 53808
2 21836
4 34764
4 1282
2 92466
4 91134
2 44104
2 7930
2 56354
4 21346
2 78766
2 65222
2 28446
2 5108
2 42006
4 4424
2 54352
2 5754
4 21172
2 44442
4 54390
4 43330
4 94542
2 5078
2 47222
4 67950
4 42150
2 35718
4 7542
2 80342
4 19068
4 69278
4 71322
4 45816
2 27414
2 41532
2 83414
4 39354
2 32778
4 87302
4 15732
2 14014
4 87844
4 14800
4 87720
4 20266
4 62312
2 33102
2 79770
4 53084
2 93922
2 37114
4 3494
2 58102
2 39296
4 66260
4 83624
4 22690
4 262
4 47944
4 72134
2 59398
2 99582
2 64306
4 92798
4 65896
2 43208
2 61026
4 74978
2 2396
2 45256
2 6276
2 86312
2 19076
4 82746
4 31484
2 73020
4 65300
4 80250
2 64194
4 51458
4 77480
2 39266
4 47814
2 93628
4 81814
2 8712
2 28582
2 71926
2 20460
4 86096
4 63086
4 46442
4 39366
2 68892
4 42758
4 26326
2 74792
4 69840
2 80432
2 46506
2 22332
2 33716
4 90406
4 55090
2 15556
4 46312
4 55190
2 24974
4 33178
2 3644
2 23946
2 69522
4 80862
4 74090
4 71582
2 76998
2 5206
2 14810
4 64188
2 14720
2 83212
4 96878
2 54716
4 98766
2 70924
2 6034
4 97920
2 15156
4 15160
2 33604
4 6926
4 73494
4 39950
4 7646
4 49362
4 55488
2 22258
2 91754
4 82362
2 61694
4 90948
4 53472
2 14256
4 34918
4 51340
2 73328
2 29930
2 96022
2 98690
4 19306
2 90298
2 69902
4 50676
2 17970
2 41186
2 71328
4 65670
4 50490
4 67490
2 3724
2 8900
2 83344
4 35286
2 9382
4 3262
4 37138
4 95760
4 73424
4 21432
4 59628
2 93212
2 4494
2 91044
4 24464
2 53346
2 528
2 80296
2 37128
4 6870
2 83676
4 32538
4 63080
4 30086
4 22924
2 36562
4 51038
4 36900
2 11944
2 55606
2 9170
4 22236
4 61100
4 98510
4 49720
4 44466
2 54348
2 1290
2 85094
2 91522
4 83144
2 3506
2 52394
2 3082
4 59962
4 30476
4 29232
4 37822
2 59376
4 16500
2 17312
2 56008
4 15178
4 19660
2 94002
4 98222
4 6486
4 97634
2 96134
4 35848
4 80634
4 13836
4 85370
4 54690
4 27702
4 70684
4 24058
2 870
4 46890
2 2958
2 99104
4 39484
4 16774
2 88374
2 9832
2 47696
2 23720
4 15208
4 47074
2 66764
2 95268
2 29980
2 82304
2 30462
2 43792
2 27508
2 18534
2 79726
4 14746
2 20176
4 5178
4 54404
2 7322
2 83616
4 97014
4 46876
2 64038
2 12580
4 43528
2 46438
4 4936
4 64892
4 52648
4 26574
2 35818
4 75922
2 67528
2 47630
4 12670
2 28102
2 16512
2 39186
4 22444
4 76410
4 58364
4 88934
2 7406
4 7952
2 87192
4 25168
4 67308
4 73058
4 98628
2 15204
2 94752
2 56504
4 86648
4 56134
2 63502
4 19922
4 38046
4 72396
4 75536
2 65130
2 8830
2 72480
2 62914
2 51800
4 24852
4 21102
4 96282
4 57258
4 85294
2 32614
2 64668
2 37906
2 3202
2 22242
4 8094
2 20372
2 9958
2 46742
4 7512
4 18686
4 47506
2 39010
4 36812
4 9674
4 56218
4 85872
4 63210
4 45068
4 4740
2 87488
4 68606
2 84606
4 28418
2 34596
4 68706
4 89568
2 7570
2 15830
4 45110
4 73420
4 89430
4 65054
4 60618
4 41126
4 9144
2 55536
2 67980
4 92278
4 42548
2 76288
4 9560
2 47058
4 77172
4 65932
2 57072
4 82158
2 64440
2 37440
2 3228
4 74946
2 93264
2 31714
2 60246
2 43648
4 24600
2 31394
2 93274
2 2880
2 10046
4 68150
2 53194
2 27884
2 3488
2 55158
4 2480
4 24714
4 97702
2 44904
2 812
2 34594
2 52494
2 8622
4 75254
2 16326
4 6924
2 14602
4 18568
2 82056
2 62654
2 11996
4 50996
2 6358
2 1230
2 93696
4 24268
2 78404
2 49812
2 65140
2 31292
2 90974
2 3070
4 16100
2 72674
4 83804
4 99060
2 60962
4 26816
4 13932
2 45088
2 15866
2 48812
2 41576
2 14838
2 60540
2 43520
4 46282
4 47560
4 20900
2 58488
2 58498
2 3728
2 52644
2 6214
4 44342
4 43520
2 22304
4 27234
2 89276
4 5204
2 69468
4 40056
2 32430
2 22688
2 78292
2 79832
2 75156
4 74606
4 79526
4 45004
2 24472
4 82752
4 95274
4 23862
2 78364
2 72886
2 59634
2 77666
2 24188
2 41078
2 89110
2 13638
2 50916
2 96292
4 85092
2 65734
4 39300
2 21802
4 97330
4 50084
2 30028
4 28760
2 19286
2 72524
4 56128
2 16676
4 2218
2 3666
4 94582
2 32692
4 78076
4 35160
2 31542
2 4634
4 35322
4 90380
4 17140
2 64388
2 84480
4 69576
4 30106
2 73322
4 74016
2 54196
4 66764
2 92508
2 83534
4 92852
4 76938
4 79168
2 50438
2 34090
2 93830
4 56334
4 54592
4 69460
2 20732
4 66060
4 77474
4 64492
2 69458
2 46282
2 14406
4 418
2 53408
4 54342
2 90592
4 62548
2 50120
4 16474
4 13694
2 2258
4 74118
4 4750
4 75986
2 6010
4 81294
4 45008
2 5376
2 22260
4 97542
2 84018
4 92026
4 39510
4 53324
4 17040
2 7502
4 93566
4 81288
4 11356
4 42586
2 97272
4 69252
2 96876
2 86192
4 9898
2 3518
4 21450
2 82600
2 90770
2 21730
4 89900
4 27572
4 34196
4 4080
4 19304
2 48956
4 43266
4 70374
2 18372
2 4618
4 27078
2 95948
4 61872
2 86194
4 10696
4 76668
4 43072
4 1344
4 85202
4 62492
2 37520
4 97236
2 13634
2 81792
4 66074
2 3160
4 22000
4 18810
4 6660
4 54946
2 92452
2 85742
4 43822
2 73018
4 99292
4 4654
4 90004
4 25808
4 79016
2 29420
4 13186
4 62288
4 69222
4 47108
4 20120
4 6368
2 53882
4 30912
4 46650
4 28488
4 17844
2 13038
2 16232
4 95848
2 57786
4 90746
2 82564
4 58194
2 93426
4 2732
2 94254
2 20252
4 68836
2 11614
4 24240
2 35282
4 22170
4 43788
4 63546
4 27706
2 29416
4 54718
2 86566
4 3810
4 17568
4 632
4 79156
4 67376
2 50774
4 78694
4 23368
4 12578
2 5036
2 82132
2 92502
2 39724
2 83472
2 52634
4 31038
2 7056
2 72580
2 20026
4 47714
2 60954
2 83890
2 120
2 20746
2 12448
2 45218
4 34
2 50078
4 43860
4 80872
4 15454
2 64822
2 64404
2 40662
4 87914
4 89736
4 49742
4 58220
2 10984
2 56244
4 90564
2 97070
4 36066
2 42842
4 61764
4 43226
2 20916
2 66534
4 25414
2 60004
2 95006
2 8812
4 88764
4 78760
4 24436
2 80902
2 51184
2 14766
4 57972
4 1198
4 86442
4 9064
2 52396
4 53820
2 50144
2 38576
2 94744
2 31562
2 35042
2 80672
2 26618
4 26528
2 29846
2 40376
2 80456
2 97462
2 46280
4 31830
4 508
4 34868
2 89218
2 90850
2 84952
2 67414
4 16370
2 68914
2 11164
2 79710
2 23950
4 83506
2 4834
4 49958
2 70650
4 42604
4 65212
2 38732
4 30534
2 79652
2 75066
4 22830
4 92528
4 19246
4 13576
2 32342
4 56710
4 27838
4 24054
2 24278
2 93970
4 76318
2 59674
4 60726
2 57118
2 56186
4 88598
2 30440
2 51936
2 43740
2 20242
2 82978
2 38900
2 12584
4 88922
2 5274
2 37148
2 35858
2 52476
4 77340
4 64072
4 23936
4 30704
4 34892
2 23304
2 5526
4 22626
2 94046
2 48864
2 33680
4 79190
2 19792
2 90124
4 70828
2 53722
4 80834
4 8968
2 67484
4 59530
2 78438
4 48024
4 28732
4 6848
4 68412
2 99982
2 99200
4 87038
4 17292
2 97064
2 71156
2 71154
2 76436
4 23738
4 24306
4 89464
2 73106
2 46244
4 2926
2 85318
2 11796
4 27034
2 14468
2 55226
2 57692
2 54806
2 27266
2 93924
4 98354
2 92134
2 26068
4 54034
2 6646
4 5948
2 54102
4 73776
4 4354
2 4952
4 29786
2 85906
4 50360
4 65152
2 82760
4 42624
2 16756
4 72284
2 55634
2 84054
4 51074
4 93318
2 7756
2 17650
4 30978
2 19402
2 84874
2 56714
4 5662
4 10330
2 32206
4 58662
2 77432
4 61702
4 17342
2 65008
4 95956
2 2044
2 27950
2 37362
2 50782
2 26652
4 46106
4 78172
4 42532
4 84660
4 35762
2 25188
4 21934
4 13310
4 37194
2 71162
4 39416
2 12564
2 92410
4 19020
2 78388
4 59650
4 38352
4 68946
2 97804
2 98088
4 53548
2 32986
4 84492
2 26704
2 83058
4 7510
4 20984
2 92558
2 91548
4 3560
2 73606
4 8802
4 75328
4 59666
2 85238
2 97186
4 40116
4 38378
4 87568
2 96978
4 31186
2 12884
2 10056
4 17098
2 64842
2 24392
4 61534
4 85578
4 23036
4 22834
4 39892
2 93016
2 1324
2 88288
2 14770
4 95368
4 72078
4 73352
4 25680
2 36450
4 40766
2 3442
4 88604
2 27244
2 52584
4 48906
4 76342
2 26482
4 34782
2 11694
4 73498
2 81038
2 91012
4 54366
4 83320
2 67848
2 48340
4 45800
2 70502
2 38036
4 10006
2 60326
2 53188
4 28834
4 59160
2 11636
2 52492
4 91864
2 53522
2 50682
2 57902
4 98798
2 91438
2 13648
2 73716
4 93452
2 62962
4 72860
2 69078
4 892
2 31048
2 82648
4 33746
4 24312
2 67268
4 39964
2 4214
2 45300
2 83598
2 40510
4 52836
4 25938
2 8110
4 25376
2 32050
2 84434
2 9622
4 24550
2 8312
4 38578
4 30474
4 66828
4 42468
4 47892
4 48314
2 87194
2 14786
4 97290
2 24136
4 74508
4 46192
4 25646
2 57648
2 30246
2 11252
2 97210
4 19784
2 78934
4 9488
4 67430
4 21244
4 84816
2 68038
4 89952
2 50422
2 41962
2 89676
2 87652
4 76310
4 38344
2 85722
4 3884
4 4668
4 55592
2 52292
2 23508
4 94256
2 52382
2 85756
2 81442
4 6876
2 11778
4 60640
2 69846
4 96770
2 36668
4 77208
4 94464
2 40824
2 9552
2 46476
4 26948
4 49218
4 51170
2 98376
4 93796
4 10396
2 95272
2 28980
2 45634
2 32696
2 43036
4 9216
4 43806
2 75616
4 67508
4 84804
4 47064
2 12460
4 85624
4 58910
2 18484
4 44856
2 60094
4 30672
4 43546
4 36908
2 81622
2 12080
2 78554
4 5698
2 69994
2 20990
2 67938
4 22852
4 68044
2 36402
4 2364
4 50600
2 53050
2 6588
2 62892
4 93994
4 25538
2 33264
2 4286
4 36764
2 69166
2 58390
4 32140
2 27538
4 81358
2 55652
4 75476
4 86208
4 37702
4 76868
2 92520
2 21406
4 37016
2 60910
4 33298
4 5134
2 85004
4 42034
2 42510
4 79064
2 85960
4 92858
4 23380
2 31398
2 8290
2 23052
4 80822
4 2130
2 60680
4 62360
4 92756
2 64004
4 83250
4 21962
4 70758
4 76458
2 43558
4 35180
4 42648
2 44528
4 16694
2 70120
4 68318
4 1064
4 20122
2 14324
4 7964
4 96024
4 96846
2 28362
4 83054
2 87158
4 45578
4 46972
2 91844
2 87874
2 89642
2 43824
2 78152
2 87768
2 26844
4 51552
2 9930
4 3468
2 18446
4 58888
4 8792
4 64308
4 28868
4 95122
2 11698
2 10758
2 84760
2 3780
4 6328
2 41352
4 14798
2 1812
4 14868
2 2160
4 58420
2 57272
2 12930
4 73658
4 70982
4 62938
4 46758
4 56556
4 72872
2 39542
2 56808
2 20862
2 46298
2 76130
4 32612
4 69426
4 88970
4 33192
2 68498
4 30576
2 89934
2 4482
4 45624
2 45018
2 1820
2 55054
2 16990
4 6082
4 90094
2 55460
2 98502
4 12828
4 19528
2 88218
4 39100
2 98668
2 85540
4 73118
4 42042
4 37934
2 36790
2 61010
2 30366
2 53344
4 5594
2 92154
2 89612
2 29722
2 95702
2 69942
2 15868
2 72044
2 29782
2 26168
2 10434
4 87396
2 74768
2 80228
4 32912
4 95340
4 58642
4 91668
4 8482
2 5970
4 65832
4 61730
2 73440
4 15214
4 18506
4 42070
4 11208
4 72554
2 41048
2 61182
2 36824
2 47242
4 870
4 32222
2 67644
2 13478
4 71988
2 64816
2 60726
2 14296
2 87048
2 12662
2 71606
2 5812
2 58588
4 99778
4 66224
2 76078
2 4858
2 83504
2 84182
2 29952
2 33694
4 47260
2 89202
4 53580
2 10794
2 45638
2 69274
2 84648
4 55498
4 52764
4 62638
2 33086
2 20092
4 9696
2 39040
4 41028
2 18540
2 9860
2 68984
2 11674
4 45488
2 64622
4 41202
2 54304
4 98136
2 48450
4 89850
4 17448
2 71356
2 25404
4 130
2 99874
2 18078
2 29700
4 35546
2 674
4 99886
4 57868
4 46516
2 2068
2 74404
2 24942
2 62634
4 42810
4 5704
4 34836
4 9994
2 19326
4 2584
2 52138
4 6014
2 87630
4 32198
4 77394
2 97106
2 54394
2 43906
2 6240
2 19630
4 26676
2 32644
4 26650
4 79736
4 46328
2 10790
2 22430
4 64932
2 33654
2 53508
2 37934
4 26382
2 91152
2 19618
2 42932
2 17872
2 93988
2 83222
4 43698
4 49156
2 45980
4 95020
4 32866
2 78248
4 47702
4 92968
4 77492
2 54306
4 9430
4 55540
4 59254
2 98906
2 20852
2 54894
2 4954
2 84498
4 32246
4 76326
4 51816
4 1038
4 16982
2 16206
2 67488
4 92498
2 22024
2 89966
4 29112
2 5648
2 83976
4 51082
2 87140
4 99126
2 69690
4 92814
2 63888
2 1262
4 60222
2 76926
4 15170
4 68864
4 85096
2 6158
2 44258
4 86198
4 82260
2 82170
4 6702
2 22234
4 56702
2 12388
2 64156
4 35268
4 41002
2 57192
2 97926
4 98640
2 70730
4 86636
4 37592
4 31056
2 2882
4 92432
2 48254
4 52382
2 59886
2 2288
2 46128
2 82926
4 52958
2 49142
2 30910
2 43164
2 66898
4 1246
2 66826
4 62226
2 80640
2 71202
4 88528
4 82812
2 96634
4 85778
4 85172
4 64064
2 68100
4 52182
2 32010
4 69122
4 89274
2 89316
4 30430
2 55378
2 47506
2 99020
4 28010
2 24126
2 16066
2 38804
4 62262
4 67448
4 32868
4 40388
4 84490
4 27914
4 830
2 79574
4 41766
2 92724
4 14598
4 36934
4 51778
4 44810
4 45658
4 12064
2 51730
4 86420
2 62762
4 31560
2 93004
4 76994
2 29364
2 27526
2 76928
2 30796
2 36290
4 61238
4 37026
2 82262
2 40280
2 86688
4 95548
2 2658
4 14568
2 3364
2 70444
4 83012
2 76032
2 63922
4 85522
4 32546
4 57844
4 14146
4 86336
4 34796
2 28752
4 90052
4 12962
2 92488
4 24164
2 2582
4 70870
4 43912
2 74618
2 69350
4 45070
2 23898
2 34700
4 95738
4 76008
2 60232
2 27892
4 3750
4 28528
2 65524
4 94898
2 99296
4 83676
2 5908
4 13300
2 41872
4 23422
2 94604
4 62218
2 84994
4 42882
2 84364
4 7792
2 37022
2 902
4 15318
4 94644
2 67148
4 20378
4 51498
4 10018
4 52086
2 86584
4 80752
2 46806
4 83072
2 51974
4 90580
4 40350
2 43912
2 92008
2 85074
2 41038
2 68926
4 18106
2 59560
4 70394
4 48336
2 60926
2 71624
2 14856
4 62150
4 43808
4 74896
4 16436
4 95538
2 65574
2 37910
2 68558
4 22030
4 29454
2 4538
2 57764
4 55878
4 33186
4 10820
2 712
4 28494
4 59826
2 71668
2 76142
2 69120
4 3150
4 29604
4 33644
2 43150
2 63168
2 36412
4 1930
4 29406
4 48730
2 46720
2 31896
4 1480
4 89232
2 45778
2 3098
4 11666
2 97346
2 31204
4 94806
2 54456
2 62378
2 82516
4 89774
2 49846
2 14926
2 2330
4 91088
4 8110
4 61082
2 80980
4 36086
2 19700
4 16400
4 71574
4 90226
2 45716
2 66864
2 2976
2 45942
2 14108
4 93834
2 74766
2 45134
4 42708
4 33102
2 10514
4 61728
4 71334
2 86228
2 9642
2 16222
4 37396
4 88314
4 83940
2 13114
2 84914
4 89496
4 22980
4 84650
2 91188
2 38542
4 53738
2 21154
4 22210
4 61432
2 14862
2 16710
4 67626
2 2328
2 18758
2 99100
4 14010
4 80342
2 77738
4 72722
4 30378
4 81792
4 32018
2 70350
4 89968
2 27430
4 42736
2 10880
2 71316
2 55798
2 77822
4 38868
4 54894
4 45332
4 19786
2 58008
4 39106
2 8274
4 26614
4 2666
4 17252
4 2430
4 10082
4 25714
4 4990
2 13466
4 72192
2 54412
4 53224
2 8958
2 81122
2 88068
4 95730
2 30338
2 57658
4 79456
2 69304
2 44900
2 56802
2 8716
2 8528
4 3722
4 88576
4 81286
2 59978
4 74988
4 38076
2 98492
2 41732
2 45894
4 25768
2 27044
4 97486
4 33506
2 75770
4 88864
2 15850
4 27128
2 79838
2 35358
4 26998
2 45138
4 72306
4 67502
4 89458
4 74666
2 46324
4 29180
4 27420
2 46040
2 27882
4 42442
2 36990
2 59602
4 67752
2 77816
4 30310
4 2658
2 25138
2 50006
2 47032
4 52028
2 25442
2 55970
4 75496
4 50928
2 15292
2 8366
2 3884
2 20466
2 65658
2 84302
2 23974
4 41166
4 83122
2 39202
4 13744
4 44594
2 18304
4 73892
2 19112
2 61306
4 33888
2 91300
2 26986
2 1332
4 76400
2 67328
4 46584
4 3736
4 66156
2 33024
4 14426
4 246
2 25014
2 18568
2 64248
2 90606
2 83290
2 84256
2 49530
4 78926
4 1194
4 38778
4 99074
2 20844
4 86960
4 26330
4 52250
4 14614
2 88172
4 61582
2 6080
2 63552
4 24300
2 11226
2 23918
2 12698
2 65848
4 90324
2 76360
4 7832
2 52526
2 22926
4 50416
4 25852
4 71418
2 20030
4 79604
2 5852
4 99878
2 62428
2 33302
2 87724
2 61086
2 14994
4 66582
2 57626
4 57782
4 91968
4 79950
2 97834
2 54912
2 25746
2 746
2 45628
2 924
4 38964
2 67696
2 27956
2 15144
2 54016
4 76734
4 49608
2 87600
2 95860
2 49848
2 89140
2 46494
2 95278
4 72074
4 75048
4 54912
2 97034
2 26100
4 91726
2 91342
4 76370
4 71262
2 94264
4 21340
2 72698
4 39688
4 69344
4 44772
2 48054
2 6770
4 59140
2 74656
4 28274
2 34130
4 64286
2 798
2 48114
2 25144
4 75528
4 9708
2 44374
4 39926
2 54686
4 60510
2 706
4 99496
4 4664
4 8496
4 92672
2 30654
4 86262
2 20320
4 76874
2 47920
4 3294
4 30460
4 65478
2 98244
2 43670
2 60444
2 30064
4 78120
4 46288
4 43212
2 76116
4 24156
4 6386
2 61222
4 92602
4 60598
4 68236
2 15642
4 55116
4 75916
2 69104
2 4524
2 22950
2 59588
4 28500
2 18882
2 98578
2 42984
4 59294
4 92422
2 75214
4 83026
2 23088
4 61152
2 28160
4 52266
2 92146
2 75854
4 29300
4 56972
4 39392
4 73028
4 85236
4 91640
2 32984
2 18740
2 21662
4 5622
4 64468
2 16982
4 53742
2 79400
4 99976
2 90768
4 52302
4 55352
4 75430
2 11384
4 99636
2 50630
4 68670
4 93802
2 94960
2 58824
4 94234
2 37308
4 35614
2 82068
2 22406
2 83908
2 17184
2 36358
2 35698
4 23420
2 31644
4 18184
4 16354
4 91236
4 37134
4 41098
2 13682
4 34964
2 36170
4 38880
4 15704
2 536
2 19416
4 29410
4 7482
2 72784
2 12578
4 91072
4 478
4 76050
4 8400
4 32510
4 65922
4 65014
4 56912
4 38864
2 35714
2 60606
4 90704
2 57894
4 62044
4 88274
4 47694
4 95716
4 79562
4 73608
2 41544
2 26372
2 74956
4 59206
2 89114
2 48988
2 63642
4 65408
2 59028
4 22906
4 35548
4 72784
2 24514
4 7842
4 17170
4 46448
2 88310
4 70932
2 47240
2 40070
4 41074
4 80654
4 39672
2 71354
2 25270
4 80590
4 93724
4 77148
4 97276
4 94978
4 22774
4 38136
2 38216
2 89418
4 3752
4 80728
4 5906
4 20650
2 36508
4 90596
4 59108
2 66536
4 58186
4 67884
4 77890
4 49134
2 94544
2 26792
2 77894
4 80502
2 3322
2 99116
2 45476
2 7430
4 71512
4 16970
2 77060
2 58704
2 16188
2 62808
4 78476
2 76906
4 40048
4 74496
4 46842
4 21378
4 34558
2 47384
2 38484
4 13206
2 44254
2 71942
2 47694
2 51802
4 46086
4 31064
4 30660
4 88544
4 31240
2 98040
2 41574
4 45690
2 22168
2 4226
4 36606
2 65962
2 42264
4 25410
2 60332
4 18622
2 3736
4 10348
4 6446
4 9974
2 3746
4 98714
4 45486
2 26854
4 5442
4 63572
4 56286
4 43026
4 40658
2 42484
4 29332
4 92314
2 148
4 56634
2 93312
4 59332
4 42332
4 97536
4 26874
4 17970
4 92454
4 51410
2 84124
2 70152
2 43466
4 92456
4 26110
2 3306
4 38118
4 75938
4 50640
4 1774
2 70824
2 2226
4 98184
4 33280
2 77876
2 79646
4 80494
4 25928
2 72116
4 84358
4 30026
4 86462
4 82802
2 39702
4 52576
4 58728
4 78112
4 65166
2 61584
4 68784
2 28298
4 24342
4 18584
2 66708
2 24750
2 63276
4 82210
2 8604
4 28866
2 79744
4 748
4 5350
4 35188
4 83264
4 9356
2 45822
2 22908
4 66836
4 49314
2 14120
2 34082
2 17652
2 43922
2 52460
2 9074
4 60002
2 99456
4 82690
2 18826
2 21856
4 75368
4 46096
2 14188
2 33908
4 39916
2 79042
4 29110
2 68142
4 46202
4 88374
2 41234
4 96442
4 57814
2 83780
2 61838
4 34662
2 71900
4 2906
2 97308
4 10962
2 38640
4 99950
2 7042
4 61280
2 84070
4 67446
4 4682
2 39590
2 51088
4 8412
2 9500
4 99574
2 40010
4 86978
2 37140
4 40088
2 13014
2 59548
2 7438
2 16514
4 3766
4 26204
4 93494
4 35152
4 92900
4 17624
2 22330
2 9434
4 72258
2 4928
4 16080
2 67310
2 97018
4 75970
4 58200
4 36822
2 26104
2 76838
2 49836
4 7612
4 59068
4 43370
2 2572
2 52694
4 31280
2 74764
2 45820
4 11434
2 38280
4 20868
2 63460
4 66274
4 56696
4 93390
2 64852
2 86124
2 85386
2 21104
4 33488
4 92310
2 72314
2 79548
4 28064
2 59722
4 53616
4 4286
4 63766
2 87790
4 72458
2 96272
2 43122
4 56052
2 18188
4 17922
2 11118
2 20986
4 79786
2 91666
4 16200
4 76398
4 81742
4 64666
2 86494
4 36928
2 24898
2 58504
2 64484
2 68350
4 14902
4 99268
4 96644
2 71412
2 16790
2 82678
4 78430
4 58600
4 50692
2 55250
2 1326
4 60692
2 54572
4 91232
2 86628
4 26668
4 81880
4 12792
2 88148
2 15128
2 78022
2 72496
4 51202
4 54876
4 44108
4 74948
4 7904
4 42086
4 57810
4 2566
4 32672
4 93658
4 35826
4 34044
2 5222
2 97920
2 58370
4 37368
2 90026
2 80870
4 56248
2 75324
4 36674
4 23878
2 68636
2 26816
4 22468
2 93246
4 40150
2 82084
2 94402
4 79768
4 56770
2 73692
4 68534
4 47410
4 10952
2 63816
2 43182
2 4908
2 23962
2 53908
4 75706
2 76342
2 55216
2 16346
2 29530
2 2252
2 74958
2 292
4 99692
2 94870
4 17828
2 54358
2 2884
2 93904
2 12280
2 18260
4 53632
2 44760
2 56444
2 91564
4 62010
4 74394
4 41490
2 39924
4 25166
4 73664
4 85932
4 22590
2 87628
2 73302
4 21868
2 54706
2 98912
4 75218
4 97336
2 73276
2 15522
2 2194
4 54922
4 57174
2 18620
2 28682
4 51212
2 12424
2 3938
4 8866
4 74914
4 71680
4 91194
2 23358
2 41670
2 62090
4 14580
2 75682
2 11196
4 21084
4 5182
4 51940
2 482
2 8954
2 27196
4 83222
2 34218
2 80072
4 16156
4 66350
4 78568
2 70184
4 93382
2 78626
4 95338
2 22414
2 95590
2 86460
4 23714
2 9232
2 96002
2 72144
2 96284
4 89370
2 57610
4 35862
2 17100
4 36494
2 57506
4 23800
2 36400
2 31284
4 88926
4 70904
2 82612
4 47014
4 8286
2 80260
4 13404
4 1200
4 38048
2 77832
2 39400
4 67314
2 13696
4 2154
4 23256
4 11486
2 89210
2 28338
4 37150
4 58736
4 93352
4 88632
4 42814
4 73044
4 28218
2 34358
4 77828
4 18148
4 70634
2 8518
2 44320
4 21644
4 46108
2 71406
4 33692
2 50674
2 9684
4 93274
2 42252
2 50236
2 33412
4 55486
4 89268
4 83048
4 16870
4 54824
4 54536
4 15504
2 57824
2 34636
2 48468
2 99010
4 19164
2 19226
2 32448
2 83362
2 22376
4 81444
2 47550
2 36210
2 71722
2 60986
2 47070
4 64560
2 88426
2 20434
2 13246
4 60928
2 422
2 89356
2 35334
4 44076
2 23456
4 64994
2 96534
4 28062
2 54484
4 7920
4 26542
4 60106
4 74622
2 94456
2 52912
4 40538
4 88422
4 45238
4 42108
4 79018
2 28780
4 12050
4 44938
2 5896
2 70988
4 22686
4 69810
2 89496
4 60912
2 89448
2 67798
4 13782
2 83752
2 68504
4 16342
4 18328
2 66626
4 83838
4 26192
4 93422
4 52110
2 42084
2 35852
2 61400
4 91772
4 81008
2 40290
2 49310
4 93136
2 70104
2 14454
4 75704
2 82672
2 73138
4 13144
4 23330
4 76688
2 63678
4 87068
2 15162
2 57300
4 47764
4 79658
2 34300
4 38764
2 58228
4 28012
2 54090
4 79648
4 84532
4 27178
4 56982
4 50290
4 94700
2 96568
2 566
2 54816
2 88510
4 4976
2 43082
4 10166
2 75472
4 33906
4 93688
4 76268
4 43874
4 25662
4 41818
2 34498
4 278
4 74688
2 28742
4 74452
2 96204
4 65216
4 51652
2 55354
2 99912
4 22020
2 62168
2 62076
2 80200
2 61410
4 44552
2 95100
2 44310
4 34290
4 93652
2 27422
2 9818
2 11078
4 49624
2 31000
4 98396
2 44790
4 9770
4 75260
4 3572
4 75072
2 70468
2 21450
2 55706
4 39776
4 86580
2 32850
4 69968
2 27548
2 24244
2 11580
4 76316
2 90168
2 56044
4 41368
4 65590
4 56028
4 48126
2 45436
4 95774
2 17714
2 70958
2 59796
2 32836
2 19062
2 40998
4 46456
2 26540
4 32082
4 32148
4 45814
2 1700
4 29448
2 11832
2 34010
4 75858
4 78336
2 46850
2 71784
4 92192
4 32586
4 9678
4 78212
4 28038
4 17998
2 8112
2 78048
2 49722
2 2232
4 71018
2 80514
2 97606
2 7880
4 68422
2 24958
2 7612
4 75312
2 14138
4 50898
4 75238
4 18222
4 84940
4 70928
4 39430
4 44346
2 54382
4 29198
4 27112
4 35846
2 13078
4 76982
4 92098
2 6516
2 44726
4 35200
4 4596
4 94166
2 7942
2 35068
4 56174
4 15072
2 10722
4 17986
2 63630
2 70496
4 85240
2 70934
2 89814
4 44990
4 63378
2 29852
2 35372
2 78750
2 65748
4 2594
2 65242
4 17200
2 55960
4 55340
4 32766
4 8676
2 77460
2 76668
4 6452
2 57338
2 16352
2 29228
2 56068
4 59212
4 73790
2 19462
4 78774
4 48226
2 7634
2 35458
4 28368
4 92434
4 32370
2 23888
4 76952
2 56038
2 90186
4 92388
2 81656
2 77466
2 39614
4 24760
2 78608
2 22164
4 57706
4 96700
2 34136
4 60768
2 97420
2 38072
4 24896
2 3944
2 43384
4 96476
4 40532
2 7672
4 54020
2 28880
2 67360
4 60646
4 88302
4 8034
2 79992
2 61656
2 69212
4 76256
4 75194
4 7310
4 61088
2 27776
2 39886
4 92912
2 46354
2 23672
2 3894
2 94512
2 8358
2 84130
2 25870
4 50108
4 71384
4 54948
2 33292
4 69762
4 35822
2 8272
4 75998
2 67862
4 88664
2 38452
4 19022
2 28542
4 87450
4 96422
4 74308
4 55858
2 14390
2 33736
2 74986
2 12440
2 15174
2 25094
2 84016
4 59700
2 74154
2 80066
2 42274
4 58762
2 18476
4 18298
4 48292
2 69952
4 42896
2 62940
2 29188
2 13836
4 57634
4 17450
4 48924
2 15446
2 80502
4 32990
2 30832
2 88824
2 66254
2 72718
2 33496
4 8336
4 19746
4 29882
4 12184
4 662
4 55042
4 86128
2 9744
4 53964
2 89044
2 31118
2 13426
2 87646
2 58184
2 26768
4 88924
4 89036
2 54886
4 78724
4 98370
4 24778
2 70536
4 77084
4 16308
2 5032
4 94588
4 37930
4 70784
2 92714
4 76502
2 27084
2 72840
2 75056
4 16406
4 85882
2 38122
4 13676
4 59966
2 53532
4 94422
4 58184
4 68210
2 294
2 11062
4 73722
2 57604
4 63736
4 21510
4 93816
4 49866
4 93436
4 79390
2 28756
2 63104
4 25850
4 21168
4 14644
2 34232
4 53926
2 67006
2 89940
2 27704
2 55868
4 46970
4 10462
4 46904
4 36620
2 19518
2 38222
4 31548
2 30830
2 80468
2 43876
2 11186
2 38010
4 2510
2 2128
2 56742
4 62584
2 94802
4 47520
4 73308
4 92802
2 63236
2 78986
4 43326
2 13656
2 77270
2 97130
4 44620
4 41370
2 87380
4 59080
4 56390
4 602
2 47454
2 75432
4 58368
2 54904
2 63656
4 57612
4 83346
4 27210
2 83626
4 68156
2 97622
4 33548
2 34672
4 55256
4 47952
2 82006
2 69828
2 24294
2 42882
4 88486
4 49022
4 41638
2 94042
2 2750
4 1024
2 64482
2 21514
2 63880
2 48754
2 1770
4 96406
4 25730
2 17452
2 7964
4 50946
2 76950
2 75160
4 68338
2 714
2 76774
2 74912
2 35742
2 46582
2 85508
4 89110
2 29404
4 78238
4 42666
4 12608
2 21972
2 51810
4 1066
2 54074
2 8494
2 97968
2 90340
4 99716
4 38254
2 88626
2 61248
4 70894
2 6526
4 84762
2 89488
4 3156
4 9022
2 65534
2 45320
4 64632
4 46672
2 39648
4 65026
4 68688
2 47128
4 52166
2 48278
4 19000
4 29598
4 14722
2 30804
2 1750
2 76690
2 48202
2 72392
4 50658
4 11940
4 60986
4 34642
2 5050
4 23486
4 54184
4 25990
4 5658
4 7662
4 92054
4 46082
4 39242
4 43278
2 46088
2 34246
4 46582
2 55210
2 17864
2 42590
4 80944
2 66124
4 86656
2 92120
2 60406
2 67612
2 36254
2 24076
2 31442
4 98
4 48616
4 64522
4 48304
4 91910
4 99804
4 22104
2 82872
2 81856
2 65046
4 50914
4 49110
4 69280
2 90118
2 84734
4 9896
2 36858
2 89974
4 87238
4 43982
4 13238
2 95086
4 50382
2 68106
4 40002
4 79916
2 86320
2 56560
4 14274
2 98410
2 50608
2 31094
4 93358
4 78862
4 60950
4 31284
4 63284
4 15612
2 15272
2 55624
4 74876
4 56694
2 32812
4 35266
2 31998
4 89198
2 23840
4 71800
2 31622
4 98824
4 93634
4 98166
4 10706
4 83442
2 51446
4 64136
4 82336
4 3208
2 57602
4 16348
4 90342
4 35616
2 43610
4 64652
2 22944
2 79798
2 20904
4 15746
4 47912
2 99340
2 59392
4 79248
2 46286
4 26858
4 73570
4 13712
4 35452
2 3544
2 3416
2 97872
4 84806
4 15308
2 90806
2 39816
4 5598
2 30748
4 47432
4 81780
2 62630
2 22548
4 77518
2 15068
2 71278
4 74798
4 3774
2 55086
4 35996
4 44114
2 28892
2 11428
4 13994
2 15554
4 53786
2 44278
2 3992
4 99888
2 29336
4 82420
4 94218
4 26642
4 52788
4 6736
4 21296
4 32954
4 18334
2 97778
4 56900
4 28532
4 74110
4 63368
2 2214
2 74310
4 50304
4 92848
4 24050
4 48048
2 90792
4 54776
4 44438
4 11352
4 53994
4 94424
4 83422
2 76742
2 76136
2 11088
4 21760
4 67708
4 3098
4 35312
4 82606
4 22284
2 16548
2 9576
4 34724
4 16158
4 22366
2 93134
2 52252
2 2552
2 16282
2 83180
2 38950
2 46080
4 26004
2 27246
2 78646
2 66956
2 64890
2 79564
2 43380
4 38408
4 5286
2 80994
2 48764
2 76404
4 50160
2 34576
2 94112
4 80870
4 23024
2 97460
2 85016
2 26898
4 7890
4 59678
4 97794
4 83236
2 41238
4 88796
4 25320
2 68466
2 83210
2 80150
4 21326
4 36206
2 88720
2 97060
4 77134
4 17496
4 83572
2 8688
4 80538
4 25092
2 48350
4 38274
2 96304
4 89184
4 86966
4 89936
2 75424
4 91318
4 29464
2 82330
2 88320
2 98300
2 99882
4 80424
4 75202
4 12928
4 69950
4 19986
4 55980
4 94676
2 2178
4 41980
4 67040
2 40552
2 19748
4 94550
2 51768
2 94830
4 26646
4 31232
4 62982
4 8574
4 98254
4 82286
2 7092
4 64902
2 27290
4 74474
4 76826
4 31588
2 37672
4 5494
4 82288
4 87774
2 9566
2 4154
2 28270
2 46094
2 25092
2 25396
2 76376
2 92392
4 58308
2 99000
4 25232
4 95132
4 66428
2 37450
4 96978
4 91014
2 42080
4 50924
4 80226
2 64186
2 61116
4 77992
4 73252
4 95834
2 38002
4 77056
2 30290
4 45930
2 97416
2 11866
4 59266
4 97118
2 32238
2 94358
2 26250
2 41174
4 38642
4 42190
2 20876
2 72478
2 82080
2 49890
4 38214
2 89818
2 77740
2 88030
2 93836
4 29936
2 43996
2 37936
4 76494
4 24488
4 81882
4 76046
2 67596
4 13124
2 12264
2 21222
2 43088
4 22856
2 69030
2 28500
2 51598
4 96710
2 77994
4 12798
4 82106
4 61266
4 39462
2 3232
2 198
2 35762
4 78224
4 77338
4 29210
2 20918
2 58436
2 62182
2 30944
2 16686
4 53000
2 24976
2 70254
4 17944
4 1416
2 32730
4 79148
2 79068
4 25744
2 46110
4 48234
2 66738
2 4626
2 14472
4 40996
4 54564
2 7676
4 64770
4 68684
2 37524
4 70646
2 18608
2 28286
4 38138
2 30888
2 10624
4 1822
2 63970
4 93542
4 99270
4 1772
4 14918
4 80942
2 43910
4 21858
2 73544
4 86860
2 42238
4 474
4 18970
2 19222
4 24986
2 95872
4 23098
4 37726
4 74982
4 49638
4 92812
4 78472
4 47106
4 95630
2 97066
4 14142
4 86846
4 97068
4 81248
4 54308
2 72020
2 5304
2 74146
2 20376
4 63700
2 99450
4 51712
2 21922
2 72512
2 98574
4 16210
4 65430
4 81576
4 62952
4 47048
4 76312
4 96504
4 8176
4 86368
2 91368
4 7744
4 77150
2 95966
4 3338
2 93570
2 50724
4 3336
4 55944
4 24534
4 2486
4 86016
2 76916
4 77648
4 37398
4 15594
4 91666
2 57746
2 52518
4 5210
2 80358
4 45966
2 35980
4 66340
2 6964
2 55552
2 67188
4 72710
4 12870
4 69310
2 19176
4 2250
2 6364
4 27892
2 48226
2 24112
2 17960
2 97780
4 64576
4 66416
4 39396
4 41564
4 69962
4 30372
4 26746
4 62294
4 74388
2 40538
4 27258
4 82978
4 59326
4 63260
2 70380
4 62860
4 78156
2 32378
4 10570
4 43360
2 81078
4 34394
2 53474
2 71984
4 99128
2 39626
2 81308
4 57244
4 58840
2 38012
2 62932
4 81986
2 80334
2 88612
4 20136
4 53874
4 26880
4 84548
2 93878
2 2364
4 70760
4 11536
4 57320
2 36242
4 26434
2 79246
2 47174
2 22
4 73200
2 35062
4 91080
2 56776
2 16964
2 61528
2 1428
2 65792
2 60234
2 6952
4 73642
4 44778
2 92084
2 80136
4 91136
4 81824
2 72170
4 17620
2 14962
4 44080
4 82766
2 15566
4 16268
4 6912
2 5408
4 15972
2 39050
4 37736
4 66508
4 97590
4 55140
2 12552
2 59038
2 84436
2 92612
4 33504
2 27260
2 81522
4 72320
4 45426
2 87094
2 98608
4 60800
2 31574
2 53072
4 92386
2 96080
2 28470
2 86570
2 40652
4 99516
4 28498
2 21864
4 58798
2 7800
2 71036
2 18002
4 45990
4 60850
4 48084
2 76570
2 73776
2 76910
4 19320
2 10006
2 43986
4 1314
4 44260
2 92886
4 45672
2 77078
4 98342
4 65546
4 20794
4 25588
2 8338
2 24168
2 59810
4 27116
2 50840
2 26722
4 62512
2 75594
4 84598
4 80330
2 5016
4 19378
4 4208
2 7794
4 58936
2 23984
2 37758
2 94164
4 90264
4 24788
2 59740
2 57970
2 80762
2 57924
4 71408
2 20406
2 99478
2 68442
2 20882
4 5930
2 13056
4 31570
2 26782
2 84172
4 75840
2 48852
2 56146
2 50820
4 6144
4 68542
4 43664
4 11890
2 23564
4 76038
4 38962
4 23906
2 93594
2 88434
2 9932
2 90560
2 56828
2 62748
4 33418
2 56124
4 73350
2 89510
4 92788
4 32436
4 35928
4 87638
4 16250
2 98082
2 10144
4 58388
2 25512
4 99264
2 89040
2 73070
4 54288
4 86030
2 52928
2 43354
4 16186
4 82942
2 51464
4 1070
2 17104
2 89440
4 43176
4 65048
2 11754
2 40942
2 85520
2 66582
2 49158
4 32900
2 63996
2 75302
4 48846
4 54214
4 27376
2 93916
4 76742
2 66654
4 57732
4 86144
4 99928
4 78228
2 94428
2 19526
2 81552
2 41444
2 610
4 70778
4 88220
2 19258
4 54064
4 1184
4 87174
2 55942
4 40346
2 92474
2 49992
2 86434
2 27464
2 42990
2 44578
4 76802
4 82142
2 43946
4 82536
4 90078
2 80610
2 52272
4 22162
4 70948
2 20728
2 95134
4 13334
4 8366
4 72698
4 93498
2 93670
2 99208
2 32560
2 81864
2 21042
2 66562
2 26088
2 60852
2 3744
4 28642
4 37386
2 58916
2 88994
4 60660
2 1606
2 64198
2 70528
2 29164
4 66064
2 23022
4 22556
4 39610
2 17798
4 65044
4 83950
4 69998
4 24820
2 64930
2 80134
4 888
4 71432
4 64322
4 13072
4 71738
4 78702
4 58612
4 5074
2 63018
4 30646
2 65854
4 87262
4 19982
4 78988
2 82396
2 53498
2 32698
4 36426
4 93392
4 17084
2 76146
2 82320
2 2748
2 85924
2 72190
4 87338
2 83190
4 70470
2 65866
4 60506
2 39196
4 48778
4 92992
2 14464
2 22802
2 10942
4 10072
4 22484
4 96124
2 87700
4 41632
2 54122
4 97404
4 19116
2 92610
4 5022
4 54854
4 79244
4 34084
2 8096
4 86922
4 49118
4 36804
2 16664
4 32600
2 17086
2 13284
2 50214
2 30014
4 28436
2 57814
4 94298
2 12524
2 11868
2 62050
2 66328
4 66588
2 84570
4 40258
2 53244
2 11970
4 10376
4 70356
2 25662
2 7288
2 50648
4 8958
4 23568
4 68726
2 91400
4 5460
4 56558
2 70578
4 4772
2 38852
2 49164
4 84640
4 20648
2 2150
4 58802
4 88530
2 9242
2 24104
4 29920
2 64478
2 69016
2 61292
2 82364
4 45328
2 40128
4 886
2 9972
4 25252
2 22370
4 47718
2 59384
2 64084
2 68552
2 72858
4 97056
4 67712
2 48090
2 69532
2 5602
4 20328
4 32330
2 68330
2 65626
4 64704
2 71970
2 2930
4 54814
2 44200
2 25522
2 612
2 39426
2 43184
2 33138
4 31628
2 34178
4 27012
2 55592
4 71982
4 49028
4 69980
2 32718
4 95374
2 60166
4 91244
4 80194
4 1850
4 98954
2 97084
2 25220
4 12250
2 72712
4 99346
2 92032
2 54362
4 24602
2 44940
2 19738
4 50314
2 42032
2 40130
2 98846
4 73928
2 47814
4 78618
2 8240
4 33408
2 15920
2 32746
4 26016
4 10758
2 35872
2 45034
4 73872
2 89304
4 45388
4 85450
2 49226
2 76428
4 12436
4 33154
2 3464
2 62278
2 13012
2 72198
4 1870
2 94832
4 16396
2 99716
4 73458
4 41188
2 86620
4 35958
2 58342
4 99632
4 55194
4 39862
4 98834
2 53110
2 3092
4 89194
2 37228
4 27100
4 1986
4 11934
4 22054
2 88430
4 99650
4 19134
4 62206
4 91950
2 53236
4 18888
4 82994
2 56438
4 14584
4 82416
4 27942
4 91780
2 18938
2 21490
2 13518
2 7674
2 61268
4 77952
4 25282
2 9786
2 12786
2 71044
4 54856
2 98564
4 52342
2 47828
2 64024
4 69602
2 51838
4 91870
4 84696
2 23162
4 21156
2 75190
2 81882
2 72872
2 31772
4 45796
4 67216
4 93224
2 37790
4 58838
4 99082
2 68066
4 45086
4 25630
2 97498
4 4982
4 97844
4 50684
4 90056
2 42468
2 16278
2 64652
2 78868
4 95424
4 83782
4 19886
4 3858
4 38230
4 20638
4 75352
2 31404
2 34414
4 84438
4 68244
2 18190
4 85366
2 16700
2 35506
4 94204
4 59002
2 54014
4 20906
2 98602
2 96174
2 97056
2 5480
2 46656
2 26340
2 32208
2 6138
4 85376
2 81074
4 31674
4 47402
2 79536
2 37698
2 74432
2 9722
2 64862
4 72526
2 10954
2 81012
4 65096
4 22802
4 76516
4 35220
4 53044
2 68334
2 64858
4 40802
2 39332
4 40884
4 77088
4 6600
4 33678
2 65878
2 5934
2 86102
2 48866
4 15168
4 87394
4 63230
2 1556
4 24502
2 82220
4 93620
2 55278
2 64962
4 5882
2 48440
4 31316
4 97194
4 82976
2 15450
2 41156
2 36264
2 28356
2 48250
2 15676
2 54046
4 28530
2 52218
2 25878
4 58932
4 47512
2 21562
4 71044
4 21132
2 51206
2 22826
2 25268
4 96990
4 70622
4 24546
2 87376
2 94484
2 60036
4 19010
2 67582
2 23330
4 61014
2 22402
4 19318
4 18818
2 81628
2 30798
2 41256
2 87338
2 2912
4 35396
4 42502
2 85072
4 63098
4 49690
4 94348
2 72830
2 76150
4 30596
4 48102
2 58962
2 29224
4 26088
2 93456
4 35814
4 96730
4 76498
2 3196
2 24290
4 70306
4 17282
2 65072
4 6318
4 28458
4 26760
4 40050
2 74566
4 82784
4 75096
2 16312
4 48338
2 43652
2 64510
2 27670
4 22782
2 48476
4 13734
2 89028
2 41428
4 48404
2 22134
2 17364
2 68738
2 34026
2 78816
4 55218
2 58594
2 97220
2 87918
2 18786
2 80942
4 38624
2 24398
4 52688
4 40616
2 48244
4 66244
4 32368
4 39880
2 40700
4 94972
2 95650
4 61804
4 41022
4 55336
4 98082
4 26724
2 97170
4 97720
4 6720
2 94218
4 81616
2 67556
2 69584
4 30750
2 7052
4 24568
4 1754
4 35978
4 31898
2 48946
4 4748
2 38912
2 92976
2 76968
4 61622
2 10998
2 54424
4 64280
2 84566
4 19762
4 7018
2 52812
4 4202
4 5848
2 81124
4 49324
4 39022
4 31960
4 73740
4 36712
2 96920
4 69636
4 49768
4 77792
4 61714
2 77934
2 91518
4 5440
4 47096
2 16646
4 10502
4 67774
2 42826
4 30320
4 26256
2 74608
4 41728
2 26802
2 67104
4 93764
4 9366
2 17000
4 46026
4 58940
2 30906
2 27376
4 86098
4 29806
2 79326
2 60096
4 55608
4 67582
2 65834
2 17030
2 37860
2 27226
2 93982
2 3250
4 84746
4 80850
2 80042
2 75134
2 68394
4 46888
2 71446
2 47512
4 5850
2 63260
2 43770
4 44158
4 79584
2 4134
4 83602
2 87520
4 45550
4 43548
4 52614
4 27242
2 75124
2 82016
4 2644
4 22336
2 36572
4 62468
2 83454
4 72552
2 81104
2 9114
2 79970
4 92158
4 29848
4 51658
2 20074
4 11710
2 41260
2 74454
2 84048
2 19392
4 98832
2 73652
2 18996
4 828
2 88710
4 76102
2 22552
4 65256
4 39676
4 17598
2 58130
4 176
4 11296
2 15278
4 55626
4 10624
4 94674
4 63722
4 76618
2 52658
2 28134
2 8000
4 50604
2 1954
2 89610
2 99482
4 9156
2 87956
2 49730
2 4296
4 29624
4 84218
4 74210
4 69760
4 6162
2 28820
4 35250
2 86972
4 17716
2 97646
4 53828
4 2132
2 28468
4 75942
4 67024
2 79294
4 77598
4 6268
4 71746
2 65364
2 3566
2 14782
4 314
2 6466
4 42334
2 3226
2 42280
4 45380
2 24980
4 47474
4 26476
4 6882
4 88578
4 28324
4 58756
2 16152
4 12122
4 6236
2 52446
2 33940
2 65556
2 87954
2 46752
4 12440
2 53124
2 54202
4 12192
2 97046
4 48956
2 5768
4 4508
2 54890
2 20790
2 13446
2 55816
2 6790
2 86854
2 3872
4 33920
4 18064
2 4638
4 64542
4 67970
4 11888
4 4324
4 23558
2 71010
2 76118
4 11570
4 43960
2 99546
2 56910
2 74910
4 41604
4 88432
2 86574
4 89240
2 2322
4 32698
4 50686
2 12594
4 69774
4 19740
4 46464
2 41570
2 2524
4 85824
4 96350
2 10560
4 53232
2 11966
2 31694
4 56024
2 52404
2 72176
2 80838
4 24700
4 85752
2 22588
2 34960
2 84462
4 65110
2 22558
2 47834
4 55692
2 30200
2 62518
4 57504
2 26122
4 59354
2 604
2 43232
2 18636
2 57568
2 54926
2 20604
4 39542
4 23516
4 64502
2 15020
2 48374
4 80006
2 17480
2 92440
4 57842
4 16116
2 70802
2 91432
2 55342
4 11378
2 214
2 45794
4 22260
2 40974
2 64750
2 13522
2 92062
4 41264
4 84444
2 38538
4 52374
2 28006
4 79202
4 29320
2 27930
2 33442
4 81518
2 93256
4 75632
2 14438
2 67506
4 27066
4 67116
4 95614
2 51118
2 28132
2 31038
2 35030
4 96782
2 95414
2 67448
2 75318
4 65498
4 88720
2 50458
2 75378
4 63882
2 40460
4 68770
4 79764
2 2488
4 63126
4 58594
4 57312
4 37868
4 77224
4 3348
4 95216
4 29426
4 46104
2 85978
4 38320
4 97492
2 61644
4 2708
2 54482
2 61692
4 50846
2 540
2 34264
2 71480
4 35110
4 31206
2 56608
4 24950
4 50720
2 4268
2 4852
2 76098
2 94350
2 71828
4 88648
4 87090
2 38086
4 86884
2 55446
4 99866
2 13904
4 94090
2 24822
2 19080
4 792
2 95064
4 10110
4 75992
4 65806
2 84856
4 72660
4 80520
2 51988
4 94804
4 66454
4 90206
4 53334
2 17726
4 89242
4 78772
4 90174
4 43766
2 74084
4 14022
2 96700
4 64850
4 89656
4 14394
4 82654
2 91840
2 77650
4 77718
2 55114
2 61918
2 54418
4 87454
4 6130
4 68276
4 91768
2 17556
2 66768
4 47144
2 5346
4 21702
2 37866
4 95280
4 16246
2 890
2 65930
2 72454
4 46036
2 64168
2 36998
2 11504
4 67064
2 47298
2 34466
2 73104
2 21368
2 10640
4 89174
2 56264
2 27466
4 61822
4 98146
2 22094
2 53292
4 4814
4 13496
2 62584
4 67958
2 89486
2 74478
2 89118
2 82580
4 99328
4 30278
2 36846
4 9326
4 18720
4 87164
4 31896
4 72188
4 12332
2 37146
2 81958
2 76844
4 56828
4 41614
2 93156
2 86708
2 46228
4 50318
2 52960
2 7498
2 34058
4 75710
4 56156
4 11010
4 37350
2 74824
2 28206
4 62562
2 82966
4 58266
4 37914
4 55862
4 2980
4 15434
2 34020
4 39502
2 918
2 10208
2 45238
2 8356
4 15540
2 31194
4 86156
4 43708
4 20398
4 12734
2 97374
4 11930
2 70694
4 78138
2 10750
2 83024
2 66294
4 75956
4 24028
4 59098
2 36474
4 86402
2 27330
2 77184
2 60066
2 74754
2 82186
4 61208
4 87726
2 41700
4 93612
4 95566
4 37762
4 37468
2 72320
4 97234
2 10296
2 27964
4 20164
4 2136
2 43416
4 42868
4 41052
2 5428
4 74212
4 51732
4 84534
2 27090
2 13346
2 21000
2 35912
2 71224
4 38558
2 13560
2 25158
4 97622
2 31844
2 92396
2 53886
2 134
4 89324
2 53782
2 83324
4 52724
2 72954
2 36808
2 59954
4 90954
4 5836
4 34120
4 32386
2 45742
2 65690
4 63496
2 96940
2 94500
2 59658
2 52024
2 96848
2 89920
4 77044
2 96960
4 69116
2 79256
4 23620
2 45988
2 87164
2 94786
4 23078
2 33004
4 72886
2 19922
2 20840
4 29662
4 82000
2 82420
2 77492
4 84584
4 2012
4 69828
4 93090
2 76458
2 83366
2 89182
4 49710
4 17192
2 89628
4 21444
2 36208
2 17110
2 38722
4 80976
4 5778
4 70942
2 57532
4 13346
4 53818
4 28034
2 75454
4 80586
2 38814
4 6366
4 52876
2 56370
2 35386
2 63114
4 67020
4 97098
4 6324
2 60744
2 57890
4 3826
2 97830
4 17458
4 706
2 10900
2 49776
2 20872
4 12290
2 58042
4 58862
4 44420
4 46696
2 79880
4 66158
2 56436
4 62268
2 38154
2 91014
2 86702
2 15036
4 38242
2 56194
2 24358
2 4484
4 36208
2 83966
4 51908
4 4190
2 17444
4 66996
4 31716
4 28406
2 98642
4 58434
4 87476
2 49556
2 96168
4 91670
4 46110
4 84148
2 42924
2 8348
2 6130
2 27066
4 46032
4 81278
4 68230
2 11894
2 49144
4 95898
4 80902
2 59230
4 5036
2 82536
4 59976
2 75268
2 82374
2 57466
2 82958
2 58388
2 73160
4 86274
4 56692
2 15526
4 14716
4 49250
4 87168
4 12606
4 48994
2 46104
4 83780
2 99502
2 95956
2 84290
4 96636
4 45932
4 71180
2 39128
4 60390
2 70470
2 7772
2 66062
2 48068
2 51058
2 29378
4 6142
4 91378
4 87062
4 10842
4 1130
4 79054
4 84328
4 50822
2 63908
4 48780
2 86416
2 93706
4 44066
2 44666
2 86072
4 52214
2 81418
4 1298
4 97854
4 90694
2 78024
2 52946
4 96290
4 36304
2 34040
2 49154
2 21892
4 72280
4 20670
2 10292
2 97518
4 98362
4 63646
2 35352
2 10930
4 10794
4 35236
4 25900
4 20930
4 55974
4 45446
4 36032
2 70976
4 52968
4 1602
4 75398
2 5178
2 94758
2 9560
2 86130
2 99092
4 61852
2 37216
4 75386
2 41876
2 79266
2 51474
4 52162
4 92904
2 4138
2 30190
2 67884
2 38146
2 43488
4 99390
2 33016
2 21020
4 37860
4 68022
4 19026
2 45314
4 18668
4 92298
4 92888
2 96352
2 32428
4 43758
2 34660
4 24718
2 56334
4 54304
2 2444
2 4650
2 53400
2 15346
4 68192
2 35976
4 23342
2 40220
2 60272
4 4062
4 59646
2 8860
2 89790
4 89786
4 96062
4 2016
2 47840
2 50744
4 71590
2 18576
2 50968
4 66584
4 55680
4 94186
4 63206
2 55404
2 3112
2 47340
2 4788
4 47198
2 37748
2 10418
4 74060
4 54586
2 44602
2 87050
2 84092
2 98870
4 97858
2 75398
2 46812
4 18440
2 28456
4 63712
2 60742
2 78944
2 86064
2 52948
4 25862
2 71990
4 16998
2 10198
2 14300
2 50670
2 19934
4 64832
4 682
4 94984
2 25492
4 63874
4 56602
4 68708
2 63978
4 64238
4 13964
4 66144
4 56600
2 90540
2 89154
2 1652
2 85672
2 92760
4 23810
2 84196
4 10890
4 32758
2 90102
2 60844
2 77514
4 25444
2 2824
2 37666
2 77794
4 27794
4 83290
2 99416
4 2164
2 23388
2 24998
2 93296
4 61650
4 27788
2 96450
4 74422
2 24630
2 65976
4 40920
4 15004
4 4248
4 70112
2 29960
2 75844
4 80778
2 78488
2 59140
4 84688
2 60090
4 61298
4 93086
4 21014
4 45252
2 16604
4 69424
2 59110
2 95876
2 61876
4 50026
2 99668
2 99600
4 97078
4 26736
2 90526
4 58898
2 52034
2 43008
4 8334
4 91426
2 15088
4 4676
2 66656
4 7384
2 96714
2 2470
2 41650
4 11670
4 41136
4 44254
2 40160
2 90696
2 3000
2 18760
2 1732
2 53484
4 21546
4 90576
2 89616
2 10080
2 31262
4 3648
4 92770
2 77780
4 18586
2 15154
2 70760
4 91154
4 14944
2 14244
4 67784
4 26090
4 96560
2 50914
4 63606
2 66574
4 55204
4 70600
4 12714
4 92950
4 30708
2 59048
2 75262
2 20534
4 98356
4 75162
4 8306
2 55792
2 14004
4 87602
2 79236
4 29860
4 24650
4 26304
2 52852
4 62422
2 51054
2 99206
4 67580
2 14222
4 11234
2 12908
2 28444
2 72384
4 10772
4 76648
2 67918
2 67780
2 2742
2 78376
4 15610
2 10002
2 76980
2 12626
4 85324
2 45920
2 85296
4 97348
2 10358
4 59282
4 53442
2 66120
2 25210
4 11132
2 4448
2 28438
4 39868
4 51182
4 27428
2 22582
2 96884
4 7668
4 24542
4 19938
2 64746
2 49752
4 39178
4 21838
2 36854
2 10742
4 10524
2 79872
4 76414
2 76248
4 85788
4 52846
2 18354
2 35004
4 15070
4 95452
2 4380
2 96202
4 91546
2 98696
4 75210
2 43894
4 59058
2 5516
2 36422
2 30990
4 30818
4 68718
4 55166
4 87884
4 61574
4 49996
2 23000
4 12344
2 86112
2 14262
2 83434
4 79130
4 32544
4 21154
2 46674
4 28464
4 11808
4 90968
4 93002
4 72856
4 28824
2 73528
4 41862
2 65836
2 7022
4 13766
2 77390
4 79722
4 89414
2 10050
4 95028
4 80094
2 27532
2 96852
4 9656
2 84710
4 9640
2 10072
2 95492
2 46240
4 25370
4 16404
4 73620
4 72876
4 80766
4 14954
2 33632
2 82616
4 48054
2 85534
2 94896
2 4202
4 36244
2 28688
4 99638
4 33724
2 13780
2 2946
2 19138
2 33334
2 72604
2 29338
4 38676
2 79316
2 84854
4 93546
2 33988
2 61570
4 172
4 82506
4 82670
4 29466
2 46606
4 25002
4 59864
4 39292
4 19988
4 79556
4 58990
2 70442
2 49266
2 11232
2 7898
4 70322
4 7234
2 81516
4 81714
2 38916
2 2482
2 93674
2 84206
4 62972
4 34458
4 86048
2 22778
2 80298
2 57404
2 83518
4 65230
4 91584
4 59146
2 21994
2 11856
2 1024
2 828
4 3100
2 63562
4 67956
2 45768
4 34478
2 78596
2 58202
4 84264
4 84850
2 66156
4 3478
4 61718
2 46658
4 51078
4 18982
2 12322
2 94162
4 45358
4 15252
2 74780
2 84682
4 18490
2 63500
2 76446
4 37664
2 93308
4 28460
4 91612
2 89986
4 48176
4 74194
4 19088
4 67150
2 6410
2 16798
2 57078
2 81100
4 22934
2 44220
2 93438
2 57398
4 67042
4 8
4 4458
2 38022
2 10552
2 73866
2 86178
2 34002
2 28022
4 47854
4 60178
4 58564
2 20934
4 90216
4 72902
2 69706
2 38762
4 70614
4 4098
2 79480
4 39028
4 87548
2 96958
2 7728
4 5720
2 98748
4 52460
2 3108
4 41900
4 29820
2 66938
4 4472
2 57496
4 95982
2 23150
2 58536
4 84356
4 80004
4 50998
2 57406
4 88536
2 88538
4 62580
2 35678
2 23812
4 68624
2 49178
2 69440
4 17322
4 63694
4 40638
4 35938
2 1914
4 46420
4 80740
4 11158
4 31340
2 20468
4 30686
4 26974
2 72406
4 31494
2 72434
2 63250
2 30716
4 4914
4 6468
2 95500
2 10496
4 74364
2 4180
4 29348
2 16848
2 76318
2 82240
2 43144
4 17770
2 50480
2 87946
2 99304
4 82652
4 95010
2 22486
4 19954
4 96114
2 24860
4 81778
2 11264
2 91610
4 22504
4 53428
4 91984
4 79744
4 7148
2 44424
4 74756
2 32588
4 13380
4 84530
2 65414
2 65176
4 27198
4 9932
2 95354
2 89782
4 56146
4 40682
4 53650
4 70702
2 36344
2 61260
2 74370
4 76290
4 24100
4 54458
2 64582
4 41710
2 73072
4 32946
2 21668
4 56298
2 83712
2 99920
2 1628
2 12766
2 966
2 92116
2 60592
2 27870
4 55060
4 17890
2 20712
2 83558
2 47028
2 58218
2 2498
2 94324
2 14254
2 53182
2 21974
4 16440
4 71306
4 11534
2 81484
2 668
4 71874
2 68328
2 55504
2 52154
4 12402
2 42196
4 63762
4 52556
4 8038
2 41690
4 85814
2 42344
2 25610
4 15724
4 44222
2 72200
2 81794
4 51598
4 40972
4 27270
4 59840
2 26948
2 79306
2 59698
4 94088
2 25494
2 78672
2 75340
2 17016
2 89606
2 38102
4 70482
2 4938
2 47618
2 40820
4 26104
2 79656
2 70458
4 14074
4 75002
4 98154
2 83654
2 39578
4 44110
4 90352
4 67922
4 21832
2 13984
2 56570
4 24976
2 11740
2 78230
2 94910
2 64682
2 98764
2 30204
2 82618
4 10040
2 36204
4 30792
2 79086
2 72666
4 15834
4 26444
4 60114
2 14074
2 18010
4 67796
2 11826
4 76026
2 96766
4 4568
4 6832
4 49280
2 97648
2 60588
4 26356
4 65314
4 89768
2 31166
4 45848
2 10542
4 50742
2 98892
4 59020
4 89504
4 94056
2 64136
2 83182
2 3704
2 31196
2 66370
2 94226
2 50318
4 39550
2 78112
4 31982
4 91806
4 82234
4 70368
2 47670
2 73982
2 2082
4 82132
4 18726
2 55336
4 64918
2 30078
4 61248
2 34362
4 35916
2 43896
4 28922
2 2500
4 17714
2 4712
4 18968
2 37504
2 56650
4 48380
4 25134
2 8278
2 3074
4 35306
2 26626
2 75536
2 14802
4 64010
4 24548
2 65660
4 36710
2 83898
2 95348
4 65886
2 15580
4 98918
4 35290
4 78676
2 63442
2 74314
4 72810
2 17930
2 68648
2 57438
2 79496
2 38854
2 74332
4 66012
2 22008
4 76844
2 54738
4 91998
2 37366
2 51524
4 81640
2 23788
4 17212
4 66412
4 73388
4 20970
4 41516
4 42520
2 41894
2 82728
4 77494
2 48166
4 89518
2 79924
4 47570
4 69074
2 62446
2 8382
4 5248
2 76380
2 52410
2 97574
2 58764
2 65320
2 77828
4 38144
4 9450
2 61722
2 89206
2 46106
2 42424
2 1702
4 27552
2 95970
2 52216
4 83160
4 40762
2 91274
4 10342
2 72888
2 76862
4 23350
4 33788
4 36648
4 41964
4 92300
2 67818
4 78580
4 42260
2 24790
2 22540
4 43552
2 15016
4 20810
4 84966
4 77666
2 30732
2 28526
4 81834
2 89554
4 82756
4 89810
4 57314
2 82770
4 36974
2 58444
4 52036
4 6252
2 84540
2 93972
4 56884
4 21972
4 88002
2 48924
4 12114
2 61300
2 93712
4 2096
2 98138
2 91930
4 42832
2 13852
4 40514
4 40562
2 98158
2 41448
4 3114
4 2006
4 3280
4 44534
2 53152
4 87216
4 55322
2 68222
4 11228
4 46624
2 5168
2 22006
2 68982
2 56358
4 34104
2 83258
4 37886
2 88512
2 58350
4 7764
4 62158
2 84164
2 33796
4 56922
4 76666
4 22822
2 15458
4 17752
4 24138
2 17890
2 12664
2 44336
4 86168
4 34714
2 23176
4 44410
2 49998
2 29744
2 57256
4 88746
4 31176
4 40086
2 22042
4 98526
4 52636
2 65520
4 5336
4 49144
2 69084
2 28342
2 67132
4 76272
2 21340
2 60710
2 50376
2 29892
4 30762
2 53198
4 25908
2 34364
2 17336
2 36670
2 87876
2 35248
2 19968
2 56750
2 34116
4 42722
4 33364
4 40880
2 94448
2 26734
2 2786
4 30634
2 61302
4 29714
2 41966
4 17648
2 85374
4 89924
2 34880
4 49016
2 19116
2 97566
4 66986
2 77482
2 45448
2 5664
2 26382
4 66940
4 21096
4 90864
2 56276
4 78874
4 32688
2 10872
2 43878
2 69786
4 1788
4 62498
2 50514
2 88402
4 72254
2 95020
2 46038
4 47044
2 73284
2 99822
4 48970
2 98782
4 4602
2 7470
2 34900
4 18518
2 46546
2 35812
4 23372
2 78744
4 54150
4 42414
4 27046
4 36522
4 96712
2 86058
2 59724
4 96674
4 88388
4 33112
2 42286
2 52376
2 92622
2 35176
2 98234
2 14508
2 84294
2 54916
4 17696
2 99156
4 66734
2 16690
2 82446
2 42678
4 38146
2 96728
4 74834
2 10556
2 96322
4 11044
2 53386
4 68610
2 608
2 54248
4 6990
2 92220
2 34722
4 48362
4 28892
4 77154
4 30690
2 96254
4 90490
4 50736
2 56784
4 3730
2 65996
2 34996
2 20298
4 53042
2 35018
2 60424
4 92056
2 86704
4 45326
4 75394
4 25034
4 73216
4 12988
4 4944
4 50738
4 79558
2 40984
4 33222
2 16216
4 41912
2 61148
2 65662
2 38490
4 34168
4 46744
2 67216
2 78270
4 8750
2 82014
2 40062
4 4878
4 26146
2 60814
2 96890
4 19086
2 45560
4 39992
2 86366
2 45262
2 60336
4 95494
2 96566
4 94996
2 75806
4 87146
2 63906
4 21110
2 34874
4 35276
4 38044
4 43138
2 99974
2 67776
4 47158
4 98946
4 62
2 70072
2 67838
2 21896
2 37232
4 55238
2 2120
2 4750
4 13586
2 92914
4 79938
4 37144
2 2556
4 43926
2 12158
2 25084
4 94654
2 22798
2 14462
4 21248
4 40310
2 46934
2 17156
4 60996
2 93598
4 73454
4 23068
2 61726
4 1950
4 62758
2 46138
2 61828
2 19868
4 72240
4 39266
4 18340
4 34078
4 7454
4 64954
4 3240
4 29594
4 72222
4 43222
2 23238
4 48450
4 96326
2 93010
2 44450
4 74300
4 568
2 70150
4 23142
4 72814
4 11988
4 96604
2 2504
2 48164
2 30598
2 85622
4 43610
4 39588
2 11610
4 15538
2 65048
2 15716
2 75414
4 15074
4 80846
2 70290
2 35442
2 83960
2 89426
4 95350
4 17680
4 69142
2 17014
4 82186
2 39810
2 12046
4 34578
4 74214
4 21572
4 25558
4 34804
4 34268
2 81580
2 63344
4 33394
4 31482
4 66314
2 28862
2 56662
4 27174
4 78964
4 26202
2 47230
2 55916
4 89960
2 66158
2 66834
4 75934
2 28188
2 73488
4 60100
2 71018
4 23808
2 85346
4 19866
2 56288
4 93496
4 78010
4 37684
4 28768
4 92862
4 12204
2 24646
2 37218
2 92210
4 8738
4 4028
4 914
2 31932
4 10132
2 46102
4 55192
2 5868
4 7988
4 55412
2 47532
2 74592
2 35434
4 84204
2 25282
2 36654
2 81850
4 22958
2 9444
4 55398
2 97978
2 95612
2 73518
4 30590
2 35640
4 99428
4 81998
2 87348
2 60334
2 60414
2 36848
2 43132
4 63202
2 22340
4 16942
4 60170
4 29226
2 23916
4 68206
2 2052
4 98220
2 4470
4 23838
2 38838
2 7148
4 86480
4 84486
4 18958
2 59062
2 60154
2 31648
2 79418
2 54020
4 72196
2 94170
4 68426
2 89152
2 3410
4 57392
4 59202
2 13002
4 22728
2 64998
2 97126
2 16038
2 70526
2 39104
4 72464
4 95560
4 2340
2 95854
2 23482
2 75900
2 89168
2 48360
2 28106
4 4866
4 97482
4 73086
4 8382
4 15096
4 33508
2 35184
4 86874
4 86772
2 17072
4 78746
2 26054
2 81574
2 22652
4 31008
4 67140
2 85416
2 43390
4 68862
2 11018
4 304
2 64158
4 21748
2 12988
2 68014
4 16944
4 29654
4 51906
2 74828
4 84276
2 88588
4 67440
2 35390
2 70042
4 40982
2 92436
4 61026
2 74662
4 41676
2 85030
4 88982
2 4094
2 26622
4 61048
2 58886
4 29170
2 66244
4 72014
2 19178
2 41984
2 39688
2 69408
4 18040
4 88782
4 64926
2 30376
2 26210
4 24370
4 10350
2 70006
4 6420
2 76246
2 72230
2 94858
4 99654
2 26970
4 56680
4 55128
4 59892
4 62366
4 1444
2 29916
2 12464
2 26572
2 27428
4 49316
2 17404
2 6154
2 69554
4 42304
4 63162
2 96592
4 77868
2 42300
4 26430
2 26190
2 45884
2 4850
2 78808
2 7836
4 96802
2 3314
2 19648
2 27472
2 19598
2 77622
4 46440
4 22890
4 6426
2 33070
2 32250
2 38410
2 54502
4 72316
2 81108
4 65510
4 94510
4 17312
4 324
4 84392
2 73418
4 80972
4 34636
2 56902
2 50536
2 81554
4 73982
4 35910
2 47154
4 72128
4 90020
2 49188
4 84742
2 41062
2 55228
4 43470
4 84776
4 7418
2 43784
2 73784
2 55590
4 58884
4 59974
2 67320
4 93214
2 72550
2 46194
4 53532
4 1022
4 11046
4 91892
4 84270
2 2146
2 43536
2 96582
4 19202
4 27554
4 30264
2 74562
4 17044
2 64876
2 66196
2 65158
2 25730
2 66720
2 17958
4 2978
4 66396
2 22124
2 406
2 21866
4 89606
4 44966
4 28136
4 76442
2 42828
2 370
4 75760
4 33462
4 37852
2 10092
2 30856
4 12554
4 13126
2 36220
4 92744
2 40886
2 3840
2 31728
4 44738
2 16374
2 23858
4 44308
2 29820
2 39262
2 26862
2 14708
4 69058
2 42664
2 66882
4 97766
4 93820
2 68698
4 49150
2 13438
4 55308
4 81740
4 42346
4 4902
4 74112
2 82658
4 92924
4 84500
2 28004
4 96300
4 14294
2 49296
2 34352
2 17108
2 35172
2 26294
2 12174
4 2082
2 93734
4 10902
2 29994
2 5160
2 4120
4 37180
2 83398
4 18740
4 65854
2 70294
4 27326
2 98650
2 86810
4 35772
2 97002
4 15128
4 89562
2 21522
4 20170
4 89246
4 11704
2 97026
2 63382
4 3078
2 47634
4 77928
4 82908
2 96546
4 97930
4 60608
4 90618
4 74990
4 31328
2 27516
2 46704
2 42942
2 39500
4 96032
4 46242
2 63374
2 26962
4 26346
2 80864
2 30964
4 95542
4 9520
2 55266
4 55942
2 22674
2 3170
4 74506
2 98494
4 39180
2 81348
2 17102
4 61824
2 42404
4 17232
2 73420
2 30080
4 43480
4 53374
4 55262
4 79576
2 37152
2 48738
4 77444
4 81862
4 71116
2 45022
4 19210
2 12558
4 86982
2 95124
4 44120
2 17834
4 47266
2 30926
4 67880
4 23826
2 11844
4 46064
2 36232
4 86174
4 80888
4 13170
2 21268
2 10226
4 56914
4 44642
2 64784
2 12000
4 13646
4 31222
4 43114
2 7750
2 17414
4 74820
4 24698
2 82962
4 57204
4 60
4 336
4 77352
2 81632
4 15384
2 96326
2 47996
4 23020
2 85070
4 9124
2 36004
4 96276
4 65866
2 88384
2 82074
4 6950
4 63670
2 68866
4 85842
2 82784
4 22534
2 38834
4 41042
2 64012
2 84074
2 90056
4 60232
2 52768
2 51210
2 67690
2 19912
4 77530
4 71586
4 8048
4 77432
2 35916
4 19060
2 66202
2 25374
2 86812
2 23074
4 80106
4 37086
2 65086
2 66494
4 94254
4 18386
4 81704
2 26980
4 59856
4 42872
4 3024
2 40848
4 13308
2 29258
2 72756
2 57652
4 34654
2 54330
2 49660
2 92552
4 69912
4 91222
2 75506
2 57498
4 81266
2 94078
2 68846
2 26358
4 68336
2 45948
4 79922
2 35318
4 30466
4 47880
4 72870
4 79598
2 23738
2 7704
2 3922
2 21044
4 59888
4 64224
2 16014
4 80214
4 10670
4 98776
2 42036
4 11146
4 62410
4 29430
4 38598
4 36556
2 67092
4 43350
2 87410
2 24636
2 34170
4 44954
2 48414
2 738
2 65168
4 61742
2 1902
4 15232
4 7282
4 65688
4 25902
2 48424
2 10368
4 71312
2 85110
2 87320
4 10566
4 48736
2 64170
4 4810
2 54192
4 36164
2 68802
4 54750
2 92858
4 21478
2 80248
2 71870
4 13350
4 63564
4 32498
2 51062
2 59664
2 48150
4 25202
4 80062
4 36574
2 96226
4 13094
2 50952
2 11958
2 90122
4 57552
2 50428
2 27412
2 70686
2 17910
2 3480
4 35946
4 46372
2 95982
2 75312
2 85462
4 33736
2 7436
2 32886
2 98840
2 51272
4 20602
4 73300
2 9882
2 86582
2 45184
2 19498
4 51786
4 37832
2 92208
2 77462
2 10638
2 26192
2 77222
2 22356
2 49886
2 85516
2 31022
4 91384
2 82426
2 1972
4 43082
2 53200
2 35926
2 3106
4 45670
2 25520
2 64760
4 31480
4 59376
2 18974
4 7080
4 17250
2 5128
2 6502
2 36194
2 76092
4 23882
2 61796
4 22574
2 58454
2 21282
2 30088
4 41582
4 75698
4 29698
2 71824
4 99122
4 72466
4 71146
4 63822
4 54728
4 18004
2 18070
2 32484
2 1300
2 98888
2 79696
4 18972
4 25372
4 50082
2 98270
4 66376
4 61244
4 41018
4 69360
4 32640
2 4606
2 60574
2 82906
2 76206
4 64540
4 76288
4 29402
4 78798
4 23782
2 40368
2 79124
2 18634
2 96274
2 75048
2 77706
4 1174
2 11536
2 94206
4 87386
4 58846
4 31614
4 14134
4 11520
2 7240
4 12744
4 52088
4 33330
2 49224
2 3614
4 81022
4 27146
4 58014
4 53946
4 96012
2 39628
4 33130
4 62042
4 91914
4 9290
2 42472
2 87460
2 62678
2 2422
2 328
2 62304
4 15976
4 95550
2 15378
2 29458
4 64566
4 36276
2 2952
2 47740
2 70872
4 17796
2 68938
4 28974
4 20078
2 79360
2 24576
2 59906
2 41374
2 10000
2 48588
2 72882
2 85048
4 16002
4 86252
4 39164
2 77412
2 62836
2 96660
2 96386
2 47848
4 92916
4 31376
2 96454
4 11572
2 56876
4 58464
4 9598
2 86684
4 59528
2 63930
2 58446
4 94022
2 83114
2 96112
2 12198
2 94756
4 21574
4 21412
4 26762
2 20470
4 29092
4 20688
2 4878
4 8736
4 76464
2 34588
2 80752
2 26866
2 13584
2 39506
2 14034
2 76076
4 1630
4 60978
4 58714
2 3482
2 57728
2 40170
4 1234
2 78068
4 82048
4 71326
2 1570
4 71652
2 36776
2 70594
4 2654
4 90306
4 18816
4 53110
2 83758
2 71976
4 40566
2 14044
4 3532
2 30018
2 16902
4 79250
4 7108
4 35972
2 43574
4 33822
2 15114
2 97524
2 73758
4 74714
4 11564
4 80034
2 63510
2 89462
2 81282
4 80476
4 44674
2 1344
2 20262
4 76962
4 63704
2 42462
2 95998
4 26258
4 78934
2 47408
2 50568
2 45596
2 4052
2 85008
2 79056
4 78340
4 92844
4 27716
2 48838
2 1320
2 96812
4 78514
4 57764
4 72286
2 55620
4 8422
4 16724
2 54684
2 1890
4 1996
4 49698
4 61352
2 24138
2 3116
2 74906
2 2262
2 78362
2 98198
2 36136
2 13758
4 79118
4 742
2 35212
2 3440
4 91282
4 51728
2 93644
4 40948
2 32688
2 21894
2 41612
2 74914
2 23988
2 13118
2 18738
2 1838
4 42400
2 59476
4 10810
2 15040
2 80258
2 4396
4 37256
2 52258
4 10674
2 5932
2 93462
4 15326
4 19824
2 40030
4 72374
2 28588
4 43478
4 21792
2 28314
4 92754
2 65596
4 19160
2 772
2 5324
2 43858
4 37114
4 91308
4 97442
4 66306
4 60656
2 79470
2 76378
2 5864
2 65558
4 43756
4 44780
2 31348
2 30402
2 21210
2 83660
2 86856
2 25580
2 56266
2 3548
2 64466
2 70080
4 25246
2 93008
4 85982
2 92192
4 60322
4 5132
4 2212
4 64802
4 79006
2 39594
4 4534
2 71276
2 42266
2 86834
4 69470
4 65056
2 63732
2 76508
4 33596
4 23260
2 56204
2 40304
2 36104
4 50774
4 28976
2 47044
2 81830
4 99066
4 97350
4 77644
2 11420
2 53404
4 59884
2 71684
2 16494
4 75940
2 59950
2 30476
2 46638
2 42056
4 91906
2 83802
2 82508
2 40466
2 92070
2 42366
4 48742
4 86698
2 80930
2 27844
4 8266
4 72732
2 38308
4 18580
2 28218
4 10436
2 52820
2 56868
4 25154
2 9846
4 85154
2 87240
2 63024
4 62144
2 28376
2 90154
4 13672
2 27992
4 14984
2 96224
4 92894
4 3896
4 71984
4 68850
4 21414
2 43222
4 24930
4 24278
2 34878
4 81738
2 73082
2 21306
2 20430
4 92370
2 93396
2 46184
2 54864
4 49358
2 1934
2 59174
4 73602
4 94992
4 57846
4 13624
2 36546
4 18078
2 390
2 42444
2 84764
2 95380
4 122
4 9646
4 65990
2 22892
2 80774
4 54574
2 45486
2 76558
2 22822
2 25008
4 96018
2 9610
4 40054
4 36258
2 61578
4 97104
4 41788
4 35598
4 52084
2 71002
4 27536
2 17538
2 29348
2 21106
4 58244
2 13896
2 13736
4 7236
2 89548
4 63096
4 3386
2 75464
4 67968
2 42442
2 49454
2 67120
4 3796
4 78810
2 88576
2 73248
2 37254
4 33484
2 96702
2 92408
2 9524
2 44740
4 32112
2 67788
4 6096
4 23854
2 3496
4 89826
4 34534
2 38788
4 27652
2 85352
4 25636
2 63868
4 68122
2 30688
4 87336
2 2510
2 39718
2 45680
2 41908
2 62992
4 87048
4 35154
2 740
4 90010
2 92078
4 65756
4 85566
4 13034
2 53272
2 4764
2 938
2 952
4 67304
4 73984
2 89522
4 37674
2 58508
4 54174
2 6326
4 16790
4 40978
4 50018
4 38956
2 17214
4 73050
2 39678
2 57446
2 34690
4 40804
2 29414
2 53656
4 2522
4 52802
2 28
4 24096
4 6728
2 30228
4 65850
2 23524
4 97378
4 61392
2 20886
2 47474
2 94216
2 33018
2 5020
4 57496
4 42448
4 83232
4 64090
2 62052
2 55170
4 47762
4 90908
4 10882
2 95458
2 79440
2 41128
4 49714
4 56652
2 13140
4 5436
4 15078
4 17906
4 36682
4 40564
2 43744
2 27804
2 83524
4 19522
2 3238
4 30882
2 80584
4 17982
4 92566
4 94444
2 52416
4 53082
2 79222
4 69456
4 15616
2 94902
2 87728
2 11988
2 56916
4 43918
2 91562
4 16566
2 12782
2 51832
4 89616
2 19538
2 54022
2 73446
4 71354
4 35508
2 20642
4 62146
4 46298
2 10388
2 24156
2 84634
2 29308
4 29176
4 1244
2 17608
2 81060
2 50270
4 76052
2 83948
4 37294
2 61106
4 32410
2 74052
2 84976
2 50950
4 97796
2 97418
4 68956
2 8650
2 4934
2 16984
2 88868
2 47206
4 58952
2 77808
4 24958
2 96556
4 13234
2 14228
4 332
4 29026
4 70570
2 95990
2 68520
4 88126
2 47826
2 63364
4 84112
2 32108
2 66198
4 57140
2 95308
2 10808
2 4072
2 58304
4 16930
4 32894
4 48076
4 12264
2 56110
2 15634
4 39262
4 22380
2 99060
2 54194
4 2352
4 68320
4 81752
4 37678
4 54014
4 54336
4 74654
4 20702
4 94174
2 1228
4 13448
2 93648
4 73452
4 98588
2 11834
4 43544
4 63316
2 78096
4 86232
4 78132
2 6002
2 58972
2 17700
4 35304
4 52202
4 49228
4 4342
4 20576
4 80670
4 71628
2 6074
2 11992
2 75714
2 35122
4 2444
4 40300
4 62022
4 84010
2 83248
2 35920
4 67400
2 15532
2 65984
4 96818
4 34570
4 12854
4 6434
4 9420
4 64382
2 44612
4 60134
2 17322
4 59172
2 28344
2 20608
2 68378
2 42072
2 69020
4 89476
2 78396
4 4280
4 7402
2 92338
2 80678
2 81062
2 45876
2 70154
2 55918
2 31888
2 30904
2 43992
2 77098
2 18940
2 22004
2 93672
2 28958
2 58254
2 67196
4 45234
2 56182
4 35048
2 10838
2 4564
2 92264
2 91546
4 4790
4 24540
4 11400
4 63452
2 18870
4 59100
4 65684
2 1646
2 58252
4 78450
4 80644
4 73784
2 78844
4 64104
4 91176
4 42880
4 92896
4 85592
2 50598
4 73634
4 61706
4 53522
4 85218
4 86124
4 30262
4 82434
4 92666
2 68418
4 37704
4 46486
2 89026
2 31466
4 66110
2 45128
4 77050
4 24916
4 66444
2 79892
2 14426
4 37200
4 94860
2 99426
2 62498
4 96098
4 48182
4 24980
2 86942
4 47422
4 21060
4 61682
2 12030
4 17732
2 66378
2 42500
4 26604
4 21124
4 4394
4 58000
2 35612
4 47770
2 20780
2 65190
4 71718
4 24314
4 37058
4 58142
4 16600
4 84116
2 69644
4 25694
2 42650
4 79970
2 23170
4 34004
4 84064
4 99694
2 48104
4 59902
4 84250
2 10910
4 81184
2 35416
4 40028
2 70412
2 85412
2 85342
4 66746
4 44548
2 92252
4 52388
4 19206
2 23622
2 79544
4 89752
2 8174
4 20672
2 10676
2 43254
2 67730
2 99930
2 84850
4 8470
2 82582
2 49626
4 27114
4 77254
4 20522
4 45926
2 42292
2 16138
4 39454
4 6258
2 58786
4 84996
2 39282
2 75068
2 52412
2 95768
2 40114
2 81280
2 36070
4 72498
2 2244
2 15994
2 47978
4 73914
2 27914
2 24550
4 37122
4 40254
4 96660
4 76890
4 1472
2 37326
2 17948
4 65804
4 9808
4 83130
2 23034
4 67698
2 88724
2 37322
4 44364
2 53506
4 80436
4 11992
2 27186
2 66128
4 71840
2 41554
2 47958
4 8824
4 5774
2 58618
2 17244
4 74898
2 40482
2 71350
4 79370
2 30110
4 656
2 22032
4 56020
2 26260
2 5856
4 26052
4 32628
4 83392
2 7638
4 61002
2 56728
2 14550
2 27872
4 90200
2 70622
2 19166
2 19790
4 75750
2 1366
2 51912
2 59572
2 16132
4 4024
2 94632
2 25632
2 24682
4 50740
4 1074
2 60842
4 558
2 38270
2 42812
2 49820
2 74236
2 88530
4 4064
4 5066
4 68748
2 37136
2 87990
4 70022
4 18796
2 93476
4 71634
2 78272
2 91086
4 19958
4 36954
4 36882
4 78706
4 57360
2 74338
4 22288
4 33188
4 69946
4 49800
4 39732
4 80316
2 16446
4 46432
2 20366
2 6302
2 61138
4 33774
2 87880
4 94340
4 86306
2 6750
4 34944
4 3152
2 98606
2 2752
2 51674
2 72302
2 30946
2 95642
2 33826
2 162
4 44660
2 64376
4 58864
4 44806
4 85112
2 57516
4 80738
4 23466
2 30416
4 2816
2 34628
2 74658
2 67208
2 34748
2 55774
4 4352
4 2308
2 84210
4 71992
2 92940
2 34804
2 53224
4 89642
4 77700
2 45394
2 3652
4 85304
4 88110
2 63200
2 17828
2 89216
4 15268
4 91782
2 32266
4 62910
4 95762
4 94180
4 61780
4 47842
2 11096
2 75730
4 84262
2 99098
2 11922
2 21108
2 4918
2 68010
2 89334
4 25286
2 9708
2 87454
4 35360
2 69500
2 576
4 61216
2 63750
2 71864
2 21920
2 55528
4 94652
2 86484
4 26474
2 8616
4 29772
2 64604
4 30744
2 42246
4 35778
4 10296
4 26076
2 15462
2 1000
4 49574
2 61750
4 44484
2 88176
2 254
4 60988
4 44876
4 95514
2 21732
4 9236
2 73984
4 65058
4 30532
4 96258
2 57534
4 38150
2 88096
4 31210
4 89652
2 90244
4 98030
2 50852
2 59732
2 17836
4 46124
4 99902
2 61910
4 50420
2 77846
2 46294
2 72226
4 79086
4 74514
2 78692
4 2106
4 57778
2 89762
2 8236
2 42814
4 68638
4 87176
4 52574
2 7416
4 54182
4 482
2 12588
4 56504
4 63868
2 38006
4 52600
4 59880
4 14590
4 51232
2 22678
2 43622
4 15512
4 2964
2 76124
2 90736
2 43138
4 86406
2 71472
2 47324
2 41558
4 26938
4 70044
4 45124
2 80014
4 80874
4 84426
4 49728
2 64992
4 55886
4 13748
2 52414
2 99284
4 2568
4 49224
4 78918
2 92600
4 13864
2 28082
2 13216
2 34372
4 95868
4 86808
4 47232
4 8278
2 61670
4 80528
2 40296
2 11596
2 2158
4 72456
4 18206
2 33930
2 85424
4 80164
4 68366
4 38824
2 81236
2 75130
4 57272
2 85506
2 64726
4 42326
4 59114
4 89478
2 52274
4 1324
2 82306
4 2476
2 56128
2 76974
2 35800
2 94686
2 14870
2 33994
2 33794
2 42522
2 71426
2 27286
2 59804
4 69826
4 73156
4 86196
4 71824
4 66430
4 39698
2 50962
4 17114
2 16118
4 66094
2 94886
4 78420
2 54108
2 23562
2 40078
2 37522
2 67486
2 92780
4 65726
4 94450
2 158
4 99768
2 56492
4 64526
4 21812
2 47260
2 45772
2 32444
4 20430
4 89706
4 27218
2 85650
4 99036
4 74366
4 44818
2 89042
2 88950
4 30198
4 13074
4 58636
2 55688
2 92880
2 4130
2 76220
4 92616
4 25524
2 27406
2 19540
2 49072
4 34528
4 4116
4 86836
4 95058
2 52030
2 10746
4 33606
4 99910
4 12818
4 82454
4 2504
4 79376
2 73264
4 69976
2 4284
2 82018
4 31934
2 61868
4 65088
4 46054
2 2580
2 69564
4 50142
2 39638
4 3870
4 47480
2 33782
2 17206
4 5748
2 85728
4 50790
2 74016
2 14510
4 97840
4 52950
4 24198
4 30172
4 57752
4 57242
4 18528
2 36252
2 71768
4 14570
2 60084
4 75336
4 51990
2 12876
4 77460
4 50810
4 12934
2 94048
4 16938
2 73582
4 27864
4 54528
4 29710
2 91986
4 39020
4 67930
2 26308
4 57020
2 91052
2 78758
2 75370
2 52792
4 77988
2 77888
2 51874
2 49160
4 75808
2 13258
2 66184
4 11588
4 17830
4 7134
2 48796
2 53846
4 36558
2 68308
2 80076
2 64188
2 30488
2 36800
2 46960
2 92426
4 5632
4 37528
2 72774
4 65484
2 86528
4 2172
2 17450
2 32720
2 25926
4 78894
4 53958
2 31458
4 93050
4 66432
4 58580
2 25592
4 83922
2 58432
2 86462
2 49346
2 25858
4 28028
4 98706
2 52076
4 53202
4 92544
2 39492
4 60910
2 22228
4 82030
4 80582
4 51400
2 69864
4 9400
4 41176
2 81344
4 86488
2 54718
2 67926
4 95598
4 84662
2 72800
4 88208
2 83378
2 50322
4 57086
2 37684
4 63854
4 51978
4 37692
4 17276
4 26246
4 27586
4 89218
4 50750
2 64908
4 19898
2 78456
4 65810
2 58312
4 90152
4 12278
2 16258
2 90618
2 3330
2 86116
2 72332
2 15400
2 76654
4 10300
4 52978
4 13204
4 34582
2 302
2 9834
2 7228
4 85402
4 95754
2 57454
2 7066
2 21940
2 53548
4 61962
2 85584
4 72692
4 85544
4 31992
2 42234
4 35980
4 72832
4 88978
2 71140
4 78838
2 10452
2 47036
4 21344
4 16450
4 61142
2 22574
2 44534
4 43046
4 67198
2 20302
2 21604
4 74286
4 67524
4 64734
2 47296
4 82870
4 50232
2 464
4 4786
2 62850
2 48304
2 78124
4 49542
2 33344
4 26362
4 25736
2 74026
2 75072
2 99050
4 47658
4 95888
2 55890
4 98796
4 14312
4 6628
2 38944
2 66054
2 69228
4 90356
2 35272
2 51520
4 51224
4 88698
4 7356
2 74098
2 23632
2 18530
2 68458
2 51006
4 13028
2 44920
4 60968
4 16818
4 58638
4 46400
4 70052
2 32890
4 91940
2 81868
2 91952
4 95862
4 48444
4 73868
4 83372
2 90826
4 18856
4 12724
2 48338
2 49624
2 89412
2 38910
4 7270
2 35190
2 83292
2 25360
4 72878
4 37810
4 38758
2 48668
4 58116
4 93836
2 56718
2 44894
2 1096
4 94548
2 46456
2 66730
4 89592
4 21342
4 51132
4 28696
2 69370
2 65392
4 94958
4 48578
2 97098
2 16444
4 29802
4 52174
2 23276
4 4768
4 21894
2 58806
2 70408
2 78358
2 61978
2 60990
4 25764
4 37506
4 58664
4 49482
2 80844
4 54300
4 91732
4 99630
4 16078
2 85184
4 43588
2 43604
4 68198
2 95436
4 52022
4 27328
2 19768
4 52590
4 16642
4 204
4 99532
2 86604
2 65540
2 72080
4 18250
4 44184
4 75868
4 67136
2 82118
4 21476
4 81556
2 37730
2 29106
4 6228
4 96218
2 66518
4 20074
2 63544
4 83420
2 50850
4 58120
4 57630
2 46398
2 15004
4 58292
4 66296
4 946
2 98456
2 16584
2 42976
2 14944
4 466
4 69440
4 72230
2 85848
2 8426
4 13566
4 92750
2 41104
2 976
4 65016
2 29716
4 22954
2 61112
2 64112
2 95226
2 59366
2 43290
4 15430
2 70736
4 38100
2 40670
4 50200
2 5070
4 69198
2 7948
4 52996
4 23744
4 25762
2 1178
2 16944
2 1336
4 95200
2 7234
4 20840
4 39460
2 69868
2 28424
4 74360
4 38
2 6230
2 11262
4 22508
4 8434
4 20858
2 17844
2 88182
4 99882
4 35906
2 17928
2 17028
4 17952
2 18162
4 18204
4 37818
4 11814
2 22188
2 20180
4 18710
4 11782
4 98768
2 99892
4 42512
2 66394
4 93952
2 87214
2 59718
2 27710
4 20696
4 9804
2 24686
2 80140
2 72772
4 63950
2 87762
4 376
2 21226
2 14600
2 35356
2 36352
2 83436
2 33798
4 27898
4 75276
4 1960
2 24768
4 12180
2 76276
2 60780
4 63444
2 68184
4 49188
2 31356
4 6678
2 93094
2 62156
4 56464
4 54910
4 83096
2 73240
4 91376
4 30322
2 23664
4 69210
4 38972
4 61522
2 53492
4 23982
4 41652
2 95962
2 53872
2 5228
2 45240
2 52844
2 27966
4 99678
4 99138
4 36422
4 28312
2 60526
4 6294
4 2946
2 94746
2 30056
4 82194
2 76708
2 20992
2 33848
4 11476
2 34606
2 59278
4 87764
2 3718
2 892
2 46502
2 33068
2 62458
4 3570
2 52420
2 26314
4 32926
4 77950
2 30038
2 65758
4 28726
2 73094
2 37786
2 81246
4 45322
2 23996
4 76432
4 42110
4 4724
2 22206
2 86396
4 47028
4 71294
2 51592
4 21936
4 44116
4 48784
2 62624
2 56618
4 41474
2 95810
2 30242
2 42200
2 77746
2 65694
4 82832
2 13590
2 82004
2 71104
4 41038
2 49996
4 38652
2 78066
2 66010
4 86524
2 73474
2 22514
2 33260
2 54056
2 34292
4 69396
2 42010
4 78422
2 11762
2 62632
2 64160
4 6168
2 20698
2 74268
2 93560
2 4946
4 86896
4 58310
4 62254
2 70328
4 82628
4 83018
4 79712
2 7974
4 43392
4 38260
2 21018
4 73578
2 67432
4 34398
4 78126
4 36484
4 72414
4 17754
2 30802
4 98558
2 16316
4 11000
4 35556
4 52010
2 46100
2 95366
2 85160
4 71458
4 98574
4 69092
2 78216
4 12062
4 64978
4 52124
2 67740
4 62290
2 78232
2 95096
2 60502
4 94680
4 52734
4 50762
4 68200
4 38148
4 67094
4 20060
2 95852
2 20290
2 45046
4 45348
2 43494
2 96902
2 31936
2 68706
2 54448
4 78796
2 54012
4 97616
4 27768
2 73494
2 66966
4 73178
4 12088
4 82852
4 53292
4 94196
4 36780
4 92030
4 38506
4 89998
2 77792
2 53074
2 45544
4 18914
4 55876
2 81500
2 66758
2 17984
4 84984
4 62870
2 79968
4 29512
4 35300
2 6734
4 16746
2 694
4 55062
4 66594
4 39352
4 19394
4 94988
2 60630
2 25136
4 16830
2 99172
4 57416
2 3390
4 26666
4 33472
2 71934
4 38980
2 5104
2 10692
4 58730
4 44976
2 6982
4 90418
4 84808
2 55212
2 45058
2 75490
2 77946
4 73802
4 61836
2 33872
2 23494
4 70626
4 34256
4 51808
2 23106
2 69400
2 20836
2 27724
4 89278
2 62778
2 95466
4 57922
4 73890
4 90304
2 59378
4 80960
4 30676
4 53992
4 28382
2 67782
2 19496
2 46828
2 71874
2 43038
2 32666
2 35244
4 31706
2 10172
4 46804
2 81774
2 21052
4 99648
4 15060
2 18878
2 27392
4 79208
4 90498
4 12410
4 81744
2 78926
2 24632
2 6376
2 36
4 25502
4 7636
2 92202
4 18828
4 16048
4 85508
4 99540
4 40574
2 21946
2 59792
2 15358
4 22736
2 86456
2 53918
4 87958
4 38290
2 25250
2 6596
4 69134
4 37710
2 25582
4 57142
2 69070
4 57246
2 56684
2 67942
2 8302
4 35998
2 20206
4 58942
2 53742
4 12750
2 33424
2 39898
4 98874
4 464
4 52638
4 72882
4 30148
4 18594
4 60402
4 55058
2 52354
2 86052
2 18676
4 58826
2 64058
4 33936
4 26102
4 38866
2 97138
4 68160
2 35938
2 74762
4 93692
2 57846
2 13732
4 20698
4 8118
2 97352
4 66968
4 93184
4 44444
4 27622
4 34348
4 76170
2 22700
2 6164
4 48462
2 22790
4 26554
2 70138
2 27520
2 21900
4 30890
2 34406
2 75372
4 60856
2 52926
2 20398
2 41902
4 51718
2 31916
4 45894
2 42914
2 56624
2 26368
2 76856
2 15242
2 15968
2 23546
4 66530
2 29192
2 51458
4 98572
2 7652
2 89550
2 77126
4 57366
4 69604
2 81020
2 450
4 99696
2 79740
4 56656
2 87794
2 95778
4 94870
4 56050
4 72592
4 66122
2 82368
4 88062
4 77400
4 36806
2 99526
4 63938
4 14942
4 63310
4 46234
2 17486
2 57810
4 97938
4 62128
4 67258
4 49452
2 37678
4 12888
4 40940
2 62936
4 79984
4 67530
4 42950
4 56244
4 12058
2 44736
4 92000
4 90374
2 82946
2 57210
2 44486
2 55066
2 97396
2 29386
4 24496
4 53560
2 2388
4 84836
2 60594
2 58326
4 42072
2 69610
4 97662
2 69288
2 13064
2 83172
4 7688
4 88474
4 39662
4 6308
4 35334
2 77852
2 76978
2 60626
4 23286
4 276
2 26432
2 93076
4 97296
2 14372
4 22920
4 10664
2 23410
2 45656
2 61192
2 43964
2 18140
4 92720
4 72650
2 4060
2 3216
4 62760
4 30080
2 98370
4 1938
2 3434
2 36316
4 96304
4 44330
2 77918
2 53732
2 55748
4 36236
2 46972
2 52450
2 82376
4 83614
2 68592
4 18318
2 32996
4 10100
4 70616
4 18882
4 83348
4 87340
4 33350
2 16842
2 69108
4 80274
2 91442
2 92344
4 48456
2 35032
4 80464
2 18348
4 48498
2 41572
4 3340
2 37400
4 98944
4 61738
2 1198
2 67886
4 43786
4 88996
2 36472
2 64808
2 18172
4 37242
4 98418
2 44788
2 95680
2 22844
4 8722
2 16906
2 79240
4 23630
4 71200
4 82244
2 90652
2 21642
2 2360
4 38350
2 82830
4 55496
2 17230
4 23614
2 61218
4 56220
4 58938
4 60934
2 54730
2 6884
2 30770
4 68272
2 93262
4 1110
2 75622
4 59402
2 82804
2 7574
2 82138
2 3754
2 39088
4 6654
2 65276
4 23972
2 87960
2 36850
4 19052
2 66040
4 89984
4 83598
2 19952
2 24228
2 57168
4 27558
2 41210
4 66108
2 83536
2 66634
2 92748
4 81536
2 79818
4 22848
4 53730
4 74720
4 48228
2 83968
2 48896
4 74542
4 78980
4 12086
2 26062
4 40914
4 996
2 78234
4 55986
2 97048
2 21824
2 65084
4 31296
4 96892
4 19700
4 86560
2 20124
2 21128
4 59712
2 70300
4 36400
4 27172
4 64992
2 51038
2 61554
2 57018
4 36570
2 18496
2 1062
4 83956
4 2344
4 82466
2 63766
4 66024
2 76068
4 5476
4 66474
4 7608
2 26292
4 16602
2 44046
4 1188
4 38094
4 25248
2 29784
4 83408
4 1108
4 26516
4 79478
2 93474
4 25644
4 23596
2 67516
4 65514
4 99600
2 46894
4 5884
4 17440
2 67056
4 30498
4 94108
2 23178
4 20162
4 22356
4 83898
2 53332
4 29590
4 47862
4 63508
2 34548
4 53194
2 35610
4 49526
4 81182
2 96658
2 78424
4 79136
2 70492
2 9970
4 37828
2 1922
4 75080
4 18792
2 56484
4 78890
4 81568
4 38428
4 45740
4 59588
2 94364
4 98128
2 12172
2 27778
2 29066
4 15488
2 31188
2 52972
2 38658
2 93962
4 11770
4 3834
2 6858
4 58528
2 80344
2 26708
4 21074
2 12566
4 60010
4 3452
2 69542
2 75500
4 13178
4 61234
2 2394
4 4188
2 86060
4 32918
2 95648
4 21856
2 22010
4 21940
4 64988
2 79948
4 25906
2 22436
2 38430
4 90684
4 43870
4 10862
4 44086
2 28262
4 66004
4 45258
2 93858
4 94354
2 1970
2 28408
4 61770
4 610
4 56120
4 30492
4 29246
2 26204
2 26374
4 37436
4 62752
4 89730
2 37754
4 65082
4 13122
4 75212
2 79286
2 77534
2 26800
4 50554
4 73374
4 2998
4 574
4 198
4 45364
2 68052
2 97294
4 17550
2 94834
4 80554
4 23502
2 32362
2 27772
4 77548
2 65462
2 44296
4 75604
2 80292
4 31266
4 77758
2 71388
2 62094
4 44440
2 56152
4 34994
2 31988
2 30960
4 69734
4 58620
4 86328
4 5238
2 63074
4 63680
4 60670
4 59994
2 6710
2 93272
2 56284
4 38818
4 43762
2 14338
4 40196
4 77078
2 75818
2 92736
4 770
4 41744
2 82812
4 79420
2 3366
4 62446
2 3982
4 61856
2 47084
4 57568
4 10838
4 5174
2 78998
4 66286
4 56530
4 12778
4 37456
4 36104
4 96322
2 61058
2 12246
2 54898
4 91986
2 96012
2 58770
4 64516
4 84122
2 18856
2 41254
4 71436
2 42876
2 38734
4 41492
2 65380
2 66352
2 17590
4 55326
2 29640
2 41218
2 61782
4 80662
4 72818
4 87140
2 87068
2 60284
2 49608
4 54584
2 59462
4 48764
2 31778
4 57132
4 810
2 48950
4 81114
4 47220
2 56048
4 8116
4 95784
4 94602
4 88914
4 43704
4 36432
2 14052
2 2026
2 16122
4 32284
2 48642
4 67984
2 24946
4 10372
4 97230
4 96914
4 20066
4 81750
2 44022
4 55998
2 76430
2 43174
2 35046
4 2536
4 80610
4 41792
2 46166
2 37784
2 2454
4 48892
4 83124
2 54972
2 74630
4 93506
2 84402
4 11230
2 58266
4 56404
4 67690
2 87228
4 82100
4 38754
2 35250
4 10118
2 75256
2 11224
2 20236
2 42666
2 39670
2 70972
4 69162
4 90552
2 79380
2 75346
2 2724
2 72904
4 78866
2 77668
4 27378
4 3760
4 72270
2 57450
2 66546
4 21458
2 41494
4 38204
4 45620
2 77536
2 5232
2 50474
4 80428
4 13848
4 71072
4 50584
4 40852
4 26264
2 45286
4 66226
4 848
2 77068
2 7546
2 3702
2 42830
2 92978
4 41832
2 28978
4 97588
4 46896
2 62294
4 42460
4 78780
4 82302
4 77034
2 22274
2 27748
2 39324
4 12742
4 51762
2 57856
2 42966
4 1196
4 87172
4 46078
2 46708
4 60260
2 77272
4 75384
2 66020
2 66464
2 1760
2 50452
4 54022
4 78108
2 16048
2 25486
2 1048
2 70056
4 17834
2 88130
2 93482
2 45352
2 22126
2 46428
2 83682
2 85174
4 28698
4 40436
4 79274
4 77974
2 85218
2 17272
2 20968
4 8638
4 39286
2 88192
2 30606
2 27678
4 42464
2 35226
4 2936
2 40874
4 12830
4 89938
4 90696
4 91094
4 17692
4 38384
2 77308
2 39848
2 2260
4 39378
2 96782
4 80840
4 20008
2 25614
2 95374
2 41220
4 20366
2 62342
2 99212
2 45120
2 404
2 72452
2 82512
2 85490
2 39824
2 66888
4 84302
4 11768
2 66266
2 47450
2 28118
4 72412
2 90158
2 5524
2 51940
2 65302
4 50476
4 93582
2 88918
2 93058
2 67214
2 98744
4 99112
4 97382
2 37092
4 78608
4 17214
2 70426
4 84412
4 77940
4 32190
4 32920
2 23130
2 35894
4 5984
2 25760
4 4430
2 78126
4 99616
4 45102
2 34088
2 78306
4 84308
4 85906
4 13750
4 93482
2 70916
4 36196
2 92054
4 41044
4 25512
4 84098
2 71766
2 41916
2 55422
2 85592
2 84916
2 48332
2 58178
2 88078
4 35870
4 28336
4 94684
4 41860
4 72486
4 49464
4 50422
4 43412
2 99090
4 76108
2 6004
4 43934
4 38770
2 54436
2 65214
2 37762
4 46790
2 59596
2 96248
2 66678
4 29050
2 79152
2 72820
4 93016
2 34340
2 40646
2 1138
2 26946
2 14148
2 33928
2 34624
4 34974
4 56908
4 46830
2 29934
2 16898
2 46486
4 62724
2 26224
4 35706
4 89154
2 26370
4 20038
4 33872
4 30968
2 58006
4 47318
4 53032
2 2126
2 80850
2 33760
2 68412
2 930
2 18052
4 99388
2 41840
2 70840
2 66114
2 54186
4 1932
4 77742
2 47564
2 90706
4 62526
2 70850
4 89942
2 71910
4 87210
4 21544
4 89696
4 44238
2 69444
2 9034
2 1544
4 11252
4 22578
4 41424
2 30672
4 54326
4 74554
2 6602
4 35656
4 10294
4 90240
4 59236
2 18640
4 70546
2 12684
4 99118
4 98700
4 15036
2 17176
4 39458
4 28506
4 162
4 77658
2 1464
4 6048
2 51398
2 41228
4 95218
4 85716
2 63380
4 35462
4 88328
4 3902
2 54928
2 47342
4 57660
4 42392
2 96830
4 24386
4 82808
4 31462
4 15408
4 28044
2 51312
4 68920
2 24220
4 33048
4 14756
4 80630
2 19086
4 72816
2 63214
2 1130
2 88422
2 51622
2 13156
2 37836
2 95746
4 10272
2 83810
4 78736
2 94344
2 41770
4 16294
4 734
4 150
4 9328
4 30220
2 20846
2 62776
2 94548
2 45290
4 77858
2 84246
4 11416
4 82242
2 76362
2 67720
2 44106
2 50494
2 40306
4 85920
4 39614
4 25590
2 33420
2 91440
4 83550
2 71796
2 90426
4 3390
4 70136
4 41586
4 248
2 46172
4 86854
2 89736
2 41226
4 93296
2 30690
4 7248
4 99870
2 80598
4 21552
2 55998
4 76302
4 34182
2 49392
4 4410
2 46748
4 64448
2 51140
4 96360
2 38372
2 80274
4 63294
4 69214
2 74710
4 10356
2 23990
4 97206
4 64226
4 26332
2 16916
4 84210
2 71716
2 96970
4 72112
4 87796
2 9362
2 72722
2 33898
2 57220
4 12816
2 38604
4 49700
2 49900
4 14354
2 14098
4 33792
2 71148
4 49878
4 7906
2 49182
4 11354
2 24818
4 22588
2 40352
2 70046
4 55232
2 63348
4 86644
2 3338
4 82708
2 25000
2 58262
2 99372
2 34554
4 73712
2 9044
4 43132
2 20494
4 52944
4 3942
2 35064
4 19072
2 55766
2 76114
2 66900
4 54652
4 3138
2 65620
4 29088
4 32550
2 71116
2 86050
2 68492
2 72534
4 52410
4 95894
4 56508
2 98204
2 43884
2 69978
2 36764
2 23710
4 96536
4 20488
2 9688
2 518
2 99966
4 55158
2 17914
4 92222
4 76784
4 67152
4 56326
2 20016
2 78372
4 66374
2 69780
2 30674
2 82610
2 96712
4 29644
4 9348
2 42458
4 29670
2 47158
2 35534
2 69558
2 68548
4 42710
4 87426
2 20860
4 13856
4 97122
4 65066
4 62324
2 57124
2 63704
4 74752
2 13990
2 59088
2 10604
4 63862
4 74100
4 2932
2 55166
4 90972
2 17596
2 79764
4 41844
2 36672
2 2220
2 89720
2 78390
4 46872
4 32916
4 57570
4 51858
4 98438
4 78466
2 10386
4 36902
2 16078
4 94798
2 87040
2 19958
4 35738
2 23424
4 6220
4 26440
2 9198
4 29576
2 74614
4 80114
4 29592
2 54000
2 708
2 63532
2 15392
2 8932
4 60472
2 11354
2 24406
4 37362
2 15324
4 498
2 89476
2 49368
4 89454
4 97392
2 62796
4 12030
2 68716
4 23186
2 788
4 35652
2 49922
2 91222
4 95236
4 80278
4 13540
2 95578
4 1422
4 83070
4 53784
2 80418
4 63466
4 29770
2 59492
2 47706
2 72070
2 28624
2 40348
4 39752
2 13866
2 52054
2 50588
4 64518
4 57184
2 62610
2 14326
2 948
4 46674
4 2826
4 97636
2 14060
4 67800
2 57024
4 48184
4 50886
2 52510
2 91976
4 37092
4 66124
4 94358
4 87332
2 23216
4 39644
4 96468
4 75948
2 63528
4 82236
2 33588
4 89076
4 83272
2 83604
4 23842
2 92876
4 66078
4 84400
2 32302
2 10010
2 26288
4 18768
4 7002
4 1388
4 54434
2 47018
2 84314
2 53958
4 96154
4 93886
4 3542
4 2146
2 64932
4 59132
4 4494
2 66628
2 43826
2 37390
2 97956
2 28784
4 54344
4 44698
4 28920
4 71096
2 82694
4 59996
2 93220
4 63876
2 42382
2 12188
2 53302
2 92194
4 37074
2 53304
2 91264
4 7552
4 99116
4 49044
4 66362
4 78644
4 67802
4 434
2 87542
4 25264
4 64562
2 59200
2 91038
4 16146
4 56686
4 83434
4 66266
2 46922
4 80716
2 82952
2 5282
4 32528
2 40724
2 6520
4 98408
4 8340
2 48688
2 55196
2 74054
2 65752
4 52992
2 99446
4 23484
2 61908
4 91364
2 1144
2 22810
4 78390
4 360
2 76
4 488
2 68958
4 83802
2 11986
4 50540
2 64530
4 10130
4 39738
2 60756
2 98464
2 90822
2 90800
2 40072
2 62502
2 90846
2 59328
2 72658
2 68388
4 30234
4 38908
2 79884
2 47530
2 48824
2 26406
2 31052
4 98182
4 24288
2 96016
2 77502
4 42752
2 37954
4 21830
4 65924
4 26266
2 95142
4 62476
4 14668
2 35988
2 13348
2 42600
4 71014
2 21206
4 64876
4 3274
4 46164
2 47092
2 69508
4 34174
4 2744
2 75668
4 60788
2 95976
2 50836
4 5050
2 37242
2 23746
2 27416
4 79630
4 45036
4 43700
4 67146
4 53872
2 86232
4 88744
2 89580
4 87072
4 69726
2 30482
2 6812
2 44218
2 12950
2 68608
4 22064
2 76882
4 86036
4 66904
4 24020
2 26560
2 96742
4 87128
4 43446
2 69636
2 63744
2 59288
2 94390
4 96102
4 58176
2 76836
4 31730
2 77850
2 23836
4 50462
4 50332
4 34480
2 89758
2 69446
4 34644
4 54934
2 66630
4 1340
4 1694
4 64796
4 89974
2 61860
4 60956
2 7156
4 72068
2 70534
4 55220
4 10628
4 72208
2 2770
4 8060
2 14502
2 22996
4 37942
2 97504
4 5302
2 98820
2 53230
2 50864
4 4042
2 11340
4 30860
4 44358
4 90608
2 79060
2 24338
2 29234
4 78326
2 26440
2 53770
4 85478
2 31792
4 42370
2 816
2 23180
4 60332
2 51256
4 45590
4 98124
4 14164
4 51404
4 7912
2 56942
2 5424
4 15896
4 60848
4 41984
2 3654
4 32270
4 65196
4 72404
2 21142
4 34824
4 11040
4 23812
4 32486
4 9824
2 75990
4 40546
2 51034
4 62118
4 70766
4 50670
2 16844
4 63632
2 25800
4 32762
4 36438
2 9648
4 71338
4 84668
2 8266
2 60434
4 14476
4 78968
4 32226
4 60158
2 15296
4 60416
2 8360
4 29646
2 33830
4 32576
4 37132
2 89234
4 63628
2 6730
2 18964
4 48754
4 37574
2 6438
4 46782
4 89858
2 63408
4 95924
4 90298
2 35646
4 7740
2 8576
2 73226
4 75892
2 31608
2 74872
2 47974
2 1396
4 93778
2 86848
2 16824
2 49436
2 68272
2 85364
4 7058
2 62832
2 35574
4 76118
4 70388
4 27318
2 60956
2 41350
2 80654
2 78484
2 85330
4 18656
2 61084
4 94346
4 5620
4 33870
2 69804
2 93348
4 88752
2 26706
4 67894
2 67604
2 35576
4 62396
4 7670
4 24802
2 74050
2 91606
4 45126
4 15836
2 42002
2 60786
4 32186
2 23914
2 24520
2 69776
2 96768
2 17128
2 31710
4 38518
2 40104
2 37298
2 58460
4 45806
2 7394
4 23178
2 2722
2 62580
4 81732
2 41600
2 86402
4 72312
4 11096
4 79270
4 34864
4 11550
2 62816
2 54058
2 6468
2 91866
4 634
2 39906
4 48030
2 97154
2 10978
2 96442
2 53870
4 56362
2 11978
2 91202
4 18208
2 52236
4 41352
2 29270
4 29696
4 47780
2 37552
2 45906
4 95256
2 95978
2 78874
4 97238
2 86844
4 46962
4 27072
2 89502
2 79506
4 76014
2 86078
2 76216
2 68718
2 60076
4 39578
2 6006
4 97786
2 10616
4 52798
4 39650
4 71970
2 21228
2 5552
2 63526
4 3092
4 23464
2 20018
2 22266
4 92342
4 62762
4 66666
4 43748
4 40076
2 60868
2 65826
2 52598
4 85198
2 5066
2 29540
2 6574
2 32478
2 62026
2 1312
4 94316
2 70
4 97944
2 55476
2 99382
2 1830
4 7838
4 30874
2 17500
4 2552
2 99638
2 68062
2 86070
2 77520
4 98376
2 78342
4 19620
4 41258
2 86430
4 87344
4 38212
2 51742
4 30328
4 5260
4 22214
2 11764
2 11756
4 63886
2 81742
4 90158
4 82658
2 38862
4 27434
4 70010
4 89250
2 82530
4 9636
4 31594
4 70736
2 43850
2 98424
4 54442
4 96088
2 53428
2 97028
2 88548
2 72296
2 3606
4 81954
4 47766
4 54078
4 520
2 55676
2 6338
2 53990
4 16176
2 23116
2 15508
4 75270
4 20976
4 73556
4 72416
4 89588
4 75076
4 76954
4 68066
2 21296
4 68144
4 54462
2 41754
2 29396
2 37398
4 16088
2 14772
4 34566
2 10210
4 4656
2 48342
2 44428
4 27646
2 32832
4 81748
2 58010
2 6312
4 83774
2 42074
4 55030
4 60872
4 97342
2 90060
2 63198
2 49964
4 87648
2 87588
4 26480
4 26028
2 19716
2 78346
2 20724
2 20364
2 69472
2 88976
4 58502
4 5498
2 6696
4 56552
2 12560
4 89466
2 88010
4 80016
2 64078
4 12588
4 70258
2 38024
4 25218
4 57252
4 8860
4 38108
4 23510
4 34852
2 11156
2 13260
2 55286
2 44408
2 93760
2 63620
4 68094
4 20838
2 10594
2 69260
2 59766
2 50522
2 83932
2 98144
4 47056
2 68152
4 23346
2 54702
2 65108
2 20764
4 52722
2 166
4 20534
4 30336
4 80028
2 13488
4 66984
2 89516
2 16372
4 53258
2 21196
2 57208
2 1866
4 5274
4 89748
2 52758
2 4728
2 68472
2 50086
4 96440
4 81346
2 28994
4 71422
4 53012
2 62068
2 72316
2 7796
2 67774
4 45626
2 73314
4 82862
4 17406
4 15590
4 70794
4 90760
2 95080
2 20264
4 34648
4 71688
2 24442
2 65090
4 78954
2 12736
4 81846
4 58610
2 56960
2 50668
2 43476
2 8992
2 17310
4 95606
4 55962
2 80158
2 99648
4 20850
2 67576
2 91782
2 52002
2 10416
4 56274
4 94670
4 49850
2 69346
2 63542
2 33786
4 63946
2 64786
2 34128
2 9352
4 74780
2 6540
4 92068
2 20768
4 22294
4 85032
2 55348
4 50440
4 90708
4 53554
2 19810
4 41708
2 28478
2 64110
2 36596
2 40488
2 48010
4 37268
2 29024
4 77032
2 15166
2 90506
2 62170
4 1096
2 91290
4 99410
4 69022
2 85334
2 94068
2 18282
2 75364
2 87950
2 6536
4 17324
2 94892
2 49488
2 50036
2 86020
2 26870
4 69948
2 96418
4 98076
4 28978
2 66058
2 12542
4 95504
4 4660
4 94724
2 65500
4 96340
4 53072
2 33388
2 69956
2 13086
2 4002
4 14718
2 22502
4 27026
2 69496
2 69766
2 75394
4 83930
4 59102
2 66746
4 77916
2 55602
2 91178
4 86072
4 15770
4 74684
4 81080
4 7788
2 9654
2 34568
4 70572
4 55448
2 28318
4 3310
2 1308
2 45946
4 18708
2 69962
2 24562
4 99164
2 73078
4 82438
4 87430
4 31844
4 10668
4 62950
4 16864
4 67256
4 46892
4 26178
4 3898
2 55618
4 96508
4 32564
4 36770
2 93526
2 92814
2 77244
2 15788
4 64790
4 62050
2 95682
2 30144
4 29016
2 20084
4 1256
4 29162
4 36920
2 19582
4 10576
4 15364
2 64938
4 1872
4 29356
2 90178
2 77322
4 16588
4 35428
2 57350
2 31598
4 11240
2 46390
4 51700
2 25180
2 49324
2 4864
2 29554
4 48490
4 35156
2 83092
4 22092
4 40708
4 36840
4 94910
4 65142
4 2940
4 52906
2 16458
2 49506
2 47992
2 68162
4 9886
4 17244
2 30764
2 20542
2 58070
2 59102
4 3772
2 8134
2 13412
2 42524
4 54752
2 34850
2 92576
2 61374
4 2898
2 80128
2 34570
4 95678
2 90220
2 76788
2 11752
4 88652
4 18522
2 3854
2 72368
4 95506
4 73226
4 30306
4 83736
2 42114
4 13858
2 42674
4 74024
4 75318
4 33940
4 66092
2 60546
4 77030
2 42556
2 75074
2 39374
2 10116
2 47062
4 95220
4 39818
4 35506
4 41164
2 37662
2 9376
4 49812
4 18926
2 91646
4 9574
2 37392
4 6964
2 66340
4 32290
2 11654
2 10752
4 76220
4 39402
2 53920
2 35482
4 39730
2 57590
2 27564
4 1382
2 78694
2 38338
2 7144
2 91450
4 43818
4 86876
4 12970
2 75966
4 19090
2 5094
4 29760
2 19016
4 91482
2 85646
2 30046
2 34892
4 5634
4 96490
2 46700
2 73236
4 40516
2 73850
4 47380
2 33274
2 59524
2 43918
4 84070
4 378
4 20944
4 25792
2 61690
4 90606
2 38164
4 94702
2 99246
2 19568
4 38418
4 56214
2 87896
2 94230
2 16976
2 36700
4 69722
2 72264
2 11166
2 8948
2 30114
4 40842
4 34550
2 68526
2 19120
4 2572
4 39388
4 53168
4 22034
2 33110
4 1206
2 73904
2 87640
4 2902
2 11790
2 95622
4 4350
4 63196
4 44576
2 36374
2 80784
4 48460
4 10064
4 33704
4 21738
4 26774
2 85098
4 27446
2 75674
4 10136
2 37584
4 61478
4 33194
4 22264
4 82550
2 6552
4 12418
4 10060
4 55294
2 68580
4 82786
2 78680
4 68162
4 79162
2 53006
4 7884
2 16418
4 81052
4 99530
2 91542
4 73600
2 9998
2 61030
2 6562
4 78564
2 88776
4 77692
4 91644
2 35570
4 32908
2 54024
4 88308
4 3860
4 21144
2 8118
4 43136
2 83486
4 89524
2 42098
2 17258
2 53040
4 39084
2 59928
4 636
2 36496
4 71168
4 11900
4 3482
2 45606
4 45128
4 22490
4 77826
2 57552
4 36112
4 53864
2 44554
2 65536
2 42938
4 78168
4 52130
2 57014
2 63402
2 85570
2 74770
2 12392
2 10394
4 71836
2 19308
4 43432
4 426
2 72518
4 6596
2 68140
2 37378
2 55862
4 59522
2 89764
4 89482
2 29626
2 23722
4 74250
4 50062
4 91434
2 5012
4 11244
4 7778
2 7366
2 19474
4 73310
2 80210
2 19842
2 66776
4 89042
2 42608
2 21978
4 23214
2 51762
4 87722
2 89552
2 71288
2 95574
2 87502
4 23054
2 68
2 21906
4 2088
2 29620
4 76748
4 87408
4 23444
2 66676
4 37140
4 14956
2 90852
2 14920
4 75062
4 39918
4 63582
2 92982
4 98940
4 50714
2 16264
4 61434
4 99644
4 44840
2 17548
4 26216
4 65752
4 12074
2 48328
2 39636
2 63720
2 83644
4 26962
4 98950
4 32764
2 27684
4 77900
4 56074
2 80986
2 55100
2 29324
4 17482
2 26586
4 91002
4 75544
2 41474
2 72788
4 35564
2 32280
4 12162
4 15970
2 40900
2 63196
2 19290
2 29686
2 26616
2 18108
4 60374
2 22368
4 30886
2 14934
2 49322
2 77324
2 7386
2 20464
2 35284
4 92324
2 26182
4 71342
2 86108
2 23392
4 54224
4 11266
4 84458
2 37090
2 18080
2 67522
2 77586
2 19332
2 57470
4 50210
2 250
4 22946
4 99936
4 85582
4 968
4 43256
2 30580
4 78140
2 31938
2 53456
4 46772
2 16108
4 10606
2 68794
2 31090
4 44598
4 87214
2 52614
4 66270
4 70636
2 12720
4 42362
4 96592
2 45722
2 51850
2 58818
2 52094
2 69958
2 32136
4 14766
4 31990
4 49066
4 15510
2 38728
2 76088
4 55034
2 36680
2 7194
4 79030
2 93222
2 73738
4 66680
2 35238
4 36250
2 55200
2 28092
4 80098
2 10918
2 21584
4 10476
4 4326
4 82050
2 62980
2 30150
2 89228
4 43924
2 35000
2 97240
2 57806
2 35876
2 65468
4 70098
4 49900
4 97898
4 75434
2 27418
2 76244
4 35018
4 25222
4 91616
2 49020
4 26322
2 15496
2 31042
4 54340
2 56698
2 69862
2 40398
2 18994
4 76002
2 60184
4 99534
4 78266
4 93920
4 89128
4 12318
2 56950
4 32702
2 36192
4 12808
4 78912
2 4840
4 984
2 67366
4 72310
4 26092
4 86546
2 95194
2 54628
4 11600
2 11984
2 71262
2 20158
4 91036
2 60266
4 60144
2 27490
4 69570
2 7512
4 18300
4 99194
2 91034
4 95840
4 22126
4 7398
2 76784
4 7868
2 32126
2 72738
4 43524
2 90046
2 91454
2 7014
2 63210
2 56350
4 30398
2 13524
2 48944
2 45556
2 35006
4 19098
2 83230
2 42376
4 364
2 34304
2 12276
2 96230
4 20782
4 35792
2 17686
4 29144
4 7416
4 55860
4 29182
4 90932
4 55730
2 65822
2 68234
4 80162
2 51094
2 20106
4 53298
4 45276
2 73144
2 97266
4 18606
2 63064
2 62434
4 43028
4 38346
4 35112
2 58660
2 19200
2 70362
2 52878
4 20184
2 82344
2 98060
2 70744
2 92296
2 90630
2 58260
4 39740
2 55330
4 99864
4 92358
4 54012
2 50938
4 61424
2 29860
2 36336
4 16010
4 90354
2 1078
4 12328
4 24080
2 92138
2 37996
2 86830
4 71250
2 12850
2 89654
4 16438
4 58634
4 20064
2 41114
4 82400
4 2296
4 38360
2 67102
4 60410
4 48028
4 82836
4 53436
4 11160
4 29054
2 23600
2 32640
2 78462
2 85718
4 50850
4 66840
4 14400
4 76528
2 82438
4 63154
4 15194
4 27226
4 61602
2 5250
4 72558
2 65356
2 41950
4 17010
4 7676
2 76504
4 32344
2 29390
2 55520
4 81068
2 52230
2 26098
2 45232
2 81988
4 75650
4 68700
2 84148
4 55618
4 22406
4 92722
2 94034
4 57394
4 96480
2 47006
4 43124
4 27968
4 45556
2 98302
4 63056
4 4372
2 42804
4 4344
4 23218
4 46598
4 56584
2 47728
2 53944
2 52434
2 80044
2 38104
2 12288
4 56350
4 28004
2 89512
2 54280
2 29882
4 78060
4 67620
2 12924
2 62440
4 24034
4 47640
2 14144
2 27176
2 57186
2 70838
4 45908
4 69586
4 75774
2 5288
4 79718
2 73252
2 8982
2 91484
2 71516
4 77156
2 22336
4 55182
2 80426
2 85060
4 59428
2 36060
4 36654
4 55436
2 48212
2 77868
2 78018
2 35654
4 54944
4 50240
2 19248
2 92706
4 68102
4 26404
4 99746
4 47278
4 18724
4 28138
4 16730
2 81616
2 96776
2 87534
2 64994
2 66168
2 19024
2 45400
2 23020
2 63042
2 12602
4 91538
4 59258
4 86148
2 40706
4 58090
2 56442
2 20168
4 82218
4 42798
2 20038
2 62110
4 7604
2 60788
4 16638
4 35534
2 44654
4 874
4 98598
2 91242
4 82940
4 61918
4 73624
2 6476
2 77964
4 97362
2 74862
2 80904
2 93620
2 64680
2 51358
4 67808
2 78176
2 92732
2 96608
4 57088
2 61462
2 46550
4 9548
4 91032
4 76054
4 81608
2 22172
4 23018
2 85006
2 59396
4 83458
4 70864
2 36112
2 44994
2 18796
2 93888
2 35748
4 43618
4 72828
2 5632
4 95802
4 61028
2 25036
2 38108
4 90092
2 66356
4 14846
4 3950
2 20518
2 29150
4 12346
2 84860
4 76510
4 99512
2 30396
4 59930
4 60622
4 37998
4 51684
4 42836
2 10506
4 68312
2 89248
2 66044
2 84188
4 85066
2 57904
2 78846
4 22174
4 84096
2 97112
4 88102
2 1512
2 84932
2 79528
2 78310
4 14112
2 16680
2 17680
4 27698
4 74580
4 80794
2 18124
2 67458
2 64562
2 80772
4 29244
2 35200
2 7564
2 33558
2 71698
4 63772
2 26334
2 4346
4 47848
2 32898
2 63010
4 94084
2 84026
2 82736
4 31522
2 86492
2 42662
2 34144
4 1764
2 11738
2 49866
4 32060
4 18910
2 89754
4 40548
4 68264
4 96982
2 31902
4 62766
4 30524
2 80208
2 31460
2 82116
2 9652
2 78098
4 94994
4 73586
4 79758
4 95348
4 78700
4 79660
2 24270
4 71434
2 1982
4 82922
2 46942
4 69514
2 99724
4 25180
4 97180
4 58774
2 31082
2 8388
4 40938
2 5230
4 73746
4 73080
4 38894
2 32864
4 70538
2 37336
2 52506
4 81208
2 84170
4 41308
2 3426
4 6666
2 86330
4 29926
2 28114
4 99090
4 15474
2 32774
2 25740
4 45996
4 43624
2 96172
2 13404
4 90700
4 68380
2 40240
4 64434
2 50152
2 22614
2 44960
2 54312
2 52310
2 9660
4 18850
2 29110
4 74340
4 19844
2 84226
2 74484
2 87358
2 48822
4 47236
4 51250
2 89050
2 92438
4 83864
4 20428
4 53446
2 68654
4 59524
4 26412
2 87508
4 83542
2 41378
4 55174
4 16780
4 99684
2 79822
4 99310
2 77470
2 29278
2 2456
4 95932
4 32378
4 78338
4 81238
4 114
2 6152
4 52082
4 83612
2 68176
2 7518
4 76976
2 13200
4 13526
2 86026
2 58506
4 6794
4 14268
4 44918
2 24488
2 10412
4 70652
2 20020
4 51900
2 99068
4 70510
2 95738
4 62922
4 22854
4 82034
4 1384
2 88424
4 75518
4 27578
4 69808
4 53806
2 69700
2 32464
2 78884
4 69268
4 58676
4 27064
4 87166
2 29660
2 66596
2 29710
2 35474
2 39788
2 40672
2 98238
4 33386
4 3866
4 48296
2 720
2 78876
2 76660
4 70620
4 8710
2 17800
4 18240
2 36900
4 75654
2 94326
2 56722
2 84692
4 55098
4 20374
2 81752
2 80324
2 18808
4 31384
2 19622
2 84878
2 12956
4 99476
2 43508
4 72820
4 59022
2 69482
2 49148
4 10052
2 71532
4 98546
4 96874
2 52898
2 51856
4 28006
4 2862
2 2588
4 7446
4 90748
4 7004
2 96616
2 63772
2 53300
2 72824
4 42658
4 61838
4 53792
4 35800
4 95484
2 68658
4 13154
4 75912
4 57210
2 19428
2 69162
4 85440
2 87444
4 85074
2 26078
4 59900
2 49152
2 91410
4 36028
4 93138
2 95104
4 17422
4 86514
4 67664
4 32776
2 83940
4 73766
2 54200
2 20118
2 26060
4 90568
2 71376
2 85148
2 23616
2 2672
2 32744
2 7956
2 76622
2 23594
4 33420
4 12636
2 28146
2 35104
2 30758
2 64834
2 37406
2 71134
2 10202
4 66570
4 64404
2 71382
4 32994
4 2126
4 36628
4 70686
2 51708
2 13342
4 61314
2 24342
2 70034
2 82684
4 34984
2 71550
2 97678
2 35020
4 58064
4 87234
4 92508
4 85628
2 86218
2 9764
4 98238
4 7382
2 59334
4 20978
2 96720
4 43984
4 81308
2 10350
2 13934
2 78188
4 52070
4 81092
2 4304
2 88542
4 56290
4 10140
4 47002
4 12644
2 2460
2 90568
4 60648
2 60700
2 21546
2 71672
4 64670
4 76506
2 89106
4 47082
4 9106
2 59108
2 91574
2 35388
2 43386
2 86392
4 66816
4 3314
4 86768
4 44578
2 70256
2 51970
4 50930
2 78412
2 18820
2 8886
2 20528
2 84698
2 55848
4 26386
4 13502
4 24448
2 80642
4 32124
4 38580
4 75780
2 41252
2 5652
4 76070
2 49208
2 77116
4 90952
4 41734
2 64220
2 3348
4 20910
2 86780
4 55910
2 96474
4 30594
4 33456
4 54204
2 96806
2 72042
4 99312
2 79610
4 87178
4 89130
2 99816
2 30172
4 45766
2 58866
4 35834
4 3830
4 88242
2 42950
2 35316
4 95984
2 47288
2 51938
4 99972
2 14126
2 22448
2 47118
2 4472
4 79876
2 11464
2 92734
4 93520
4 43366
2 42632
4 65888
4 95364
2 99652
2 46562
4 35016
4 46984
4 38414
2 81908
2 19942
2 19692
2 90892
2 80916
4 17552
4 2726
4 27430
2 27342
4 44020
4 88352
4 48398
2 28544
2 16086
2 1360
2 46148
4 6768
2 26658
4 87972
2 92550
2 78220
4 2184
4 18906
4 99536
4 2488
4 45058
4 3288
2 43548
4 58428
4 94886
2 23228
4 75406
2 93748
4 36794
4 16466
2 18728
4 84314
4 21134
2 43950
4 19584
4 37324
2 3022
4 97738
4 86718
4 16512
4 11798
2 17756
2 95362
4 19942
4 36784
2 38438
4 2266
2 94636
2 52754
4 19190
4 75498
4 75786
4 6186
4 91336
4 51204
4 11098
2 15932
2 89360
2 44898
4 5122
2 99682
2 80770
2 91926
4 78494
4 75990
4 13760
4 49040
4 94864
4 24038
4 58536
2 89620
2 13486
4 42106
4 74174
4 88946
2 59172
4 35644
2 65632
2 56072
4 8600
2 74590
2 24668
2 69490
2 99144
4 86190
2 74206
2 76450
2 62984
4 18956
4 99030
4 25828
2 35178
2 6826
4 21210
2 99922
2 64146
4 3306
4 39024
4 50936
2 91810
2 33990
4 8370
4 2590
2 71948
2 26534
4 49296
2 29738
2 52994
2 55944
4 86142
4 81148
2 27126
2 79490
2 45528
2 80928
4 90692
4 4626
4 92584
4 14862
4 17900
2 9954
2 54188
2 33198
2 8354
2 95878
2 97808
4 5220
4 31942
4 52324
2 1098
4 55524
2 91420
4 26288
2 50894
2 87594
4 1250
4 46506
4 79958
2 53294
4 83536
4 65976
2 20668
2 29570
2 22622
2 38422
4 81060
2 6272
4 72942
4 7250
2 55234
4 24626
2 73504
4 12430
4 42430
4 30232
2 82570
2 18458
4 46910
4 15622
4 90690
2 68446
4 39564
4 74108
2 86626
2 50570
4 76104
2 17114
2 49290
2 4780
2 67278
2 36002
2 5374
2 18780
2 58338
2 23842
4 96996
2 90348
2 72842
2 73780
4 99780
2 58214
2 2694
2 30378
2 29418
4 26328
2 77628
2 26018
2 2626
2 45750
4 91180
2 7592
4 16604
2 99198
4 84076
2 24892
4 63510
4 98066
4 39362
2 9856
2 29642
4 84022
2 52066
4 61074
2 4534
4 83410
2 38976
4 51604
4 470
4 3354
4 90248
2 53600
2 66556
2 2834
2 82642
4 96220
4 3702
2 89568
4 58874
4 22280
2 18766
2 2492
2 298
4 27160
2 84458
2 54072
4 81688
2 62860
2 38112
4 23914
4 74356
2 72822
4 84630
4 88024
4 85126
2 87666
2 94536
2 38040
4 958
2 12140
2 31344
4 79530
4 9852
4 66774
2 4822
2 65426
4 19752
2 60678
2 12576
4 45698
2 68092
2 9154
2 96306
2 7624
2 32442
4 67898
4 87582
2 80398
4 49852
2 71902
2 95604
2 83502
2 56434
2 12728
2 15848
2 77236
4 31604
4 93204
2 13544
2 55154
4 75966
4 32294
4 16964
2 9076
4 53162
4 44436
4 18470
4 34142
4 2808
4 62188
4 84476
2 33564
4 15422
4 7516
2 71788
2 14592
4 71008
2 69582
2 30530
2 25298
2 82236
4 92170
4 75958
2 88598
2 96444
2 58458
2 60970
4 3090
2 51956
4 21588
2 75908
4 12616
4 72604
4 61840
2 14922
2 11466
2 78338
4 48564
4 65878
4 21640
4 78302
2 41200
4 31246
2 64520
2 76540
2 73238
2 21760
4 80486
4 30856
4 91466
2 72244
2 75422
4 72524
4 16244
4 59638
4 15832
4 95714
4 73912
4 8044
4 69062
2 78132
2 66298
2 13040
4 59416
4 47320
4 7642
4 11034
2 14298
4 86230
4 70124
4 59612
2 1270
2 87476
2 93558
4 21754
2 57260
2 26366
2 48368
2 38790
2 92770
2 56812
4 70284
4 25664
2 89806
4 43164
2 66142
2 75228
2 90916
2 12018
4 83978
4 57594
2 43234
4 63200
4 11712
2 73576
2 72952
4 73526
4 73134
4 86456
2 24298
2 15192
2 35706
2 2990
2 47178
4 23692
2 90982
2 76852
4 9296
2 55842
2 93928
4 66490
4 99474
2 52222
2 63762
4 16726
4 61900
2 64762
2 82012
2 39132
4 38582
4 14622
2 1446
2 32308
2 49960
2 30418
4 92166
2 8042
2 7084
4 61224
2 38962
4 75608
4 89804
4 15484
2 97576
2 44054
2 9630
2 12052
2 2294
4 69066
2 58526
2 69874
2 84312
2 5758
2 28492
2 71866
4 44188
2 16360
2 79484
2 73376
4 40756
2 34000
4 65296
4 45412
4 17408
4 80724
2 29064
2 21602
2 30370
4 63956
4 84160
2 22598
4 49632
4 89386
2 88164
2 46024
4 19448
2 31972
4 99590
2 91344
4 4020
4 29070
4 7344
4 55580
2 34502
4 48386
4 37284
2 5682
4 14586
4 98734
4 54758
2 15860
2 74066
2 8720
2 63852
4 45272
4 13982
4 75268
2 52098
2 52720
2 85604
4 80978
4 10996
4 79596
2 18456
4 78998
4 36906
2 94434
4 81042
4 34346
2 39804
2 87304
2 28508
2 15472
2 75548
4 78490
4 72512
2 27202
4 53462
2 12240
2 68672
2 90586
4 1376
2 18798
4 78438
2 3002
2 17860
4 86064
2 53614
2 34370
4 45758
4 1878
4 85532
2 9534
4 54882
2 56748
4 89326
4 43438
2 33232
4 14462
2 62604
2 24602
4 78294
4 23022
4 2446
2 83924
4 97280
4 25566
4 98722
2 78442
2 59902
2 84722
2 95190
2 28636
2 43582
4 33866
2 99748
2 6386
4 51478
4 44448
4 93992
4 20002
2 58748
4 7866
4 7190
2 99734
4 99486
2 51522
2 58940
2 90896
4 4092
4 94390
4 33946
2 5280
4 99626
4 62852
4 50398
2 87204
4 91356
2 61356
2 24098
2 87822
4 78370
2 25668
4 1916
4 44952
4 4862
4 7468
4 41922
2 2898
4 97126
2 5430
4 79384
2 58382
2 78882
4 9694
2 57270
2 24054
2 15530
4 48340
4 29890
4 69076
4 6260
2 57420
4 83010
2 74964
2 52088
4 66800
2 34244
2 86520
4 61628
2 41370
4 73966
4 93942
4 77094
2 17974
2 60794
2 44674
2 61946
2 28340
2 15910
4 74464
4 26664
4 17364
2 36894
4 21198
4 43150
2 96688
2 39414
4 96916
4 73174
2 23314
2 34142
2 81000
2 20104
4 11902
2 23428
2 83038
4 4390
4 71198
4 38126
4 42946
2 38656
2 37814
2 41118
4 25922
2 59924
4 23306
2 300
2 91128
4 14460
4 16376
4 78402
4 9776
2 72934
4 69688
4 47012
2 83096
2 65686
4 81988
4 38826
4 55420
4 87494
2 39488
2 84496
2 88614
2 45982
4 98576
2 9196
2 26202
2 70436
2 71078
2 15926
2 65664
2 3076
4 33986
4 30996
4 20006
2 1032
4 48686
2 28908
4 40270
2 7834
4 76804
4 79616
4 19280
2 55194
4 22082
4 84246
2 67138
2 97880
2 94118
2 51064
4 18156
2 6146
4 64176
4 58706
4 72378
4 65530
2 69296
2 39120
2 58850
2 76588
2 55426
4 62012
2 4616
4 72038
4 97300
4 89798
4 12524
4 9090
4 3350
4 34426
4 57434
2 57234
2 70820
4 93624
2 63724
2 32046
4 85692
4 79060
2 63590
2 58520
4 97462
2 68534
2 83714
4 16624
4 15186
2 17688
2 97818
2 17842
2 74110
4 85224
4 54616
2 96142
4 26160
4 1908
4 30644
4 57190
4 92854
2 33360
2 17506
4 74046
4 38466
2 9206
4 66704
4 46816
4 64456
4 24294
4 64814
4 31028
4 55184
4 66648
2 32664
2 38676
2 144
2 74450
2 89876
2 18480
2 73990
2 44076
2 63258
4 83394
2 32018
4 47530
4 53614
2 32780
2 29162
2 91652
2 19906
4 31226
2 83992
2 86544
2 11356
4 85686
4 77482
4 53578
2 47072
4 39404
4 83638
4 16752
2 63458
4 38474
2 17742
4 87684
4 90096
2 24282
2 78990
2 46714
2 43408
4 75828
2 72136
2 67244
4 89536
2 70268
2 14700
4 53716
4 5104
4 90486
2 24286
4 94604
4 97178
4 28632
2 14742
4 43742
4 31354
4 54522
4 86216
2 10702
4 96734
2 99232
4 22674
4 50842
4 5792
2 50828
2 54238
2 99298
2 92412
4 44980
4 10428
4 52558
2 65298
4 53732
2 47162
2 74124
4 89714
4 2534
2 66814
2 63244
4 31908
2 87434
2 84166
4 87700
2 8320
4 46348
2 7686
2 20584
2 35816
4 66256
2 39260
4 63312
4 74706
4 53004
4 82042
4 42172
2 526
4 45118
2 84970
2 88212
2 36526
2 77180
2 4080
4 1798
2 5406
4 45382
4 3356
4 76812
4 16812
4 14042
2 41960
4 21358
2 15098
4 61944
2 11862
4 53454
2 15838
4 26610
2 30526
4 14106
4 2034
2 94954
4 45714
4 73862
2 71228
4 70738
4 84814
2 56018
2 73874
4 91856
2 2446
4 19416
4 79784
2 59188
4 81140
2 25914
2 60702
2 75308
4 35574
2 36166
4 540
2 58152
2 6118
2 29826
4 80682
2 58938
4 93668
2 6300
4 14182
2 82886
2 82660
4 16946
4 80276
2 25294
4 87694
4 94914
4 98228
2 43748
4 83200
2 28692
2 15248
4 57136
2 86938
2 61420
2 40320
2 73270
4 50280
4 94872
2 4112
4 25270
4 30702
4 63516
4 90050
4 71480
2 76562
2 48484
2 77812
2 17412
2 94184
4 51576
4 1410
4 14036
4 34992
2 68040
4 97370
4 93320
4 63170
4 57196
4 43632
4 8900
4 24490
2 86264
2 34734
4 85894
4 86714
4 86904
4 83204
4 40290
4 6296
2 6568
4 74348
4 20686
2 91794
2 75338
2 47268
2 24012
2 31554
2 67082
2 10312
4 43574
2 68874
2 57808
4 29116
2 88790
2 27164
2 86082
2 80706
4 41598
2 33580
4 78538
4 68304
2 50066
2 99744
4 65898
4 95628
2 25330
4 51464
2 17782
4 96628
4 21424
4 13242
2 57718
4 91044
2 65884
4 86052
4 31620
2 85648
2 63946
2 89302
2 53786
4 85070
4 11604
4 91742
4 12112
2 52766
2 80992
2 79990
2 20580
2 1018
4 62536
2 7658
2 81294
2 33608
4 92752
2 4062
2 19168
4 61390
2 87210
4 68792
2 99508
2 30164
2 56566
4 61154
2 33682
4 79554
4 48278
2 34876
2 42332
2 71692
4 82326
2 82326
4 91708
2 62672
2 76516
2 82590
4 10028
2 18012
4 57996
4 9112
4 51104
4 85526
2 72322
2 8924
2 82528
4 16558
4 84338
2 7742
4 54206
4 74794
4 29496
4 45302
2 83390
4 39336
4 2152
2 88344
4 32076
2 92518
2 84662
4 44050
4 14898
2 93372
2 60942
4 56476
4 1276
4 77908
4 34748
2 54032
4 63856
4 10234
2 43742
2 92006
2 58248
4 44582
4 55070
4 94474
4 98570
2 74842
4 86182
4 18520
4 1208
2 72566
2 11204
4 6980
2 85300
2 48622
2 51910
2 88418
4 70782
4 7928
4 61624
4 17430
4 50938
2 95482
4 93228
4 88068
2 75250
2 85164
4 38720
4 74084
2 10008
4 11518
4 43282
4 68
4 13148
4 18012
2 69012
2 93100
4 33160
2 4820
2 22412
4 68752
2 43758
2 47928
4 65030
4 48844
2 69438
4 84690
2 55894
4 81318
2 56136
4 43174
4 81434
2 30004
4 98928
4 70886
4 97850
4 42212
2 96096
4 73686
4 94608
4 43292
2 654
4 33416
2 21130
4 71472
2 43404
2 73810
4 24782
2 49622
4 79762
4 24736
2 77366
4 21182
4 11854
4 91558
4 1894
2 46966
2 97656
2 49550
2 62566
2 85732
2 21216
4 53510
4 81662
4 94154
4 92570
2 37050
2 13356
2 76366
2 72276
4 1918
2 41294
2 51964
2 29898
2 30072
2 74732
2 12730
4 61300
4 66908
4 54926
2 40920
4 29442
4 61684
4 83762
2 67530
2 5966
2 17488
4 69422
2 43324
4 32790
2 76532
2 38994
2 35888
2 13932
2 95964
2 37818
2 66790
4 4830
2 91370
2 61684
2 96572
4 6842
2 98460
4 61330
2 32042
4 65258
2 22728
2 36328
4 15708
4 54274
4 91684
4 86346
4 63052
2 67142
4 84298
4 85134
4 79022
4 88490
2 81390
2 54214
4 16456
4 20144
2 70020
2 12146
2 52362
2 31114
4 76800
4 11080
4 83328
2 10748
4 268
4 69764
4 25654
2 69342
4 52748
4 43862
4 18270
2 19398
2 77220
2 50642
2 83000
4 24596
4 74462
4 30358
2 73080
2 18406
2 12418
2 34908
4 7960
4 1220
4 18524
4 62662
2 15116
4 36026
2 26
2 57536
2 49124
4 57250
2 95004
2 35430
2 92068
2 63844
4 12768
2 61646
4 79560
4 33838
2 27822
2 85482
4 96112
2 76522
4 86732
2 58188
4 46462
2 82720
2 17682
2 13400
2 91448
2 38816
2 82222
2 92916
2 56900
2 25316
4 57838
4 56986
4 24402
4 44518
2 9828
2 49206
2 74250
4 25830
2 7314
4 79688
2 91572
2 98254
4 16816
4 96612
4 70706
4 72256
2 67514
4 30404
4 16578
4 43284
4 77968
4 85458
2 61246
4 85700
2 88836
4 98694
4 77620
4 88590
2 14960
4 54466
4 51370
2 108
4 66780
4 12174
2 61608
2 58344
4 86712
2 81200
2 43646
2 91668
4 96902
2 22536
4 19250
4 18320
4 65658
2 29666
4 33904
2 16176
4 18452
4 50252
2 50890
2 35608
4 6756
4 38700
2 17400
4 87484
2 47632
4 49360
4 59234
4 51448
2 72054
2 49134
4 67212
2 91894
4 67500
2 28282
2 19814
4 20462
2 3062
4 47750
2 22668
2 39934
4 20876
2 77436
4 31158
4 23356
2 81462
4 10768
2 99688
2 51214
2 54814
4 29660
4 71564
2 74152
2 41300
4 58782
4 33310
2 23166
4 31956
4 688
2 54496
4 5794
4 70656
2 82112
4 54028
2 60740
4 12564
2 42352
4 35818
2 97178
4 49752
2 2202
2 20012
2 34448
2 14522
4 54634
2 72456
2 88628
2 29764
2 8376
4 34818
4 34404
4 77980
2 64896
2 93714
2 28504
2 22076
4 23960
2 51550
4 9342
4 47822
4 20098
2 2820
4 25040
4 34060
2 65372
2 51462
2 17002
2 59636
4 75792
2 62784
4 63988
4 44916
4 42422
2 20748
4 93822
4 44068
4 2986
4 40818
4 36896
4 60294
2 83198
2 37432
4 38458
2 62224
4 64792
2 70050
2 95364
4 97918
2 61704
2 65924
4 16552
4 64676
4 98908
2 59030
2 52306
2 32214
2 87614
4 90772
2 98598
4 78332
4 13382
4 14492
2 30970
2 61886
2 32820
4 29972
4 65622
4 33320
2 95780
2 47878
4 7698
2 20898
2 68882
2 61862
4 5556
2 83636
2 31718
4 87076
4 61860
2 66346
4 75836
4 81950
4 69728
2 90108
2 4566
2 32618
4 72358
2 58996
2 65886
2 36082
2 8124
2 51560
2 14272
4 41918
2 10696
4 45892
2 23580
4 33338
2 57036
4 46644
4 19186
4 53452
4 73356
2 60542
2 22512
2 2090
2 93392
4 95248
4 84782
2 8660
4 51878
2 71144
4 78248
2 1674
2 23444
4 85354
4 41286
2 63808
4 69862
2 41826
2 89812
2 99804
2 79860
4 30636
2 57198
4 6750
2 44340
4 83158
4 27918
2 51854
4 41004
4 66028
2 71458
2 82504
4 60612
2 19782
4 16178
2 79826
4 25820
4 5618
2 42346
2 69010
2 36908
4 45940
2 24530
4 54384
4 75816
2 56766
4 99586
4 9856
2 70676
4 79134
2 63358
2 24240
4 2234
2 82354
2 66506
2 1850
2 82698
2 93718
2 87868
2 64502
4 89520
2 22526
4 67194
2 20218
2 18074
4 28100
4 57356
4 7958
2 1942
2 13158
4 44036
4 34854
2 42544
2 57596
4 46222
2 48478
4 51100
2 10770
2 50988
2 98640
2 10736
2 64214
2 62990
4 84174
2 23042
4 56496
4 21230
4 75618
2 10356
4 59264
4 83648
4 9906
2 97934
4 5934
4 52848
4 33810
2 92342
4 25082
2 19654
4 52686
2 37342
4 24460
4 81250
4 28358
4 76934
2 94016
2 44324
4 71142
2 88528
4 82680
4 77260
4 65128
4 51668
4 78164
2 89124
4 53552
2 26518
2 33040
4 56886
2 20930
4 43186
4 42116
4 92998
2 83028
2 83950
2 28898
2 58662
2 67930
2 75602
2 83134
2 98692
2 17778
4 59562
4 70574
4 57358
2 89594
2 67116
4 6960
2 87512
2 84926
4 7372
2 90314
2 92728
4 44614
2 19494
4 66146
2 88376
4 90638
2 36660
2 93958
4 78526
4 8694
4 59744
2 15494
4 30038
4 60698
4 53596
4 76264
2 13198
2 12142
4 81268
2 66034
2 8680
4 42146
2 90320
2 66454
4 41050
4 60580
4 22598
4 90982
4 2410
2 49986
2 31426
2 58064
4 29892
2 65458
2 17460
2 82754
4 34860
2 69136
2 48228
4 7186
2 92118
4 99810
2 35492
4 13322
4 22842
4 17102
2 81434
2 14130
4 36596
4 67084
2 42908
2 28380
4 44396
2 56004
2 98436
2 43060
4 67074
4 44200
2 44348
4 12254
4 80294
2 70648
2 75120
4 72538
2 38746
2 92258
4 25824
4 10186
4 73942
2 22534
4 80212
2 4758
4 32406
2 54946
4 12422
4 33728
4 58128
4 8724
4 96868
2 23694
2 82126
2 41416
4 70422
2 88590
4 90844
4 97980
2 40970
4 58860
4 94990
4 34406
2 38920
2 36260
2 91994
2 92000
2 23748
4 72400
4 39914
4 1732
4 83992
4 26238
4 26804
2 97394
2 95202
2 37144
2 20174
4 37346
4 30140
2 27346
2 94224
2 62474
2 55800
4 1688
4 89492
2 58052
2 31686
4 79170
2 48980
4 4720
2 79612
4 90634
4 36762
2 90752
4 58696
2 1442
4 61062
2 13110
2 22834
2 90626
2 89220
4 6770
2 39452
4 56566
4 58720
4 51672
4 77604
2 39568
4 18918
4 96486
2 72464
2 17674
4 24780
2 3656
2 97696
4 54066
2 10410
2 23492
2 52924
2 77858
2 24810
2 11294
2 41710
4 79158
4 46656
2 81408
2 96078
4 48658
4 17418
4 26302
4 39774
2 68050
2 64098
4 77182
4 70908
2 98452
4 97258
4 84582
2 13046
4 93516
2 9048
4 21912
4 60058
2 96186
4 74700
2 20480
4 46942
2 30328
2 61916
4 38614
2 58888
2 7026
2 54848
2 4968
2 92472
4 8194
2 44224
4 4364
2 80460
2 39514
4 33930
2 14744
2 96282
4 36442
4 19326
2 53716
2 62900
4 13450
2 5660
4 80448
4 62846
4 94852
2 33038
4 28372
4 73456
4 78640
2 42294
4 91826
4 56816
4 49182
4 33008
2 64100
4 64300
2 48570
4 7508
2 99162
2 57130
2 89718
2 5670
2 85954
4 58122
2 13326
4 7074
4 11880
4 73092
2 22212
2 70890
4 88236
4 98818
4 9408
2 37422
4 31004
2 44700
2 19824
2 35408
4 79276
2 29362
4 86094
4 70972
4 37798
2 98358
2 28432
4 54952
2 93494
4 76298
4 57866
4 49780
2 62262
4 63090
4 93788
4 33156
4 23388
2 51350
2 35202
2 6778
2 59246
4 64686
2 85140
4 25802
2 23322
4 55018
2 31966
4 90738
2 95418
4 25814
4 91648
4 37492
4 41894
2 59248
4 71888
4 71768
4 83858
2 59252
2 91060
2 4010
4 21610
2 67790
4 63160
4 42040
4 56140
4 39560
2 65016
4 37560
2 48220
2 45032
2 39992
2 90252
4 37196
2 39380
4 47328
2 70634
4 99024
2 20322
4 81794
4 41418
4 30742
2 81872
2 754
2 88186
2 93130
2 84186
4 51772
4 79726
4 8734
4 86682
4 25346
2 53312
4 7644
4 7428
4 91954
4 68180
4 23322
2 25590
2 55702
4 77800
2 57012
4 80572
2 28720
4 42444
4 98096
4 88170
4 56418
4 8862
4 33604
4 67124
4 71644
4 50292
4 23258
4 64178
2 96330
2 46992
4 16906
2 12512
4 3682
2 27534
4 13142
2 20170
2 28166
2 36682
4 81774
4 87596
4 23004
2 20336
4 64960
4 98300
2 2092
4 7380
2 35836
4 31250
4 52068
4 58974
4 14970
2 8534
4 75414
2 56940
4 54534
4 42864
2 80364
4 10218
4 56104
2 56160
4 20026
4 4072
4 29812
4 78022
2 9070
2 54276
2 99178
2 50612
2 9290
4 3298
2 89082
4 68728
2 27842
2 11284
4 51886
4 26006
2 35498
2 26788
4 44388
2 31288
2 85232
2 39966
4 72264
4 83828
2 81990
4 59350
4 29962
4 62418
4 27922
4 79020
2 33498
4 80550
4 52580
2 86766
4 91706
4 7200
2 59250
2 1028
2 16172
4 12442
2 72558
4 44896
2 95340
4 98616
2 52770
2 73394
2 47130
4 25940
2 26554
2 49336
4 64936
4 34886
4 27806
4 88064
4 63990
4 19372
4 81542
2 65902
4 31528
2 15122
4 13360
2 96828
2 63654
2 31760
4 37824
4 57006
4 70338
2 97230
2 5486
2 29956
2 95794
4 27906
2 43300
4 75910
4 13410
4 6330
2 47304
4 84366
4 11052
2 46270
2 38930
4 60604
4 20034
2 2272
2 1414
4 10170
4 25440
4 86852
4 74130
4 22972
2 80220
4 79802
4 43656
2 60044
2 46292
2 97900
2 12788
4 242
2 39728
2 67242
4 82408
4 80660
2 9456
4 65736
4 14922
2 89788
2 51116
4 59340
2 61878
4 65068
4 65454
2 65562
4 6944
4 36744
2 57782
4 76778
4 18182
2 89852
4 59380
4 934
4 21286
2 15240
2 39442
4 40744
4 5216
2 64846
2 73004
4 538
2 83252
2 67672
4 69246
4 6350
2 73038
4 66728
2 63354
4 80860
4 43346
4 24640
2 74254
4 64722
4 52016
2 4406
4 23650
4 47676
2 65850
4 30116
4 10888
2 23458
4 99764
4 63352
4 21246
2 15106
2 26958
2 90276
2 17118
4 60556
2 23658
4 19384
2 98008
2 89746
4 20018
4 97846
2 17362
2 72808
4 2398
4 66480
2 40656
4 92532
4 45386
2 62856
2 56268
2 64278
4 44540
2 83800
2 48772
4 57008
4 74768
2 14168
2 65894
2 98874
4 63548
4 27394
2 35196
4 71352
4 4706
2 90858
4 32980
2 19504
2 37960
2 38794
2 59598
4 1718
4 28546
2 96836
2 22928
4 77256
4 25456
2 63862
4 23100
2 44566
4 18764
4 6546
2 59882
4 87934
4 18854
2 49406
2 9862
4 63914
2 89284
4 14878
4 60048
4 3082
2 54264
4 35806
4 26360
4 66044
2 12468
4 81938
2 60426
2 77680
2 53156
2 14598
2 83278
2 97362
4 70152
2 96480
4 25330
2 64324
2 86048
4 47182
2 13908
4 9426
4 10832
2 44334
4 71494
4 96188
4 51174
2 26942
4 74776
4 26312
4 40584
2 99256
4 35476
4 32324
4 65438
4 94648
4 47936
4 99970
2 1558
4 54830
4 2606
4 22388
2 69300
4 90176
2 63566
4 96172
2 51196
4 86776
2 68876
2 25382
4 94848
2 50330
4 27346
2 36280
2 5534
2 934
4 32272
4 89802
4 64682
4 81246
4 63404
4 91594
4 47016
2 24078
4 92336
4 6978
2 7912
4 17166
2 97916
4 88166
4 62830
4 96714
4 37434
2 98596
2 87342
4 75018
2 49676
2 72540
4 36562
2 41434
4 43674
4 22182
2 47590
4 450
4 19188
4 46820
4 86826
4 32418
4 98658
2 9168
2 65774
4 24960
4 85194
4 64458
4 21336
4 45568
4 15360
4 88950
4 7754
4 27314
2 27984
4 8512
4 28510
4 35696
4 78384
4 82268
4 88670
4 89346
4 23506
2 28254
4 33988
2 90950
4 1576
2 42740
4 50186
2 30156
4 13418
2 44812
4 66390
4 21204
2 15702
2 74356
4 66100
4 41304
2 43644
2 43590
2 56556
4 28572
4 42662
2 95160
4 40888
4 788
2 21628
2 18678
2 68480
4 44640
2 91580
4 78602
4 93644
4 4564
4 58322
4 63424
4 41160
4 95044
4 61924
2 25066
4 59362
4 37644
2 94202
2 30334
4 53492
2 5092
4 5738
2 95110
4 82970
2 49896
4 52054
2 30316
4 69226
4 26190
4 51500
2 77724
2 94992
4 24388
4 29716
2 34022
4 89072
2 8598
4 66778
2 20160
2 88808
4 2278
4 72170
2 57898
4 84784
4 49658
4 26876
4 54720
4 33762
4 98398
4 18154
2 43760
4 11558
4 93044
4 77654
4 72822
4 8688
2 99468
2 54260
4 98198
2 36378
4 69064
4 58688
2 87840
4 39200
2 53992
2 33824
2 56762
2 56228
2 33626
4 98858
4 69832
2 66554
4 62424
4 22056
4 8124
4 72420
4 17078
2 91064
2 12928
4 18552
2 76164
4 80298
2 22420
4 33502
2 36548
4 61394
4 48910
4 81274
2 42732
4 69572
4 83478
4 84004
4 29314
2 54078
2 27636
2 27386
4 82276
2 70308
2 18802
4 40554
4 46366
4 95222
4 66606
2 40462
2 29372
4 63860
2 91710
4 49898
2 21246
4 34408
4 76526
2 59898
4 54246
4 63054
2 9102
2 78452
2 54392
4 51028
2 62744
4 50652
4 27816
4 29752
4 3862
4 55178
2 52600
4 51810
4 36646
4 49100
2 39032
4 72854
2 81606
2 86
4 42808
4 56684
4 45410
2 41466
4 61878
4 37120
2 3034
4 66458
4 22570
4 19358
4 21714
4 9964
2 58466
2 1086
2 71762
2 76738
4 2514
4 84790
4 10468
4 25746
4 47102
4 6128
4 4382
4 41428
4 77456
2 43178
4 64044
2 41988
2 54634
2 49744
4 42860
4 81696
2 23670
2 29460
2 83068
2 7632
4 81842
2 7600
4 93348
4 2764
4 29884
2 52058
4 61948
2 72610
4 12326
2 4082
4 44550
4 15230
2 97946
2 81256
2 25804
2 71168
2 57488
4 23554
2 54010
2 38516
2 78460
4 57576
4 3402
4 18144
2 17638
4 13078
4 99982
4 91024
4 28888
2 22198
4 55234
4 28356
2 71274
4 78080
4 87162
2 44850
4 64344
4 72338
2 70002
4 8586
2 77026
2 89684
2 5892
2 9166
4 86946
4 69792
4 514
4 19194
4 11448
2 66686
4 98968
2 98570
2 91726
4 88770
4 68474
4 24162
4 31962
2 32144
4 43424
2 31072
2 27214
2 55144
4 49330
4 87232
4 89214
2 41420
4 30720
4 38524
4 7330
4 52598
2 58762
4 31882
2 61708
2 31070
4 85618
2 90608
2 51490
4 72228
2 16862
4 35408
2 99042
4 49602
2 39712
2 6194
2 18358
2 70334
4 80410
4 96066
2 53934
2 60320
2 27444
4 88676
2 56380
2 93944
2 49788
2 57296
4 92718
4 83472
4 78836
2 9624
2 49232
2 81562
2 46096
4 16540
4 9056
2 83920
2 5752
4 19184
4 42674
4 44284
4 856
2 19158
4 50748
2 30710
4 15444
4 79364
2 36592
4 81454
4 37078
2 55308
4 63718
2 24900
2 76210
2 5636
4 48080
4 21524
2 61626
2 15650
2 77084
2 50818
4 82888
2 80242
2 92574
4 82070
2 18040
2 99176
2 40004
2 37404
2 22022
2 41436
2 58950
4 74904
2 85234
2 30948
2 5874
4 12960
2 17816
2 14258
4 63620
4 43276
2 51610
4 39256
2 5596
2 51396
2 31900
4 71230
4 45720
2 78656
4 8934
4 38566
4 64940
2 63468
2 36218
2 10952
2 75242
2 81230
2 25650
4 70980
4 74200
4 7338
4 88738
2 51124
2 91294
2 43618
2 48208
2 9836
4 46380
4 25272
2 60614
2 19730
4 8608
4 32892
2 40198
4 97640
2 65260
4 62054
4 6380
2 78046
4 3366
4 93528
4 65114
4 83502
4 80542
4 67130
4 31646
2 61060
2 8700
4 45684
4 33354
4 57518
4 73560
4 15146
4 28942
4 56206
4 92892
4 49910
2 89444
4 3472
4 5484
2 43214
4 79708
2 42886
4 20274
2 35778
2 76918
4 18460
2 83422
2 74944
4 90070
4 80234
4 90502
2 45334
4 9318
2 8754
4 1738
2 16334
4 38032
4 57494
2 1952
2 15616
4 24946
4 8618
4 65098
2 77102
4 6286
4 91368
2 42022
4 13774
2 44128
4 83212
4 20514
4 14230
2 28794
2 11584
2 90558
2 81188
2 97012
2 1040
4 94160
2 63812
2 9608
4 70134
4 26620
4 40408
4 49620
4 39726
4 4236
2 17610
2 86310
2 16318
2 10920
2 49524
2 37352
4 23640
4 22754
2 20328
4 46792
4 15502
2 40378
4 12802
2 33028
2 83152
2 90576
4 87148
4 16422
2 51020
4 97972
2 10430
4 77302
4 80910
4 27192
4 25158
2 77128
4 92524
4 10008
2 29382
4 56812
2 56856
2 52992
4 88358
4 37038
2 27652
4 54210
4 75334
4 25872
2 15130
2 18586
4 38616
2 9522
2 29330
2 97108
4 19434
4 5200
2 64096
2 44404
2 86358
2 24596
4 68554
2 12712
2 83728
2 58514
4 63690
2 38250
2 15654
4 34844
4 97316
4 19496
2 72642
2 43540
4 95946
2 8082
4 72654
4 18590
2 29888
4 61668
2 33172
2 94976
2 82212
2 81712
4 97714
2 85158
2 57094
2 65280
4 16454
2 93024
4 30934
2 39484
4 51968
2 96708
4 86766
4 24754
4 82774
4 31042
2 68148
4 50510
2 25886
4 73036
2 85932
4 10244
4 97334
2 94710
2 28126
2 47800
2 88300
4 12978
2 92824
4 51494
4 95756
2 39206
4 59956
2 50454
2 76652
2 38190
4 88306
2 23792
4 85918
4 69096
2 36778
4 80886
4 22914
2 33922
4 61618
4 78442
4 65000
2 91192
2 34310
2 28332
4 69374
4 90250
2 55098
2 27602
4 39792
4 9826
2 7558
4 77814
4 59442
4 90484
4 6298
4 49208
2 57252
4 18614
2 18380
2 14796
4 47816
2 2506
4 53624
4 52018
4 5288
4 17048
4 70776
2 3512
2 76750
2 54460
4 49790
2 47868
4 89792
2 62212
4 78632
4 91456
2 43370
4 50904
2 3976
2 67992
2 82750
4 71390
4 84496
2 7054
2 60494
4 47696
4 16690
4 14324
2 32154
4 69594
4 91214
4 23736
4 75810
2 44668
2 84372
2 59778
2 42832
2 56050
2 27074
2 51370
4 72756
2 68178
2 73900
4 97798
4 29888
4 95022
2 59046
2 92018
2 85574
4 64102
4 47724
2 37648
2 57798
4 32928
2 85054
2 95772
4 90778
2 8058
4 93256
2 24408
2 4714
2 1296
2 6962
4 93730
4 92218
4 5416
4 25826
4 98922
4 26026
4 76518
4 96880
2 55124
2 28360
4 12070
4 35456
4 93632
2 34518
4 65162
4 50660
2 45968
2 44084
2 36198
4 59568
4 10578
2 86694
2 8052
2 3052
2 76240
2 71188
2 72238
4 7768
4 52980
4 38848
2 95126
2 20234
4 20732
2 45440
4 7098
2 16456
4 20456
2 95324
2 41796
2 42422
2 74810
4 58574
4 84562
2 45376
2 36774
2 28300
4 48388
4 13556
2 75962
4 46764
4 20720
4 62824
2 65768
4 97438
2 3640
2 37418
2 39420
2 11900
2 72854
2 41486
2 14748
4 40598
2 97162
4 24422
2 58574
4 74920
4 19652
2 45346
4 4046
2 30984
2 74610
4 316
2 21488
2 81456
2 93360
4 77502
4 4486
4 40826
4 44726
4 15722
4 25008
4 64058
2 53530
4 26824
4 66798
2 5978
4 17812
4 49020
4 21362
2 31706
4 38068
4 17510
4 29658
2 97512
2 838
2 99074
2 15316
4 67694
2 64732
4 54784
4 75554
4 11014
2 78092
2 66278
4 29366
4 43098
2 96966
2 81962
2 1112
4 14184
4 9954
2 78402
4 90136
4 51920
4 75662
2 52998
2 50506
4 36172
2 32218
4 24834
2 94372
2 88158
2 5182
2 12744
2 23674
4 800
4 91474
4 56906
4 34702
2 56548
2 67944
4 35440
2 20306
4 86744
4 12814
2 40546
2 58580
2 90636
4 93030
4 17444
4 98848
4 19472
4 25750
2 86804
2 51460
2 6796
2 74034
2 49590
4 79426
4 92576
4 93750
4 65840
2 170
4 50636
4 74770
2 73036
2 5742
4 49256
2 99396
4 59084
4 56194
4 1232
2 83710
2 71954
2 61294
4 71872
2 42688
2 96908
4 42498
4 74320
4 90636
2 11926
4 47040
4 3630
2 31156
4 76324
2 57342
4 57638
4 91912
2 45964
2 63392
2 32384
4 56814
2 49982
4 3048
4 93740
2 25702
4 65716
2 42446
4 3986
4 19568
4 51596
2 45882
2 78016
4 20924
4 38438
4 74354
2 92268
4 19616
4 39062
2 11092
2 666
4 57166
4 23980
2 23092
2 39174
4 93824
2 70038
4 80774
2 78114
2 30386
4 28914
4 17726
2 75942
4 42672
2 6984
2 29574
2 79026
4 24824
2 58094
4 554
2 35144
2 20042
2 96590
2 80256
2 61234
2 81880
2 9488
2 90432
2 52378
2 81724
2 14722
2 35516
2 57760
4 50098
2 92922
2 6548
2 89300
4 81234
4 84998
4 52076
2 6726
2 1638
4 39324
4 66402
2 92494
2 62804
2 47404
2 59096
4 61146
4 63824
2 12132
2 74042
4 86264
4 89766
4 65182
4 28198
4 94672
2 8824
2 70142
4 37938
2 82234
4 19146
4 68242
2 91298
4 73782
2 6626
4 94224
4 92138
4 60508
2 13520
4 15952
4 57616
4 9294
4 5038
4 98414
4 24682
4 18368
4 22894
2 8480
2 65464
4 81050
4 40778
2 75496
2 77056
4 1790
4 1044
4 84648
4 53190
2 43076
4 45030
4 70460
2 71662
2 26480
4 98140
2 31190
4 80412
2 87142
4 55248
2 97150
4 2832
4 59396
4 96096
2 72776
4 8198
4 69540
4 83356
2 37202
2 94516
4 60654
4 62102
2 90908
4 8086
2 44314
4 41618
4 62844
4 22400
4 50154
4 96046
2 4692
4 94206
4 93678
2 1236
2 99350
2 2544
4 95818
4 5670
4 9766
2 2210
2 53634
4 53598
2 95556
2 78782
4 73434
4 77836
4 83378
4 44924
4 67160
4 79368
4 38790
4 92956
2 43186
2 6324
2 62972
4 72504
4 33770
2 49046
4 19726
2 54410
2 15030
4 42908
2 2302
2 27488
2 29328
4 23148
2 47866
2 84298
4 32444
2 90470
4 42504
4 61354
4 57642
2 69530
4 27600
4 50330
2 32024
4 148
4 18820
2 1566
4 7758
2 6254
4 90392
2 72416
4 60520
2 50732
4 60936
2 14150
2 28808
2 49578
4 65822
2 13492
2 51250
2 14548
4 96260
4 74284
4 8506
2 36980
4 33272
2 29254
4 12612
4 51608
2 88052
2 62398
4 762
4 12230
2 95334
4 85588
4 28348
2 36702
2 15572
4 40722
4 51656
4 17052
2 52290
4 46498
2 53100
2 71136
2 20976
2 46144
4 28804
2 38560
4 36938
2 54976
2 85248
2 46794
4 32978
4 34048
4 5444
4 2582
2 43072
4 83374
4 73652
4 77266
4 10012
4 88188
4 26654
4 61310
4 17004
2 36396
2 70728
2 34380
2 91158
4 29836
4 12388
2 46684
4 65614
2 42062
4 55522
4 22200
4 67552
4 83848
4 64650
2 86984
2 67510
2 29870
2 17750
2 49654
4 68060
2 83720
4 47080
4 16654
4 53880
4 14306
4 80082
4 966
2 33414
4 83306
4 97314
4 67640
2 30428
2 48486
2 3828
4 46526
4 75036
4 31252
2 40844
2 30534
4 86728
4 2084
4 32144
4 85456
2 6886
2 81664
2 53216
4 67342
4 76552
4 8936
2 69906
4 39360
4 89448
4 17506
2 95520
4 13808
2 76310
2 72154
2 25338
4 71670
4 20622
4 70148
4 97906
2 19766
4 27016
4 9250
2 72846
2 73472
2 52890
4 48056
4 23028
2 37774
4 58848
2 33468
4 59550
4 13478
2 94972
4 18692
4 12860
4 17508
2 37296
4 85762
4 55922
4 40382
2 87216
2 86890
2 65390
4 42938
4 94246
2 58774
4 97430
2 71308
2 35412
2 53372
4 12394
4 42324
2 98340
4 4446
2 24706
4 53980
4 26740
4 26718
4 24276
2 39140
2 51090
2 98620
2 72430
2 62842
2 40338
4 93876
2 72414
4 47872
2 74896
2 97370
4 2330
4 69656
2 31908
4 64002
4 27596
2 5450
2 4386
4 37576
4 90114
2 4314
2 52128
2 37798
2 10280
4 93020
4 68362
4 80104
2 90406
2 95704
4 27644
2 87428
4 15672
2 32080
2 19122
4 65102
4 73158
2 62124
2 88160
2 68264
2 79802
4 96720
2 22650
2 95460
2 50350
2 91922
2 68410
4 22714
4 92564
2 81144
2 53196
2 95154
2 72816
4 68584
4 60762
4 62222
2 39838
2 83052
2 64394
4 56498
4 22332
2 22102
2 71720
4 29514
4 85284
2 74070
4 50486
2 14078
4 55032
4 58548
2 23608
2 67064
4 62552
2 30826
2 98190
2 92024
4 71170
4 48866
2 79550
2 37156
2 23360
4 49572
2 88222
2 71084
2 69850
4 69910
4 73612
2 25688
2 43830
2 59660
4 29206
2 36704
4 73932
2 5630
2 3696
2 3690
4 4026
4 34694
4 17050
2 27308
2 22726
2 45358
2 11168
2 95624
4 3066
2 57632
2 6202
4 3934
2 90766
4 86290
2 33128
4 78358
4 75576
4 93882
2 72730
4 85604
2 82532
4 51516
2 21116
2 44966
4 98524
4 73896
2 42848
4 35760
4 50876
2 47492
4 63622
4 90188
2 33510
4 17794
4 61516
2 46214
4 66164
4 55664
2 14558
2 39782
2 26688
4 69838
4 4848
4 90012
4 37696
4 79334
2 44690
2 65772
4 52058
2 22990
2 38078
2 75632
2 64142
2 26884
2 71246
4 4152
2 4460
2 92140
4 37164
4 52400
4 69454
4 55800
2 21132
2 80056
2 13244
4 54622
2 92754
4 69516
4 54
2 82174
4 47304
4 55622
4 56540
4 44560
4 51752
4 16
4 16822
2 76936
2 27662
4 53550
2 31662
2 51620
2 46890
2 26846
4 63304
2 35902
4 48586
4 7892
2 52618
4 56162
2 40892
4 14854
2 81044
4 73338
2 98406
4 23948
4 12702
2 98722
2 86588
4 23226
2 66416
2 26580
2 93398
4 65092
4 3670
2 23190
4 11908
4 25640
2 6088
2 23692
4 78634
4 68570
2 24332
2 1492
4 75320
4 38464
4 6348
2 14938
2 83262
2 82032
2 99118
2 49696
2 76482
4 36356
4 70106
2 66668
4 58892
4 34076
2 38500
2 9618
2 86554
4 75578
2 5778
4 97450
2 88522
4 93456
4 78014
4 80762
2 47738
2 16008
4 84924
2 42038
2 23596
2 92336
4 89348
4 73404
4 49536
4 6774
4 78102
4 82058
4 22932
2 64946
4 68866
2 64102
2 24866
4 23206
2 50042
2 69670
4 21360
2 89370
4 73680
2 63506
4 44430
2 32252
2 72438
4 39754
4 45824
4 84054
4 50192
2 45304
2 15766
4 32632
2 42426
2 80350
2 97068
4 73336
4 35734
2 34468
2 7102
2 79058
4 77930
4 546
2 79108
2 30976
4 45156
2 18686
4 91848
4 93264
4 73032
2 13182
2 8740
4 80492
4 65036
4 37840
2 76544
4 92320
2 36724
4 99192
2 44548
2 51976
4 33400
4 2432
4 11488
4 13052
2 99616
2 38778
2 3342
2 42806
4 34504
4 66434
4 39942
2 1374
4 48590
2 31586
2 55488
2 19830
2 59786
2 65870
2 2886
2 17808
4 39212
2 54554
2 21078
2 21740
2 87786
2 3358
4 27332
2 87452
4 40530
4 79414
2 33640
2 59662
2 55524
2 20744
4 53104
2 64236
2 93776
2 41636
2 34086
2 91284
4 53920
2 33532
2 50906
4 66848
2 41828
4 19028
4 55320
4 50992
4 77662
4 65100
4 92494
4 47990
2 71450
2 90604
4 68112
2 83830
4 67010
4 80558
2 47712
4 18194
2 21848
4 63076
4 35944
2 90996
2 79044
4 64660
2 28804
4 49104
2 96620
4 85830
4 97036
4 76928
4 72048
2 70414
4 41422
2 76824
2 86148
2 96618
4 50130
2 81214
2 14408
2 21914
4 96582
4 61406
2 59820
2 66092
2 59798
4 96122
4 46466
2 9194
4 36382
2 38896
4 42272
2 83812
4 27870
2 21212
2 93948
2 57092
4 10304
4 6206
2 46672
2 41652
4 47162
2 46642
4 67340
4 77764
2 54452
2 61408
4 94280
4 46634
2 68910
4 1862
2 62524
2 10058
4 61726
2 78630
4 19972
4 57036
2 430
4 26252
2 97194
4 8528
4 94906
4 34532
2 91308
4 88234
4 83758
2 70398
4 89344
2 92016
4 81660
4 7188
2 56298
4 41196
2 78570
2 61050
4 57948
4 99170
2 60968
4 99762
2 61962
2 16924
2 17604
2 30050
4 85094
2 97996
2 83218
2 88254
2 90536
4 78648
2 41944
4 69100
2 27808
2 44234
2 93554
4 1204
2 64054
4 93032
4 69320
2 56236
4 20484
4 34586
2 24452
4 71612
2 38978
2 2058
4 25204
2 10196
4 3126
2 3676
2 2596
2 92390
2 29306
4 7854
4 86188
2 49372
4 21944
2 52356
2 73148
2 50160
2 14964
2 81146
2 59510
4 30292
2 77836
4 7466
2 24102
2 28790
4 79310
2 10842
4 35430
4 36642
2 77132
4 51962
2 54384
2 64418
4 68894
2 81402
2 42640
4 28308
2 24320
2 85682
2 61552
2 25020
4 14736
4 58992
4 18200
2 24092
2 50004
4 48574
2 68816
2 74030
2 21174
4 67022
4 35900
4 86478
4 94000
4 46454
2 98510
4 6022
4 57824
4 68648
2 81956
4 90006
4 22338
2 55020
4 10268
4 52790
2 60024
2 778
2 22820
2 48514
2 50592
2 99126
2 98004
4 97200
4 74124
4 3198
4 58494
2 6612
2 17020
4 93120
4 27298
4 93642
4 23902
4 1792
2 90988
2 49410
2 55056
4 58542
4 36272
2 94200
2 87370
4 18168
4 83892
4 67644
2 47788
4 45212
4 90106
4 51288
2 98806
2 14058
2 65230
4 79408
4 73672
4 1784
4 96756
2 39398
2 82842
4 94260
4 7224
4 26222
2 17378
4 11822
2 7202
2 21626
2 30918
4 32242
2 45454
2 97270
2 23614
4 83916
2 81168
2 8222
2 28962
2 9938
2 30484
2 88740
4 19424
2 2076
4 84626
4 18178
4 81516
4 17958
4 63300
2 78648
2 31502
2 86094
2 73152
4 29338
2 46604
4 84786
2 67538
2 8238
4 462
4 1532
2 67464
2 70124
2 49388
2 5414
2 60244
2 65618
4 69714
2 3296
2 98976
4 66120
4 63036
2 68008
4 97830
2 3084
4 66046
2 33270
2 75514
2 27514
4 16242
4 43908
2 63582
4 16120
2 62854
2 35550
4 84796
4 84824
2 47608
2 36064
2 54174
4 34100
4 37662
2 25934
2 6458
2 37288
4 94522
2 62968
2 93800
2 710
2 34746
4 45608
4 8006
2 98966
4 40854
4 84330
4 33934
2 71358
4 32354
2 64684
4 85002
2 98798
4 86716
4 20756
2 37060
2 2858
2 7046
4 564
2 30344
4 64366
4 29788
2 12622
4 15994
2 91244
4 74576
4 82770
2 70082
2 56430
2 73396
4 15440
2 34220
4 74748
2 24266
4 33910
4 86760
2 38996
4 23724
2 55838
2 17722
4 64080
4 20044
2 42954
4 40108
2 23244
2 57284
2 5368
2 94094
4 69166
4 628
2 80880
2 33056
2 89902
2 41028
2 97208
2 27706
4 67028
2 95298
4 53392
4 56612
4 34140
2 93874
2 34158
2 53654
2 67754
4 48848
4 90408
2 95162
4 78058
2 20856
4 68778
4 58086
2 62486
4 80108
4 68672
2 82918
4 23034
4 96500
2 30198
4 79324
4 97422
4 7034
4 48932
2 94422
2 38140
4 77852
2 73666
4 56486
2 89630
4 4128
2 84244
2 31010
4 53722
4 54324
2 98992
4 30876
2 2822
4 37432
2 43970
4 30312
2 9700
4 19838
4 25542
4 10650
4 17210
2 23750
4 39158
4 84312
2 20638
2 12974
2 4532
2 45976
4 90612
2 32216
4 33206
4 79850
2 48750
4 88666
4 94620
2 25796
2 98508
4 93332
4 5128
4 5392
2 5722
2 57618
2 48558
4 65260
4 41404
4 34058
4 69854
4 97914
2 21472
4 19712
4 16016
2 66384
4 62402
2 52046
2 4652
2 16102
4 61748
4 75572
4 75590
2 56088
2 51700
2 78700
2 55640
2 25026
2 27332
2 15978
2 32486
2 34198
4 60710
2 29290
4 84972
2 45502
4 62628
4 9316
4 7796
4 90792
4 92476
2 16838
4 89580
2 53170
4 21306
2 13094
4 12980
2 24566
4 15482
4 70334
4 22438
2 11952
4 13392
4 5780
4 71898
2 9112
2 47244
2 92872
4 51798
2 33058
2 16220
2 94566
2 34890
2 39862
4 62048
2 62014
2 83688
4 90962
2 78140
4 91030
2 34344
4 45876
2 4158
2 67338
2 13646
2 43438
4 28548
2 57528
4 41942
2 8646
2 80898
2 71920
2 36780
4 96646
2 36314
2 98534
4 58018
4 16290
2 73436
2 58414
4 38490
4 97896
4 64616
2 86696
2 90162
2 70892
4 87324
4 16192
2 130
2 99352
2 49390
2 33254
2 80722
2 43366
4 11242
4 73364
2 2162
4 64626
4 35708
4 9790
4 52652
4 90550
4 62438
4 51466
4 68888
2 63538
2 91566
4 63802
2 6136
2 67518
2 30500
2 5208
4 44038
2 83918
2 74428
2 63094
4 67632
2 66696
2 98576
4 16058
2 39690
2 5948
2 97376
4 21994
2 4890
4 35820
2 12508
2 10468
4 84682
2 1504
2 18984
2 63044
4 28250
4 76704
2 72090
2 75836
4 56704
2 6498
4 2086
2 87980
4 66370
2 19328
2 72398
2 80800
4 30528
4 79852
4 20132
2 84600
4 93128
4 95448
2 64056
4 27250
2 95784
2 29632
2 38330
4 37760
4 53184
4 70438
2 9024
2 632
4 12438
4 53900
2 18090
2 35256
2 92418
4 92942
4 72060
2 676
4 67026
4 75354
4 17206
2 87884
4 82386
2 93654
2 66950
2 69082
4 20258
2 3892
2 74260
2 52260
2 72484
4 2274
4 32478
4 76252
4 99652
2 98056
4 61464
2 620
4 2702
2 38196
4 2134
4 15382
4 81530
4 56004
4 47802
4 27612
2 65628
2 50012
4 34460
2 744
4 85690
4 99160
4 29998
4 83080
4 94882
4 68208
2 14498
2 36080
4 13612
4 48358
2 65040
4 6264
2 38414
2 41410
2 40526
2 15220
2 25648
4 17368
2 21382
2 80330
4 27212
4 84874
4 61640
4 28538
2 84514
2 4592
2 64398
4 24674
2 61230
2 14616
2 90222
2 95782
2 86168
4 31456
2 79426
2 43294
2 67128
2 25628
4 64156
4 70902
2 73992
4 29672
4 10432
4 94242
2 43676
4 15654
4 24192
4 35226
4 14066
4 11454
4 8068
4 81872
4 76078
2 23128
4 47632
2 76538
2 95144
2 75960
4 49442
2 17370
2 38724
4 31850
4 38172
2 79166
4 6274
2 69286
4 16180
2 89112
2 10882
2 52570
4 99274
4 23106
4 23338
4 27592
4 94900
2 8806
2 51540
2 3114
4 38584
2 94694
2 41858
4 23108
4 90914
2 70066
2 78164
4 93006
4 68132
4 31300
4 99340
4 24056
2 1948
4 1698
2 2872
2 73702
2 41978
4 9752
2 84980
4 46924
4 36126
2 16088
2 38904
4 27900
4 71978
2 35152
4 97204
2 96136
2 86502
4 40836
4 12392
2 68954
2 6640
4 46572
4 90430
4 71114
2 9404
4 32780
2 34030
2 31716
4 56374
2 61186
2 27192
4 87480
2 14988
2 32366
2 23814
4 76226
2 86886
4 77986
4 56788
4 37334
4 56882
2 50716
2 18182
2 87310
4 19976
4 67686
4 21860
2 68734
2 12218
4 67202
4 56564
2 92482
2 74178
4 77710
4 30698
2 60634
2 39352
2 66702
2 49614
2 20510
4 23040
2 67408
2 18378
2 17430
2 3090
2 44500
4 35788
4 97106
4 90224
4 25048
2 65778
4 89406
2 87472
2 63686
4 72842
4 63788
2 89032
2 46908
2 32570
2 31828
2 96250
2 33212
4 53972
4 15624
4 89598
2 50234
2 46554
2 52400
4 46734
4 92910
2 48384
2 63326
4 81402
4 75004
2 32076
2 15620
4 48612
4 6122
4 51304
4 34900
2 91578
4 13040
4 75744
4 57622
2 40068
2 37622
2 98036
2 1506
2 64140
4 45972
4 14068
4 42022
4 26652
2 60278
2 87170
2 58170
4 29378
2 51342
2 26116
2 42862
4 1898
2 23386
2 1106
2 64802
4 50040
2 50664
4 65598
4 88044
2 81974
2 44824
4 81498
2 57620
4 23434
2 6676
4 83340
4 52456
2 85244
2 60392
2 48464
4 29846
4 6564
2 42670
4 66762
2 52968
2 72614
4 93866
4 99002
2 72502
2 85010
4 19776
2 53948
2 78104
2 25526
2 52660
4 1464
4 5920
4 74662
4 9148
2 3978
2 48092
4 5006
2 24756
4 13814
2 56628
4 51970
4 45688
4 572
2 45154
4 31002
4 60316
4 43364
2 40542
2 41468
2 31232
2 56726
2 45164
2 91748
2 67014
4 45176
2 13536
4 68856
2 16034
4 9872
4 32100
2 26922
4 88392
4 39770
4 7028
2 8432
2 94796
2 35862
4 81036
2 28562
2 97948
2 92582
4 86088
4 5016
4 72062
4 98744
4 31184
2 33422
2 30828
2 51526
2 11074
2 66318
4 61422
2 39744
2 67246
2 88350
4 47104
4 97874
2 19056
4 88228
2 59964
4 58708
4 77132
4 91784
2 10612
4 23816
4 73098
2 23146
4 3926
4 26512
2 86278
2 57354
2 78200
2 19846
2 10278
4 26648
4 288
2 59846
4 16710
2 96210
4 91556
4 58530
4 87938
2 56414
4 43666
2 75702
4 22596
2 96610
2 92926
4 42196
4 36730
4 1586
2 62534
2 8546
4 1458
4 73108
2 66752
2 52732
2 33708
4 83162
4 67356
4 42638
4 43332
4 71642
2 49558
2 46528
4 19370
2 14386
4 42386
4 99724
4 20964
4 25698
2 31660
2 50114
2 77402
4 8486
4 65046
2 77394
4 57736
4 67928
2 81928
4 6278
2 69428
2 6336
4 52680
4 15992
4 54260
2 59180
2 71908
2 44418
4 81548
4 90900
4 37206
2 9808
4 85088
4 78054
2 3942
2 79956
4 81374
2 88354
2 19294
4 96388
2 79264
4 52620
4 38436
2 48488
2 28650
4 13972
4 4942
4 12842
2 4436
2 81068
2 87978
2 20140
2 59336
4 89316
4 80090
4 83194
4 26972
2 91084
4 3780
4 9726
4 34730
2 71556
4 68510
4 91116
4 56920
2 92500
2 93688
4 39534
2 60408
4 34090
2 60796
2 67716
4 93660
2 50748
4 75100
2 13604
2 81846
2 21728
4 74620
2 45966
2 93442
4 12352
2 1610
2 97650
2 34048
4 9476
2 4656
2 85608
2 39698
2 6332
2 60098
2 44762
2 62188
2 51596
2 79828
4 46954
2 58026
2 88668
4 20784
4 99104
4 8556
2 45650
4 46318
2 66760
4 82820
4 47112
2 1894
2 80662
2 26546
4 62630
4 2140
2 86800
2 15276
2 69718
4 75380
2 97698
2 78314
2 83242
4 14006
4 93604
4 84614
2 78864
2 88482
2 21010
4 11840
4 94104
2 79964
4 2728
4 13466
2 84988
2 87872
4 18646
2 3538
2 25098
4 77872
4 56848
4 60348
2 40558
4 29502
2 91698
4 70878
2 51454
4 92760
4 53676
2 10166
2 70866
2 71254
4 1236
2 60380
2 11684
4 62826
2 45094
2 73846
4 48170
2 14316
2 19482
4 3234
2 32292
2 592
2 59440
4 22776
4 27450
4 14014
4 79640
2 60324
4 45018
2 6306
4 40376
2 90876
4 40540
2 82668
2 78172
2 85344
4 48294
2 47776
2 5760
4 81164
2 32334
4 33224
2 3206
2 90008
4 58278
2 75620
4 64406
2 48174
2 11338
4 54744
2 56710
4 6826
2 3694
2 9526
2 71336
4 31126
4 11742
2 39024
4 2516
4 58268
2 50332
4 1176
2 71986
4 44522
4 89360
2 79602
4 73970
4 17344
4 57308
2 51478
2 85610
2 67542
2 14848
4 16844
4 4638
2 25920
2 65810
4 31380
2 70556
2 82314
2 99836
4 56942
4 80914
2 86288
2 8212
4 38306
4 10746
4 78612
4 28728
4 85314
4 87622
2 79886
2 83340
2 20154
2 18228
2 88364
4 6504
2 86806
4 21744
4 46450
2 480
2 72076
4 65860
4 66532
2 71206
2 23214
4 6412
4 2160
4 23006
4 9502
2 9916
2 172
2 29638
2 86598
4 52328
2 21644
2 66930
2 17794
2 7562
2 97944
4 65148
2 36006
2 82272
4 39376
2 88716
4 66912
2 3492
2 83562
4 33580
4 15526
2 89844
2 11414
2 94808
4 57104
2 79756
4 15840
4 7392
2 27146
4 17420
4 55332
2 5140
4 25072
4 47642
4 91604
2 79708
2 75864
2 51552
2 83646
2 7168
4 20550
4 40680
4 39756
4 28362
2 1774
4 15386
4 44220
4 75122
2 93208
4 9796
4 14796
4 30536
2 46342
4 17802
2 19672
4 37426
4 20586
4 10232
4 26380
2 46450
2 34524
2 17630
4 23696
2 24218
2 33064
4 30144
2 29538
4 9842
2 35772
4 75110
4 1008
4 26844
4 90262
2 28226
2 5074
4 41778
4 39026
2 83432
4 20848
4 70810
4 70518
4 48210
4 65104
4 55146
2 51760
4 20392
4 52288
4 75776
4 63530
2 35868
2 24466
2 9520
2 74272
2 72410
2 78074
2 67578
2 12134
2 68834
4 97946
4 44094
2 83106
2 96074
2 13800
4 370
4 2656
4 45400
4 76304
4 12774
4 82282
2 75088
4 75898
4 23026
4 14656
2 48188
4 29726
2 31434
2 31744
4 51378
4 49350
2 88802
2 48746
2 51544
4 42986
2 78308
2 10548
2 11760
2 69588
4 33334
4 44490
2 61760
4 91624
4 66346
4 63240
4 4482
2 91966
4 10856
2 82114
4 64316
2 25254
4 85416
4 58746
2 40222
4 43250
4 65118
2 6506
2 13884
4 37774
2 82264
4 55244
2 33116
4 27840
2 15124
4 73286
2 48472
4 68052
4 59982
2 67336
4 12000
4 19302
2 77684
4 69696
4 87604
4 48588
4 45708
2 21666
4 77106
2 31730
4 38186
4 56548
2 68980
2 33150
2 83452
4 5362
2 48734
4 81160
4 67592
2 13948
2 91404
2 36928
4 67406
4 48246
2 16
4 6514
4 23824
4 47006
2 76860
2 3126
2 5998
2 75860
4 24042
2 21614
4 74306
4 30612
2 85078
2 69922
4 58554
4 96178
2 77616
4 35478
2 3194
2 232
4 83450
4 22016
4 30562
4 57334
2 18774
4 15210
4 10454
2 18522
2 28882
4 84858
2 62710
4 25050
2 554
2 13512
2 37082
4 93462
4 60110
2 83888
2 53510
2 18874
4 28462
4 91052
4 70588
2 49080
2 89280
4 57126
2 14260
4 55816
4 14698
2 87486
2 24252
2 79282
4 38234
2 2570
4 42098
4 12166
4 90616
4 73714
4 20332
4 29376
4 13696
2 15748
4 58264
2 12734
4 16876
4 5900
2 83430
2 16600
4 67908
4 15604
4 22742
4 87578
2 47000
4 82880
2 46204
4 12460
4 14516
2 9202
4 81032
2 51130
4 16842
4 89092
2 16348
2 12118
4 90042
2 28954
2 26084
2 81030
2 60080
4 8582
4 85944
4 21710
2 95842
4 62168
2 1648
2 50870
4 8808
2 96862
4 64584
2 75634
4 80814
2 11026
4 60482
4 32104
2 41418
4 59536
2 88256
2 75572
4 71204
2 49746
4 40510
4 49308
4 37590
4 93222
2 47914
2 85782
4 27872
2 48452
2 23602
2 91296
2 59226
2 78262
2 87404
2 90456
4 21218
4 1662
2 93974
2 95400
4 69204
2 64548
2 47164
4 34988
4 72688
2 31894
2 76054
4 85058
4 36776
2 29122
2 91358
4 54402
4 38240
4 68556
2 50164
2 50574
4 55756
2 16020
4 33974
2 11270
4 88112
2 25212
2 16610
2 60052
4 30662
2 58122
4 25896
2 47626
2 84034
4 32200
4 58080
4 42960
2 99854
4 69508
2 37668
2 31612
4 95336
4 15164
4 92500
2 42230
4 17694
4 96962
2 4276
4 70088
2 86818
2 39772
4 47652
4 40200
4 54198
4 75884
2 15512
4 94512
2 89162
4 95480
2 37882
2 40154
4 23156
2 46540
4 96042
4 64964
2 41660
2 19592
4 63592
4 56132
4 8084
4 17272
2 53036
4 19238
4 40370
4 12642
2 35974
2 11020
2 478
4 52212
4 19908
2 3670
4 55154
4 67856
4 27410
4 60166
2 37176
4 63034
2 65672
4 12786
2 21970
2 61174
2 72286
2 4644
2 85202
4 89340
2 19776
4 99336
4 5506
2 50430
2 82854
2 12032
2 35166
2 33514
2 18468
4 60124
4 61708
4 20324
2 66492
4 47722
2 67634
2 39448
4 41854
4 96148
2 95992
2 91028
4 31136
4 76578
4 37084
2 54346
4 85422
2 35768
4 45886
2 14432
4 54172
2 83974
2 98610
2 66972
4 47024
4 75350
4 38196
4 69194
4 28932
2 3166
2 35074
4 99254
2 54678
4 8066
4 75224
4 68872
2 3376
4 58250
2 38374
4 49848
2 84010
2 22690
2 41158
2 24082
4 73788
4 81378
4 5932
4 12986
4 23366
2 95530
4 54188
4 33496
4 73516
2 36406
4 63320
2 26906
2 24420
4 88606
2 99902
4 94876
4 55822
4 43780
2 99286
2 43994
2 11474
2 25734
2 83206
4 34976
4 5404
2 46266
2 7172
4 53408
2 7162
2 22918
2 79434
2 36266
4 39410
2 66992
4 8776
2 89770
2 73520
4 99840
4 79306
4 40084
4 40476
2 34684
2 35946
4 53336
4 18422
4 52452
2 38844
2 28196
2 2412
4 37278
2 96974
4 30826
2 3050
4 43246
2 93386
2 31840
4 24844
2 5366
4 99860
2 45636
2 75642
4 80934
4 99172
4 14914
4 75972
2 20714
2 30098
2 56488
4 53086
2 89726
4 76242
4 56032
2 47462
4 92446
4 48862
4 16532
4 53950
2 34998
4 34680
4 46038
2 55534
4 47584
2 77732
2 98262
2 11456
4 59776
2 11222
4 39130
2 79038
4 7220
2 47216
2 84510
2 93046
4 87478
2 24272
4 75692
2 50804
4 76796
4 96418
4 97638
4 19352
2 1424
2 46878
2 95030
2 37192
4 72880
2 70582
2 57324
2 98440
4 61992
4 87376
2 37516
4 50798
2 27388
4 5246
4 12096
2 69026
4 19880
2 31220
2 12416
2 6232
2 41564
2 95130
2 28802
4 93058
4 81110
4 3376
4 28160
4 29908
2 35952
4 17992
2 20922
4 78726
2 97022
2 82942
4 9908
4 28986
2 1058
4 62186
4 27220
4 34732
2 4306
2 65342
4 20464
4 55594
2 35906
2 75826
4 37170
4 38546
4 40042
4 23044
4 55458
4 10308
4 94028
2 29596
2 16322
4 4232
4 73532
4 26388
2 44954
2 26576
2 84488
2 786
2 56362
4 4162
2 62042
4 8656
2 92984
4 16510
2 6904
2 96928
2 99520
4 34074
2 95410
2 9320
4 51846
4 28216
2 27552
2 34512
4 14076
2 53938
2 92314
2 34102
4 7576
2 30794
4 42484
4 71946
4 80674
4 73426
2 61350
2 76994
4 43774
2 6794
2 95666
2 81972
2 12436
4 35310
4 55624
4 90204
4 70968
4 86400
2 83254
4 73528
2 54740
4 20626
2 31158
2 71322
4 3328
4 20010
2 83606
2 55318
2 63806
4 44078
2 74616
4 38674
2 1240
4 8818
4 57236
4 12072
2 41066
4 34632
4 46070
2 80926
2 79500
4 93396
2 49040
2 27160
2 26624
4 98996
2 80512
4 74234
4 7386
2 97642
4 50320
4 44148
4 94814
4 40404
4 15110
4 21252
2 41680
4 74436
2 50500
4 92104
4 23806
4 36912
2 36238
4 27456
2 35954
4 46010
2 432
4 80954
2 41900
4 99110
4 68294
4 55292
2 35156
2 14006
4 30598
2 1604
2 6634
4 26036
2 73836
4 45640
2 58730
4 48376
4 8284
2 35588
4 15960
2 57642
4 27400
4 57486
4 88114
4 98208
4 66132
4 77216
4 73208
2 92904
4 80574
2 22660
2 77158
4 81432
4 44226
4 48636
2 65044
4 18436
2 86934
4 28854
2 32874
2 3352
2 63696
2 88280
4 74736
2 5916
4 40936
2 87014
2 26332
2 50210
4 40822
4 58392
4 24322
2 93126
2 10914
2 54754
2 62814
4 77806
2 73228
2 24360
4 26722
4 81222
4 52292
2 1386
2 36760
4 61104
4 3260
2 88492
4 62370
4 59500
2 50310
4 35674
4 57406
2 2238
2 56832
2 28966
4 8780
2 87878
2 3304
2 46978
2 94260
2 4076
4 69920
2 23782
2 27668
4 23766
4 91586
2 26718
4 57968
4 96838
4 9892
4 1114
4 16318
2 43714
4 8070
2 81014
2 9496
2 26306
4 77012
2 61508
2 44044
4 36224
2 47426
2 40958
2 93636
4 62200
2 37010
4 6490
2 42532
4 39170
2 88642
4 23324
2 87856
4 39088
4 23504
2 91502
2 38914
4 32074
4 72520
2 89846
2 57278
4 66246
2 2716
4 95916
4 70270
2 45492
2 29038
4 71858
2 28156
2 82164
4 5408
4 93502
2 74148
4 58996
2 10262
2 26194
4 8448
4 86444
2 35524
4 12956
4 56098
4 95836
2 52150
2 63988
4 62276
2 12846
4 102
4 28736
4 34530
4 11170
4 51754
2 29174
4 29524
2 48552
2 6860
4 14924
2 34720
2 18828
4 23822
4 62510
4 77346
2 32802
2 97598
4 6116
4 52918
2 92932
4 88408
2 5190
4 94998
4 58618
2 84460
2 19548
4 55746
2 75922
2 19216
4 69796
2 84120
2 14266
2 15568
2 40760
4 48744
4 9454
2 95032
4 48976
4 34208
2 11776
2 52574
2 88794
2 53150
2 75320
4 12354
2 87386
4 76058
4 71222
2 98710
2 52164
2 86428
4 2118
4 56370
4 26012
4 15652
4 30790
2 29070
4 21914
2 66908
4 57720
4 56934
4 67338
2 50502
2 43044
4 20596
4 86940
4 1508
4 10458
2 70864
4 21260
2 45758
2 21860
4 68926
2 2356
4 14118
2 39778
4 55650
2 25424
4 43810
4 11288
2 20756
4 6282
4 28278
2 49944
2 62930
2 84040
4 6342
4 33274
2 35622
2 96382
4 72484
2 15598
4 79570
2 55626
4 34590
4 42114
2 44064
2 78928
2 77342
2 32178
4 63058
4 37378
2 59910
4 56876
2 75998
2 93996
2 2734
2 40254
2 31632
2 47160
2 98500
4 7968
2 2336
4 72052
2 93822
2 23666
2 76984
2 38526
4 39110
4 87994
4 65470
2 40808
2 2836
4 36156
2 70348
2 91498
4 10984
4 8742
4 90988
4 52938
4 34144
4 60258
4 83498
2 32542
2 14312
2 86464
2 84138
4 76584
4 66234
2 82620
2 3294
4 55100
2 60916
2 99522
2 4446
2 49014
2 37930
2 55700
4 79534
2 2520
4 15728
4 90424
2 662
4 70478
2 43158
2 78414
4 67442
4 38576
4 76086
4 48238
2 21958
2 80776
2 82200
4 65342
4 60226
2 79774
4 73228
2 71120
2 72892
4 70550
4 48756
2 97076
2 11528
2 63614
2 85414
4 87978
4 81900
4 24832
4 43994
4 25718
2 43486
4 89600
2 50204
4 2496
4 80002
4 94506
2 8678
4 57038
2 11454
2 56154
4 73546
2 27738
4 44878
2 14884
4 67904
2 62176
4 53882
4 37698
2 8088
2 74290
4 70732
4 34736
4 65328
4 98960
2 1880
4 21042
4 28606
2 90932
2 15142
2 3960
2 53700
2 62792
4 68806
4 6332
2 10120
4 65638
4 83524
4 1948
2 78516
4 68612
4 12018
2 63556
2 8336
2 87178
4 45280
4 74044
2 72000
2 19072
2 21782
2 13452
4 13352
4 80848
2 54608
4 51258
4 95074
4 83708
2 22748
4 49424
2 22262
2 6352
4 34364
4 22058
4 8678
2 86184
4 25140
2 25304
2 27168
2 7208
4 11382
4 2512
2 3452
4 85994
4 93272
2 28354
2 60948
2 90006
2 82480
2 53338
4 89634
4 88310
2 72734
2 24684
2 25440
2 21198
4 30602
2 28410
4 6112
4 95290
4 79184
2 5806
4 5718
4 14904
4 54864
2 99016
4 74056
2 95062
2 70922
4 74792
2 5386
4 84830
2 33386
2 76874
4 30556
2 74894
4 52444
2 49888
2 5968
2 87608
4 71630
2 59128
2 83046
4 99956
4 13130
4 10264
4 99286
2 61974
2 14694
2 37360
2 31004
2 69886
2 95094
4 33652
4 9336
2 63734
4 38434
4 74352
4 21986
2 35082
4 8974
2 83600
2 64756
2 29600
2 12012
4 9264
4 75832
4 59226
4 17918
4 21304
4 20216
2 54884
2 19454
4 76992
4 82936
4 67512
4 67138
2 82288
4 55964
2 40396
4 95172
2 76790
4 54140
2 83224
4 96434
4 88540
2 95548
4 2780
4 29588
2 72618
2 32088
2 14524
2 68084
4 64674
4 40820
4 29208
2 15518
2 39056
4 64410
4 99964
2 63958
4 87382
4 54018
4 31438
4 63362
2 69772
4 28360
4 29108
4 73660
2 21080
2 42570
2 98646
4 23014
4 14136
2 84000
2 71004
2 34944
2 65750
2 86490
2 74758
2 14164
2 91512
4 79684
2 59290
2 43886
2 68714
4 12530
2 39214
2 17934
2 31692
2 18356
2 45848
2 950
4 21314
4 21570
2 8940
2 73896
2 19350
4 40220
2 34942
2 73210
2 31970
4 97278
4 85844
2 22910
2 95900
2 56404
4 41300
2 7004
4 1168
4 69306
4 6672
2 82526
2 91166
4 66556
4 68596
2 46880
2 30866
4 22740
2 59490
2 28922
2 4680
4 17112
2 50872
2 74902
2 54966
4 70554
2 95880
4 97732
4 56304
4 72990
2 53552
4 88820
2 99058
2 54910
2 50136
4 30960
2 17720
2 26764
2 99830
4 71618
2 90848
2 63818
2 80306
2 21240
2 17010
4 91066
4 11222
4 87254
4 40648
4 29870
4 53832
2 8284
2 95906
4 88840
2 49634
2 85580
2 81718
4 76698
4 81634
2 6094
2 11650
2 26542
4 51616
2 37770
4 73836
4 72408
2 48776
4 50432
2 14792
2 92540
4 53772
4 20742
4 68766
4 26236
4 78586
2 71994
4 29432
2 92834
2 80742
2 45830
4 40816
2 19774
4 86840
4 4490
2 72574
4 73774
4 59170
2 52092
2 92636
4 27724
2 77372
4 43312
2 24838
4 76362
4 3268
4 78218
4 16506
2 52730
2 16658
4 91534
4 78346
2 90280
2 33976
2 79806
4 56202
4 58006
4 58424
2 89964
2 92230
2 8122
2 53340
4 37756
2 77932
4 53114
2 10324
2 59258
4 52416
4 22142
4 55906
2 58842
2 34956
4 16112
4 65784
2 58792
2 2862
2 85384
2 56366
4 81280
4 62178
2 77612
2 11220
4 29254
2 46994
4 24454
2 77122
2 28068
4 74132
4 83350
2 38568
2 85108
2 28890
2 41312
2 4182
2 98030
2 37002
4 45982
4 27860
2 4266
2 32274
4 89510
2 99160
2 98384
4 25742
4 41478
2 94368
2 48806
2 80984
2 57172
4 43070
4 5064
2 1640
4 98152
2 41394
4 66776
2 14614
4 13416
2 64002
2 75110
2 91644
4 69474
4 95438
4 65982
4 37660
4 48408
2 36984
4 9026
2 73682
4 96930
4 96488
4 46060
4 83986
4 65106
2 88456
4 97826
2 55370
2 91184
4 5222
2 76038
2 25076
4 9304
4 54806
2 47954
2 84582
4 35398
4 2704
2 44114
2 65064
4 20478
4 95434
2 38670
2 38726
4 2482
2 11332
4 51824
2 42772
2 86394
4 8806
2 94330
2 89680
2 24890
2 31560
2 51224
4 97698
2 96560
2 75408
4 3380
2 78978
2 79452
4 1118
4 53140
2 39956
4 25130
4 80370
2 1182
2 90500
2 69712
2 26248
4 82572
4 39684
4 58908
4 21690
4 28686
4 72960
4 40646
4 10022
4 42990
4 51782
4 38668
2 20128
4 81708
4 6536
4 74162
4 54860
2 42658
4 4552
4 78678
4 906
2 70478
4 54070
4 80882
2 67168
2 83098
4 97440
4 3936
2 9304
2 62924
2 1712
2 3134
4 88226
2 55292
2 52716
4 37918
2 82524
4 79890
2 31386
2 80896
2 70930
2 23032
2 66652
2 88174
2 43874
2 42028
2 97148
2 22838
2 99560
2 74858
4 23770
2 76160
4 34130
2 71040
4 70762
4 31054
4 97116
2 25058
4 46774
4 14062
2 21640
2 18830
2 78872
2 5818
2 53914
4 342
4 56454
4 73676
2 26012
4 30208
4 25476
4 4732
4 89440
2 80406
4 16714
2 122
2 54040
2 10782
2 46154
4 11608
2 82656
4 86676
2 90204
4 40718
2 94070
4 77264
4 46714
2 86290
4 898
4 60504
2 13282
4 47098
4 17158
2 37820
4 26354
2 48490
2 51896
4 46564
2 764
2 69276
2 99248
4 6558
4 31182
4 59810
4 76144
2 11588
4 48414
4 91018
2 90190
4 64598
2 31658
2 2618
2 9878
2 15454
4 32214
2 78008
2 13912
2 11880
2 77136
2 60112
4 35208
4 81348
4 86046
4 80364
2 23850
4 28114
4 25430
4 68936
4 81186
4 62014
2 53208
2 72890
4 95806
4 6730
2 38602
2 72088
2 98498
4 96462
2 3576
4 9904
4 21104
2 70204
2 45590
4 27844
2 71560
2 7214
4 2698
4 50052
2 94482
2 94538
2 92924
4 12920
4 32734
4 93450
2 97682
4 43368
2 90230
4 34584
2 7978
4 44978
2 11784
4 12158
2 13268
2 23724
2 81056
4 89926
4 19888
2 74364
4 774
2 98792
4 21464
2 60462
2 50684
2 26960
2 37170
2 73074
4 9588
4 79120
2 12592
4 16086
2 10086
2 62198
2 19876
2 95480
4 37046
4 79520
4 57926
2 18594
2 45746
2 8206
2 91214
2 10626
2 90796
2 38982
2 18262
4 46384
2 80146
2 7532
2 20192
2 31206
2 50070
2 40238
2 13942
2 6188
2 97580
2 22676
4 38494
2 34436
2 28814
4 49834
2 1582
4 76914
4 27808
4 15142
4 83218
4 72098
4 8264
4 99284
2 32460
4 36686
2 9164
2 59146
2 64176
2 20906
4 75878
4 97494
4 82532
4 2422
2 65862
4 24996
2 19870
4 86300
4 17284
2 20802
2 88750
2 44290
2 93542
4 40034
4 62482
2 23320
2 38528
2 23552
2 15404
4 8548
4 4130
2 66414
4 29154
4 4334
4 97322
4 18198
4 24000
2 25744
2 5110
4 36862
4 79094
4 92976
2 32526
4 55954
2 41194
4 57936
2 76766
2 72422
4 5834
2 80024
2 98010
2 92796
2 48268
2 75304
4 6030
2 93064
2 53578
4 68918
4 57352
2 8600
2 83794
4 90750
4 63706
4 96944
2 81464
4 24166
2 436
4 76134
4 60920
4 83980
4 59774
2 9886
4 66404
4 1396
2 55926
4 49042
4 46146
4 9310
2 86862
2 84530
2 27986
2 99678
4 28744
2 26756
2 23054
2 51790
2 50062
4 93588
4 240
4 58414
2 60890
2 17050
4 14140
2 82384
4 23986
4 18934
2 21932
4 1342
4 14520
2 31388
4 34882
4 30920
2 85222
2 57476
2 16142
2 36480
2 1132
2 25710
2 51254
2 41502
4 21076
4 89358
2 60900
4 61660
2 11298
4 7626
4 74052
2 5640
2 14580
4 65284
4 46090
4 20112
4 93832
4 39666
2 39760
2 168
4 51890
4 39872
4 80132
2 45198
2 62394
4 81770
4 28612
4 99356
2 14170
2 18610
2 12548
4 18306
4 15012
4 70034
2 39364
2 8896
4 38508
4 70228
2 91904
2 34112
4 79450
4 8212
4 95282
2 69920
2 4384
4 34416
2 29544
4 31072
2 82178
2 64702
2 69910
2 94284
2 45338
2 83730
2 76074
4 95544
2 76262
2 2868
4 34126
4 91960
4 58656
2 23058
2 61342
4 79014
2 23498
4 5946
2 2718
4 65844
2 30348
4 94596
2 33720
2 72182
2 8454
4 45444
4 18762
2 79092
4 63092
4 69108
4 89162
2 24372
2 32098
4 76650
4 30614
2 58760
4 92610
2 12314
2 53556
4 66342
4 32130
2 27746
4 86926
4 90128
2 37650
4 6216
2 91860
4 48002
2 66402
2 15084
2 10608
4 92202
2 56930
4 42784
2 28170
2 31172
2 56330
4 62544
2 21088
2 12714
2 50530
2 10584
2 46568
2 2922
4 2402
2 89772
4 75184
4 59456
2 47456
4 83102
4 51240
2 53768
4 33628
2 64878
4 45770
2 83608
4 43928
4 26504
4 94928
4 78486
4 96342
4 70682
4 95052
2 65184
4 9862
2 10706
4 20228
2 27382
2 53806
4 3130
4 27784
4 95816
2 7310
2 4876
4 63066
2 18284
2 81452
4 31892
2 84392
2 22752
4 10564
2 52500
2 7744
2 8218
4 94594
2 65066
2 91980
4 88812
2 89786
4 55950
2 79194
4 4266
4 4014
4 76678
2 46190
2 55046
4 96942
2 40580
2 27070
4 31302
4 89622
4 28376
4 53826
4 11852
4 66456
4 95198
4 93466
4 40402
4 2820
4 59610
2 61478
2 74826
2 21458
4 35118
4 80328
4 69176
4 68772
4 76152
2 1612
4 12846
2 56138
2 78466
2 48242
4 77614
4 77606
2 22078
2 27608
2 13914
4 48852
2 98556
2 48696
2 54318
4 13906
4 778
2 97718
2 59558
4 29468
2 56232
4 95616
4 40352
4 36742
2 36168
2 7662
4 32520
4 63544
2 13296
2 19984
2 56134
2 7706
4 51454
2 83308
4 52108
2 66048
2 33174
4 57202
2 66400
4 21090
4 17442
2 5096
4 38294
2 17198
2 29002
2 57224
4 98044
4 16004
4 92690
2 25040
4 31430
4 82876
4 78548
2 80188
2 97380
4 20370
4 99776
2 92842
2 39118
4 2242
2 41060
4 48712
4 99522
2 32054
2 90430
4 9820
2 91032
2 35846
2 43010
2 75726
4 54472
4 76838
4 65868
2 27826
4 89150
2 79674
2 74588
2 63462
2 13174
4 84778
2 53712
4 47010
4 8012
4 16718
4 50434
4 50190
4 79888
2 12670
4 31468
2 96580
2 26818
4 14778
4 64412
4 42316
4 94440
2 59100
2 61430
4 12872
2 61698
4 52502
2 46230
2 47924
2 16410
2 16016
4 60334
2 40698
4 55920
2 9718
2 39162
4 29492
4 36296
2 67164
2 48966
2 60862
2 84062
2 31122
4 25846
4 80154
2 20702
2 61108
4 77160
2 904
4 76830
2 84202
4 8914
4 36714
4 27076
4 86992
4 81870
2 85084
4 81312
4 53160
4 82044
4 9578
2 66798
2 31050
4 22350
2 94340
4 89710
2 28706
4 58180
4 96210
4 41040
2 44346
2 96262
2 84870
4 13294
2 5244
2 46770
4 15010
4 85228
2 30112
2 41994
4 14962
4 35880
2 80272
4 91424
2 82472
2 22226
4 97646
2 44930
2 73198
2 59332
2 95386
2 73042
2 88420
4 53846
4 65944
4 73514
4 37976
4 59370
2 98932
2 44560
2 80510
2 40608
2 858
4 6210
4 62514
4 69864
4 37212
2 27620
2 67376
4 14518
4 20618
2 90212
2 73100
4 27282
2 22182
4 91676
4 70642
2 33182
4 30434
4 61646
2 97160
2 8530
4 28000
2 37076
4 96368
4 49398
2 44388
4 42350
2 4392
4 76864
2 61830
2 60486
2 5024
4 66482
2 86340
4 88772
4 13756
4 2868
2 24178
4 61604
2 66586
4 77476
4 54456
4 20154
2 39094
2 63810
4 43956
2 57682
2 82106
4 66856
4 75674
2 18682
4 28678
4 92952
2 53626
2 2376
2 53274
4 49786
2 2602
2 76190
4 61760
2 25830
2 27162
2 45908
2 89352
4 21950
2 31680
2 36882
2 9616
2 85484
4 62794
4 15946
4 79070
4 18020
4 32420
2 80012
4 81298
4 82354
2 84868
4 81896
2 60000
4 97986
2 20778
4 73052
2 42054
4 48552
4 85462
2 22292
4 7818
4 31310
2 60074
2 54204
2 25204
2 89102
4 21152
4 36350
4 13426
2 5308
4 54474
2 50516
4 98952
2 25834
4 18382
2 8298
2 39864
4 39108
4 74500
2 81272
4 80950
4 59508
4 26024
2 68138
2 71980
2 50082
4 72564
2 50706
2 60500
4 17376
4 52436
4 50010
2 27004
2 63964
4 93868
2 70902
4 6992
2 78506
4 40338
2 21260
2 44
2 56220
4 73102
2 5788
4 15162
2 98950
2 7888
2 48724
2 65220
2 4338
2 4614
2 34978
2 6392
2 69642
2 99142
2 43050
2 30974
4 87400
2 74752
4 61440
4 37874
2 23426
4 70194
4 64204
2 32880
4 4794
2 74186
4 13536
4 90868
2 16678
2 10884
2 64928
4 47326
4 79236
4 3576
2 65824
2 30576
2 76126
2 3302
2 6100
2 4572
2 15436
4 85860
4 2180
4 6718
2 97584
2 19230
4 1404
4 39054
4 912
4 45746
4 37924
2 40716
2 44180
4 21436
4 94320
4 75974
4 5448
4 82342
4 96250
4 55304
4 2882
4 93752
2 34644
4 45712
2 88778
2 93752
4 8178
2 12430
2 84224
2 75946
4 72506
4 40162
2 53128
2 31940
4 13936
2 10494
2 7096
4 57688
4 8712
2 36390
4 7618
2 20874
2 23306
4 42496
4 1678
4 11346
4 87192
2 21118
4 49338
2 21534
2 74094
4 53222
4 77526
2 16822
4 65400
4 72440
2 212
2 10308
4 11310
2 69782
2 23300
4 51862
2 67994
2 99878
2 55120
4 83318
4 85000
4 20730
4 81526
2 51314
4 82262
2 51626
2 93596
2 22636
4 25172
4 54386
4 45420
2 31392
4 70912
2 55362
2 82244
4 91712
2 41888
4 32004
2 17456
2 54594
2 25608
2 48406
4 76592
2 14192
4 53968
4 95272
4 60694
4 15808
4 50220
4 47268
4 21018
4 77136
4 322
2 72092
4 88906
2 7372
2 35478
2 74412
2 77980
2 80936
4 17242
4 40362
4 74454
4 61252
2 62272
2 11410
4 21402
2 89156
2 37040
4 70896
4 9280
4 98830
4 16840
2 52226
4 15814
2 67404
2 42302
4 28880
4 13464
4 69574
2 12824
2 98628
4 45854
2 52980
4 56092
4 15432
2 25266
4 33460
4 34872
2 55844
2 63134
2 51932
4 98770
4 93936
4 72172
2 86024
2 7578
2 74422
2 57906
2 17054
4 18246
2 85964
4 41786
4 53528
2 69566
2 57190
4 10828
4 16838
4 32514
2 24114
4 20652
4 11832
2 13898
4 54508
2 67850
4 90154
2 27640
2 55992
2 96118
4 60784
4 46362
4 97760
2 88830
2 93196
4 24874
2 59394
4 32172
4 13198
2 71764
4 12198
4 84750
2 32172
4 49010
4 14702
2 19420
2 7058
2 98346
2 88416
4 58984
2 99798
2 23640
4 18406
4 56644
2 10862
4 48912
2 80810
4 61662
2 15224
4 31188
4 25366
2 30082
4 11036
2 82046
4 19656
4 18248
2 35100
4 4488
4 12548
2 23086
4 31060
4 1482
2 34376
4 68482
4 56356
4 57508
4 98000
4 25076
4 54036
4 27492
4 93504
2 18544
2 20204
4 25216
2 85828
4 33912
4 89062
2 4350
4 71110
4 95728
4 68594
2 54544
2 84012
4 57768
2 58946
2 82090
4 44858
4 15306
2 97904
4 64586
2 1404
4 58212
4 64254
4 8234
2 44804
4 97418
4 14732
4 17858
4 81838
4 9706
2 78796
2 57340
4 5606
4 17512
4 91436
4 62754
4 48738
4 29134
4 87702
2 25190
4 95992
2 33402
4 17302
4 13474
4 75274
4 60418
2 4490
4 7476
2 46302
2 77110
2 77290
2 90444
2 60974
2 55750
4 45130
4 94498
2 45054
4 53020
2 25974
2 95342
4 69668
4 45738
2 27688
2 12550
2 54210
2 81980
4 15040
2 37018
4 66880
2 14642
4 80488
4 51296
4 43384
2 29938
2 84690
2 440
4 38644
2 46308
4 7202
4 98110
4 2884
4 25486
4 7160
4 54346
2 11272
4 32460
2 85940
4 87236
2 14504
4 88224
2 14084
4 57902
4 64442
2 58794
2 42412
4 38836
2 18466
4 44450
2 66566
4 77202
2 24250
4 93472
2 74028
2 582
4 66000
2 9658
4 94716
2 55958
2 4458
4 18252
4 52254
4 31682
4 60060
4 92656
4 21882
4 89124
2 6148
2 83972
2 59968
4 59474
2 40058
2 30296
2 35266
4 8778
4 42992
4 38526
4 97182
2 18518
2 18474
4 78748
2 88224
4 85356
4 28886
2 77904
4 26308
4 93552
2 86578
4 63348
4 10510
2 67682
4 95036
2 27990
2 43134
4 36866
2 8994
2 68298
2 91724
4 77174
2 24776
2 88980
2 45004
2 8172
4 70734
4 63272
4 48046
2 74674
2 9240
2 13888
4 62702
4 65728
4 76676
4 75396
4 65526
2 8916
2 32846
2 89562
4 6394
4 76332
4 67858
4 85248
2 98156
4 43976
2 10340
2 13508
2 54404
4 34700
4 68818
4 56756
2 10130
2 19744
2 38736
2 6682
2 48040
2 8230
4 27262
2 75728
4 38210
2 74782
4 15174
4 17336
2 23978
4 99468
4 61116
2 70200
4 8282
2 84754
2 95912
4 95388
2 37628
2 60338
2 33548
4 13796
2 48600
4 19808
2 23064
4 34218
2 73812
4 75718
2 57356
2 97262
2 43712
2 22840
2 59682
4 13842
2 42534
4 32970
2 70752
4 58468
2 26774
4 83360
4 85504
2 65872
4 90496
2 10718
4 4246
2 32854
4 16076
2 44652
4 75108
4 79372
2 8140
2 35322
4 6512
2 76560
2 26296
4 11524
2 40738
4 49242
2 30108
2 46432
4 58870
4 20368
4 65968
2 43570
2 36892
4 51852
4 6272
4 68848
4 2348
4 79908
2 74920
4 12492
2 73332
2 84814
4 66788
4 68290
4 13582
2 76530
2 14076
2 8578
2 94662
4 99596
2 61136
4 13530
2 11148
4 77894
4 86824
4 186
2 94128
4 61556
2 24256
2 6700
4 58412
4 75234
4 7052
4 19682
2 21768
4 63498
4 6604
4 56588
4 4000
2 28810
2 23156
4 35554
2 92388
2 56412
4 32694
2 14424
2 49398
2 56416
2 51594
2 75106
4 27022
2 76006
2 18430
4 10770
4 79234
2 80180
2 63288
4 78512
4 26930
2 42580
2 9626
2 21694
4 95814
4 68536
4 75822
4 16356
2 88054
4 3058
2 48888
2 86692
4 6392
2 28956
4 87704
4 17824
4 79692
4 40866
4 6154
4 69624
2 27500
4 91796
2 24548
2 41662
4 35754
4 15930
2 47558
4 34306
4 37530
4 43620
4 16794
2 43356
4 81694
2 85486
2 43196
4 82080
2 95774
4 83050
4 6762
2 49478
2 51100
2 11396
4 43844
4 20610
4 14910
4 80314
2 96520
2 42916
4 66652
2 11130
4 62280
2 18726
2 81600
4 23400
4 18332
2 18154
4 78880
2 90226
4 26940
2 93422
2 72274
4 87626
4 83136
2 89364
2 85952
4 1454
2 36408
2 74504
2 18614
4 24804
4 97062
4 45630
2 67866
2 43656
4 57420
4 83352
4 44272
4 76158
2 13428
2 43546
4 74192
2 50954
4 92882
2 99436
4 22510
2 60182
2 84028
4 83334
4 18846
2 80940
2 87352
4 46158
2 94102
2 10126
2 24246
2 39460
2 44414
2 39888
2 13922
4 89800
2 53490
4 55690
2 64690
2 39842
2 49732
4 1510
4 41572
2 34866
4 25514
2 2458
2 52900
2 47516
4 27008
2 15870
2 45944
4 11176
2 10498
4 67100
2 50148
4 59314
2 51162
4 36578
4 94014
4 14334
2 95454
4 57034
4 14078
2 4078
2 54142
4 94908
2 49870
2 22334
4 54866
4 67326
4 43474
4 65544
4 12076
4 45878
2 72220
2 36960
4 4774
4 96650
2 59184
2 24802
4 48600
4 26578
2 57690
2 30594
2 13816
4 3880
2 59754
2 49306
2 75028
4 74986
4 21016
4 57604
4 27044
2 76222
2 49562
2 23122
4 60252
2 74794
2 90498
2 63184
2 18616
4 63714
2 76128
2 66310
2 93428
2 14668
4 80100
2 56590
4 68116
2 34902
2 88230
4 2290
4 14470
2 56312
2 45226
2 33432
2 92110
4 34184
2 43180
4 49468
4 42090
4 97176
4 64472
2 40112
4 65156
4 59946
2 55444
2 26092
2 51070
2 52246
2 5938
2 29682
2 59840
2 37596
2 7514
4 19406
4 81070
4 4296
2 74748
4 44624
4 87366
2 1546
4 45210
2 54114
4 73488
2 38220
4 87810
4 41354
4 22150
2 99860
4 24972
2 30574
4 56750
4 90456
4 60960
2 46652
2 73772
2 97062
4 60676
4 79294
4 50426
4 85136
4 17724
4 33886
2 49260
4 25448
4 6442
4 67270
4 73996
2 51638
4 80566
2 71838
4 76042
2 98664
2 89034
2 67302
4 29048
4 94008
4 84304
4 39194
2 45900
4 40256
4 53916
2 86518
2 57672
2 62012
4 25428
2 93782
4 55718
4 29628
4 50056
4 1418
4 11030
4 50496
2 12894
2 42106
4 47468
2 77258
4 42720
4 25404
2 62418
2 90392
2 41750
4 82130
4 22928
4 93414
2 94716
2 52172
4 11154
4 14966
2 50188
2 78144
4 30776
4 31532
2 66692
4 11024
2 90760
4 94902
4 45078
2 78318
4 72844
4 1132
4 57094
2 11892
2 8870
4 2846
4 44866
4 976
4 87506
4 11002
4 23934
4 74418
4 13398
2 56746
4 81942
4 26112
2 20688
2 8574
2 45162
2 64034
2 78818
4 24786
2 61542
2 91008
4 91350
2 17658
4 39628
2 29156
4 30428
2 4632
2 56688
4 38510
2 39152
4 25506
4 81972
4 61404
4 862
4 72704
2 31788
2 11968
2 50846
4 92490
4 43670
4 74432
2 64458
4 22446
2 74594
4 14626
2 71518
2 84508
4 70308
2 50704
2 69964
4 36704
2 90402
2 63598
4 25876
2 1764
2 51576
2 74144
4 1028
4 68820
4 95170
4 51338
4 91824
2 57800
4 91884
4 97952
4 28754
4 18074
4 98578
4 34450
4 28724
2 22832
2 93478
4 72838
2 15474
2 57178
2 26552
4 78096
2 59356
4 48284
4 76232
2 48064
2 59676
4 35702
2 19196
2 25164
4 77652
4 23836
2 16354
4 83936
4 60370
2 43236
2 71198
4 6588
4 38970
4 13912
2 93106
4 32450
4 19736
2 49274
4 7244
2 4690
2 42810
4 74242
4 43296
2 48442
2 13432
4 90108
4 77244
2 20432
4 15944
2 84680
2 38540
2 16408
4 57052
2 19668
2 54376
4 51246
2 18514
2 23066
2 44146
4 6534
2 95304
2 84520
4 97224
2 36030
4 7306
4 58964
2 60618
2 75954
2 39474
4 59192
2 13972
2 91048
4 45734
4 88004
4 47528
4 39466
4 18264
2 84720
2 88446
2 42708
4 46866
2 93012
4 47832
4 5962
2 80172
4 37102
4 7798
4 74744
2 6944
2 36272
2 35158
2 17648
4 666
2 66478
2 54144
4 74270
4 86604
4 36088
2 65386
2 20114
4 86970
2 23236
4 10290
4 16636
4 72274
2 3402
4 84736
2 81210
2 38664
2 126
2 74812
2 38546
4 78208
2 66580
4 89996
4 51654
2 17462
2 9436
4 20990
4 91936
2 91002
2 77886
2 29476
2 89474
4 63146
2 736
2 79760
2 42892
4 25574
4 5544
4 31824
4 25118
2 85286
2 69926
2 12890
2 26422
2 17422
2 18648
4 67076
4 36128
4 23698
4 63984
2 56588
2 9934
4 3148
4 98094
2 62118
2 13226
4 92800
2 35756
2 89120
2 88552
2 13930
4 96280
2 41634
2 12224
4 84798
4 33674
4 24254
2 51050
4 84464
4 28570
2 60578
4 57326
2 51472
4 60712
4 55374
4 12246
2 93954
2 7404
2 91164
4 52660
4 30650
4 50404
2 20148
4 50438
4 3144
4 69216
4 29076
4 96970
4 78930
4 77684
4 91486
2 37708
4 76782
4 26928
2 48756
4 35002
2 63038
4 34494
4 15646
4 13592
4 2424
2 79830
2 29566
4 87448
4 86902
2 66622
4 26592
2 31638
4 81764
2 79432
4 45224
4 45638
2 82238
2 66866
2 77010
4 96224
4 17034
4 82730
4 1552
4 98738
2 26620
4 10980
2 87552
4 91630
4 34452
4 93916
4 89756
4 49212
4 66128
2 45992
4 51144
2 68538
4 17800
4 9778
2 18672
2 52528
4 34884
4 49746
2 44400
2 1502
2 14180
2 6928
2 62638
2 45402
4 43876
4 52956
2 19092
2 96046
2 31226
2 88448
4 85542
2 61590
4 56910
2 28336
4 74488
4 44812
4 88452
2 14974
4 42216
4 45804
4 17888
2 25928
4 4484
4 83198
4 48270
4 68914
2 55756
4 60448
4 41874
2 10442
4 20952
4 77958
4 39254
2 36946
4 84142
4 37820
2 86404
2 34378
2 47458
2 96008
2 97390
2 13510
4 74936
4 28496
2 61598
4 31472
4 4708
2 35558
4 27122
2 26350
4 45592
4 94696
2 1632
4 32382
2 98090
4 66352
2 31034
4 54470
4 88076
4 77848
4 97282
4 24656
4 2478
4 82780
4 40344
2 88860
2 49630
4 34758
2 29904
4 20956
2 24996
4 97530
4 20194
4 9224
4 43590
2 41298
2 13844
4 52404
2 56098
2 40950
2 59314
2 79288
4 15136
2 82290
2 11552
2 6104
4 53100
4 66394
4 24560
2 88328
4 84976
4 90162
2 91946
4 738
2 852
2 66504
2 93352
4 58226
2 4014
2 20550
2 12832
4 67240
4 52714
4 11722
4 94458
2 88906
4 32726
2 25802
4 74296
2 58480
2 33200
4 7182
4 41962
2 89608
4 67826
2 64258
4 85220
2 2136
4 56144
2 64968
2 66290
2 33492
4 29620
2 64814
4 71540
4 98384
2 35392
2 43378
2 29360
2 51738
2 58022
2 86772
4 20298
4 59018
2 14008
4 39186
4 20804
4 22684
4 71850
2 23488
2 55914
4 46216
4 47604
2 62620
2 30086
4 79502
4 64184
2 66162
2 88246
2 56422
2 52018
2 27736
4 59210
2 90424
4 51198
2 52786
4 58948
4 16006
4 63232
2 22804
4 28408
4 53714
4 48930
2 2102
4 98038
2 37212
2 35856
4 97274
2 94490
4 15966
2 20456
4 46732
2 13178
2 33480
4 97248
2 98178
4 57442
2 50920
2 53334
2 52080
4 94034
2 62528
4 14450
4 58918
2 4686
2 62386
4 39506
4 68442
4 84072
2 88690
2 11442
2 31368
2 75912
2 85720
4 70508
4 95008
4 20492
4 71388
2 53120
2 51858
4 5732
2 58136
2 10486
2 33834
2 53740
2 40720
4 53094
2 86860
4 49694
4 67310
2 69058
4 63968
2 39794
4 17934
2 26326
4 79442
2 45340
4 59752
2 22590
4 30770
4 98318
2 88366
2 62252
4 31642
4 60126
2 85290
2 29170
4 18946
2 10024
2 35112
4 38296
2 79868
2 77480
2 19264
2 10458
4 92322
4 16582
4 29948
4 38672
2 50880
2 56716
2 82826
2 4862
4 45510
2 64730
2 31524
2 6200
4 32782
2 37948
2 86044
2 43500
4 21624
2 58232
2 52648
4 57400
2 78036
4 57318
2 87188
4 15980
4 18450
4 40018
4 80196
4 67594
4 84080
2 17468
2 68086
4 83764
2 27948
4 64848
4 28552
2 68082
4 91108
4 27766
2 78120
2 92066
4 10982
4 39456
4 49052
4 88282
4 22410
2 37252
4 41150
2 13430
4 58900
2 32156
4 6222
4 1940
4 30544
2 85760
4 3960
2 80264
2 17254
2 60346
4 57004
2 38294
2 33926
2 43726
4 78546
2 22038
4 41206
2 54340
2 37896
2 85464
2 62024
4 44902
4 10734
2 74218
2 95672
2 7398
2 48934
2 16376
2 41318
4 570
4 99210
2 81288
4 6480
2 37294
4 42224
2 62098
4 8614
4 3876
2 18290
4 97816
2 85852
4 39998
4 56392
2 20848
4 16020
2 71320
4 56264
2 84562
4 5348
2 82302
2 89208
2 56022
2 99164
4 84550
4 9324
4 41388
4 36310
4 2150
2 9640
2 79384
2 68934
4 33090
2 38690
2 59828
2 26612
4 67666
2 40730
4 33512
4 99756
4 39234
2 65546
4 24316
4 15478
4 97784
4 65700
4 27656
4 99256
2 90182
4 38314
4 88056
2 62144
4 11202
4 89972
4 1336
2 55112
4 64844
2 89808
4 81826
2 15934
2 72990
2 13494
4 87086
2 5802
2 57038
4 71842
2 41482
2 28982
4 35606
2 12402
2 75280
2 60200
4 82580
2 86874
4 19604
4 30866
2 60002
2 60160
2 88948
2 90398
2 68950
4 38084
4 35008
4 85056
4 82858
4 31128
4 48632
4 16346
2 85596
2 74132
4 62968
4 61988
2 28420
4 18908
4 35052
2 95864
4 47668
2 72396
4 89550
4 87560
4 75586
2 44492
2 1960
2 79616
4 16202
2 41802
2 77494
4 25720
4 60518
4 71226
2 97674
4 2804
2 82846
2 88826
4 27424
4 36144
2 13900
4 99006
2 75678
4 7284
4 66040
4 29446
2 55282
4 39788
4 45144
4 51186
2 67870
4 37460
2 57392
4 64352
4 46050
4 81106
2 85448
2 7282
4 88658
2 5276
2 11188
2 80074
4 95590
2 23680
2 3384
4 36314
2 32416
2 57034
2 75934
4 53834
4 84934
2 18020
4 57608
2 67046
2 44158
2 36230
2 61076
2 57540
4 97838
4 42078
2 5620
2 36000
4 86734
2 53306
2 69646
2 15026
2 52932
4 56902
4 98336
2 79908
4 31138
2 57232
2 38232
4 64028
4 91608
2 31708
2 74576
4 48806
4 76196
4 61284
4 23288
4 6376
4 16428
4 25844
2 9324
4 2484
2 70342
4 88634
2 8850
2 50812
4 5992
2 20078
4 62026
4 36204
2 38884
2 65782
2 42562
2 10630
4 28930
4 8632
2 91516
2 11530
4 84058
4 50890
4 91396
2 12544
2 97724
4 52630
2 13096
4 88462
2 45890
4 86678
2 54810
2 16052
4 47086
2 12610
2 80018
2 47052
2 12814
2 95120
2 55246
2 22454
4 93360
2 99534
2 25422
4 71706
2 81670
2 79748
2 72930
2 7542
4 2408
4 87158
4 46382
4 63688
2 77954
2 1718
2 5842
4 3818
2 35934
2 94360
2 11840
2 76104
2 19896
4 1724
4 81236
2 49036
4 88700
2 13330
2 65808
4 14728
2 31476
2 17434
4 25916
2 73186
4 30340
4 70220
4 19404
2 21384
4 27866
4 8304
2 21416
2 79776
4 15034
4 56728
4 39384
4 10572
2 91954
4 87268
4 92330
2 66262
2 18900
4 95462
2 30020
4 50224
4 24594
4 14664
2 64260
4 80894
4 4566
2 87672
2 24752
2 37916
4 88960
2 88620
4 66426
4 3072
2 14780
4 14500
4 89394
2 1116
2 8884
4 99732
4 15098
4 5116
4 38724
2 59418
4 71046
4 84942
2 46226
2 48674
4 19806
2 34334
2 32412
4 96928
2 3012
2 29806
4 27818
2 97586
2 47862
2 64302
2 19484
4 11504
2 38956
2 89590
4 83592
4 22850
2 89072
4 86482
4 31814
2 66382
4 5734
4 60490
2 64040
2 56470
2 28758
2 78050
2 30664
4 15720
2 61930
4 20178
2 49242
2 78584
2 37052
2 34560
2 99186
2 86038
2 84984
4 12428
4 61054
2 1362
4 51230
2 69242
2 19936
4 69866
4 73274
4 1128
2 58810
4 42480
2 47094
2 14776
2 33970
4 10730
4 59062
2 86798
4 28796
2 31814
2 62164
4 37872
4 69642
4 35868
2 24658
2 11728
2 69202
2 2040
4 31958
2 83926
2 39948
4 77686
4 65316
4 2650
4 88866
2 84004
2 45618
2 55434
4 62428
2 83168
2 69844
2 61964
2 64450
4 89678
2 13050
2 86186
4 58516
2 97214
4 71076
2 52516
2 51826
2 43024
2 19702
4 9284
2 19144
4 21268
4 59368
2 53002
2 77772
2 79874
2 68856
4 64840
4 66190
2 47110
2 37262
2 8130
2 77058
4 12712
2 7244
2 93804
2 70940
4 85808
4 91970
4 92842
4 17974
4 83722
2 21008
2 47658
4 92186
2 72578
2 59266
2 77614
4 28404
2 71834
2 98504
4 28148
4 45512
2 72290
2 32712
4 71444
2 36594
2 18684
2 25194
2 39320
2 76580
4 93354
2 28594
2 29976
4 15574
4 85594
4 84306
4 49460
2 86876
4 75542
2 14248
4 26500
4 41240
4 61750
4 85044
2 28926
4 71816
2 80106
4 25046
2 59938
2 24830
4 13026
4 46812
2 99008
2 41316
4 11784
4 23086
2 55782
4 5318
2 40270
4 86566
4 75178
4 39760
2 31030
4 12690
2 6754
2 63078
2 97438
4 67192
4 45732
4 65032
4 76452
4 30314
2 72310
4 11298
4 98712
2 31270
4 13614
2 77374
4 79476
2 19794
4 51594
2 47282
4 90536
4 63834
4 83566
2 86920
2 59556
4 81650
2 63274
4 90518
4 27382
4 57498
2 4522
2 55544
2 92948
4 16334
2 53366
4 72056
2 70128
2 26298
2 89498
4 69228
4 19552
4 47078
4 75010
4 44124
2 48492
2 47470
4 85684
2 74184
4 36756
4 56172
4 43988
2 36712
4 28266
4 20532
4 87742
2 61402
4 89094
2 76908
2 10432
2 6052
4 80366
2 92380
4 48576
4 11846
4 63584
4 41270
4 38828
2 67076
2 43304
2 12100
2 94890
4 59124
2 5090
4 86704
4 11732
2 6854
4 49456
4 2890
2 84922
2 16890
2 20618
4 26750
2 10596
4 74766
4 53938
2 89530
2 51746
4 53338
2 57268
4 4710
2 74884
2 4576
2 77142
4 13402
2 724
2 94234
2 36918
2 77838
4 80536
2 1846
4 74994
4 77650
2 53584
4 95936
4 53638
2 96026
4 22602
4 15050
4 9504
4 25724
4 54048
2 79578
2 91272
4 95478
4 20146
2 71858
4 60306
2 44562
4 75030
2 98630
2 20892
4 42866
4 69738
2 45602
2 7200
2 32678
4 96566
2 48056
2 76320
2 32160
2 43274
4 63282
4 61156
4 66196
4 82714
4 79782
2 40870
2 68414
2 66828
4 25114
2 14900
4 67242
2 60818
2 16428
4 21226
2 59976
4 21796
4 52566
2 19152
2 89098
2 50778
2 55182
4 71428
2 74424
4 67992
2 40796
4 22722
4 59622
4 2844
4 41288
2 76578
2 24496
2 78348
4 27028
2 93774
2 61208
2 80250
4 7178
4 96654
2 69004
2 54576
4 57042
2 46430
4 7640
2 90262
4 68006
4 78144
2 78840
4 96716
4 55118
2 95868
2 29810
4 46028
2 62600
4 83016
2 83020
4 74036
4 71474
2 3810
2 51684
2 4374
4 1154
4 64078
4 57100
2 81566
2 20738
4 87970
2 21596
4 12012
4 70874
2 57940
4 41148
4 19556
2 21424
4 14446
4 76030
2 66430
2 14238
4 13688
4 42976
4 11404
4 68306
2 3984
2 33886
4 82038
4 14168
4 15280
4 25702
4 47894
2 45168
4 24040
2 64580
4 94264
2 60660
4 36094
4 62450
4 43754
2 21806
4 91374
2 80604
2 87970
2 32282
2 65300
4 6712
2 90132
2 59142
2 75386
2 9142
2 56610
4 39636
4 60484
4 42596
4 60926
4 87912
2 50986
4 11038
4 10800
2 9694
4 3714
2 89350
2 43776
2 67094
4 84136
2 26166
2 79172
4 10896
2 42518
4 63456
2 84366
2 63116
2 98948
2 15284
4 21878
2 41338
2 34430
4 30316
2 13148
4 76538
4 716
2 76694
2 51440
4 74254
2 81244
2 91120
4 17740
4 50980
4 94198
4 97584
2 77424
2 51418
4 53976
4 57436
2 68348
4 22258
4 92622
4 16232
4 84828
2 17936
2 2636
4 10032
4 10322
4 84674
2 30914
4 37670
4 91862
4 61332
2 11170
2 75330
2 86606
4 4070
2 49222
2 698
4 31474
4 1316
2 43814
4 89872
4 36530
2 62760
2 60400
2 23892
4 97534
2 62840
4 55676
2 83856
2 93468
2 22450
2 47592
4 57976
2 85800
2 65278
2 59514
2 19150
4 9940
2 88282
4 30400
2 89006
2 1978
2 64636
4 38326
4 4230
4 14592
2 63208
4 27032
2 99498
4 65550
2 61728
4 36886
2 93794
4 8088
2 45392
2 91588
4 76596
4 85036
2 41810
4 4422
2 17442
2 68710
4 90182
4 89820
4 36634
4 67544
4 34966
4 60422
4 29758
4 65262
4 50294
2 53524
2 36690
2 55368
2 5380
2 61244
2 34652
4 58478
2 54638
4 59398
2 8956
2 78580
4 85930
2 15674
4 18676
2 7308
4 64552
4 82136
2 20256
2 66150
2 94916
4 35600
2 84526
2 67044
4 33832
2 86952
4 3520
4 77944
4 72562
2 39052
2 31498
4 36560
2 88084
4 22540
4 62386
2 65742
4 41524
4 3530
2 33992
2 56774
4 79550
4 51698
4 82886
4 62004
4 26270
2 9696
4 66658
4 26766
2 51690
4 19678
4 89560
2 37210
4 16380
4 34360
4 2524
2 88978
2 16750
2 78828
4 65786
4 79746
4 2316
2 17080
4 58032
2 56408
2 17666
4 42904
4 95488
4 61828
4 85986
2 93440
2 58134
2 23736
4 85632
2 61630
2 7868
4 75950
2 84168
2 50308
4 36148
4 58084
2 84552
4 13702
4 5940
4 4270
2 23332
2 99800
4 78226
4 8538
4 75304
2 71452
2 85358
2 78510
4 70852
2 28404
4 60724
4 19816
4 67854
4 95078
2 53342
2 65104
2 12498
4 47962
2 37374
2 16080
4 27312
2 49140
2 98978
4 3566
2 23538
2 5696
4 70208
4 76364
4 65788
2 65718
4 75740
2 48274
4 1828
2 46142
2 20544
4 87432
2 29058
4 62622
4 12226
2 56974
2 89948
2 81204
2 41694
4 26852
4 80666
4 88740
4 36582
4 55054
2 10874
2 37032
2 50432
2 55870
2 38170
4 23390
4 74730
4 68454
2 7758
4 77452
2 20564
2 67872
4 6542
4 61480
2 9260
4 63534
4 79620
4 66586
2 18982
2 40514
2 29504
4 82612
2 81858
2 59010
2 54228
4 31948
2 7316
4 446
4 19792
4 55144
2 92324
2 57202
4 21416
4 37028
2 2114
4 33138
2 5198
4 42858
2 30704
4 23632
4 78026
2 81134
2 94316
2 48874
4 96502
4 98864
4 64394
4 28708
4 28168
4 59342
4 20458
4 59308
2 51788
4 13394
2 84270
4 26810
4 19166
4 39334
4 15600
2 15724
2 13476
4 90582
4 70746
4 43506
2 15440
4 91200
2 25356
2 54414
4 74944
4 66186
4 29268
4 61178
4 7314
4 49416
4 72386
4 9626
4 51592
2 85446
4 30150
4 12232
4 84332
4 11630
4 10894
2 27314
2 89640
4 82982
2 18880
2 56310
2 36944
2 5442
4 42066
4 50528
2 37030
2 84654
2 7274
2 43346
4 29600
2 16380
2 79840
2 79988
2 98048
4 15938
4 57118
2 98644
2 86562
2 74120
2 88658
4 24208
4 40702
2 53906
2 25990
4 26634
2 3414
2 85142
2 39880
4 59118
4 88990
2 46988
2 96980
2 77570
4 19812
2 44284
4 16492
2 56176
2 59060
4 40596
2 4932
2 46892
2 82462
4 79336
4 52622
4 49498
4 20262
4 97676
4 27744
4 1292
4 94704
2 61846
2 52576
2 87332
4 4104
4 86692
2 16922
4 43612
2 15528
4 73182
4 46766
4 29904
2 98012
4 13668
4 41458
4 5644
4 45282
2 46612
4 93676
4 45642
4 95006
4 34192
4 41926
4 51702
4 12378
2 38562
4 27412
2 86128
4 70430
4 81726
2 82676
2 58652
4 7142
2 31346
2 38934
4 73204
4 57808
2 4594
2 43206
2 78534
4 93190
2 21884
4 26994
4 82366
2 67020
2 67546
4 95210
4 77194
2 94282
4 44704
2 7086
2 54402
2 83986
4 27642
4 94874
2 96384
4 17100
4 99146
2 30662
2 35400
4 38422
2 35002
2 82920
2 11490
2 65106
4 80020
2 45936
2 54300
2 99784
4 7070
4 15904
4 20180
4 63640
4 17610
4 72770
2 90058
4 30218
2 1730
4 45918
4 32984
4 55530
2 88150
2 98336
4 95276
2 316
2 19642
4 81306
4 31902
2 37852
4 67556
4 55762
2 68500
2 91944
4 28690
2 91830
2 48196
2 90258
4 51030
4 46100
2 21592
4 67638
2 24676
4 54852
4 3612
4 43738
4 78722
4 23252
2 3812
4 8992
2 48498
4 44822
4 38706
2 94362
2 28398
2 99070
4 24180
4 5250
2 67220
2 35930
2 10136
4 32532
2 32350
2 7094
2 79966
4 35090
2 552
2 92512
4 66920
4 11430
2 80254
4 21628
2 55832
4 32712
2 69982
4 40882
2 76728
4 80354
4 28862
4 3998
2 32000
4 60820
4 67674
4 99186
2 42156
2 59622
4 91022
4 23196
2 33828
2 18600
2 62928
4 43058
2 40166
2 56148
2 63864
4 32838
2 10836
2 67708
2 48992
2 76086
4 60234
2 68004
4 50516
2 34928
2 43402
2 10710
4 36594
2 28086
2 9358
4 5520
2 61790
4 92638
2 40258
4 43678
4 5910
2 25354
4 38022
4 14262
2 37686
4 85122
2 15428
2 56406
4 94288
4 18976
2 35932
4 55946
4 79498
2 16788
4 84910
4 77458
2 21982
4 97052
4 64656
2 37538
2 97618
4 76662
4 1476
2 25554
4 8910
2 51442
2 87736
4 85090
2 47510
2 57988
2 82700
2 39248
4 1704
2 46926
4 7406
2 72196
2 99054
4 77014
2 82020
2 28738
2 96588
2 62364
2 58036
4 53176
2 49854
2 47586
2 13768
2 62576
4 38266
2 45536
2 77002
2 43048
4 35732
2 40960
2 32796
2 54584
2 67124
2 88970
2 43424
2 56952
2 72106
2 54116
4 94360
2 15208
2 91444
4 46256
2 49856
2 57804
4 52540
2 7152
2 74442
2 39754
4 88952
4 91528
2 89250
4 11460
2 79606
4 24384
4 67402
4 18848
4 97294
2 71654
4 48354
2 71878
4 70934
2 5318
4 96386
2 60874
2 13004
2 99574
2 79232
4 29850
2 84604
2 73672
4 6196
2 71214
2 16868
2 26252
4 648
4 52430
4 49732
4 77904
4 77286
4 32030
2 46498
4 83452
4 72588
2 75766
2 50528
4 17996
2 74388
2 40518
2 74336
4 61868
2 68762
4 32408
2 76934
4 96898
2 31876
4 58770
2 67074
2 29950
4 21576
4 39320
2 58610
2 44928
4 46424
4 93470
4 1840
4 46818
4 21348
2 41204
2 51924
4 51054
4 35742
4 29272
2 23520
4 48592
2 19174
2 48876
4 52526
2 82400
4 55614
4 71328
4 81664
4 83570
2 80538
2 98882
4 21502
2 22210
4 68406
4 37162
2 41284
4 54836
2 40056
2 34564
4 62866
4 50872
2 23460
2 37494
2 90496
4 6466
4 93484
2 83624
4 730
2 16774
4 16472
2 22666
2 29868
4 20898
4 24900
2 38596
2 51736
2 37812
4 12148
2 97114
2 1310
4 1164
2 44380
4 73210
4 45772
4 82816
4 59036
2 5638
2 12946
4 87848
4 40392
2 65382
2 94298
2 98742
4 34434
4 76766
2 76198
4 70426
2 7012
4 53736
4 42804
4 35058
2 91378
2 36196
2 43108
4 4416
2 90966
4 23944
2 25368
2 15236
4 7762
4 70324
2 65146
4 82966
2 41852
2 62324
4 92462
2 23184
2 57410
2 36642
2 19554
4 92012
2 98414
2 31842
2 87328
2 69156
4 97260
2 91374
4 31530
2 22922
4 32348
2 23290
2 92148
2 7908
4 19964
2 53078
4 10918
2 61414
2 72912
2 35108
4 18374
2 71686
2 6800
4 51194
2 1306
2 35594
4 15754
4 39104
2 5910
2 66824
4 50974
2 87798
2 90658
2 83074
2 88636
2 53350
4 70226
4 2960
4 94006
4 42076
4 85232
4 52822
4 85536
2 90462
2 31806
2 2134
4 25586
2 57666
4 16700
4 47364
2 92676
2 85876
2 42026
4 19438
2 95894
2 31278
2 37126
2 42132
2 61714
2 10908
2 25676
4 83880
2 5954
2 69514
2 57334
4 90074
2 6132
2 98940
2 18030
4 10102
2 61162
2 9052
2 47176
2 44688
4 7420
2 33136
2 65828
2 24534
2 20980
2 68408
2 40076
4 69136
2 27356
2 78696
4 54222
4 63716
4 95446
2 99904
4 41758
4 35710
2 220
4 83366
4 40454
2 67704
4 59064
2 63148
4 72066
4 91898
4 71942
4 44060
2 54332
4 58316
2 73254
4 14318
2 93414
4 81102
2 44772
4 48944
2 25452
4 38154
4 76454
2 65488
4 90510
2 57674
2 11180
2 77654
4 40512
2 84160
4 22430
2 24436
4 6692
2 28200
2 95250
4 27874
4 73444
2 75636
2 93614
4 43376
4 23236
2 86280
2 96692
4 87546
4 45430
4 70670
2 71122
2 29586
4 40840
4 91420
4 93872
2 15782
2 12990
2 42578
4 85610
4 26588
4 29580
4 22220
4 78048
2 80212
4 54482
4 63708
2 42602
2 49984
4 24396
4 25666
2 40528
4 65900
4 80800
2 17098
2 89742
2 80528
2 54736
4 64110
4 65322
4 24262
4 61050
2 5688
2 49532
2 40714
2 38708
4 62246
2 83828
4 56346
4 48534
2 59136
2 33972
2 64518
4 21518
4 80836
4 63906
2 20966
4 33036
4 69316
4 2530
2 67270
2 284
2 57588
4 34978
4 71880
2 93562
2 25766
2 23264
4 50126
4 46916
2 47440
4 82392
2 7010
4 69038
4 65210
2 34676
2 34854
2 80848
4 14740
4 42690
2 74508
4 97652
2 14956
4 29326
2 12148
2 9514
2 21606
4 16546
2 94794
2 71974
4 80280
2 33112
2 68286
4 97460
2 80932
2 10774
4 15404
4 87154
2 83076
4 61144
4 29344
2 90032
4 91710
4 73162
2 75034
2 51748
2 55910
2 27734
2 56870
4 43826
2 97164
2 87176
4 54008
4 81768
4 77348
2 94346
4 67604
4 87868
4 11938
4 45100
2 19580
2 49544
4 89860
4 98462
2 31602
2 18722
2 61214
4 96156
2 71174
2 73744
4 73386
4 43008
4 38448
2 18344
2 37414
4 95988
4 72824
4 30784
2 57512
4 36612
4 53482
4 55418
2 98582
4 74922
2 86086
2 50508
2 55326
4 8166
4 17412
2 95346
4 6346
4 1272
4 26080
2 25104
2 47812
4 89546
4 96528
4 66068
2 47544
2 57780
2 58462
2 27446
2 56780
2 11436
4 55832
2 28088
2 36488
2 79252
4 78688
2 88200
4 28608
4 52014
4 79000
4 96824
2 90802
2 70854
4 81474
4 21258
4 74670
2 92442
2 73492
2 21652
4 4412
4 84066
2 1994
4 92266
2 32092
4 48988
2 59604
2 54872
2 32234
4 9836
2 70688
4 46414
2 95588
2 65432
4 30152
4 60904
2 16344
4 53508
2 2166
2 57310
4 46558
4 58366
4 97964
4 50764
4 76266
2 12110
4 67584
4 94606
2 23028
2 23394
2 15126
2 48976
2 8876
4 66580
2 27944
2 8020
4 43380
4 71792
4 30472
4 15796
2 89912
2 58476
2 86756
2 19854
2 9910
4 89782
4 33530
4 46120
2 77310
4 7996
2 52048
4 13016
2 45872
4 81450
4 11624
2 95750
4 61568
2 13136
4 92464
2 28130
4 64798
4 58038
2 76832
2 81322
2 15254
4 33540
4 73440
2 45956
2 58402
2 77504
4 6658
4 10062
4 7016
2 71978
2 90342
2 28238
2 40644
2 48400
2 18592
4 60300
2 23336
4 65452
4 33578
2 54624
2 34860
2 63324
2 5706
2 49166
2 76792
4 30094
4 84512
2 96938
2 25086
2 15160
4 168
2 58814
4 7800
4 37034
2 63404
2 87354
2 70720
2 53436
4 69930
2 92012
4 62678
4 55826
2 84806
2 51284
4 36694
2 85968
4 26568
2 82094
2 31246
2 66050
2 56834
2 91568
2 62332
2 19438
4 7210
4 62052
2 67478
4 61008
2 33802
2 60456
4 30872
2 36086
4 85780
2 59156
4 39116
4 780
2 27448
2 93162
4 29480
4 97886
4 89022
2 53500
4 14502
2 12780
4 98256
4 8658
2 95994
2 51852
2 50366
4 1330
2 70670
2 1004
2 8568
2 5286
4 42518
2 53980
4 89216
2 17988
2 57676
4 54918
2 37844
2 87886
2 43616
4 54984
2 9254
4 69614
4 26094
4 62284
4 73898
2 14096
2 79456
2 38130
2 84274
2 66486
2 53184
4 53534
4 95124
4 44862
4 57664
2 63124
4 29530
4 97344
4 55712
4 18662
2 51290
4 42330
2 24788
2 36034
4 40446
2 41386
2 27576
2 62322
4 48100
4 5370
2 47700
2 48760
4 78428
2 96058
2 63370
2 77238
4 41156
2 79080
4 8354
2 21250
4 99906
4 81142
2 25096
2 67282
2 67714
2 33192
2 45836
2 964
4 95330
2 79900
2 84478
4 23192
2 26234
4 21774
4 47948
2 996
2 4178
2 2904
4 98456
2 8986
4 24062
4 57700
4 79608
2 4654
2 96924
4 79072
2 89460
2 81252
4 50048
2 67398
4 55112
2 91744
2 77104
2 73454
2 85830
2 41866
2 50998
4 8320
4 85614
4 5048
2 93862
2 396
4 93686
2 36188
4 40612
2 61744
2 73378
4 41448
2 382
4 82440
2 38324
4 13714
2 33300
2 92942
2 58058
2 60268
2 50008
4 88222
4 74276
4 95702
4 47388
2 20260
2 59380
4 79568
2 88128
4 61664
2 63008
4 69704
4 38568
4 75322
4 12844
4 71938
2 8910
4 32960
2 89834
4 90222
2 65036
2 5824
2 82352
2 78592
4 10204
2 70592
4 25178
2 93002
4 93200
2 26996
4 3522
2 18858
4 51606
2 9940
2 82558
2 7040
2 52940
2 40836
2 72112
2 40876
4 34298
4 98808
4 70924
2 64452
4 47886
2 36394
4 77820
2 59620
2 3242
2 11846
2 19576
2 15510
2 63626
4 81130
4 2966
4 2916
2 17276
4 8262
4 40770
2 29438
4 14550
4 41274
2 94780
2 31688
2 1644
2 3030
2 27220
4 48480
2 89546
4 33438
4 74512
2 52756
2 34250
2 11630
4 4004
2 51102
4 27014
4 48664
4 99222
2 83804
4 47970
2 76536
2 65688
4 97190
2 5298
4 49884
2 76420
2 36206
4 54394
2 28498
4 17668
4 30738
2 88592
2 46208
2 57664
2 20982
4 84394
2 40168
2 22862
4 72610
4 39494
2 48204
2 77758
4 23290
2 58100
4 66696
4 79424
2 20600
4 86948
4 62956
2 36782
4 45244
2 46912
2 67812
2 12244
4 84146
2 39276
4 73752
2 94168
4 5852
4 47522
2 42760
4 46114
4 56606
2 94586
2 12404
2 59168
2 66766
4 26368
2 30958
4 42300
2 90924
4 79962
2 13366
4 61906
2 68624
4 27908
2 10828
2 89662
4 52080
2 18812
4 72836
2 6852
2 51008
4 37154
2 70740
4 77906
4 73298
4 4126
4 60446
4 35704
4 12812
2 16546
4 7926
4 38176
2 89678
2 5432
2 43382
2 25498
4 99276
2 80422
4 49326
2 2438
2 28386
2 87232
2 47748
4 59806
4 19710
2 62532
2 77856
4 62374
2 52936
4 43680
4 83788
4 38730
4 53908
4 57636
4 36412
2 84398
4 348
2 14282
4 66858
2 23186
4 39270
2 42138
4 84524
2 562
2 3394
4 2560
2 16068
4 80898
4 35238
2 92424
2 78830
4 55894
2 37124
4 98608
2 86444
2 27740
2 10902
4 52412
4 8976
2 98614
4 81790
2 11550
2 2024
4 70892
2 67860
4 16948
4 63382
2 6490
4 73692
4 48356
4 74852
2 32408
2 9752
4 17264
2 78300
2 80410
4 88730
4 8564
2 57090
2 9800
4 21398
2 27476
2 96750
2 81026
4 54432
4 95744
4 46838
4 21404
2 74462
4 60524
4 59244
4 6334
4 78016
4 9602
4 12716
2 38626
4 54194
2 94420
4 13718
2 32794
2 84528
2 92998
4 53388
4 71254
2 48758
2 49774
4 8498
2 23038
4 90242
4 3510
2 83404
4 86828
4 34466
2 80034
2 34754
2 85822
4 93536
2 74648
4 85896
4 61364
2 79210
4 82592
2 33998
2 71016
2 10354
2 53410
2 94204
4 47000
4 20346
2 23894
4 51484
2 87002
4 9114
4 56840
4 13720
4 30902
2 3276
4 20100
2 67226
4 10732
2 38342
2 79808
2 6390
4 94442
4 47588
2 10012
4 1710
4 1496
2 79202
4 27368
2 98572
2 37752
2 84348
4 83778
2 13172
4 89676
2 27494
2 35996
4 63504
4 59724
4 69032
4 80522
4 4548
2 18442
4 52890
2 4976
4 82542
2 77030
4 96110
2 58012
4 3372
4 14542
4 33252
2 25944
2 9182
2 9754
2 43516
4 91600
2 97722
4 82726
4 2148
4 27682
4 66838
2 27224
4 32024
4 13926
2 22050
2 27978
2 68988
4 58778
4 26212
4 29336
2 10868
2 81298
2 41222
2 21520
2 48902
4 63418
2 40342
2 86676
2 39832
2 51306
2 60668
2 8282
2 29384
4 99946
2 63896
4 32036
2 84592
2 1748
2 45904
2 1794
2 65716
4 29542
4 70890
2 68056
2 48768
2 76816
4 75624
4 51306
2 62040
4 8950
4 49846
2 18110
2 48170
4 41342
4 49004
4 12078
2 40600
4 88290
2 49972
2 41772
4 92734
2 60984
4 8510
4 3516
4 86276
2 82832
2 79088
4 33558
4 37412
2 78728
4 4800
2 62668
2 33208
2 42334
2 16578
4 59134
4 23694
2 4366
4 95402
2 48800
2 30980
4 34222
2 2062
4 71914
4 28342
2 37918
2 13878
2 14740
4 16824
4 17928
2 79648
4 3398
4 94362
4 82956
2 53970
2 7626
4 63372
4 79402
2 61254
4 52476
2 91466
2 69478
4 11032
4 85108
2 5440
4 18292
2 6280
2 70284
4 42760
2 76552
2 6092
4 84062
2 46558
4 95930
4 32262
2 50730
2 4936
4 23454
2 88346
4 74008
4 59216
4 31318
2 6764
4 72508
2 13874
2 5776
4 15630
4 98974
2 31178
2 4104
2 60716
2 32192
2 32914
4 18132
4 74698
4 7910
2 61730
4 62700
2 71364
4 54086
4 25910
4 70528
4 29184
2 31878
2 49830
2 69702
4 71398
4 10126
2 39650
2 66350
2 90798
4 58520
2 90954
4 79960
2 39330
2 76794
2 59204
2 66662
2 67700
2 58302
4 87636
4 5864
2 87350
2 44794
2 3554
2 63940
4 89712
4 42712
4 40442
4 77212
2 93592
2 25956
2 80530
2 52254
4 5308
4 54132
2 17774
2 68276
4 73950
4 66978
2 5774
4 89990
2 74252
4 71834
2 56070
2 79366
4 28156
2 50416
2 60690
4 10974
4 91654
2 34920
4 20554
4 11474
4 30946
4 76374
2 73880
4 96538
4 40736
2 40890
2 48190
2 29684
2 27036
4 2580
2 91226
2 18308
4 94682
4 71118
4 72780
4 26272
2 30326
2 44132
2 31670
2 3920
4 18728
2 68840
4 22572
4 30294
4 47046
4 42942
4 3538
4 7998
2 50124
2 75544
2 22136
2 14656
4 57792
4 80620
4 56040
4 71158
4 69438
2 53140
2 67970
2 57886
4 54268
4 83824
2 17292
2 69898
4 87152
4 63346
4 95820
4 49882
4 41700
2 4590
4 10568
2 64754
4 79926
4 54192
4 95920
2 7068
4 51018
2 35754
2 35240
2 37964
4 44794
2 68544
4 74868
2 15482
2 14448
2 98670
2 55548
4 33698
4 66478
4 22076
4 85674
4 57526
4 126
2 17278
4 24634
4 82738
4 98718
4 27202
4 18870
2 90098
2 60120
2 69556
4 89304
2 23354
4 45754
2 42474
4 21924
4 72574
4 71780
2 59090
4 77316
4 70484
4 42678
4 45246
4 95312
4 46410
4 38784
2 44590
2 72850
2 35882
2 25860
4 28996
2 29918
4 22904
4 49560
4 10644
4 41122
4 36510
2 46360
4 71664
2 64630
2 28152
2 89468
4 65034
4 53038
4 7918
4 49368
4 91900
4 66568
2 92382
4 73878
4 24230
4 84256
2 96878
2 80846
4 42870
4 77170
2 37670
2 74350
2 23986
4 61512
4 89438
4 77558
2 18526
4 8830
2 33656
2 46580
2 87702
2 15028
4 90848
4 23188
4 34668
4 73864
2 20324
4 9992
2 38194
4 43816
4 90826
4 46210
2 69928
2 62432
4 66472
4 54588
2 12200
2 11998
4 61888
2 11954
2 84776
4 76514
2 10716
2 62574
4 90314
4 77024
2 5484
4 65964
4 32302
2 43336
4 52484
4 41606
4 58206
2 56060
2 77150
4 18730
2 42
4 42842
2 70136
2 80110
4 85018
4 97124
4 8294
4 71476
2 79742
2 86820
2 71696
4 64460
2 89578
2 28628
4 9462
2 38366
2 21788
2 54008
4 22250
2 4452
2 42224
2 76638
2 96290
4 57448
2 71000
2 73010
2 87760
2 32440
2 80748
4 10122
4 53144
4 8930
2 9604
4 91320
4 74504
2 38050
2 72884
4 90774
4 80248
4 37220
2 27432
4 89830
4 44432
2 94132
4 13820
4 24152
2 56542
4 81884
4 54930
4 59758
4 39060
2 17078
2 85096
2 66304
2 96594
4 54780
2 46344
4 52676
4 53858
2 98770
4 59766
2 89584
2 66774
4 12042
2 3184
2 7408
4 4158
4 53996
4 38918
2 80768
2 89896
2 32452
4 34576
2 93844
4 18786
4 13900
2 4084
2 12768
4 32466
2 4972
4 32750
2 59460
2 62886
4 23172
4 73176
4 7720
4 11986
2 78052
4 44700
4 93934
4 96926
2 30282
2 9612
2 65506
2 45554
2 62916
4 61056
4 57270
4 18744
4 2050
2 32652
2 24506
4 7116
2 24758
2 65692
2 99014
2 21102
2 94488
2 19990
4 52936
4 64214
4 23588
2 97292
2 84240
4 68774
2 54198
2 56852
4 95950
2 81254
4 37882
2 13212
4 77450
4 72150
4 69754
4 41920
2 55662
4 23296
2 6872
2 3910
4 68146
4 84664
2 11726
4 2788
4 92530
2 45916
2 58038
4 6090
4 27118
2 8226
4 6374
4 29060
4 70086
4 51726
4 41152
2 68478
4 59544
2 21496
4 94356
4 91082
2 54534
4 83972
4 81856
2 80234
2 82486
2 84304
2 77962
2 32568
2 90302
4 9204
4 82992
2 68094
2 20002
4 11922
4 97024
2 40216
2 36186
2 19386
4 96256
4 73656
4 51330
4 40112
2 25806
2 83548
4 95768
4 62902
4 27236
2 90144
2 64068
2 69434
4 79280
4 56784
2 48914
2 36346
4 23492
2 78210
2 71256
4 20476
2 80566
2 19586
4 10998
2 68808
2 71086
4 36490
2 98834
4 32118
2 59362
4 91728
2 24470
4 75926
4 18062
2 47908
2 47966
4 87316
4 8112
2 75688
4 30334
2 72688
2 45810
4 8260
2 82404
4 75790
2 90050
4 69350
4 91880
4 89040
4 90686
4 3550
2 53378
2 33982
2 53190
4 76646
2 94106
4 24232
4 61038
2 33742
4 30786
2 32396
2 32374
2 19600
4 99258
2 24034
4 86162
2 19718
2 32188
4 89318
2 82806
2 33732
4 24708
2 33866
2 8610
4 87330
2 26438
4 79590
2 76170
4 74750
2 80716
4 86780
2 20212
2 75692
4 3246
2 70644
4 85534
2 86008
2 9134
2 73598
2 33754
2 37610
2 59812
4 46726
4 36446
2 81186
2 89508
2 13788
2 38636
4 39544
4 74810
4 28008
4 16240
2 9262
4 28526
2 36924
4 5368
2 96402
4 76346
2 8656
4 57914
2 47330
2 33448
2 96044
2 54652
2 40150
2 50058
4 11618
2 25412
2 29714
4 55344
2 15816
2 41356
2 58620
2 37810
4 99106
2 45092
4 95626
4 50484
4 14856
4 2312
2 6456
2 3560
4 4086
2 22970
4 68940
4 70348
2 38720
2 14056
2 28888
2 24224
2 38822
4 65876
2 5008
2 61648
4 33422
2 92284
2 11734
4 55452
4 79314
4 20260
2 77670
4 60776
2 74712
2 60590
2 46454
4 24380
4 48268
2 27234
2 96100
2 81084
4 66722
2 71590
2 60412
2 24724
4 14320
4 36788
2 58330
2 13854
2 9338
4 53776
2 90716
2 57826
2 81800
4 70076
2 97252
4 93592
4 59056
4 92084
4 22820
4 61150
4 26822
4 19716
4 55444
4 51840
4 97220
4 43390
2 35606
4 27618
2 62506
2 60838
2 79932
2 81448
4 34154
4 14172
2 53034
2 76736
2 6032
4 35248
2 73136
4 13510
2 84384
4 47370
2 33668
2 54390
4 69982
2 27606
4 56442
4 84900
2 48200
2 60686
4 3598
4 51006
4 46076
4 68322
4 82200
4 13768
2 72428
4 70750
2 78780
2 15744
2 46288
4 6614
4 70346
2 60352
2 24242
2 93968
4 45536
4 24532
4 26172
4 38386
2 61310
4 84826
4 1092
4 58622
4 28480
4 85498
2 8408
4 83842
2 24194
4 13916
4 20580
4 37232
4 91270
2 92888
2 84430
2 20634
4 27102
2 66206
2 606
4 14882
4 73320
2 27942
2 25798
4 56868
4 82558
4 42044
4 75012
4 13804
4 92066
4 69610
4 29476
4 46500
2 81346
4 94592
4 86490
2 9224
4 84772
4 57592
2 40712
4 17454
4 4674
4 96302
4 38288
4 20106
2 33524
4 54102
2 73438
2 39624
2 99344
2 82922
4 85800
4 39908
4 78664
2 27258
2 84238
4 34514
4 10108
4 5088
4 68484
2 32908
4 58532
4 51874
2 48132
4 18564
2 56522
4 5562
4 81730
2 64672
2 64870
4 11054
4 56976
2 17992
4 23396
2 76048
4 33690
4 22010
4 95954
4 25186
2 17204
2 14490
4 43254
2 68798
4 66200
2 8006
4 54906
2 51780
2 99632
4 36766
2 8406
4 87228
4 24494
2 86014
4 17208
2 58412
4 69956
2 35826
4 49896
4 11472
4 25126
4 70556
2 48184
4 74180
2 84678
4 4214
2 81232
2 56250
2 49904
2 91216
4 99500
2 2286
4 13938
2 93626
4 28596
4 17574
4 86178
4 27966
2 98712
2 79414
4 64608
4 9642
4 47906
2 24712
4 64244
2 11942
2 75944
2 25342
2 93318
2 82082
2 49442
2 58964
2 48240
4 91100
2 75610
4 40040
2 82756
4 27214
4 16522
4 58306
2 18968
4 68196
2 23704
4 18302
4 61496
2 31420
2 25012
2 28800
2 61286
4 50768
2 13018
4 69884
4 26964
4 61600
2 48500
2 95412
4 87224
2 46012
4 42816
4 146
2 32676
2 23056
4 49470
4 1900
4 98120
4 89932
2 8464
2 31994
4 71120
2 88226
4 10710
2 15988
2 39078
2 92454
2 834
4 10874
2 42780
2 55578
4 81762
2 85724
2 52462
4 33244
4 66378
2 60188
2 85270
4 85826
2 47500
4 23604
4 64720
2 29398
4 33474
4 91660
2 91474
2 22736
2 19812
2 50134
4 39368
2 98232
4 38392
4 59664
4 91280
2 60554
4 90810
4 79356
2 45516
2 40242
4 68668
4 64886
4 75360
4 46018
4 11426
2 34424
2 27310
2 44722
2 65844
2 25246
2 51252
2 24896
2 18364
2 29546
4 46268
2 61804
2 20250
2 19646
2 94018
4 89212
2 71482
2 91814
2 96398
4 85100
4 27726
4 30132
2 55834
2 96336
2 34990
2 17564
2 35048
2 5388
4 34814
4 36524
4 90888
4 14180
4 82092
4 23216
4 60116
2 75208
4 97884
2 60982
2 21254
4 15122
2 54234
2 77764
4 40794
4 73410
4 28936
2 26040
2 23004
4 24888
4 53896
2 57080
4 67906
4 9848
2 53892
4 25466
2 64486
2 88304
2 51222
2 69966
2 49342
4 26714
2 75418
4 60840
2 5196
4 63038
4 23856
2 66418
2 69406
4 68148
2 52360
4 33650
4 83114
2 74192
4 4442
2 63722
4 65630
4 97376
2 31474
2 44592
4 10804
4 73166
2 19946
4 76300
4 72366
2 53610
2 82986
4 83416
4 55180
4 12512
4 85914
2 29502
4 346
4 19538
2 16304
4 75758
4 98214
2 69454
4 31904
2 83570
2 20586
2 69840
2 73712
2 32878
4 38774
2 63798
2 20490
4 32800
2 29512
4 85492
2 28486
4 47526
4 47616
4 32006
2 90082
2 2112
2 6650
2 57448
4 74830
4 10556
2 48740
4 28132
2 23886
2 19376
2 83240
4 20424
4 67478
2 53622
4 23428
4 72008
4 38298
4 29968
4 99316
4 3676
2 38202
2 80500
2 59538
4 70444
4 77668
2 426
4 81472
4 65448
4 35186
4 19594
4 91628
4 33878
4 83454
4 9492
2 45734
4 2196
4 15766
4 91122
2 81336
2 14290
2 47040
2 92740
4 6338
4 73596
4 87102
2 90142
4 16164
4 35010
2 27188
4 68096
2 97242
2 84658
2 75000
2 12760
4 88088
4 41372
4 24272
2 33124
2 46310
2 55156
2 66180
2 93806
2 5590
2 93658
2 30570
4 78642
2 73338
2 80548
2 38906
2 78294
2 68828
2 13678
2 55410
4 87378
4 9092
4 58692
2 90278
4 8518
2 48386
2 27150
4 68492
4 77524
2 81826
2 20512
2 29808
2 50862
4 19062
4 45266
4 98584
2 89644
4 57864
2 71404
4 61588
2 77198
4 77294
4 49406
4 61842
2 29828
4 85972
2 10924
2 78080
2 47188
4 28826
2 33080
2 71988
2 92556
2 21348
4 69112
4 90384
2 42852
4 48916
4 26600
2 38654
2 69634
2 38336
4 93988
4 10516
4 62850
4 38760
4 73430
2 87070
4 79742
4 43456
4 33140
4 54374
2 98286
4 64760
2 54942
2 98442
4 3106
2 73502
4 47214
4 21422
4 74484
4 23828
4 72532
2 76056
4 57934
2 45684
4 33340
2 5470
4 71004
2 65954
2 30404
2 26272
2 48026
4 26818
4 35120
4 90780
4 66206
4 8332
2 53470
4 44986
2 89176
2 82574
2 15742
2 64638
2 26460
4 67514
2 19684
4 92746
2 66342
2 71082
4 79886
4 2542
2 82798
2 45244
4 29730
4 12720
2 48726
4 39622
4 67384
4 56096
4 21322
2 62910
2 4512
2 20402
4 82926
4 99792
2 81164
2 48584
2 14788
4 54810
4 25498
4 56330
2 39066
4 7324
4 36894
4 90336
2 60196
4 28328
2 30174
4 73318
2 79308
2 13280
2 62700
4 93388
2 94322
4 4518
2 71628
2 29680
4 50588
2 70876
4 47572
2 24350
4 82626
4 15228
4 64510
4 50450
4 90300
2 29332
4 68526
4 45588
2 66714
2 86958
2 24148
2 86354
2 84250
4 67590
2 88582
2 82940
2 76878
4 13218
4 71492
4 25188
4 71518
2 73668
4 81628
4 98484
4 52758
2 55320
4 39496
2 9848
2 95712
2 95720
4 34690
2 22576
4 23234
2 28686
2 14456
4 91598
4 12330
4 43836
4 5844
4 84992
2 88302
2 55990
4 43938
4 44684
2 87602
4 97592
2 96844
4 10324
4 2246
2 56218
4 43500
4 72584
2 8710
2 81802
2 48692
4 28798
4 42428
2 31028
2 22358
4 58486
4 45372
2 61266
2 9530
2 95592
2 82608
2 1214
4 24400
4 97690
2 40704
2 53774
4 62094
4 44052
2 96056
4 85384
2 58066
4 13666
2 32806
4 44130
2 84360
4 99890
4 8456
2 8094
4 8312
2 43594
2 32980
4 30652
4 89742
2 62044
4 20590
2 78932
2 22462
2 4096
2 77710
4 26688
2 13970
2 50132
2 75748
2 98922
4 92600
2 39806
4 93706
2 87166
2 83228
4 10776
2 9276
4 72576
4 22628
4 61984
4 41310
2 46730
4 10762
2 8644
4 60542
4 24740
4 49352
2 53998
4 26174
2 35276
4 34380
4 36516
4 39480
2 34948
2 628
4 72614
4 50828
4 57860
4 59378
4 96882
4 85474
2 3504
4 92536
4 51980
4 58786
4 33624
2 66134
4 81788
2 96982
4 81716
4 94370
2 31712
4 75656
4 39482
4 56514
4 73212
2 59838
4 2754
2 5854
2 30146
4 84596
2 40446
2 75592
2 94120
2 71192
2 15906
2 59772
4 91498
4 13866
4 85346
2 5770
2 25192
2 72654
4 21794
4 55208
2 47584
4 2620
2 18252
4 2632
2 83638
4 50582
2 34416
4 75316
2 79628
2 48714
4 1016
2 47768
4 23746
4 9986
2 53402
4 76224
2 39074
4 23254
4 72628
4 87470
2 88274
4 36138
2 76336
4 5198
2 12072
2 19044
2 49184
2 82594
2 32256
2 63466
4 14946
2 7654
2 93880
4 6250
2 22014
2 60070
4 20780
2 62542
4 41120
4 23846
4 22078
4 49596
4 23398
4 79320
4 67912
4 77538
4 76686
2 90642
4 84056
2 51672
2 67182
4 59716
2 7572
2 92934
4 32858
2 85804
4 19642
2 69116
2 97796
2 87394
4 53906
4 97256
2 93098
4 27528
4 93842
2 25444
4 10414
4 20828
4 40330
2 26392
2 42964
4 35664
4 15990
4 97936
2 17768
2 15370
2 39668
2 2078
2 2558
2 6400
4 60408
2 4058
2 30496
2 78836
4 70748
2 91326
4 33012
2 90180
4 17316
4 40748
4 53362
2 54096
4 42298
2 29954
2 58496
2 7490
2 86668
2 91734
2 57938
4 58668
4 46956
2 98258
2 73548
2 32166
4 28716
2 4944
4 41718
2 69552
2 28672
2 7798
2 44842
4 46698
2 14318
4 69382
2 81930
2 76010
2 81352
2 72074
4 25090
2 32934
4 81844
2 17416
2 80216
2 14906
2 26526
2 92030
2 22000
4 88662
2 28268
2 21072
4 57364
2 90814
2 26934
4 2714
4 99966
2 52772
4 11796
4 52040
4 62502
2 65508
2 4278
4 28998
4 45362
2 62770
4 54498
4 76508
2 49908
2 43654
2 74878
4 27994
4 69318
4 43628
4 59986
4 56802
2 7106
2 18326
4 88954
2 74020
2 24222
4 80796
2 58712
4 65086
2 88532
2 55830
4 95310
2 49198
4 38038
2 54842
4 12874
4 26234
2 10490
4 32342
4 15224
4 44618
4 28644
4 21930
4 84518
4 6560
2 22670
4 54940
2 19992
2 83826
2 74928
4 35354
2 97898
2 95518
2 29042
2 85426
4 59270
2 4256
2 92316
2 45190
2 39318
4 68402
4 3616
2 59064
2 58816
4 62704
2 12
4 19926
2 27572
4 16534
4 87104
4 56550
4 15024
2 4204
2 95428
4 94352
2 9774
4 68204
4 34940
4 77574
4 32836
2 80894
2 92620
2 69036
2 94552
2 20522
2 50618
4 64498
2 56428
4 55260
2 27730
2 95310
2 7114
4 26074
4 79696
4 18210
4 81470
2 49804
2 53264
4 53748
4 57960
4 65312
4 62736
2 5950
4 51642
2 52234
2 64606
4 1218
4 22374
4 68262
4 16868
2 30196
4 56436
4 11960
2 12790
4 54126
4 65702
2 15384
2 35944
4 91026
4 11514
2 79040
4 35920
2 9748
2 32468
2 74808
2 64538
2 86838
4 45164
2 71422
2 59756
4 22792
2 32556
4 92652
4 55802
4 37648
4 73796
2 38208
2 23094
2 94856
2 37118
4 64426
2 7024
2 34412
4 33796
2 53974
4 34194
2 80806
2 5464
4 65350
4 96602
4 10038
4 30616
4 58712
2 64272
2 87308
4 97090
2 34280
2 24052
2 35234
4 8628
2 11516
2 57542
4 57398
4 19818
2 11626
4 92450
4 83314
2 46594
2 3928
2 57868
2 82800
2 33454
2 98554
4 80984
2 51682
2 75374
4 3918
2 33026
4 31914
4 9720
2 13424
2 73486
4 68074
2 83698
2 44780
2 96662
2 48862
2 14528
2 83666
4 45042
2 98986
4 71552
2 42284
4 10210
4 56528
4 86818
4 99008
2 72968
4 1520
4 36508
4 43158
4 52632
4 23796
4 19476
4 28910
4 37358
2 48152
4 1742
4 42018
2 32310
4 23780
4 15556
2 95140
4 99452
4 82760
4 72108
4 53692
4 29768
2 69914
2 16090
4 15086
4 30438
4 13746
4 52226
4 93424
4 19178
2 9928
4 16288
2 17344
2 19818
4 57964
2 47686
2 12090
2 69494
4 3798
2 98994
4 31134
2 98332
2 77626
4 25010
4 70796
2 69278
2 67480
4 49130
4 6896
4 18186
4 46824
4 23410
2 86238
2 18948
4 13514
2 73508
4 64052
2 89878
2 74004
2 65210
4 20882
2 2406
4 3686
4 78452
2 20380
2 94914
4 24598
2 5344
4 55636
2 73768
2 16098
4 33492
2 66802
4 17704
2 54098
4 64398
2 77028
4 95938
2 33434
4 31810
2 50356
4 90340
4 92876
4 58744
2 86924
2 87766
4 62156
2 6862
2 1898
4 67570
2 85770
4 34202
2 1164
2 90336
2 6760
2 61388
2 62290
4 922
2 69660
4 32560
2 63420
2 74708
2 88674
2 50286
4 63908
2 91636
4 8402
2 53362
4 96762
4 96870
2 85422
2 67858
2 5002
2 84766
2 99654
2 71110
2 68268
4 18588
2 12376
4 21642
4 7204
2 77602
4 86354
2 30994
4 15282
2 40478
4 82864
2 34600
2 14678
2 50312
2 9132
4 37448
4 95644
4 77402
4 42884
4 26468
4 21870
4 74184
2 20568
4 37830
4 52158
2 7142
2 17284
2 62166
4 72518
4 36274
2 30812
2 32764
4 88108
4 57654
2 35664
4 72728
2 16462
2 3174
2 80668
2 23786
4 4580
2 26180
2 13336
2 86776
4 16996
2 9464
2 46870
2 55934
2 9510
2 54054
2 73886
2 61432
2 2442
4 70704
4 35134
4 82256
4 2002
2 27832
4 34834
4 60538
4 31508
2 50424
4 2098
4 31254
2 48676
2 45098
2 20474
4 88312
4 24526
2 26878
4 32212
4 50532
2 78640
4 90600
2 81478
4 35562
2 21236
2 51498
4 94662
4 27938
2 41286
4 77312
4 40848
2 35348
2 93742
4 2786
4 93680
4 22640
4 38982
4 58132
4 35182
4 56322
4 17266
2 70560
2 51628
4 28588
2 5520
4 22408
2 4414
2 68824
4 8624
4 36102
4 52774
4 94086
2 31374
4 41338
4 15120
4 92308
2 93764
4 5998
4 94068
2 70232
2 30066
4 63402
4 53562
4 82170
2 42604
4 90322
2 57114
4 58658
4 74538
4 56270
2 52442
2 33218
2 38466
4 3432
4 77798
2 53660
2 54918
4 15644
4 71276
4 91406
4 20448
2 13772
4 93636
4 7256
2 74320
2 90330
2 50772
4 84680
2 74194
4 59046
2 47902
4 48434
4 9596
2 29394
4 67488
2 63400
4 89612
2 11236
4 55668
4 18060
4 55644
2 41766
4 60890
4 91412
4 74380
4 10070
2 69126
4 14396
2 83352
2 89164
2 97562
2 25948
2 93808
2 45672
2 61128
4 16858
4 83274
4 96202
2 60908
2 77700
4 65460
2 50174
2 73952
2 16328
2 30188
2 91852
2 8972
4 82764
2 77878
2 75814
4 44526
4 53930
4 89794
2 60768
2 49980
4 20914
4 24004
4 39848
2 36994
4 35672
2 14970
2 85050
2 47504
4 56512
2 12918
2 152
4 41914
4 45044
2 25638
2 4688
4 42826
2 92184
4 31636
4 9928
2 85920
4 83404
2 76596
2 49818
2 84020
2 15712
2 12514
2 83244
4 42962
4 66528
2 71026
4 89760
2 48986
4 54678
4 26826
2 91130
4 50500
2 93550
4 47978
2 42584
2 1260
2 67674
2 39768
2 10414
4 77546
2 94292
4 9218
2 80084
4 83192
4 8744
2 22914
2 36278
4 95268
4 81510
4 90818
2 25940
4 14216
2 38948
4 60630
2 76876
2 16808
2 70076
4 20296
2 60798
4 67624
2 35486
2 36512
2 36244
4 2068
4 98900
4 16796
4 13388
2 6218
4 20276
2 55730
2 30644
2 35198
4 68896
4 56382
4 33028
4 44944
2 24362
4 96590
2 20804
4 41340
2 84432
4 76084
4 70432
2 99812
2 52486
4 48110
4 19670
2 85372
2 43638
4 97394
2 97228
4 7718
2 22904
4 60706
4 97080
2 26656
4 7366
4 28802
4 67272
2 23142
2 90140
2 16556
4 72800
2 928
2 54820
4 84274
2 25454
2 61592
4 52458
2 81130
2 54986
4 14038
2 86162
4 4124
2 74112
2 21842
2 93872
2 15002
4 42998
2 64970
4 35044
4 78784
4 37234
4 18814
2 69152
2 2842
4 52886
4 75802
4 48474
2 95726
2 94584
4 23876
2 33752
4 75052
2 35522
2 75804
2 84908
2 93618
4 74148
4 69986
2 83580
2 12270
4 43386
2 46572
2 85836
2 63232
4 8202
4 82916
2 64090
2 96176
4 41750
4 72894
4 46638
4 64418
2 67084
2 87108
2 30178
4 87982
4 56148
4 27006
2 9782
4 92036
4 3254
2 97716
4 11836
2 1392
2 18624
4 69788
2 58680
4 51266
2 77120
2 44908
4 8238
4 34052
4 14768
4 37148
2 54444
2 91112
4 11294
2 29214
4 37188
4 74790
4 1674
2 88874
2 58164
2 89978
4 67652
2 54950
4 80136
2 38922
4 6408
4 32944
4 10274
2 16632
2 21076
4 46524
4 27444
2 52322
4 46536
2 72876
4 68404
2 34322
4 1582
4 10514
2 13548
2 5796
2 11476
4 43012
4 32176
4 58690
2 91768
4 80058
4 94112
4 94754
4 15860
4 87312
2 24388
2 37656
2 9188
2 79786
4 13824
4 88298
2 99866
4 59392
4 74040
2 92598
2 41462
4 4164
4 70850
2 74276
4 17826
2 93092
4 21282
4 89836
4 58760
2 97246
2 45624
2 25784
4 89534
4 57786
4 81598
2 52440
2 47778
2 87422
2 76808
2 4188
2 40142
2 31486
2 44230
4 16898
4 30240
4 80050
2 17886
2 78588
4 96274
2 77306
2 81306
4 84604
2 68806
2 6774
4 35420
4 97108
4 46562
2 43898
4 18378
4 57340
2 75392
2 68032
4 21220
4 32196
2 6224
2 64250
2 1278
2 47596
2 47212
2 15828
2 17340
2 13398
2 70162
4 50712
2 25174
4 86340
4 98906
2 14590
2 89286
4 74572
2 70094
4 30976
4 21316
2 44938
4 44652
4 65690
4 46586
2 76710
4 71030
4 57180
2 88756
2 9586
2 25922
4 47916
2 38806
4 54454
2 8866
4 4262
4 30670
2 4056
4 16650
2 1530
4 26044
2 72450
2 33322
4 10580
4 83386
4 25354
4 87084
2 59646
2 44436
2 6350
2 96372
4 47682
4 88080
4 27626
4 85810
4 14372
2 81682
2 7032
4 68642
4 18660
4 13650
4 19874
4 39188
2 11478
2 50844
2 31286
4 82740
2 29486
2 95690
4 33210
2 95018
4 38246
4 5790
4 69882
4 45480
4 1152
4 80518
4 71524
2 50298
4 15738
2 78602
2 67378
4 83590
2 22314
2 50426
4 86602
4 6748
2 73532
4 23294
4 67680
2 66578
4 54538
4 65506
4 91144
2 64956
2 52568
2 9558
4 68000
4 53504
4 44360
2 67144
2 78266
4 28620
4 5138
4 98420
2 7492
2 17448
2 53668
2 61450
2 60212
2 44164
2 70764
2 6060
2 3628
2 61864
2 21262
2 71502
4 5040
4 11886
4 51390
2 80660
2 29948
4 93180
2 28116
4 60564
4 3284
4 86314
2 42432
4 29018
2 32228
2 95328
4 90280
4 26544
2 7970
4 87282
2 63082
2 87712
2 46876
4 32052
2 7694
4 82630
2 58360
2 20448
4 34352
4 7396
4 20676
2 83736
2 38480
4 3972
2 97746
4 65186
2 79534
2 13892
4 37356
2 5568
2 39480
2 20102
2 37706
2 43194
2 96764
2 20570
2 29592
2 33836
2 50876
4 20998
4 45914
4 388
4 16096
2 20326
2 11374
2 14106
2 17892
4 60636
2 39294
2 77478
4 84472
4 79462
4 5146
2 54034
4 80024
2 25888
4 53306
2 11544
2 79422
2 47702
4 93586
4 64688
2 97312
2 16156
4 72260
4 64756
4 40904
4 98788
4 11612
4 59606
4 26622
4 53822
4 97926
4 68018
4 37556
4 86122
2 93026
4 87820
4 33070
4 85242
2 64390
4 5492
2 24210
2 2782
2 62586
4 98732
2 13344
2 7920
2 60676
2 5394
4 18938
2 56486
2 39122
4 64134
4 72712
4 32526
4 67378
2 70574
4 89286
4 12454
4 39594
4 14964
2 25426
2 69460
4 8452
4 68678
2 81744
2 43668
4 39168
4 9376
4 76730
2 23292
4 75672
2 77928
4 11424
2 64184
2 78658
2 65058
2 73940
2 14976
2 100000
4 65618
4 92178
4 2806
2 4768
2 95236
2 48778
2 60736
2 10268
4 13490
2 84886
2 13098
2 74458
2 73022
2 98894
2 94084
2 58056
4 69562
4 64974
4 37838
2 55554
2 4872
4 12600
2 87806
2 50902
4 87804
2 45896
4 27478
2 52608
2 79048
4 31426
2 14896
4 65782
4 97890
4 16648
2 15490
4 7888
4 86140
4 25732
2 73664
4 3360
4 50934
4 70966
4 5172
4 6966
2 96786
4 29832
4 25294
4 80704
2 73698
2 9784
2 51846
4 82710
4 3606
4 97916
2 74440
2 68540
2 3120
2 7926
2 26956
2 76944
2 73864
4 82018
4 32170
2 54006
2 59592
4 25496
4 59772
2 74448
4 92480
4 77664
4 90610
2 19770
4 78940
4 9186
4 26586
2 42256
4 92624
4 90044
4 55510
2 71170
2 84832
2 42748
4 88378
4 23730
2 97466
2 95434
2 36114
4 57600
4 85644
4 91510
2 31914
2 75828
2 17522
4 74414
2 22888
4 82176
2 72536
2 68800
2 32842
2 16502
4 76546
4 21312
4 77416
2 418
2 84440
4 52220
2 86200
4 32878
4 91962
2 12642
2 68756
2 31484
4 490
4 57790
2 836
2 44068
4 6400
4 28096
4 814
4 85540
4 30772
2 10712
4 38224
2 64526
4 33202
4 91504
2 84104
4 52954
2 47292
4 64636
2 26146
4 71508
4 75222
2 49658
4 94610
4 88194
2 39600
2 17142
2 17852
4 22644
4 6064
4 71332
2 74400
2 56092
2 29724
2 99554
2 57042
4 89074
2 65402
4 77670
4 9070
2 16958
4 51002
2 63422
2 77630
4 44074
4 73190
4 52334
4 63826
2 248
2 99150
4 10608
2 29560
4 3984
2 31236
2 50482
2 9172
2 49114
4 2256
4 67008
4 66030
4 27604
2 72342
2 91664
4 66794
4 24008
4 29866
2 63688
2 27660
2 2372
2 13504
2 74392
4 72978
4 56950
4 12358
2 26636
4 33390
4 46530
4 96518
2 40228
4 3790
4 92664
4 27852
2 64062
2 46974
4 85816
2 83498
2 33964
2 34662
4 2962
2 21702
4 83704
2 89424
4 28534
4 20042
2 62702
2 53186
4 5170
2 30218
4 75860
2 46858
4 17024
2 74984
2 86080
2 51476
4 10202
2 19976
4 80102
2 41640
2 22428
4 93404
2 74970
4 83084
4 81636
2 64436
4 32164
2 74270
4 84012
2 74690
4 22240
4 92232
4 46694
2 37196
2 45362
4 35720
4 83942
4 80346
2 49516
4 52708
4 66518
4 30568
4 17138
2 63866
2 67024
2 64850
4 96138
4 16920
2 44586
2 22866
4 57128
2 99204
2 97614
2 24422
2 78408
4 95830
2 21696
4 6838
4 52670
4 85846
2 56064
2 19740
2 21498
4 36048
4 27990
4 53382
4 60052
2 70832
2 32982
2 39566
4 70590
4 25234
4 41374
2 65580
4 88566
4 84766
4 29388
2 44470
4 53798
4 98686
2 81198
2 75234
2 96948
2 18790
2 31002
4 39746
4 80560
2 35630
2 21004
2 94990
4 96400
2 48494
2 68432
2 71546
4 14710
2 3618
2 93892
4 55044
2 57134
4 59164
4 95224
2 57358
2 67174
2 32736
2 13402
2 5382
4 64784
2 38958
2 53394
4 95026
2 48684
2 34936
4 79816
2 7818
2 45930
4 58916
4 68158
2 20356
4 54496
4 66466
4 30766
2 62146
2 49974
2 58878
4 59240
4 21370
2 74126
2 72860
2 81054
2 95924
2 70626
4 86472
4 41518
2 92846
4 14538
2 70108
4 51490
2 20694
2 63874
4 75818
4 51996
4 99700
4 16460
4 84206
2 94286
4 29484
2 45206
4 17132
4 7500
2 76912
2 79066
4 88560
2 97938
4 44682
4 44942
4 78446
4 65224
4 85386
2 5866
2 49844
4 94668
2 73564
4 31286
4 23618
2 40708
2 53890
4 13220
4 80156
4 52242
2 28234
4 22910
2 29694
4 36230
2 47008
2 41524
4 566
4 87300
2 16440
2 88180
4 89356
2 66036
4 28836
2 33186
4 8420
4 89004
4 894
4 90936
2 38262
4 14890
4 26432
4 42838
2 31920
2 26902
4 15452
4 72896
4 58758
4 47386
4 95114
2 98328
4 48608
4 47538
2 53368
4 39896
2 44844
4 67656
4 89010
4 35148
4 64346
4 39500
4 59252
4 30832
4 19754
2 78062
2 27982
4 46316
4 66166
2 68792
4 18256
2 75148
2 46706
2 24944
4 36684
2 17996
2 51106
4 57148
2 97760
2 72602
2 42278
4 12780
2 39408
4 24118
2 17944
2 78586
2 6708
2 97994
2 43106
4 1600
2 39732
2 17918
4 33010
2 96102
2 29410
4 69894
4 93614
2 1944
4 30812
4 98428
2 21830
2 17598
4 4952
4 82514
2 25314
4 87194
2 91934
4 3454
4 90464
2 42536
4 12274
4 59534
4 73466
4 91414
4 57930
4 59358
4 6566
4 78400
4 88726
4 69314
4 43130
4 64242
4 5012
2 6504
2 34216
2 93326
2 58244
4 22518
2 90780
2 88108
4 57708
2 28984
2 10338
4 50468
2 29982
2 68390
4 26306
2 89354
2 52134
4 53264
4 21578
2 31980
2 35968
2 48510
4 92736
2 8798
4 31108
2 76534
4 86078
2 74372
2 35438
4 750
4 27632
4 75256
4 74228
4 28772
2 30730
4 45310
2 90152
4 66326
2 39020
4 96614
4 30586
4 34638
2 57854
2 86546
2 51496
4 16106
4 56314
2 33762
4 98310
4 4520
2 41998
4 99384
4 92438
2 30336
2 96038
2 26268
4 48782
2 37944
2 14174
2 45406
2 5410
4 2866
2 19506
2 80754
4 77274
2 55704
2 20888
4 9386
2 65032
4 32044
2 94560
2 49560
4 21540
4 48734
4 20124
4 84172
4 61286
4 61064
2 26046
4 74970
4 67180
4 34746
4 79656
4 32364
4 38238
2 9796
2 38642
2 22114
4 52852
2 61436
4 39696
2 92618
2 79292
4 16530
4 42092
2 44148
4 42112
2 60130
4 30496
4 18644
4 31906
2 60712
2 57720
2 94144
2 2642
4 58480
4 7680
2 45608
2 51486
2 48604
4 54080
4 5838
4 18930
2 96404
4 7090
4 63536
4 54610
2 54742
4 74204
4 67394
2 99444
4 17712
2 77544
4 86076
4 55716
4 15476
4 19132
2 25006
4 23664
4 55162
2 75448
4 32158
4 18356
2 33888
2 94044
4 77856
4 10594
4 39630
4 91216
2 43948
2 86380
2 97276
2 11748
4 39486
4 17966
2 97734
2 64240
2 85890
4 8874
2 62092
2 93660
4 57404
4 84398
2 36842
4 79770
4 6320
2 11386
2 76370
4 37384
2 216
4 91462
4 77842
4 29682
2 4518
4 4834
2 3508
4 78590
4 24876
4 2436
2 34762
4 13258
4 10590
4 40052
4 61866
4 24970
4 98348
4 25752
2 88036
2 10182
4 33146
2 55772
2 94006
2 89558
2 52406
4 68098
4 65834
4 802
2 92320
2 40668
4 62942
2 58544
2 3720
2 7776
2 64894
4 27588
2 80828
2 51232
4 82258
4 66802
2 54954
2 93314
2 16540
2 43914
4 74062
2 79468
2 22104
4 25818
2 52286
2 27862
4 43534
4 8654
4 20958
4 82348
2 19614
2 75650
4 37308
4 74894
4 52690
4 95252
2 48816
4 23164
4 83626
4 32584
4 88034
2 34868
4 52814
4 1182
2 76586
2 34584
2 41288
2 35586
4 84120
2 89368
2 69970
4 12894
4 13288
2 59316
2 24010
2 20338
2 52178
2 95826
2 98304
4 93412
4 75644
2 23936
2 77500
2 94240
4 14694
2 18752
2 60198
2 17926
2 18026
4 77250
4 4658
4 7438
2 15916
4 19118
4 51692
2 31078
4 13674
2 83256
2 45264
4 18860
2 1608
4 48974
4 99576
2 97868
4 44282
4 98340
4 13342
4 12826
4 16856
2 36804
2 44702
4 9046
2 78894
2 12208
4 79290
4 42184
2 20772
4 49408
2 67012
4 32490
4 14546
4 5890
4 4338
2 89378
2 22602
2 75406
2 95060
2 50854
4 70370
4 16478
2 62820
4 54644
2 44890
2 71102
2 49950
4 93532
4 20538
4 96308
4 63398
2 75024
4 70880
2 34642
2 86744
4 32578
2 18818
4 36232
2 9822
2 34226
2 12258
4 58374
4 46900
4 39422
4 50238
2 29370
4 80414
2 3086
4 20264
2 18130
2 72024
2 36502
2 4800
2 3808
4 35810
4 62120
4 34156
4 43388
2 92668
4 72430
4 45340
4 66634
4 44478
4 19796
2 51822
4 87950
4 40238
4 87718
4 90800
2 50498
4 63966
4 68762
4 92126
4 85702
4 89796
4 30440
2 15228
2 636
2 16526
2 67400
2 87356
4 51936
4 79106
2 49288
4 99140
2 3286
2 98356
2 95212
4 14348
2 86146
4 76956
4 80392
4 32798
4 38248
2 24582
4 90874
2 1946
2 3040
4 20710
2 59506
4 65836
2 40436
2 8430
4 76726
4 43104
4 83298
2 17388
2 45762
4 18094
2 32504
4 30654
2 79486
4 57962
2 55604
2 20282
2 34446
2 89728
4 58048
4 1572
4 58928
2 82466
2 80078
2 77338
2 24926
2 62472
2 20924
4 65424
4 82150
2 12648
2 46902
4 96466
4 68942
2 53544
4 64182
4 93534
4 3480
2 44944
4 93410
2 63752
4 7152
2 15290
2 54258
2 46202
2 46378
4 21602
4 31766
2 30886
2 58686
4 28224
2 29742
4 43686
4 75340
4 79580
2 47662
2 2064
2 29124
2 26994
2 64618
4 23222
4 36706
4 50122
4 12912
2 76358
2 47048
4 19244
2 89824
4 92682
4 37490
4 55206
2 1076
2 48860
4 78878
2 52208
4 49284
2 29676
2 46108
4 33876
2 38974
4 90560
2 54532
2 66434
2 79262
2 58572
2 41854
4 51578
2 68108
2 43696
4 20874
4 96788
4 29066
2 31410
2 20506
4 25014
4 35516
2 12726
2 91836
2 76576
2 38162
2 99006
2 78170
2 444
2 44872
2 3268
4 70434
2 21460
2 98134
4 95474
4 39782
2 1272
2 57174
2 53898
4 78820
4 52160
2 33084
2 74604
4 12488
2 11246
4 29412
2 81192
4 7124
4 59346
2 31058
4 56762
2 83232
4 4120
4 91178
2 11150
4 95612
2 14644
4 64728
4 74908
2 36286
4 70316
2 65346
4 74206
4 66026
2 65582
4 86150
2 43014
4 33128
2 31080
4 8424
2 35736
4 92928
4 45604
2 47364
2 76334
2 93032
4 72758
4 20410
4 81960
4 46762
2 44724
2 87146
4 1998
4 90622
4 73736
2 47214
4 6000
4 84316
2 44712
2 32954
4 75944
4 42094
4 12094
4 63022
4 59452
4 79096
4 69494
4 79152
2 96630
4 27120
4 54396
4 80302
2 39366
4 85286
2 90508
4 48548
2 47986
2 66224
2 5436
4 13014
2 49592
4 24408
2 17994
4 26106
4 72866
2 85420
4 22012
4 79948
2 9990
2 63796
4 46340
2 40524
2 44228
2 50886
4 4544
2 66688
2 89832
2 26992
2 20664
4 82068
4 53294
4 16806
4 27980
2 95430
4 63100
4 56572
4 16580
2 72836
2 75750
4 61094
4 51496
4 82798
2 94258
4 97672
4 88498
4 81974
2 6030
4 12790
2 96260
4 69766
4 98554
4 62660
4 91878
2 25724
4 38544
4 61614
4 38990
4 41986
4 72772
2 71474
4 17514
2 73942
4 2928
2 20442
2 14682
4 454
4 48980
2 17234
4 59958
2 1210
2 21528
4 78814
4 3374
4 38058
2 82546
4 78576
2 37824
2 68900
4 75568
4 60546
2 81764
4 95976
4 47690
4 57466
2 52938
2 84676
4 67536
2 40606
2 60856
2 43146
4 85666
2 89362
2 55932
2 81904
2 46530
4 41444
4 83042
4 85560
2 13406
4 29918
2 31274
2 52556
4 80238
2 32724
4 59564
4 44236
4 86892
4 59190
2 81518
2 21944
2 68572
2 57622
2 87540
2 34278
4 7724
2 1206
2 91750
4 64432
4 46950
2 21280
4 38216
2 1670
2 33630
2 65790
2 39440
4 77998
4 77552
4 52320
2 52876
4 54052
2 24542
4 87814
2 80626
2 57472
4 87824
2 95164
4 60392
4 21208
2 87362
2 43518
2 25478
4 97974
2 92660
4 68540
4 69312
4 93164
2 93128
2 24956
2 64042
2 56676
2 59458
4 99378
4 67098
4 47878
2 84400
2 5056
4 72364
4 88106
2 94740
2 26968
2 68878
4 17678
4 77004
2 41438
2 64284
4 80694
2 13084
4 9816
4 7592
2 25848
4 33534
4 61206
2 4382
4 62130
2 57128
2 73154
2 51886
2 90644
2 79242
4 32
2 99942
4 37514
4 85574
4 86658
4 24918
4 4144
2 47602
4 50796
2 16692
2 99022
4 34444
2 14366
4 24530
4 99212
4 93126
4 29610
4 84402
2 7184
4 56672
2 32974
2 4700
4 87738
4 74072
2 24490
4 65364
2 56616
2 61154
4 77638
4 17500
2 2648
2 60704
2 94888
4 55870
2 7458
4 28412
2 2700
2 8750
4 92062
4 83988
4 80352
4 92820
4 29950
2 50978
2 28638
2 53852
4 98828
4 79776
2 49330
2 66182
4 42626
4 40716
4 59448
2 51278
2 39814
2 55036
2 27238
4 33898
2 15936
4 89722
2 13910
4 18996
4 43004
4 84272
2 84192
2 97892
2 61514
4 4864
4 73004
4 41086
4 16702
2 34366
2 88752
2 60118
4 73372
4 68476
2 44784
2 97342
4 94694
2 7844
4 77632
4 94564
4 56106
2 73960
2 89868
4 54256
2 83592
4 878
4 86396
2 2410
4 71288
4 17630
2 23352
2 76494
4 46994
2 95344
4 13470
2 4320
2 1234
4 27358
4 16992
4 21630
2 99548
2 18292
4 54406
4 54996
2 10510
4 11838
2 54094
2 19696
4 39140
4 95104
2 30912
4 54848
4 81300
4 96318
2 92586
2 7692
4 17438
2 20614
4 34772
4 95962
4 10948
4 55126
4 73562
4 89688
2 46634
4 57712
4 24046
4 95296
2 4326
2 13958
4 13110
2 34976
2 47254
4 29596
4 982
2 75820
2 51506
2 92868
4 16662
4 10504
4 85160
2 49094
4 42552
4 90038
2 79368
2 44484
2 66804
2 29178
4 50722
4 99974
2 64516
2 14632
4 84124
2 59260
2 48666
4 25012
4 58470
4 86204
2 74062
4 11394
4 49426
2 8332
4 72606
2 63738
4 30452
2 59632
4 56874
4 50556
2 81310
2 58902
4 75450
2 94844
2 69128
4 77774
4 47798
4 95974
2 33228
2 28378
4 24260
4 60760
4 24202
4 79752
2 60918
4 55932
2 58318
4 63556
2 14874
2 39916
2 2708
4 98368
2 438
4 47704
2 64060
2 18520
2 35016
2 33766
4 25790
4 5744
2 30412
4 824
4 15236
2 91630
2 56850
2 98726
4 83924
2 56012
2 13692
4 72436
4 34726
4 26782
4 19168
4 74632
2 63594
2 29116
4 20544
4 66242
4 95242
2 96360
2 81382
2 13242
2 37518
2 40504
4 51558
4 11820
2 71840
2 72576
2 54708
2 83886
4 85028
4 63992
2 13232
2 32036
2 17428
4 86288
4 76176
2 94640
4 18046
2 28310
4 49298
2 34266
2 21024
4 3136
2 32470
4 83604
2 18656
2 47876
2 90552
2 21518
4 98614
2 49686
4 94920
4 10654
2 36178
4 37444
4 63044
2 24516
4 31976
2 66990
2 27728
2 91182
4 46938
2 95654
2 80030
4 3358
4 27392
4 18344
2 47900
4 73988
2 55190
4 59984
4 29902
2 13122
4 1926
4 7340
4 31410
4 56186
4 13516
2 17748
4 78194
2 90874
2 44100
4 92416
4 26532
2 32268
4 97704
2 88972
2 4172
4 57468
2 74318
2 1338
4 98746
2 9730
2 60152
2 46958
2 17352
2 11568
2 15576
2 60576
4 35934
4 48622
2 86274
2 76322
2 50784
4 32340
4 2258
2 59004
2 83788
4 91120
2 24280
2 52958
4 87482
4 75032
4 83518
2 90072
4 57534
4 87270
2 10084
2 31032
4 42244
2 9858
4 27832
4 35040
2 23790
4 86120
2 39994
4 36012
4 31228
2 61344
2 76630
2 94266
2 7902
4 94912
4 90450
2 82716
2 81090
2 62208
4 33640
2 32548
2 45760
2 61972
4 57898
2 93460
2 87330
2 74002
2 7790
4 37002
4 24190
2 70792
2 15470
4 40208
2 13856
2 64108
2 70598
2 33738
2 82572
4 5680
4 26196
4 35280
2 87678
4 79904
4 69544
4 5944
4 74420
4 59426
4 84922
2 83556
4 28856
4 26862
4 2222
4 95178
4 11246
2 71178
4 4242
2 93668
2 39528
4 49522
2 18584
4 54692
4 91564
4 22148
4 25402
2 57122
4 24140
4 94730
4 29680
4 60320
4 66512
4 1514
4 19546
2 29780
2 25818
2 32230
4 98032
2 66216
4 38160
2 97226
2 66060
2 55386
4 22190
4 766
2 33326
4 47332
4 13488
4 52000
4 13660
4 62670
4 22246
2 21552
2 9646
2 31516
2 80874
4 40240
4 81904
4 94408
2 92680
2 59980
4 81174
2 33778
4 27296
2 79962
4 81980
4 57430
4 25594
4 33706
4 65624
4 38334
2 89880
4 34354
4 24646
4 99918
4 50424
4 28870
2 7388
2 34924
2 32576
2 85316
4 3286
2 54136
4 8390
4 87946
2 23584
2 45470
2 83126
2 1658
2 42870
2 52280
4 16028
2 1532
4 65948
4 99422
2 9740
2 61330
4 72082
2 10832
2 93150
4 63338
2 34256
4 22466
4 70664
2 34384
4 47742
2 29668
2 31504
4 84506
2 8316
2 1454
2 53900
4 63574
2 18708
4 46136
4 17606
2 23650
2 75480
2 10598
2 66484
2 12230
4 78756
4 61438
2 93294
2 72848
4 54168
2 64558
4 20418
4 71360
2 96918
2 45112
2 17840
4 31698
2 21300
4 75638
2 65504
2 29034
2 55886
2 1430
4 74502
4 92764
2 78020
4 98476
2 13622
2 43210
4 76774
2 37138
4 69860
2 23570
2 71380
2 94986
4 16442
2 52084
2 23742
2 45568
4 62832
2 1248
2 23348
2 71634
4 62036
4 6652
2 17296
4 50228
4 50408
2 73412
4 34596
4 47524
2 56906
2 17200
2 85696
4 4154
4 37482
2 61340
2 12618
4 50110
4 25032
4 80262
2 35884
4 17804
2 94666
2 18894
2 38408
2 53104
2 15898
2 93532
4 55138
4 98406
2 38630
4 69944
4 19984
2 95446
2 78636
4 46902
4 854
2 45096
2 61346
2 10558
4 70222
4 64430
4 51804
2 33538
4 12396
2 11980
2 18956
2 8846
2 71286
2 93048
4 60168
2 23210
2 42800
4 64594
2 24722
2 91208
4 9768
2 78370
4 34446
2 30774
4 66632
2 18158
2 67768
4 96842
2 73200
2 55314
4 75696
4 44140
2 10554
2 57640
2 57120
2 83268
4 16038
2 10508
4 95466
2 43054
4 23060
4 63570
2 70370
4 50196
4 22616
4 62838
2 55262
2 89528
2 73700
2 13576
2 78776
4 8798
4 88678
4 97870
2 12932
4 18702
2 81728
4 45158
4 73694
2 87152
4 3204
4 98910
2 91942
4 3584
2 55616
4 54236
2 36424
2 97280
4 98552
2 58078
4 6054
2 94724
4 3104
2 69848
4 72958
2 55078
2 37808
4 24022
2 63352
4 25206
2 19372
4 94284
4 98186
4 82534
4 86260
2 77386
2 45354
2 52268
2 78282
4 43978
2 92794
4 23094
2 81834
2 48568
4 36218
4 5668
2 92722
2 8848
4 41384
2 41508
2 86414
4 48478
2 83552
4 65704
4 70168
2 54478
2 60538
4 66934
4 98216
4 50316
4 14818
2 78012
4 74842
4 1484
2 41724
2 45012
4 14102
2 17932
2 28450
2 51260
4 46170
2 5350
2 76986
2 13774
4 45602
2 99410
2 61948
2 84282
2 16492
2 73182
2 75332
2 22542
2 18618
2 54680
4 86112
2 10228
4 82712
2 18084
2 25178
2 13568
4 89352
2 1118
4 59832
4 24302
2 40694
2 37452
4 36808
2 98914
4 18458
2 95276
4 17764
4 89754
4 85658
2 82280
2 61194
2 17348
4 72214
2 96346
2 8104
4 95346
4 68100
4 12276
2 90518
2 3284
4 2856
2 50170
4 99442
4 69436
2 13860
2 95178
4 170
4 85162
2 95698
4 15640
4 85662
2 54610
2 66210
2 42248
2 32988
4 90898
4 65600
2 21178
4 42700
2 42858
4 38226
4 50322
2 89666
2 61370
4 17262
2 7680
4 14906
4 33490
2 30678
2 29872
4 52732
4 80070
2 78756
2 65398
2 71216
2 19894
4 80068
4 96828
2 38768
4 73542
2 81314
4 20480
4 4922
4 41336
4 92970
2 43708
4 16448
4 33136
4 26960
4 40894
4 5262
2 66232
2 41102
4 3854
4 77744
4 88316
2 31552
4 76808
4 15650
4 12804
4 71822
4 6888
2 19920
2 86732
2 27614
2 86718
2 3846
4 32282
4 8016
2 29044
4 69126
4 60544
4 65586
4 62504
2 31480
4 85180
4 4118
2 51862
4 93792
4 21004
2 84262
4 39804
2 30762
2 80178
2 61618
4 45440
2 54774
4 18024
4 94706
4 50478
2 65034
4 69712
4 37128
4 70420
2 89928
4 81930
4 71000
4 71206
4 48272
4 11914
2 26290
2 98832
2 82214
2 38698
2 83264
4 81088
2 27742
4 15868
4 76088
2 9864
4 94538
4 9184
2 58772
4 71298
4 78398
2 19208
4 97386
2 31266
2 95396
2 95692
4 5140
4 45504
4 12902
2 12408
4 41182
4 19934
4 63500
4 19516
4 93076
4 45236
4 47464
2 52856
4 87584
4 32518
2 89776
2 72970
4 95204
2 72612
2 87590
4 36436
4 18718
2 94246
4 17326
4 93902
2 37492
4 40306
2 84716
4 34502
2 83084
4 41392
2 50496
4 90398
2 31116
4 50218
4 7092
2 16884
4 28256
4 29960
4 80588
2 34360
4 63306
2 39000
2 10944
2 21270
2 48716
4 83376
2 41992
4 94950
2 71586
4 27708
2 41094
2 48958
2 30406
2 30010
2 8368
4 67726
4 53924
4 85786
4 13312
2 52380
4 64890
2 34752
4 27562
4 67872
2 18768
2 42014
4 46166
4 26372
4 9988
2 31086
2 66636
4 39206
2 98964
2 62838
4 45716
2 3014
4 38636
4 84132
2 47552
2 39704
4 36520
2 85116
4 5574
2 5510
4 96848
4 56428
2 85628
4 75788
2 13612
2 57562
4 96618
2 76512
2 34192
4 56718
4 50044
2 13894
4 73884
4 24326
2 67554
2 46564
2 23164
2 46920
2 53276
4 10430
2 66904
4 32264
4 19662
4 64744
4 53008
2 29990
4 99554
4 69556
2 65756
2 50690
4 68952
4 5026
4 47420
2 38856
4 37642
4 1374
2 61990
4 94688
2 55132
2 78788
2 14308
4 2310
4 42540
4 75166
2 95152
4 9122
2 89170
2 73246
4 49310
2 71112
4 53006
2 37760
4 74968
2 29480
4 92986
2 81748
2 80620
4 60164
4 52730
2 18606
4 51556
2 18846
4 59696
2 45002
4 49792
4 73948
4 84092
2 55290
2 45008
4 16490
4 14916
2 27434
4 18772
4 43644
4 50036
4 46690
4 21984
2 35614
2 74684
4 61630
4 15842
2 23384
2 15982
4 21952
2 10850
2 51676
2 30486
4 77660
4 50452
4 96704
4 7864
2 24180
2 70040
4 60514
2 30492
4 65432
4 53414
2 30248
2 88306
4 40732
2 74242
4 19850
4 93166
2 46222
4 35068
2 11810
4 19030
4 19638
4 20950
4 59636
2 26926
4 68734
2 25414
2 19310
2 48508
2 93394
2 81934
4 35036
2 32116
4 63754
2 42978
2 20560
4 26084
2 7070
2 92178
2 51972
2 62578
4 41180
2 28964
4 24174
4 47684
4 85968
2 60734
2 19050
4 77554
4 90548
4 65330
4 10036
2 91468
4 8908
4 37884
2 43944
4 14814
4 54822
2 88070
2 45324
2 85182
2 27888
4 77006
2 72386
2 62552
4 84752
4 46534
2 31974
4 47146
4 68220
4 41608
2 30850
2 63854
2 34828
4 87750
4 42622
4 9888
2 44322
4 61396
4 51158
2 89646
2 61904
4 19290
4 74826
2 23942
4 91580
4 64514
4 77100
4 30046
2 47906
4 94756
2 80562
4 62886
4 27940
4 68782
2 78430
4 60766
2 23628
2 88566
2 70810
4 97594
2 83354
2 18490
2 36740
4 4378
4 14950
4 35124
2 10620
2 91110
4 65366
2 59480
4 29222
2 37164
4 92712
2 49096
2 67622
2 93432
4 2040
2 66606
2 10230
4 49892
4 71912
2 38172
2 88086
4 5996
4 73172
2 34114
2 79746
4 43794
4 50534
2 43568
4 38716
2 2802
2 49564
4 13454
2 42406
2 72814
2 77094
4 93712
2 71632
4 86756
4 55094
4 65814
2 71392
4 42644
2 13720
4 78698
4 55482
4 61504
2 8328
4 91966
4 25136
2 41512
2 39446
4 72114
4 64544
2 33304
4 9982
2 71916
4 5206
2 78606
4 39032
4 68408
2 84742
4 30302
2 34816
2 12826
4 64106
2 3574
4 70504
4 34678
2 62520
4 96026
2 24134
4 75262
2 46026
2 73334
4 36260
4 33840
2 28940
4 34116
4 48016
2 79598
4 57626
4 91294
2 61072
2 39952
4 83120
2 45072
4 54228
2 68134
4 75342
4 72406
2 79732
4 2158
4 53270
4 27796
4 4792
4 83856
2 29436
4 7756
4 4292
4 46426
4 20628
4 3594
2 94652
4 80478
2 95542
2 23690
4 50022
2 16950
2 29584
4 90816
2 25714
2 77152
4 48000
2 79810
2 76724
2 90634
2 64886
4 94774
2 66584
4 29098
4 77616
4 52432
4 93554
4 82954
2 88340
4 67112
2 90270
4 53622
4 38062
4 31974
4 52038
4 67606
4 21180
4 41026
4 5212
2 6012
4 60240
4 53516
4 30838
2 35380
4 27164
4 10678
2 97924
2 10938
2 51722
4 83336
4 28068
2 47896
4 91994
2 18338
2 71760
2 41946
2 64632
2 93732
4 83596
4 68800
2 86438
4 62792
2 34044
4 23344
4 15166
2 64944
2 75552
4 39070
4 68874
4 124
4 70274
2 19530
2 7522
2 86706
4 99984
2 53822
4 3408
2 54152
4 65176
4 25960
4 25290
2 2308
4 23316
4 83220
4 73544
2 59932
4 80930
2 46588
2 35684
2 56040
2 34262
2 626
4 34904
4 42704
4 5762
2 49938
2 73622
4 11250
2 46950
2 63362
4 42716
4 40870
2 92548
4 77850
2 91912
4 36636
2 86516
2 90538
2 47150
2 81170
4 77948
4 68906
2 28568
4 14148
4 2190
2 27028
2 56420
2 16528
4 56778
4 7532
4 73622
4 17956
2 86770
4 47264
2 64356
2 37616
4 46884
4 88162
2 25028
4 36888
2 37266
2 40494
4 82474
2 60088
2 60882
2 14214
2 59120
2 11874
2 83220
2 73590
4 12898
4 32934
4 87304
4 99178
2 72714
4 9054
2 91708
4 84026
4 56594
2 98942
4 75756
4 88144
2 53670
4 77464
2 67732
4 17042
4 59878
4 83076
4 67364
2 11696
2 31856
4 29374
2 26312
2 1832
2 50718
2 67932
2 26888
2 8294
4 15588
4 82644
4 24860
4 85110
4 76614
4 80852
4 32252
4 31826
4 17994
4 29712
2 36810
2 17580
2 65796
2 33744
4 69412
4 18336
2 90318
4 69446
2 35842
4 56478
2 78550
4 58818
4 53904
2 17846
2 17516
2 78714
2 21060
2 96146
4 2356
2 49272
4 77910
4 9496
4 22902
4 17896
4 36114
4 81978
4 68712
2 33706
2 42420
4 67090
4 37352
4 51892
4 36868
4 97008
2 64352
4 77678
4 45050
4 16248
2 60520
2 19678
2 41472
4 21456
2 94578
2 60236
4 61400
2 48206
2 2338
2 66336
4 8130
4 9078
2 188
2 60404
2 3224
4 76130
2 43272
4 4514
2 75196
4 51408
2 13968
2 83578
4 62994
4 76600
2 28216
2 85434
2 47724
2 258
4 6548
4 82814
2 73970
2 43096
2 85704
2 46718
4 98496
2 65554
4 90680
2 85370
2 7994
2 82548
2 38334
2 89158
4 71668
4 1536
4 47554
4 5710
4 72528
2 69150
4 11660
2 68352
4 94776
4 75658
2 32866
2 9374
4 65578
4 47190
2 36932
2 16504
2 68484
4 83258
2 33446
2 48990
2 88910
4 58022
2 14368
4 17274
4 8386
2 74936
4 61736
4 27970
4 1884
4 84884
4 47114
4 3118
2 76952
4 3882
2 79018
4 86298
2 394
4 70662
2 24264
2 90690
2 750
4 85490
4 31878
4 78824
2 89464
2 78924
4 84194
2 47756
2 3686
4 70992
4 77442
2 15468
2 88640
4 87348
2 50930
2 60378
4 89170
4 99320
4 68990
4 37694
4 81132
4 24618
2 5794
4 13086
2 11178
4 45938
4 5474
4 57288
2 30548
4 7010
2 15394
2 84650
2 24874
4 35442
4 29724
4 51860
2 86912
2 3362
2 2624
4 57586
4 24816
4 27018
4 40214
2 16036
2 42930
2 9984
2 30752
4 6734
4 44416
4 31198
2 49734
2 42020
2 34286
2 79204
2 2070
2 55614
4 16102
2 4888
2 20374
4 35524
4 37802
4 81352
2 12526
4 50254
4 44946
4 90330
2 72350
2 60694
4 98400
4 91128
2 64588
2 1462
2 25430
2 87802
2 77004
2 97010
2 92654
2 7992
4 12904
4 83244
2 66906
2 63710
4 2548
2 92742
4 34128
4 14896
2 95920
4 15100
2 75442
2 67324
2 54244
2 24852
2 13016
2 88846
2 76684
4 94410
4 56890
2 96548
2 71034
2 46982
2 19032
4 82216
2 43498
4 14574
2 80644
4 56650
2 39146
4 73662
2 83462
4 2004
4 82240
4 77104
4 7430
2 27080
2 57732
4 79536
2 76616
4 12824
2 38346
4 26456
2 46072
4 29928
2 83200
2 54064
2 91900
2 14882
4 14408
4 44428
2 92180
4 57854
2 65226
4 39528
4 65456
4 4288
4 91760
4 90978
4 82330
4 47244
4 39036
4 71596
4 23932
4 64190
4 46310
2 75896
2 58512
4 94140
2 11152
2 2464
4 25224
4 80168
4 28746
4 27670
4 3166
4 27910
4 85054
2 48372
2 68826
4 38174
4 89638
4 41556
4 79572
4 47060
2 32182
4 95584
4 56470
2 33554
2 54960
2 66540
4 54322
2 4260
2 30750
2 8234
2 25238
4 95602
2 44036
4 93398
2 95540
4 54958
4 59066
4 30582
4 43262
4 24784
2 8372
2 66446
4 85050
2 79272
2 75216
4 88240
4 68214
2 70092
2 83568
4 99174
2 29514
4 98046
4 77000
4 12772
2 1758
2 60040
2 5764
2 61654
4 29460
4 55796
2 74634
4 94270
2 3924
2 73620
2 10698
2 59372
2 60360
4 83260
4 50226
2 680
2 41830
4 71818
4 9418
2 74248
2 37376
4 60494
2 41144
2 25596
4 96864
2 92420
2 98658
2 42166
2 69344
2 72476
4 10574
4 29012
4 26656
2 37078
2 90292
2 40952
2 98176
4 25156
2 54314
2 51574
4 46006
2 13300
4 15022
2 50624
4 51372
4 962
4 74596
2 53994
4 56138
2 48890
4 49914
2 91628
4 8046
4 91490
2 30232
4 86310
2 41334
2 59454
4 34774
4 27700
2 94156
2 52152
4 49688
4 87374
4 84478
2 10168
4 57386
2 11640
4 31558
4 53304
4 97292
4 27004
2 57878
4 58202
2 3020
2 9370
4 54316
2 32296
2 67322
4 98446
4 476
4 50594
4 12474
2 77682
4 83904
4 51502
2 89652
4 43372
4 20680
2 88002
4 35194
2 93802
2 97514
2 62966
2 98078
4 60672
2 26174
2 44026
2 51920
4 95490
2 75342
2 22084
2 82414
2 97454
4 98504
4 89916
2 16706
4 5846
2 9706
2 57046
2 7882
2 60358
4 33966
4 88118
4 37006
4 49244
2 3762
2 82470
2 28178
4 55276
2 4920
2 36896
4 18212
2 19978
2 41918
2 92994
4 5510
4 23204
2 14102
2 2242
4 21606
2 11418
4 94524
2 56474
2 9106
2 96232
4 79496
2 20082
2 226
4 81808
2 34932
4 50376
4 11182
4 10662
2 75950
2 60952
4 8316
4 56310
4 16172
2 55828
2 2404
2 54722
2 76140
2 44276
4 9298
2 11482
2 6180
4 37056
2 39212
4 73738
2 1796
4 65610
2 51378
4 92110
4 40138
4 12576
4 80614
2 44808
2 32714
4 22592
4 13494
2 21718
2 39410
2 26042
4 63262
2 19206
4 87986
4 99824
4 85184
4 12626
2 16490
2 97768
2 49494
2 50192
4 12526
4 19668
4 69000
4 82826
4 39364
4 16926
4 93776
4 52198
2 66880
2 35270
2 85572
4 23900
2 3312
4 51438
2 84260
4 27380
2 95808
4 43540
4 10346
2 11860
2 78468
2 70030
4 52612
2 50250
4 31854
2 87464
2 33974
2 87088
2 20658
4 87730
2 98322
2 71798
2 21412
2 61180
4 56738
4 93366
2 18764
4 36396
2 29068
4 91464
4 89864
2 15246
2 95002
4 32864
2 11506
2 7336
2 86000
2 62450
2 47956
4 2546
4 98008
4 72616
4 24850
2 45524
2 52764
4 23930
4 83486
4 96
4 1652
2 23282
4 58680
2 95662
2 73442
2 5398
2 26682
2 52062
2 48134
2 7170
4 79884
2 24748
4 73214
2 62684
2 23744
2 69664
2 62276
2 50104
2 97042
2 64180
4 45874
2 50074
2 35648
4 46084
4 7128
2 55344
2 90914
2 82136
2 1070
4 51220
4 55002
2 82140
4 59894
4 55724
4 12490
4 59048
4 44002
4 85350
2 854
2 59562
4 97602
4 21270
4 6438
2 81046
2 27098
4 86038
2 89310
4 44192
4 80830
2 44232
4 96638
4 38504
4 22130
2 88290
4 98514
2 13684
2 51632
4 32610
4 34556
4 91410
2 43530
2 51356
4 8568
4 81004
4 32500
2 76826
2 55580
4 96766
2 90638
4 55442
2 44502
2 50276
4 48464
2 43188
4 30642
2 55000
2 73742
4 7506
2 60718
4 97866
4 31362
2 81152
2 24288
4 99788
2 98810
4 56292
2 16760
2 89092
2 43362
2 31224
4 8156
4 20382
2 36676
2 31790
2 74306
4 18404
4 94844
4 96656
4 45956
4 80564
2 42436
2 99884
2 28546
4 26316
4 69258
2 63820
4 12552
2 40064
4 81676
4 49162
4 89034
4 1260
2 81386
2 72900
4 24968
2 70130
2 39284
2 84542
4 42514
4 22746
2 74726
2 44422
2 80028
2 69122
4 40448
2 3122
2 29154
2 8108
2 67552
4 78038
4 87756
2 55294
4 37972
2 68960
2 49826
2 90040
4 71740
2 86210
4 15460
4 31096
2 36630
4 44638
2 65980
2 73844
2 1578
4 91218
2 93578
4 15536
2 90160
4 34362
2 81732
4 55358
4 31360
2 77312
2 24538
4 16204
2 52458
4 99892
2 21022
2 39280
2 12920
2 45594
4 6860
4 55150
2 2892
2 29020
4 20466
4 69716
4 60754
4 26856
4 52464
4 5674
4 67744
2 35712
2 5150
4 32366
4 88496
4 88704
2 51326
4 13812
2 96994
4 17914
4 94692
2 29130
4 32258
2 64378
4 20240
2 70888
2 93298
2 55770
2 51946
2 47922
4 11464
2 77898
4 20342
4 68372
2 54438
4 38808
4 44190
4 42530
2 93088
2 352
2 58532
2 53396
2 85614
2 26726
4 93322
4 48188
2 20004
2 86144
4 74392
2 59628
2 42774
2 4070
2 87764
2 14878
4 71346
4 76772
4 84280
4 46428
2 45028
2 73748
2 14360
4 97496
4 4910
4 42820
2 81740
4 11956
4 35926
2 15690
2 54596
2 83878
4 15052
4 37608
2 95498
4 50204
4 14340
2 6556
4 85638
2 30084
2 93390
2 61686
4 97156
2 14294
2 76828
4 1794
2 74198
4 64138
4 47150
4 93560
4 34240
2 60068
4 54420
2 26680
2 74946
4 67960
2 18064
4 92168
4 96578
2 79276
2 32498
2 5582
2 98398
4 44590
4 10960
4 91750
4 58912
4 89264
4 75168
2 6172
2 31698
2 93266
4 46952
2 27624
4 42906
4 13892
4 17402
4 15956
2 7726
2 10854
4 6994
2 87260
2 65804
2 48366
4 98086
2 50390
2 35948
4 83642
4 64808
4 10206
2 27268
4 92128
2 77054
4 61766
2 36520
4 86250
2 36026
2 79976
4 1584
2 34888
2 72134
4 41946
4 55534
4 40244
2 62190
2 68512
2 81848
4 7144
2 67112
2 10946
2 66288
4 71890
4 75530
2 6814
4 32568
4 60568
4 2812
4 6550
2 34668
2 95270
2 59612
4 35744
2 12084
4 80304
4 80700
2 8590
2 80618
2 59122
4 20922
2 17572
2 68212
4 71542
2 8526
2 79024
2 15760
4 71624
4 42222
2 68300
4 58432
4 45422
2 83990
4 96168
4 88912
2 31592
4 72392
2 36936
4 57970
4 70638
2 66552
4 63454
4 26390
2 76454
4 89222
2 56826
4 49382
4 5468
2 40458
4 16066
2 59574
2 90728
4 62208
4 98662
4 34874
2 25696
2 79234
2 62618
2 39286
2 58116
4 96522
4 58162
4 93146
4 85464
2 34290
4 71292
4 94658
2 70356
2 50714
4 83600
2 14518
2 35456
4 92436
4 43696
2 12792
2 1592
4 22138
2 91702
2 20088
4 72330
2 79882
4 15314
2 34994
4 81436
2 5728
4 7848
2 19232
4 67746
4 83456
4 53074
2 926
4 33108
4 36750
4 33570
4 27338
4 21598
4 1460
4 83912
2 87364
2 32976
4 33516
2 97204
2 82464
2 54504
4 67122
2 35536
2 9140
2 25984
4 52392
4 4984
2 42482
4 73468
4 40174
2 52330
2 76686
4 21490
4 33712
2 68570
4 99562
4 74070
4 23144
2 87172
4 21698
4 74472
4 84448
2 19508
2 91982
4 53572
4 9494
4 91344
4 2292
2 58658
4 74258
2 23120
4 52272
2 36650
4 22086
4 16132
2 29896
2 50764
4 13552
2 51658
4 30728
2 95904
2 61958
4 14788
2 13688
4 63880
2 90640
4 356
4 94736
2 4828
4 82636
4 67252
2 72168
4 44816
2 48698
2 1888
4 15628
4 13374
2 40032
2 57070
4 18752
4 18940
2 39808
4 47288
2 85632
2 93720
4 84654
2 74682
2 45086
2 57850
4 72522
4 10198
4 5580
2 81150
4 63460
2 90400
4 61560
4 48870
4 82842
2 4416
4 8718
2 31536
4 57524
2 65436
2 12044
4 50068
2 6550
2 44300
4 76524
4 30490
2 56578
2 16622
4 44368
4 86362
4 98956
2 4528
4 26492
2 81176
2 66948
2 63494
2 24570
2 99174
4 93056
2 54230
2 42190
4 57032
4 44500
2 94054
2 33502
4 23272
4 33758
2 80184
4 8268
4 24998
2 9620
2 88524
2 86292
2 92036
4 19050
2 76786
4 83862
4 52964
2 30240
2 72588
4 94116
2 70190
2 83286
2 98412
4 9166
4 88122
2 37554
4 48610
4 46632
4 210
4 30212
4 3014
2 69096
2 59182
4 65386
2 11002
4 25840
4 50106
2 70950
2 55108
2 69856
4 94478
4 44022
4 8302
2 11768
4 43832
2 9234
2 9092
4 58044
4 71266
4 6636
4 73798
4 81906
4 58552
2 24426
4 1646
2 5114
2 86236
4 68976
4 67890
4 59122
2 67442
4 15792
2 98480
2 96162
2 33984
4 87512
4 10076
2 29804
4 72672
2 27782
2 84786
4 38928
2 12070
4 33062
4 1094
4 96790
2 44976
2 32352
2 38784
2 74852
4 39418
2 76046
4 10560
4 99144
2 55760
4 77204
2 35274
4 70286
4 92250
2 50970
2 5508
2 37000
2 62746
2 89430
4 39742
2 48222
2 19210
2 16392
2 12164
2 22546
4 88098
2 71344
2 20928
4 28296
2 85014
4 73582
4 14640
4 10702
4 11566
4 93980
2 12066
4 12706
2 41714
2 55672
2 37394
4 47612
2 32748
4 51012
4 1380
2 17166
2 80914
2 9418
4 10416
2 27002
4 72094
2 494
2 90646
4 8876
4 17636
2 76212
2 14378
2 45860
4 8122
4 77784
2 44382
2 76674
2 47948
4 90658
2 95586
2 29510
4 60696
4 98870
4 22886
4 47404
2 10282
2 10456
2 37738
4 97800
2 6356
4 64800
4 59586
4 88198
2 3270
2 19926
2 62812
4 79036
4 79480
4 50522
2 59586
2 36052
2 84078
4 53506
2 71370
4 90752
4 81086
4 30924
4 82028
2 94242
2 80252
4 46116
4 2338
2 95930
4 49112
4 20646
2 69526
4 49506
2 71880
4 77440
2 48044
4 65994
2 97382
4 94818
2 23274
4 95746
4 44792
4 45398
2 88056
4 58896
4 35060
2 63982
4 97728
4 13538
2 2466
4 96286
4 99670
2 10948
2 124
2 9096
2 93956
2 4328
2 76990
2 21600
4 82422
4 33688
4 64662
2 26590
2 45828
4 2332
4 34036
4 82608
4 1722
4 40102
4 11746
4 58700
2 22218
2 91124
2 5052
2 71786
4 28270
2 12774
4 38106
4 67350
4 42686
2 17346
2 37186
4 64730
2 5370
2 38356
2 99760
2 48446
4 15032
2 49570
4 26066
2 62220
4 33660
2 97690
4 64128
2 99124
4 38648
4 93418
4 81878
2 87538
2 66132
4 44372
2 23506
2 58422
4 80112
2 88932
2 51240
4 74892
2 82356
4 41480
2 98352
2 6116
2 95320
2 80100
4 34210
2 91414
4 14058
2 11924
4 53728
4 52128
2 13468
4 65824
2 85776
4 91850
4 23050
4 19124
4 28478
2 82718
2 63048
2 48000
2 87312
2 3850
4 95096
2 46576
4 13890
2 12958
4 5990
2 87292
2 28792
2 56278
4 55152
4 93744
4 87198
4 93522
4 98026
2 96860
2 92270
2 21798
2 46996
4 86624
4 26870
4 24122
4 62936
2 49248
4 34914
2 806
4 80008
4 5482
4 44838
2 4332
4 46088
2 3210
4 75066
2 17898
4 40834
2 67462
2 23754
4 25128
2 29112
4 75436
4 53166
4 37520
2 6294
4 12938
2 22500
2 77930
2 17216
4 99048
2 1022
4 81522
2 2948
4 31988
4 98536
2 94806
4 83238
4 67004
4 37222
4 71144
4 98596
2 64070
2 22686
4 43986
2 28906
2 18332
2 69044
4 27538
2 56386
4 67050
2 32910
4 50194
4 67058
4 91348
4 38772
2 87366
2 41188
4 23600
4 10830
4 12542
4 17774
4 6276
4 32496
2 3590
4 64624
4 31524
4 41158
4 90776
4 31540
4 31454
4 59754
2 52070
2 60682
2 49316
4 25070
2 61848
2 4772
2 76002
2 66250
2 52206
2 15442
4 95416
2 51078
2 1100
2 74488
2 62030
2 63504
2 64742
4 31746
4 36650
2 90134
4 39044
4 96402
2 6486
4 5924
2 81630
2 68820
2 26096
2 578
4 48484
4 23872
2 16390
4 18122
2 88272
2 35672
4 73312
4 942
4 32384
2 36692
4 978
2 34276
2 54082
2 52630
4 78268
2 20070
4 89892
4 95482
2 76664
4 52868
2 20866
2 46442
2 88394
2 54748
2 53824
2 43588
4 60274
2 8394
2 210
4 35798
4 88962
2 15564
2 20344
4 30658
2 28328
4 52710
4 59322
4 32394
4 67032
4 79252
4 31760
4 15918
4 29970
2 10966
4 53280
2 95516
2 86908
4 6454
2 33312
4 95232
2 78078
4 86542
4 42410
4 30692
4 44564
4 71100
2 59294
4 2836
2 93824
2 36732
2 73364
4 91822
2 21294
2 11686
2 22128
2 27920
2 28618
4 85516
2 77986
2 97074
4 59594
4 80642
2 50972
2 89000
4 82694
2 96004
2 85854
2 76374
2 74274
2 85546
2 53248
2 32272
4 50326
4 43316
2 37496
2 49284
4 88230
4 2880
2 96252
2 71804
2 1282
4 25300
4 66344
2 84140
4 25614
2 66918
4 31578
2 88316
2 31738
2 45228
4 41142
4 55280
4 25930
4 62840
4 38794
2 19064
4 50926
4 66574
4 92604
2 42538
4 93240
4 49590
2 35878
2 98168
4 25312
4 92698
2 58108
2 23870
2 89172
2 20458
2 17716
4 57512
2 71142
4 9120
4 39090
2 61166
2 9636
2 70652
4 14980
2 69516
2 26826
2 74378
2 77182
2 87944
2 17208
4 32950
2 92664
2 39250
4 10034
4 11360
4 94952
4 90974
4 17656
4 45978
4 34922
2 29886
2 2670
4 45132
4 74224
4 11994
4 89422
4 13904
4 62822
4 30822
2 35692
2 39586
2 9602
2 15746
2 74278
4 66058
2 31530
2 9468
4 35976
2 21828
2 71022
2 27726
2 51716
2 36926
4 64658
4 71598
4 80484
4 79670
4 50324
2 23486
2 10384
4 56030
2 34730
2 63558
2 44858
4 34790
2 14340
4 19852
4 93336
2 46320
4 36160
2 70884
2 38428
4 34902
2 83656
4 53344
4 90448
2 95866
4 77048
2 6464
4 65280
2 90486
4 69550
4 1036
2 10138
4 32706
4 96374
2 19520
2 99158
4 3370
2 64386
2 94748
4 23522
4 79928
4 95858
4 81158
2 58144
2 30546
4 8468
4 30160
4 79220
2 10098
2 10582
4 16420
2 51998
4 31244
2 56768
4 88900
2 59784
2 84200
2 13724
4 32580
4 8964
2 62594
4 22238
2 88032
2 96758
4 69526
4 19870
4 64292
4 58866
2 8686
2 24528
2 12604
2 53830
2 6590
4 20852
4 46646
4 68704
2 42380
2 75248
4 85146
2 33574
4 84558
2 24276
4 1030
2 30634
2 17308
2 81172
2 14142
4 68434
4 25488
2 10532
2 46274
2 86322
4 22620
2 80522
2 76524
4 67948
4 25864
2 46000
4 46770
2 98196
2 70338
2 52190
4 71138
4 8878
2 72318
2 51388
4 32430
4 87420
4 26640
2 74472
4 84352
2 65460
2 11216
4 39166
4 93628
4 41168
2 76976
4 32802
4 30680
2 46306
2 50646
2 22762
2 66106
4 34062
2 84614
4 77398
2 76278
4 7936
4 42088
4 55884
2 42146
2 92458
4 16372
2 18100
4 53412
4 24086
2 60122
4 64012
4 18988
4 62378
2 83346
2 49764
4 14326
4 38444
4 91304
4 36228
2 98632
2 14280
4 95622
4 42458
4 17522
2 10188
2 2416
4 53712
4 80906
2 41442
2 95528
2 70708
4 59656
2 18702
4 23752
4 56722
2 47994
2 39222
4 49126
2 38968
4 5878
4 9036
2 44088
4 97120
4 5252
2 15540
2 65578
2 60860
4 84666
4 92538
4 52164
4 23584
4 37990
4 8684
2 35286
2 81284
4 29526
4 16238
2 95336
4 83090
4 92484
4 4038
4 59130
2 15692
4 66684
2 84644
2 47964
4 83702
4 86842
2 61588
2 1892
2 96114
4 23974
2 33874
2 51980
2 2184
4 10920
4 90674
4 67824
4 92014
4 87960
2 36754
2 1876
4 45948
2 85550
4 63016
4 22528
4 43142
2 33244
2 51248
2 65076
4 72890
2 23556
4 77436
4 17536
4 17394
2 33350
2 87524
4 36248
2 52042
2 45422
2 33452
4 96404
2 92516
2 86682
2 73618
4 2718
4 39132
4 94418
2 73706
4 9072
4 15356
2 81602
2 45356
4 93698
2 5044
4 11284
2 48354
4 13112
4 90446
2 18960
2 28812
2 11576
2 68814
4 78300
2 95988
2 70862
4 83954
4 71674
4 22070
2 34054
2 90478
4 33064
4 75550
4 16678
2 13472
4 89030
4 53396
2 3740
2 16356
2 87744
4 97932
4 36950
2 96864
4 28142
4 85608
2 34718
4 36212
2 31808
4 38816
2 82924
2 2320
2 49320
2 19562
4 39120
4 29360
2 99414
4 87306
2 41264
2 68646
4 1032
2 36868
4 47200
2 74532
4 65232
4 38008
2 40534
2 53878
2 99792
4 44232
2 52950
4 56440
4 94976
2 3678
2 82688
4 48476
2 16092
2 87808
2 31838
2 33066
2 83476
4 58784
4 2690
4 14178
4 77612
2 1678
4 4312
4 26904
4 5258
2 63266
4 80592
4 28026
4 28122
4 89954
2 76346
2 67722
2 59190
4 15900
4 56866
4 72980
4 85158
2 24086
2 72212
4 36182
2 66240
2 80470
2 78804
2 76058
2 12586
2 40410
4 31204
2 50654
4 87442
2 99528
4 46680
4 61466
4 67210
4 46184
2 24480
4 17002
4 72940
4 41376
4 41412
4 74382
2 57974
2 23762
2 9214
2 10466
4 54964
2 770
4 94486
4 33864
2 74108
4 84288
4 81146
2 89068
4 91812
4 39796
2 2000
2 7954
4 98434
4 58710
2 43224
2 39498
4 8994
2 55302
4 63412
4 26644
4 72016
4 18632
4 74880
2 36094
4 72764
2 80714
2 75186
4 61268
4 96208
2 60264
2 18314
4 58868
2 66008
2 32924
2 14380
4 19400
2 16660
4 27676
2 65162
2 9084
2 76208
2 28204
4 31200
4 55940
4 88448
4 31358
2 72048
2 42228
2 52388
2 53648
2 28946
4 74808
2 16412
2 37864
2 10846
4 6370
2 84704
2 48720
4 96906
2 8864
4 29022
2 52590
2 17192
4 46878
2 72592
2 53026
2 7180
4 57794
4 61172
2 15270
2 80478
4 20022
2 41954
4 62590
4 52270
4 32374
4 71308
2 88458
2 65858
4 56896
4 17578
4 34476
4 70844
2 20010
2 58158
2 9390
2 94672
2 99852
4 22666
2 79994
2 97728
4 5982
4 27912
2 75504
4 76136
2 78004
4 36948
2 75402
4 29308
4 21768
4 32402
4 86214
2 86980
4 34328
2 57866
2 2292
2 46346
4 40180
2 72278
4 42914
4 49432
2 68682
2 28550
4 58460
2 99026
2 15590
2 85944
4 90184
2 69366
2 12368
2 88428
2 9498
4 21024
2 18976
4 99572
2 39856
4 16382
4 83510
2 3208
2 52026
2 156
2 79936
4 12930
2 29650
4 91362
4 37454
4 87528
4 41456
4 67462
2 34740
4 51206
4 26152
4 79500
4 45438
2 14516
4 71528
2 24324
2 14224
2 79142
2 98482
4 55386
4 49772
2 65338
2 12490
2 41734
4 40456
2 74622
4 64392
4 20934
2 14596
2 15980
4 18396
2 88772
2 62588
4 25400
4 46856
4 33314
2 44764
2 85748
4 4216
4 60434
4 85734
4 96562
4 29002
4 20644
2 69192
2 27236
4 20286
2 83732
4 80072
2 83750
4 98468
4 32182
2 84946
4 38776
4 39068
4 14432
2 64130
4 30348
4 36336
2 40362
2 24598
4 58544
4 3666
4 91938
4 12922
2 24468
4 39852
4 38256
4 3886
2 9028
4 25962
2 94268
4 2216
2 97254
4 75452
4 6764
2 12334
4 26338
4 67346
2 53536
4 34688
2 26386
2 79782
4 15954
4 32958
4 78846
2 76282
2 36982
2 90680
4 49306
2 12706
4 53478
2 41044
4 41212
2 64554
4 31736
4 11344
2 88248
4 58492
2 79870
2 58528
4 63274
2 74226
4 26984
2 28776
4 47636
2 90532
4 81254
4 46416
4 87802
4 67994
2 94726
4 83548
4 23536
2 63496
2 11606
4 70122
4 88000
4 94944
4 65552
2 48556
2 84300
4 15362
4 46512
4 52428
2 78906
2 31576
4 65272
2 48076
2 27420
4 18054
2 33506
2 47016
4 56730
2 28274
4 55562
2 68474
2 29374
4 76430
2 63102
4 91096
4 28320
4 290
2 88562
4 55834
4 24352
2 32318
4 27052
4 57906
4 76160
4 92954
4 6396
4 15248
2 87890
4 83644
4 75978
2 61738
2 59352
4 89146
4 66450
4 78854
2 99398
4 43566
4 34092
2 8614
4 24936
2 10104
4 66292
4 74906
2 3626
4 71556
2 72598
4 4916
2 53776
4 81902
4 17960
4 33276
2 55402
4 87022
4 32940
2 34712
2 89768
4 99822
2 86680
4 8406
4 59440
4 52692
4 87880
2 23966
4 32126
4 89556
4 49738
4 72594
4 54636
2 42796
2 20838
2 33310
2 77924
4 36154
2 30656
4 30518
2 74072
4 58010
4 51550
2 89384
2 86946
4 21386
2 70258
2 64782
2 59430
2 43738
2 74564
4 49550
4 4082
4 51776
2 41884
2 60612
4 22838
4 60476
4 44586
2 35154
2 42756
4 7154
4 94162
2 24232
4 26636
2 30942
2 62706
2 90260
2 41952
2 42488
4 46682
2 6222
2 58286
4 60218
4 76878
2 63204
2 52296
2 16262
2 35496
2 67984
4 68716
2 90598
4 94986
2 96872
4 62588
2 31180
4 16124
2 96236
4 4054
2 68590
4 16122
2 46518
2 22270
4 22144
2 53946
4 22506
2 18644
4 69684
4 21434
4 51866
4 54292
2 86062
4 24234
2 57688
4 32086
4 14998
4 98964
2 15882
4 30158
4 53010
2 41098
4 91552
2 31142
4 15790
2 29924
2 3832
4 62888
4 40930
4 90802
2 12302
4 87534
4 18890
4 83734
2 54692
4 1020
4 22704
4 26374
2 16726
4 26660
2 9394
4 12302
2 26102
2 17678
2 73964
2 74934
2 18888
4 34506
4 43886
4 4212
4 80200
4 12730
2 62382
4 2796
4 88896
4 46828
2 93584
2 48648
4 63072
4 12664
2 44860
4 94046
4 78090
4 7158
2 25686
4 50244
2 82686
2 8106
4 896
4 29740
2 27908
2 94290
4 98538
4 12382
4 25338
4 51670
4 95300
4 98122
2 6822
2 2002
2 28548
2 9888
4 41024
2 1834
4 11112
4 26214
4 74170
4 55838
4 3414
2 4340
2 92088
4 72790
2 96068
2 70440
4 36838
2 81914
2 95148
4 99772
2 84472
2 17560
4 68178
2 4426
2 52874
2 18368
4 1266
4 28864
2 94650
4 71922
2 98086
4 46602
4 91290
4 65558
2 89180
4 36290
2 55684
4 86246
2 26840
2 3674
4 49724
4 25788
4 76386
2 45200
4 29368
2 20182
4 23458
4 15094
2 71366
4 82622
4 51034
2 16424
4 62442
4 138
4 54416
4 18784
2 73826
4 26570
4 44798
2 75870
2 40152
2 26172
4 23648
4 39294
2 10224
2 99474
2 66126
4 53352
2 74150
2 40236
2 39072
4 80958
2 10992
4 68068
2 91256
4 20282
2 27768
2 90474
2 62894
4 79946
2 97658
2 95582
2 78440
4 59450
2 69148
4 9952
2 72584
2 11300
4 14860
2 9066
2 16932
4 20486
2 81380
2 29342
2 72994
2 35696
2 80102
4 38946
2 74492
2 26604
2 41550
4 43218
4 47336
2 86608
2 34918
2 24820
2 78540
2 21046
4 62558
2 16960
4 28346
2 68708
4 44754
4 19248
2 71492
4 93464
2 31782
2 88556
2 38188
2 24594
4 62540
4 99454
2 21040
4 60732
4 30216
2 5468
2 16028
4 88116
2 93796
4 13316
2 84748
4 4784
4 23262
2 61078
4 85442
2 30442
2 81542
2 49646
4 21392
4 9876
4 23104
4 94856
2 26952
4 17790
4 8732
2 98560
4 13534
4 88100
2 35562
4 15778
4 72974
4 43342
2 72560
4 26310
4 88370
4 60188
2 23476
2 60914
2 92628
2 16684
4 91682
4 83308
2 84978
2 72732
2 40224
4 46982
4 75284
2 9122
4 83908
4 57798
4 13476
4 22896
2 45738
2 20472
2 10066
4 24988
4 74048
2 85418
2 85000
4 54786
4 26414
4 66872
4 93342
2 2970
2 82540
4 98098
2 90700
4 28246
2 50108
4 27374
2 68922
2 25154
2 72108
4 35682
4 89928
2 58324
4 84578
2 2526
4 94554
4 8322
2 95820
2 34096
2 50964
2 37200
2 39946
4 58970
2 55450
2 74308
4 85506
4 41426
4 23364
2 42362
4 53448
2 60322
4 55484
2 93486
2 96158
2 16050
2 69410
4 86708
4 77446
4 95034
4 18514
4 33014
2 85946
4 21184
4 81600
2 80186
4 44332
4 62394
4 84700
4 78426
2 36786
2 69316
4 74624
4 89088
2 66890
2 65078
4 31872
2 71792
4 29364
2 46370
4 11948
4 70292
2 27720
2 29534
4 43476
4 22814
4 62520
4 26778
4 63668
2 61134
2 67814
2 91832
4 58602
4 40060
4 62930
4 69856
4 41356
4 40690
4 91162
4 71672
2 28658
4 20070
2 41246
2 36456
4 2564
4 50892
2 54462
4 98980
4 6808
2 62976
2 7516
2 85068
2 11082
4 36234
4 26900
4 25798
2 55198
2 40344
2 56904
4 1504
4 3954
4 82974
4 98448
2 55744
4 61398
4 38184
4 42096
2 11256
2 5120
2 82322
4 61036
2 75252
4 7026
2 36964
4 386
2 2204
4 90556
4 11652
2 43674
2 50076
2 2196
2 25678
2 82740
2 35908
4 92740
4 13914
2 21090
4 97446
2 94126
2 80380
2 11774
4 35850
2 91250
4 81484
2 3096
4 80338
4 64882
2 24200
2 3142
2 65274
2 7996
4 506
4 34020
4 61196
4 47094
4 75248
2 12452
2 32956
4 71156
2 30474
2 38744
4 3476
4 6610
2 66470
4 87866
4 26672
2 56450
4 93948
2 20186
2 58206
2 55002
4 67262
4 57852
4 77706
2 49652
2 61984
2 41982
4 75356
2 97706
2 16554
4 6970
2 72778
4 98762
2 87042
4 42378
4 31000
4 12048
2 39092
2 32704
2 94468
2 29736
2 38552
4 62300
4 91652
4 21756
4 41430
4 92702
2 70826
2 58196
4 81836
2 77174
4 20290
2 21152
4 98442
2 94222
2 25930
2 92986
4 62350
2 98514
2 32596
4 16434
2 14814
2 85396
4 68986
2 56936
2 81220
4 69326
2 86198
4 62058
4 3502
4 9288
4 10344
4 83246
2 25524
4 82334
4 23644
4 38984
4 94412
4 73856
2 12992
2 57946
4 39988
2 48352
4 24258
2 35460
2 86136
4 5244
4 22186
2 58708
4 80616
2 83528
2 99786
4 39562
2 44212
4 8820
4 66084
2 64422
4 46080
4 29894
2 48080
4 77184
2 87494
4 11238
2 79358
2 10550
2 30784
4 62560
2 39494
2 3822
4 136
4 48934
4 19798
2 99828
4 47296
2 38890
4 78844
2 73258
2 35494
4 38222
4 4938
4 56560
2 40802
2 78712
4 99206
2 35216
2 25464
4 37008
2 85308
2 38228
2 2844
4 50746
2 51582
2 81524
4 28420
2 9502
2 42220
2 85274
2 26524
4 9198
4 83044
4 34500
2 4510
2 25286
4 14760
2 42466
4 47716
4 11756
4 82390
2 99962
4 63242
4 64126
4 48144
2 8016
4 82704
4 75198
2 38730
4 44928
4 9838
4 35222
2 53084
2 91746
2 13286
2 70704
4 592
4 11728
4 93840
2 78154
2 56704
4 9976
4 54936
2 98388
2 3478
2 90662
2 22704
4 62750
4 37344
2 70690
4 22888
2 16420
2 99274
4 4836
4 54110
4 71960
2 20006
4 15092
2 4602
4 27888
2 59068
4 87980
2 24842
2 98546
4 66546
4 56490
4 78560
4 38798
2 92160
4 23616
2 12356
4 98426
4 76842
2 11994
2 66118
2 70238
4 51192
4 53278
2 18192
2 67210
4 53782
2 75996
4 77478
2 41380
4 79246
4 80734
4 1426
4 49116
4 92482
4 910
4 30540
4 27786
4 33476
4 86152
4 39330
2 62082
2 1882
4 20310
2 49976
4 65664
2 70956
4 64074
2 34834
4 76536
4 67612
2 65532
4 79186
2 96438
4 50138
4 23984
2 58538
2 10928
2 35962
4 7264
2 49538
2 52212
2 87716
4 38500
4 47820
4 14260
4 91106
4 21884
4 90540
4 18598
2 16566
4 70526
2 53118
4 67372
2 97976
2 92616
4 74238
2 84646
2 5960
4 14380
2 82338
2 70194
4 42010
2 92506
4 73918
2 7060
4 69706
4 76880
2 82628
2 77032
4 20420
4 46030
2 17642
4 61848
2 24798
2 34298
4 30464
2 47142
4 10612
2 72680
2 97600
2 30216
2 11532
2 59852
4 74066
4 26612
4 27960
4 97956
2 6648
2 52166
2 46410
4 22134
4 97512
2 89482
2 24826
2 3258
2 58276
4 51162
2 71242
4 7654
4 15528
2 78042
4 86392
2 66460
4 94430
4 6752
2 33864
4 94250
2 4622
2 26130
2 25272
4 94514
2 40188
4 2680
4 25886
2 11882
4 19514
4 2092
4 24320
4 22708
2 30342
4 15892
2 95442
2 56454
2 18120
2 5124
2 82748
4 30192
4 67154
4 46926
2 384
2 33536
2 14834
4 53812
2 99894
4 85654
2 88184
2 50280
4 67716
2 98842
2 35584
4 35382
4 53850
2 55136
4 99436
4 8014
4 64200
2 47344
4 50734
4 81612
4 90404
4 69680
2 38492
2 43142
2 9458
2 9430
4 61946
4 32746
2 85578
2 76744
2 50832
4 40742
2 37600
2 86828
4 53314
4 2624
4 92272
4 12796
2 85028
2 80756
2 25692
2 6580
4 10926
4 51418
4 35678
4 48694
4 11440
2 56466
4 15872
2 25032
2 6308
4 33428
4 42902
4 67916
4 89958
2 17280
4 41358
2 40448
4 37192
2 92182
2 72066
4 41048
2 61842
4 1848
2 41130
2 72192
2 99556
4 13518
2 80282
2 35732
2 7318
4 69464
4 37504
4 79140
4 15206
2 28140
4 39138
4 71622
4 48258
4 78932
4 85150
4 17810
4 99124
2 43282
2 38564
4 85990
2 13440
4 33760
2 57276
4 48
4 18474
4 8932
4 67646
2 18578
2 54250
2 4152
2 24090
2 96736
4 252
4 39222
4 73572
2 16962
2 7746
2 57004
2 52566
4 40024
4 24848
2 60082
4 84960
4 58126
2 45756
2 2354
4 45508
4 22234
2 59044
2 17066
4 32120
2 88702
2 98698
2 19558
2 48402
4 94552
2 54222
4 91548
4 73632
2 23138
2 87770
4 88070
2 10844
4 96616
2 58998
4 95592
2 24772
4 21770
2 72008
4 76760
2 25854
2 10694
4 20080
2 61036
2 46664
4 53372
2 87180
4 96866
2 23108
4 97614
4 8168
2 5618
2 23970
4 27476
2 68656
2 13722
2 32946
2 49170
4 12242
4 31264
4 47316
4 78636
4 35434
4 54348
2 80586
4 98724
4 57108
2 61944
4 64282
4 22974
2 16672
2 792
4 50650
4 20048
2 45974
4 44884
2 75924
4 22718
2 95534
2 82702
2 73688
2 4814
4 48010
2 40634
2 9914
2 74646
2 47766
2 2088
4 73322
2 73116
2 40532
2 77704
2 80910
4 33312
2 66094
2 26208
2 55040
4 21294
4 1972
4 98320
2 74264
2 75128
2 34254
4 73002
2 16056
2 2326
4 97374
4 44692
4 61222
4 56252
2 78742
4 26842
2 34586
2 57650
4 67780
2 36922
2 27702
2 30478
2 61954
2 614
2 75888
2 88460
2 27456
4 86074
2 99492
4 96456
4 60578
4 18354
4 62596
4 9142
4 24088
2 50752
4 45666
2 7038
2 56592
2 2154
2 75520
4 97346
4 35170
4 44304
2 35540
2 26814
2 77810
4 10672
4 84300
4 59198
2 72010
2 50450
4 40082
4 32856
2 62078
4 56662
4 77198
2 20718
4 93118
2 80116
2 17618
4 11718
2 29506
4 86820
4 24524
2 96888
2 41440
2 57594
2 64190
4 33658
4 6648
4 54430
2 5702
4 69086
4 32338
2 80046
2 32
2 4986
2 67114
4 86660
4 79674
2 16968
2 93014
2 12676
2 81966
4 67268
4 33556
2 7690
4 66560
2 37038
4 10160
2 70596
4 78782
4 38552
4 68040
4 8216
4 20024
4 13822
2 85332
2 98314
2 59374
4 55652
4 19284
4 81212
2 74518
4 51432
2 35924
2 77304
2 68936
4 74274
4 55456
2 61314
2 13054
2 64014
4 36690
2 97320
4 47228
4 53240
2 8548
4 72972
2 53842
4 33500
4 2282
4 43334
2 99996
4 73164
4 52982
2 51192
2 66082
4 38858
2 398
4 30944
2 90488
2 53756
4 51402
2 71282
4 26384
2 79354
2 57522
4 16520
2 18508
2 3954
4 87114
4 54068
2 31332
2 71098
2 73012
4 21590
4 56246
4 84754
4 36614
4 83720
2 7206
4 64248
2 79910
4 46642
4 29078
2 86334
2 67098
4 3422
4 81056
4 34950
4 65482
4 31442
2 53894
2 3438
4 19140
4 99142
2 9850
4 34540
2 24258
2 69074
4 3162
2 76316
4 39328
4 30688
4 36716
2 87828
4 96634
4 29190
4 30112
4 3930
4 85834
4 51226
4 30932
4 624
2 73806
2 37892
4 38512
2 85190
4 13236
4 92630
2 92048
4 58822
4 13268
4 91226
2 21244
2 26348
2 80096
4 67924
4 84936
2 84630
2 30824
2 97824
4 48310
2 83100
2 33832
4 6354
4 96426
4 52826
2 91642
2 80632
4 90364
2 6718
4 72220
2 73260
4 97226
4 27170
2 43626
4 28638
2 68748
2 26160
2 25252
4 1390
4 27436
4 84100
4 83430
2 90362
4 67220
2 13418
4 32558
4 63064
4 64496
2 22946
4 94790
2 66282
4 77234
2 84664
2 68704
2 68578
2 11006
2 12668
4 45696
2 49810
4 78900
4 31452
2 1534
4 71446
2 44238
2 53482
2 43238
4 57582
2 91600
4 78460
2 14136
4 35358
4 70032
4 14772
4 36858
2 50544
4 29958
2 61020
2 43204
4 92228
2 61740
4 44400
2 14666
2 38792
4 20820
2 48310
2 70698
4 10994
2 30874
4 57942
2 69324
2 3004
2 78498
4 50352
2 20370
2 75076
4 64424
4 46276
4 99180
4 52340
4 10106
2 13248
4 21236
4 94248
4 22154
2 95570
4 67266
4 68416
4 67740
4 3242
4 48392
2 11592
4 63594
2 48480
4 44592
4 37770
2 68890
2 50728
4 38856
4 26496
4 37542
2 23192
4 75118
4 89368
4 65208
2 14276
4 52618
4 12266
2 314
2 58374
4 33914
4 69784
2 21110
4 62948
4 65950
2 43688
2 95082
2 46610
4 95160
2 90830
4 12104
2 85998
4 75478
4 33622
2 76080
2 68074
4 84568
4 85362
2 11422
2 10816
2 69354
2 32838
4 10534
2 24402
4 20444
4 68048
2 87020
2 24590
2 7636
4 1468
4 18172
2 90516
2 38530
4 31224
4 49446
4 4268
4 55570
4 74248
2 71962
4 75180
4 93286
2 39306
4 57388
4 79492
2 9872
2 2560
2 44800
2 36906
4 65368
4 32814
4 38090
4 77062
2 11556
4 43400
4 74098
4 57260
2 37226
4 2686
2 18804
4 21400
2 82510
4 91330
2 53472
4 56990
2 50202
4 26014
4 15586
2 91696
2 46156
2 82654
4 93826
2 912
4 21176
4 55004
4 30958
4 40308
4 37338
4 6340
4 97146
4 69932
2 24940
4 17608
4 93046
2 45148
2 95638
2 50504
2 12906
4 49354
4 27660
2 90888
2 76834
2 23872
4 15216
2 36084
4 8378
4 7118
2 64892
2 5828
2 92766
4 84442
4 21272
4 82324
4 14120
4 32852
4 75134
2 67090
4 56500
4 91124
4 67814
4 2958
2 4848
4 93284
4 96794
4 18384
4 72154
4 78396
2 68450
4 83546
4 47272
4 71344
2 16044
2 55126
4 61220
2 85816
2 3572
4 99676
2 16150
4 4368
4 75078
2 44488
2 39844
2 62056
2 45620
4 89576
4 54512
4 17676
4 5708
2 72856
4 36740
4 30202
4 45376
2 77226
2 68126
4 44250
4 7170
4 36602
2 6728
2 41778
4 60880
4 20972
4 42754
4 33414
2 82312
4 72144
2 24046
4 9794
2 22620
2 8538
2 26964
2 74446
4 88672
4 68910
2 15506
4 40764
4 63724
4 98450
4 22676
4 25086
4 68810
2 64836
2 44032
4 14420
2 49772
4 75236
4 38874
4 57294
4 58348
2 44014
4 92966
4 30450
4 86256
2 18990
4 33926
4 79830
4 6574
2 44490
2 61124
4 8364
2 68642
2 25844
2 7628
4 58034
2 12098
4 42592
2 85338
4 3946
2 81950
4 24242
4 45950
2 38710
4 96554
2 97942
2 1766
4 8634
2 40006
4 59514
4 27416
4 34798
2 81436
2 1380
2 62874
2 4162
2 12864
2 65288
4 9860
4 72580
2 87832
4 40858
4 93402
4 92510
2 84280
4 33448
2 24664
4 50374
2 41692
4 91702
2 10512
4 7362
4 4370
2 2186
4 86784
4 99402
4 54082
2 24612
2 37122
2 61960
2 90528
4 85102
2 88738
2 11670
4 13942
2 31748
4 13480
2 43350
2 93538
2 57694
4 21556
2 74526
2 79216
2 65022
4 77380
2 35180
2 83306
2 20782
2 72426
2 62514
4 79566
2 26140
2 38392
2 65362
2 73432
4 51690
2 72690
2 48694
4 10422
4 34684
4 88460
2 58376
2 512
2 37442
2 18060
2 88404
2 68464
2 84486
4 51102
4 86118
2 5514
4 85606
2 27924
2 47856
2 54874
4 4506
2 69918
2 77908
2 83056
2 87334
4 50456
2 49724
2 98228
4 60658
2 40784
2 3340
4 85106
4 37430
2 10536
2 31412
4 5960
2 19742
4 45220
2 14542
2 75718
4 58326
4 73564
4 530
4 68852
4 71558
2 2060
2 30614
4 81670
4 61348
2 72838
2 69328
4 27302
4 28058
2 55586
4 88124
4 58140
2 59566
2 77268
2 46508
4 78148
2 68190
2 59214
4 26890
2 26810
4 27294
2 31478
2 20404
4 8404
4 38478
2 41460
2 56280
4 11364
4 70840
2 81572
2 14204
4 89276
4 47586
2 15974
2 2942
2 75060
4 67634
4 56494
4 68788
4 36288
4 73152
2 77474
2 30900
2 65542
2 12494
4 42566
2 5068
2 97232
2 374
2 1936
2 17662
2 40262
4 81692
2 55822
2 81994
4 31582
2 73476
4 47500
2 57288
2 2816
2 11864
2 72878
2 39664
2 64770
4 12654
2 96244
2 2966
4 24840
2 62280
2 41862
2 95884
2 58758
2 6524
2 9810
2 28190
4 12924
4 24134
4 42706
2 61568
2 42492
2 81666
2 13234
2 86786
2 29792
2 89122
2 51304
4 22580
4 89166
2 60014
2 91360
2 80362
2 70376
4 7046
2 3310
2 24690
2 81960
2 60282
4 36380
2 45026
4 410
4 24468
2 94956
2 13308
4 65908
4 24438
2 45326
4 76438
2 14362
2 62054
4 18142
4 97548
4 16854
4 93670
2 55180
4 3710
4 71568
4 22074
4 43016
4 45352
2 60374
2 39402
4 87990
2 61856
4 54826
2 2304
2 10876
4 5950
4 82036
4 90850
4 34396
2 17092
2 7444
4 50444
4 84920
2 64778
4 40864
4 4620
4 70144
4 95822
4 11542
2 32532
2 96740
4 12660
2 75794
4 38388
4 86938
4 68424
4 32846
2 92446
4 32636
2 17288
2 2900
4 95528
2 75004
4 43020
2 19610
2 8842
4 45010
2 41808
2 10096
4 45448
4 59634
2 67150
2 21330
2 88038
4 2810
4 79452
4 83560
4 25322
2 9704
2 49910
4 88754
2 55238
4 15376
2 38236
2 65178
4 34068
2 7340
2 12366
2 64512
4 84036
2 23338
4 45166
4 91854
4 24800
4 85938
2 84452
2 42528
4 6246
4 12236
2 6690
4 82394
2 41586
4 62990
2 65916
2 42622
2 33918
2 72160
2 56796
2 62682
4 58876
4 60206
2 78936
4 87798
4 90326
2 12130
2 88016
4 57170
4 37986
4 98432
4 68274
4 99360
4 45402
2 19590
4 99828
4 40452
4 76238
2 31176
4 37620
2 17042
2 59712
2 25232
4 31870
4 1346
4 21122
4 93926
4 40434
4 72678
2 2784
2 27410
4 406
4 64294
2 60562
2 39764
4 55086
4 37020
4 76920
4 37410
2 99380
2 83380
2 69234
4 63494
2 56322
4 58882
4 80820
2 42086
4 53380
4 11060
4 84888
4 50090
4 45014
2 72864
4 83216
2 46570
4 93000
2 48774
4 7208
2 70758
2 44308
2 89838
2 70576
2 21342
4 52702
4 22662
2 25780
4 67362
4 44240
2 72118
2 4462
2 95228
2 17238
4 4614
4 49084
2 75862
4 53568
4 51252
4 53690
2 53054
4 30566
4 62856
4 74650
2 64710
4 73922
4 39372
2 28020
4 34136
2 23404
4 31926
2 50398
2 43600
2 95138
4 44072
2 95844
2 76502
4 81546
2 71512
4 20606
2 69034
2 2362
2 1156
2 32426
2 88390
2 54562
4 72136
2 76642
2 34224
4 41432
2 66954
2 75038
4 79066
4 22060
2 75686
2 38894
2 2668
2 67352
2 95098
2 88622
4 62858
2 44748
2 18422
4 30850
2 38682
2 81898
4 76236
4 17346
2 65126
4 23472
2 85466
4 65940
4 52338
2 46458
2 4836
4 52934
2 11842
4 85430
2 12708
4 53256
2 98616
4 27290
4 10314
2 18066
4 53122
4 98014
4 97304
2 66098
2 90202
4 74430
2 74244
2 84674
4 6436
4 98048
2 19536
2 30554
2 56626
2 70928
2 46006
4 29504
2 16454
2 45274
4 56010
4 4560
4 77672
2 32710
2 6176
4 4226
4 52672
4 6248
2 22088
4 75200
4 64320
4 24926
2 2620
4 31842
2 43482
4 97514
2 99660
4 86782
4 6300
2 17158
2 37888
2 94430
4 43492
2 16398
2 68342
4 65384
2 18486
4 59004
2 31852
4 80920
4 33780
2 73126
4 65938
4 39608
2 20800
2 50128
2 8820
2 6236
4 88348
2 75094
2 40452
4 22530
2 71398
4 49002
4 78284
4 29798
2 89484
4 14630
2 64308
2 7112
2 73752
4 91840
4 80992
2 65832
4 41394
4 53652
4 40474
4 60266
2 23804
2 38888
2 40938
2 66570
2 99596
4 82646
2 61394
2 76144
2 15588
4 10150
4 30888
4 73082
2 68340
4 74864
4 22488
2 82110
2 54374
4 80754
4 436
2 79720
4 52512
2 45328
4 48982
4 25434
2 36784
2 40544
2 61816
4 37880
2 37358
4 36878
4 93394
4 62554
4 26956
4 58298
2 97754
2 59472
4 11254
2 87134
4 51000
2 18014
2 40906
4 56
2 9936
2 87862
2 15164
4 24942
2 45160
2 18664
4 99368
2 88800
4 37348
4 94038
4 39694
2 14208
2 11058
2 96024
2 3586
2 12226
2 73818
2 73482
4 93618
4 39390
4 70534
2 34952
4 1326
4 13778
4 29102
2 35618
4 11398
2 65404
2 45694
2 1016
4 60574
4 75952
4 7370
4 46
2 4464
4 78856
2 62484
4 75980
2 22106
4 57816
2 69210
4 60944
4 69106
4 31392
2 67982
2 38260
4 33382
2 92768
2 30230
2 1438
4 22352
2 12026
2 86754
2 23062
2 11950
4 78558
4 15530
2 92594
2 52348
4 10968
2 69560
4 18188
4 25914
2 25566
4 49510
4 39652
2 29176
4 9052
2 56966
2 76692
2 90948
2 86970
4 33748
4 85902
4 63142
4 7536
2 50182
4 53966
2 94244
4 84282
2 18736
4 43878
2 96926
4 44234
2 75656
4 13430
2 17178
4 52438
2 81454
2 23822
2 66324
2 83048
2 15822
4 34148
4 63730
2 22992
2 34696
4 63506
2 71454
4 64386
4 11268
2 21582
4 31298
4 91642
4 84768
2 87774
4 68614
2 13168
2 44326
4 82526
2 37498
4 40030
4 77588
4 74428
4 81380
4 9510
2 95382
4 27020
2 20994
4 70978
4 44132
2 79692
2 97372
4 26418
4 94466
2 32186
2 85834
2 88924
2 9736
4 3128
2 54998
4 7296
2 18776
2 99222
4 53368
4 96076
4 90390
4 16162
2 31496
2 79394
4 81734
4 62092
4 10854
2 57686
4 84860
4 63468
4 91638
4 12450
2 34608
2 78992
4 69906
4 56698
4 768
4 19600
4 44644
2 95220
4 95722
2 69320
4 85196
2 29664
4 87274
4 29650
2 11910
2 96448
4 8126
2 52158
4 70824
4 28812
2 55780
4 73540
2 96744
4 1392
4 79986
2 25576
4 91974
2 29204
2 65336
2 93864
4 3994
4 43920
4 3658
2 53832
4 61472
2 87738
2 38634
2 91854
4 96778
4 37978
4 25152
4 54190
4 5782
4 31612
2 36698
4 5616
4 60184
2 29972
2 50168
4 16592
2 7904
4 98934
4 47984
4 50364
4 77866
2 36752
4 81830
2 63778
2 2480
2 19856
4 10368
2 2676
2 74836
4 42782
4 68692
2 77974
2 73954
2 71610
4 73030
2 74168
4 55274
2 8742
4 36452
4 98380
4 10224
2 5592
4 66014
4 3568
2 60086
2 81228
2 26020
4 10256
2 38474
2 26642
2 96206
4 98286
4 7894
2 76722
2 55940
2 84446
2 18930
2 14798
4 58844
4 80540
2 24770
2 93214
2 4196
2 95618
4 77932
4 84856
4 73566
2 73966
4 22806
4 45756
2 1304
4 24128
4 23710
2 4648
2 99392
4 75960
2 71806
4 6694
2 58240
2 46152
2 33896
2 22474
4 21324
4 55914
4 55356
4 63178
2 45776
2 13534
4 65848
4 70606
4 94520
4 75378
2 11120
4 21876
4 28110
4 92730
2 37744
2 10200
4 73902
2 3556
4 65744
4 45218
4 34808
2 72098
2 56506
4 59790
2 38088
4 92292
2 63224
2 55510
2 28464
2 81488
4 4380
2 95358
2 94354
2 87128
2 74640
2 69808
4 91860
2 10528
2 34838
4 1072
2 37304
4 24142
4 47400
2 8826
2 34526
4 63644
4 28244
4 61322
4 27306
2 32852
4 39470
4 81480
4 78962
4 24642
2 62350
4 70442
2 24672
2 41154
2 29084
2 17530
4 79110
4 14072
4 5420
4 48052
2 1728
2 21936
2 59958
4 80308
4 66154
4 52528
2 85708
4 23092
4 22404
2 31046
2 91850
2 39770
2 45106
4 38420
2 73108
4 46596
4 76964
2 73230
4 54212
2 14218
2 95952
4 83480
4 28630
4 96048
2 6902
4 9154
4 19260
2 86408
4 59720
4 93380
4 86684
2 83630
2 29206
4 70246
4 79870
2 33230
2 1368
4 39536
4 5534
2 78898
2 22200
2 55622
2 64594
2 23284
2 5720
4 73332
4 76554
4 74416
4 68628
4 98118
2 28872
4 64272
4 43586
4 23666
2 46482
4 5818
2 99506
4 99568
4 76248
2 18720
2 42282
2 28428
2 71890
4 28562
2 2106
4 41390
2 7196
2 62456
4 43668
4 64264
2 91612
4 40172
2 2850
2 88268
4 52866
2 78178
2 87098
2 94012
4 90570
2 21654
2 55236
4 11574
2 47026
2 44664
2 90788
2 62038
4 46708
4 99674
2 20426
4 25968
4 4610
4 74964
4 41850
4 45968
4 71350
2 9966
2 57444
2 2790
4 15910
2 94644
4 58820
4 27858
4 95798
2 70198
2 34938
4 4572
4 95112
2 34756
2 46042
4 62744
4 3846
2 28038
2 22082
2 55222
2 62582
4 49158
2 76476
2 372
4 54572
4 17306
2 39662
2 20704
2 16500
2 98772
2 19944
4 27638
2 52304
4 35582
4 74390
2 44304
2 93170
2 68516
2 90020
4 76198
2 50196
2 82950
4 36080
2 13928
4 68460
4 69380
4 93170
4 28240
4 41712
2 84102
2 98162
4 39734
2 97552
2 70696
2 6666
4 91048
2 40182
4 96180
4 67932
4 45828
2 1466
2 3144
4 36038
4 7364
2 57214
2 37946
4 45074
2 55366
4 85558
4 65244
2 79820
2 75194
2 93282
2 33758
4 11692
2 37328
2 9286
2 29656
4 48152
2 70682
4 16594
2 43104
4 30268
2 268
2 87414
4 50922
4 61102
4 74838
2 86208
4 11144
2 84306
2 71936
4 10826
2 11172
2 93018
4 9526
2 75512
4 10276
2 15332
2 44670
2 83022
2 99592
4 32292
2 59782
2 98758
2 22080
2 59672
2 98218
2 44446
2 58952
2 9348
2 52642
2 9316
2 7830
2 33036
4 19176
2 7450
4 49950
4 65946
2 93000
2 28076
4 49356
2 72724
2 78708
2 39224
2 70546
2 77982
4 71062
2 19400
2 59126
4 2214
2 75270
4 34652
2 46680
4 10784
4 87754
2 3664
2 75116
2 17550
2 24938
2 61320
4 35790
2 61666
4 78128
4 12762
4 81230
4 46322
2 24346
4 16208
4 36184
4 49348
4 28666
2 94506
4 4780
2 43560
4 23282
2 33724
4 77086
4 86984
2 24792
4 69308
4 46182
4 46940
4 63006
2 31276
2 41326
4 87422
2 73014
2 12024
2 61438
4 90278
4 98652
2 51982
4 96064
4 55670
4 27204
2 59936
4 73474
2 36748
4 40354
2 75904
4 81372
2 776
2 28474
4 8040
4 28738
4 71208
4 59746
4 18800
4 92526
4 17020
2 98024
2 19236
2 76408
2 10714
4 56932
4 61916
4 69202
4 98226
2 9226
4 13022
4 6644
2 75122
2 61516
4 43252
2 1590
2 20588
4 68418
2 97852
2 79072
2 64414
4 71374
4 92732
2 81546
2 53574
2 41100
4 80904
4 97058
4 49804
2 33938
4 89310
2 30136
4 32840
2 67608
4 10282
4 20208
2 83574
4 75250
4 50388
2 39166
2 99728
4 50030
4 22448
2 27282
4 14338
4 93754
2 5358
2 46488
4 41784
2 34882
4 67684
4 83390
2 86622
4 27996
2 98916
2 31316
4 37258
2 51796
4 36760
2 50212
2 43228
4 65792
2 59502
4 56800
2 39200
4 33204
4 59464
4 8484
2 38212
2 10650
4 32574
4 83188
4 33766
4 63820
2 72682
2 30158
2 18346
2 8868
4 71980
4 97018
4 73638
4 4330
4 84106
2 28852
2 76806
4 41302
2 32086
2 64292
2 35080
2 75968
4 45964
2 63742
2 14200
2 60466
2 48110
2 17220
4 87610
2 61454
2 12014
4 11874
2 8584
4 24484
4 62874
2 73660
2 13382
2 88360
4 16918
2 96132
4 27056
2 89566
2 8462
4 57306
4 76942
2 87574
2 43358
4 5300
4 32534
2 49640
2 6488
2 2654
2 45260
4 77354
4 75766
2 42558
4 24060
4 59760
2 47126
4 17868
4 8956
2 18022
2 22392
2 9944
2 76304
4 23128
2 1030
4 29986
4 40950
2 35660
4 88794
4 44434
2 58032
4 12852
4 60662
4 23922
2 12954
4 4074
4 49912
2 2988
4 25078
4 68472
2 79878
2 71464
4 7390
4 97528
4 30088
2 9228
2 88490
4 11142
2 39756
4 3296
4 38712
2 39004
4 63978
2 53000
2 90686
2 84818
4 28410
2 36860
4 69710
2 39588
2 9334
2 29746
4 82064
2 32220
2 3956
2 28986
2 51758
4 87308
4 6044
2 6206
2 90510
4 98780
4 60966
2 93770
2 48370
4 32380
4 52548
4 38924
2 1494
2 9108
2 99838
4 83846
4 74916
2 24028
2 85132
4 94074
2 86796
4 40698
2 85176
2 62944
2 13988
2 31208
2 88684
4 6068
4 41482
4 23482
2 45740
4 90402
2 68000
4 12624
4 20140
4 61724
2 92580
4 8132
2 92808
4 77682
2 44434
4 80032
4 35292
2 14768
2 42588
2 82710
2 93418
2 63006
4 80900
2 53972
2 3236
4 93958
2 54218
4 53768
4 56700
2 52610
2 23364
4 29648
2 88882
2 82506
4 88942
4 48750
4 66864
2 69732
2 42178
2 54860
4 21330
4 67052
2 9776
4 42606
2 39872
4 92204
4 41662
2 71384
2 12808
2 67100
2 49502
4 32562
2 96356
4 79084
4 84962
4 91762
4 98750
4 45190
2 22490
4 96028
4 65320
2 12574
4 62416
2 44398
4 83214
4 39640
2 87708
4 41436
4 92034
4 43324
4 47126
4 95918
4 49466
2 84288
4 26602
4 90516
4 22700
4 72664
2 23676
2 93434
2 39630
4 86308
4 31414
2 35116
2 22148
2 87298
2 80440
4 12776
4 74672
2 24766
2 20028
4 9076
2 56144
2 41556
4 89866
4 24578
2 72494
2 17772
2 51484
4 35764
4 86116
2 2234
4 68598
2 13976
4 3400
4 69546
2 28824
4 81984
4 67548
2 85474
2 74820
4 21288
2 66614
2 51482
4 97778
4 5136
4 65978
4 85336
2 72142
4 93448
4 56580
2 97812
4 61542
4 52156
4 67330
4 45242
2 35740
4 34810
2 18116
2 34338
4 84904
4 8330
2 12184
2 16212
2 48292
4 5522
2 86446
2 818
4 6364
2 92124
2 46246
2 27836
4 27466
2 31210
2 77554
2 92708
4 644
4 53206
4 84670
2 46448
2 95562
4 81810
2 24870
2 80792
2 47566
4 47206
4 98422
2 26940
4 70552
4 90370
2 79954
4 90160
2 56318
4 79232
4 33812
2 83326
4 75574
4 60970
4 78296
2 26222
4 41508
2 8036
4 93966
4 72888
4 10336
2 39540
4 48728
2 76548
4 18242
2 50884
2 95984
2 40548
4 15798
4 59660
2 42192
2 60386
2 32120
4 78902
2 50290
2 10906
4 33266
4 60012
2 78142
2 74000
4 48036
4 33944
2 38226
4 5082
2 37572
2 65200
4 90832
2 16870
4 41386
2 78090
2 25044
4 36054
4 59730
4 69152
2 90790
4 35586
2 5748
2 39940
2 94970
2 73730
4 75784
4 88330
2 48324
4 62916
2 13594
2 3716
4 87464
4 63808
4 97716
2 16818
2 25998
2 52712
2 86296
2 95216
2 49196
2 36376
4 32504
4 24286
2 24382
2 3222
4 6170
2 24836
2 82870
2 15930
4 94964
2 22824
4 5156
2 53098
4 54506
4 89698
4 510
2 73164
4 51150
4 64898
2 57892
2 95070
4 50054
2 88718
2 73046
2 22716
2 55656
4 97608
2 10364
4 86592
4 88690
4 68844
4 23326
4 33672
4 62742
2 15704
4 75968
4 30852
2 51422
2 84332
4 99806
4 64020
4 9710
4 23082
2 36524
4 21942
4 90468
4 87504
4 94460
2 28078
2 85268
2 8506
4 83582
4 21836
4 28232
4 72730
2 8766
2 81530
2 66448
4 99858
4 20490
4 71752
4 96534
4 17734
2 6834
2 21918
2 18898
4 54460
2 12480
4 21670
2 10406
4 66578
4 56210
2 18382
2 53784
2 10122
2 67430
2 68566
2 13456
2 49112
4 10146
4 76750
4 42916
4 61448
4 81302
2 95112
2 45690
4 16874
4 22096
4 85804
2 97858
2 78826
4 44728
2 19252
2 86722
4 28706
4 23090
4 2142
4 20744
2 57346
4 60826
4 81648
4 81912
2 97972
2 9480
4 11286
4 69778
2 35432
2 15562
2 49862
2 89858
2 67580
4 15818
2 16592
2 5814
2 50420
4 51256
2 34074
4 36676
2 23522
2 86214
2 8738
2 81936
4 2022
4 61264
2 72510
2 8276
2 594
4 4624
4 11408
2 1286
4 86888
4 36202
2 29056
4 33352
2 59050
2 95934
4 41172
4 16274
2 61696
4 58590
4 35380
2 71508
2 43526
4 75152
2 16570
2 96636
4 58102
2 38218
4 66620
2 97144
2 38134
2 71734
4 23788
2 31306
2 55582
4 64956
4 33676
2 84482
2 79116
2 40506
2 87300
4 30694
2 10826
4 48130
2 53398
4 65502
4 99232
4 63120
4 93250
2 29346
4 43630
2 94642
2 38450
2 63548
2 97496
4 5756
2 54850
4 65486
4 99872
4 9058
4 16810
4 534
4 31860
2 33818
2 7852
4 67738
4 80498
2 69392
4 94222
2 76260
2 95722
4 73422
2 60892
4 88878
4 18038
2 84276
4 90220
2 44420
2 35656
2 82578
4 30254
4 80230
2 4682
4 3308
2 63892
2 27764
2 11202
4 44406
2 2860
2 83718
2 83938
2 70674
2 89504
2 61518
2 92788
4 18922
4 65376
4 26378
2 88090
2 15698
4 16518
2 4838
4 55788
4 84236
2 65840
2 58876
4 14054
2 76204
4 96610
4 10288
4 7082
2 71352
4 77314
2 62884
2 5466
2 4496
4 65902
2 40788
2 77522
2 9728
2 69666
4 70714
4 71416
2 98980
4 15780
2 28222
4 65762
2 62898
2 87562
4 58666
2 1364
2 78858
2 59094
2 53422
2 87692
4 26128
2 88110
4 74962
4 87136
4 16206
4 40140
2 24394
2 76042
2 5502
2 76900
4 77138
2 8564
4 90190
4 300
2 72996
4 7126
4 27836
2 46814
2 83392
4 84140
4 34660
4 13860
4 83156
2 85024
2 75420
4 43692
4 21532
2 52418
4 16734
2 67822
2 2730
2 49916
4 71102
4 51864
4 84864
4 54682
2 91010
4 59010
4 48104
2 86986
2 91528
2 44468
4 87064
4 69686
4 9814
4 69150
2 96396
4 89282
2 52040
4 87864
4 32048
2 60516
2 358
2 88936
2 84336
4 91842
2 23418
2 3520
4 82664
4 66054
2 4842
2 47960
2 1920
2 46212
4 28688
4 73990
2 84792
2 77090
2 48100
2 61176
2 82550
2 91800
2 86930
4 55270
2 87198
2 37664
4 99796
4 8388
4 25804
2 61090
4 27148
4 45946
2 534
4 37266
2 86976
2 62282
4 53766
4 90508
4 63032
4 94966
2 22868
4 38158
4 72760
4 97470
2 6348
2 91524
2 32540
4 59214
4 26752
4 7780
4 55924
2 4970
4 95796
2 38406
2 65760
2 15874
4 66052
4 89874
4 4742
4 21094
2 80798
2 32454
2 50338
4 8814
2 60656
2 31518
2 48136
4 84046
4 55228
4 46206
4 18348
2 38066
2 12406
4 31350
2 16856
4 14666
4 59196
2 82836
4 33828
2 35642
2 50934
4 18028
4 25584
4 91068
2 47946
4 82494
4 90824
2 12852
2 89272
2 21016
2 46888
2 78444
4 69276
2 88774
2 77556
4 39898
2 89956
2 75244
2 40472
4 5824
4 29522
4 4172
4 73910
2 33552
2 33646
4 25478
4 47152
4 91220
4 25000
4 66038
2 43900
4 90744
4 42608
2 10524
4 41360
4 31460
2 25712
4 54620
2 34228
4 62746
2 24428
2 83438
4 97692
4 91138
2 38706
2 47932
2 87756
2 49262
4 44206
2 8996
4 20574
4 91266
4 80240
2 74670
4 57060
2 93522
4 34938
4 72162
2 60356
4 76294
2 28620
2 51096
4 58354
2 96732
2 66296
2 60072
4 76278
4 34546
4 57164
4 77114
4 19096
4 54990
4 76924
4 95194
2 77558
2 14284
2 88240
4 32942
4 68266
4 73906
4 31090
4 96976
2 16826
2 99774
2 74056
4 97476
2 82636
2 37312
4 69622
4 32844
2 59570
4 58850
4 35296
4 95326
4 61296
4 71732
4 80378
4 75794
2 56448
4 98560
2 44050
4 35794
2 86216
2 70512
4 48114
2 47640
2 75416
4 55078
2 47984
2 51238
4 80432
2 87124
4 18220
4 58586
4 9590
4 42516
4 86980
4 95314
2 25816
4 23716
2 22438
4 55852
2 19552
2 80312
2 43544
2 95760
4 28204
2 97014
4 42936
4 73850
2 66616
4 29342
4 85626
2 97316
4 60216
2 92572
4 25600
4 71090
4 89126
2 19146
2 94922
2 93608
4 33666
2 97720
4 86100
2 21624
4 60684
2 14288
4 4466
2 90030
4 55460
2 99412
2 80922
4 36910
2 85930
2 34792
4 55382
4 2412
2 25612
2 17242
2 28358
2 1422
4 91118
2 79590
2 28694
4 3250
4 46294
2 82624
2 39990
2 23310
4 61320
4 64490
4 64672
4 57374
2 11782
2 57108
4 8290
4 41348
2 75892
2 5840
4 94170
2 20792
2 27250
2 82092
4 67600
2 51564
4 9086
2 46946
2 20296
2 30260
4 99326
4 32806
2 87748
4 56340
2 67630
4 47470
2 34160
2 74962
2 92352
2 82134
4 41950
2 12638
2 81624
4 84588
4 9440
2 91728
2 52612
4 59488
2 65646
4 46738
4 26596
2 85080
2 69244
4 95568
2 29322
4 82344
4 55904
2 93374
2 92200
4 27896
4 44456
2 93704
2 64950
4 47478
2 35936
2 68726
2 27570
4 14346
2 27458
4 43300
4 74796
4 98116
4 9266
4 76098
4 22522
2 91584
2 93164
4 85352
4 72568
2 68992
4 22168
4 5776
4 47664
4 48812
2 15310
4 35294
2 76714
4 55104
4 35192
4 13446
4 43146
4 61318
2 57166
2 12346
4 19974
2 60552
4 52454
2 29074
2 87772
2 19302
2 5142
4 84594
4 29084
2 43464
4 14510
2 64868
4 9472
2 77752
2 45548
4 78994
2 70192
2 43704
4 41808
2 70486
2 22186
2 38924
4 39764
4 70046
2 36880
4 25038
4 21612
2 46356
2 97636
4 19162
4 10892
4 33100
2 51348
2 48526
2 69194
4 83730
4 62690
4 37048
4 4244
2 26170
2 27208
4 42424
4 22646
4 87190
2 83870
4 32188
2 9572
2 58380
4 55038
4 49146
4 61802
2 82034
4 35344
2 80302
4 75026
2 85762
4 82140
2 85908
4 60938
4 14390
2 24678
4 73334
4 23200
2 41834
4 56808
2 61240
4 99352
4 14430
2 24198
2 47972
4 6918
2 39042
2 70522
4 47382
4 86502
4 65872
2 4826
4 20728
4 32058
4 15300
2 14880
2 28002
2 88146
2 62510
2 62360
4 35812
2 80572
4 63798
4 13990
4 23490
2 17820
4 11672
2 55674
2 7324
4 43576
4 23870
4 67254
4 73120
4 25220
4 21784
2 56810
2 30940
4 50300
2 12926
4 7546
4 78362
2 71146
2 12582
2 4502
2 82172
4 75510
2 88664
2 28098
2 82776
4 73244
4 37546
4 70790
2 92954
4 2994
2 2118
2 61900
2 45584
4 5972
4 44136
4 22110
2 21274
4 13024
2 5482
4 30128
4 65812
4 97138
2 54400
4 31422
4 79924
2 2746
2 95186
2 4430
2 4604
4 93114
2 53008
2 73434
2 96468
4 40494
4 33976
4 92172
4 77222
4 25936
2 86120
4 55828
4 82754
4 62634
4 23598
2 87282
2 10936
4 8050
2 77348
2 47688
4 15190
2 23912
2 13672
4 92972
2 49048
4 83964
4 39980
4 31164
4 51476
4 35494
4 70722
2 90890
4 26594
2 29168
2 75720
4 39488
2 50138
2 55690
4 30028
4 25674
2 69948
4 50144
4 99604
2 78726
2 99096
2 29594
4 42438
2 36318
4 86550
2 22058
4 30290
4 21352
4 36306
4 37282
2 96452
2 25490
4 83694
4 82540
2 72094
4 87260
4 32034
4 98306
2 36578
4 13732
2 77778
4 72850
2 56274
2 11028
2 24284
4 50400
4 64948
2 52580
2 37244
2 80740
2 92144
4 15006
4 24290
2 73946
4 82312
2 99712
4 68302
2 31024
2 43596
4 27096
4 14532
4 48876
2 46098
4 78804
4 72328
4 76350
2 53866
4 45786
4 84226
4 55266
2 49508
2 26750
2 89874
2 21532
2 97414
2 67830
4 87696
4 80440
2 77332
4 26796
4 7150
4 64968
4 27138
4 15126
2 96424
4 90652
4 10584
4 39112
2 3778
4 43884
4 79470
2 96430
4 60894
4 282
2 12204
2 49794
4 30736
4 88136
4 10184
2 47660
4 76148
2 97632
4 6532
2 6830
2 54990
4 35828
2 68166
4 50410
2 20354
4 93298
2 57010
2 64192
2 63054
4 15030
2 7644
4 77580
4 65648
2 22254
2 86134
2 38302
2 94036
2 16242
4 55840
4 27310
2 16784
2 77610
4 65572
2 12488
2 34356
2 50358
4 23394
4 34106
4 64034
4 96278
4 96206
4 2174
4 23680
2 53798
2 26920
2 29618
2 76628
2 27846
2 14446
4 76620
2 65678
2 15614
4 87050
2 15146
2 93336
4 11792
2 86202
2 60398
2 1092
2 48348
2 27790
4 27486
2 36816
4 28950
4 41328
2 32248
4 14988
4 59038
4 61572
4 5470
4 59706
2 22192
4 65352
2 50418
2 45784
2 88672
2 21006
4 59372
4 37688
4 52960
2 31558
2 86540
2 45538
2 35220
4 78356
4 53148
4 50680
2 27850
2 75144
2 71534
2 5858
4 62234
4 94010
4 13724
4 31832
2 37064
2 16394
2 20958
4 71900
2 51702
2 9292
4 93268
4 55404
2 52200
2 12214
2 72260
2 91720
2 98648
4 51750
4 56968
2 62546
2 64506
4 19960
4 16928
2 45404
2 31990
2 12632
2 30170
4 5628
2 99870
4 52196
2 57102
2 14242
2 54654
4 58650
2 52122
2 34326
2 43042
4 88852
4 73408
2 49648
2 73448
2 77398
2 7712
2 96332
4 48538
2 82
2 68102
2 82882
4 24354
2 99234
4 45768
2 28996
4 75220
2 44814
4 93610
4 2120
2 41704
4 86920
2 46930
2 87168
2 41150
2 48002
2 44698
4 34928
4 82674
2 68208
4 38374
4 6786
4 26682
2 63672
2 25892
4 42550
4 37388
4 94740
4 76682
4 28722
4 3168
4 97020
2 85046
2 62536
2 58784
4 56502
2 7664
4 48582
2 65026
4 78410
2 72282
2 82276
4 63598
2 69742
2 58138
4 17874
4 29570
2 76896
2 25618
4 79366
2 35354
4 72462
2 17810
2 57912
2 33152
2 78100
4 82498
4 45264
4 51180
4 47270
4 99354
4 48318
4 54106
4 70854
4 37332
2 9470
4 31168
4 49650
2 78652
2 2408
4 1378
2 36756
2 19606
4 85730
4 13422
2 44638
4 33844
4 23678
2 20722
4 6738
2 80192
2 60600
2 70968
4 51770
2 77100
2 95710
2 63034
2 40002
4 65338
4 9196
2 5216
2 44518
2 30982
4 9360
4 42940
2 71966
2 22086
4 622
2 92866
4 90014
4 93094
4 97626
2 48610
2 20164
2 62852
4 3932
4 13104
4 79856
2 34510
4 41008
2 24096
2 79722
4 29400
4 56944
4 13640
4 34470
4 47860
2 89760
4 82116
4 51396
4 97410
4 19490
2 59942
4 25098
4 34488
4 69818
4 5798
2 80442
2 41968
4 42568
4 20226
2 54590
2 44600
2 81672
2 77422
4 73986
2 73876
2 12170
2 24206
2 20134
2 32782
2 21096
2 7212
4 89662
4 7932
4 49206
4 58986
2 61620
2 43788
4 56642
4 19484
4 40262
4 32728
4 16110
2 12922
4 12452
4 19148
2 57452
2 72242
4 70266
4 57450
4 51122
4 21174
2 7768
4 22794
2 98108
4 96850
2 31846
4 19004
4 90172
2 78616
4 58968
4 8882
2 13010
2 79302
2 30236
4 12420
4 63442
4 68368
4 28652
2 28556
4 64828
4 64982
2 53424
2 11072
4 74536
2 280
4 75732
4 51010
2 26742
2 93762
2 33776
2 98638
4 55108
2 96090
4 21764
2 92186
4 27570
2 95716
2 64560
4 8902
4 59352
2 62358
4 38180
4 41910
4 10360
4 52336
2 83012
4 66320
2 15420
4 29238
2 82206
2 88734
4 41280
4 47088
2 26930
4 67336
4 20750
4 60940
2 7320
2 24850
4 21206
4 7692
4 11498
2 33328
2 29490
4 63070
4 38890
2 23212
2 52842
4 6476
4 14874
4 65520
4 64306
2 44582
4 91650
2 7300
4 69352
2 42554
4 36270
2 31950
4 93884
2 8116
2 19382
4 21488
2 998
4 66348
4 35770
4 38488
2 51786
2 28732
2 16544
4 77772
2 89150
4 23138
2 77744
2 4628
2 52646
2 71460
4 83784
2 12248
2 97856
2 59104
2 984
2 90998
2 78644
4 81304
2 63226
4 6814
4 84964
2 36610
4 73900
4 918
4 56224
4 97968
4 22040
2 50512
4 8300
4 82412
2 12764
4 89014
2 13298
2 77062
4 65612
4 17702
2 8318
4 34066
2 89408
2 86100
2 60158
4 79230
4 35274
2 45978
2 63634
4 20192
4 22362
2 26678
2 56468
4 24726
4 84948
4 63850
2 7924
4 32278
2 4244
4 6590
4 10380
4 1906
2 65096
4 70358
4 11706
2 34614
2 74376
2 19336
4 55014
2 21286
2 45972
4 35376
2 55400
4 28790
2 65888
4 1424
2 35548
4 59344
4 8492
4 56182
4 27812
4 59298
4 18092
2 50594
2 59518
2 42440
4 13412
4 20716
2 5268
4 87134
4 63614
2 7462
4 16432
4 57198
2 36160
4 68758
2 24120
4 97340
2 33396
2 81506
2 90854
2 88368
2 9252
2 36348
4 29706
4 77188
4 58384
2 65518
4 75976
4 28430
4 44848
2 46834
2 4322
2 87922
2 89960
2 75458
2 980
2 15064
4 29984
4 49606
2 15448
2 65502
4 22296
4 40036
2 47312
4 34162
4 10532
4 27758
4 92256
2 14764
2 33088
4 41140
4 38920
2 52344
4 7044
4 75042
4 38282
4 91444
2 6698
4 77390
4 41804
2 13690
2 64838
2 17096
4 14804
2 50660
4 36116
2 94618
4 12732
4 53854
4 53948
2 92250
2 96258
4 95732
2 12284
4 74012
4 71162
4 96036
2 41538
2 28476
2 84044
4 85388
2 80840
4 234
4 71588
4 83516
4 17920
2 10028
2 46898
2 11468
4 93896
4 55824
4 13970
2 89432
2 98364
4 35416
2 94396
2 98884
2 43732
4 48628
2 1398
2 42776
2 40554
4 28002
2 30568
4 54590
2 59468
2 39486
4 85646
4 88384
2 34036
4 47922
2 34328
2 31138
4 20150
4 21310
2 64812
4 10972
4 56414
2 75178
2 41686
2 16342
4 57300
2 63962
2 70580
4 40740
4 77220
2 50908
2 43226
4 99774
4 78066
4 81560
2 6664
4 46578
4 30104
2 70860
2 98686
2 98594
2 42134
2 63308
4 70610
2 22306
2 69390
2 46334
4 3382
4 11326
4 89182
2 56978
2 39036
2 89982
4 26450
4 15662
4 86942
2 2698
2 60830
2 14918
4 38412
4 54580
4 49826
2 19172
4 69180
4 83944
4 14328
4 99462
4 25716
2 18408
4 34664
4 97764
2 80920
2 58428
2 8040
4 13604
4 48220
2 97256
2 18138
4 66558
2 6958
4 15804
4 9810
2 40734
4 80450
4 35660
2 70498
2 89060
4 43274
4 76394
4 31146
4 19398
4 22682
4 15656
4 28774
4 95148
4 39526
2 47308
2 86488
4 42894
4 2198
4 15156
2 13420
4 13800
2 47808
4 43496
2 54490
4 85908
4 1402
2 83884
2 27586
2 77334
2 39968
2 13762
2 41364
4 30380
4 40014
4 47946
4 77162
4 33686
2 91632
2 28044
2 48280
4 62460
2 93356
4 98392
2 81190
4 70598
2 8556
2 54796
2 39538
4 79394
4 69264
2 64496
4 87988
4 50216
4 81646
4 57024
4 59200
2 61046
2 60238
2 10656
2 57812
2 7896
2 91792
2 81592
2 1220
4 85246
2 20172
2 25468
2 6992
2 96234
4 82522
4 18266
4 58926
2 66684
2 27820
2 61102
2 43368
4 68284
4 2860
2 93574
2 67472
4 35422
2 83516
2 87582
4 39098
4 61964
4 47230
2 15578
2 81342
2 2478
4 44468
2 49218
2 65942
4 34970
2 42388
2 89052
2 18582
2 81890
2 92378
4 33212
2 6174
4 62900
2 51614
2 41664
2 52156
4 44960
4 6378
4 57874
4 79854
2 39976
2 87066
2 47610
2 30256
2 30998
4 90232
4 81292
2 95448
2 90862
2 28592
4 29122
4 40426
2 17094
2 82818
4 86722
4 89684
2 33696
4 71734
2 69380
4 45980
4 47256
2 97202
4 2066
2 45444
2 1708
4 15312
2 72466
2 3424
2 75712
2 15072
4 89660
4 50470
2 67508
2 18392
4 11952
4 88286
4 92176
4 54840
4 26086
4 21410
4 4018
2 46548
2 70022
2 88666
4 9388
4 39648
2 5540
2 60194
2 17260
4 65494
4 12028
2 66174
2 67344
4 43834
2 3018
2 56360
2 47438
2 98996
2 98394
4 4770
4 30408
4 88716
4 16462
2 70016
2 51270
2 24
2 68434
2 64544
4 15932
2 44072
2 87390
4 55686
4 80052
2 25560
4 98916
4 1892
2 33774
4 37622
2 19974
2 82816
2 87046
4 91930
4 10074
4 48596
4 8100
4 71928
2 41996
4 76780
4 71194
2 90720
4 16828
2 25890
4 49276
2 42960
2 36410
2 30680
4 13632
2 31264
2 37428
2 83510
2 38650
4 37314
4 65370
4 72560
2 10614
4 5330
4 75622
2 80816
2 60638
2 63062
2 62376
4 93580
2 73206
4 46966
4 43420
2 85406
2 80508
2 84756
4 3640
2 31170
4 12528
4 25834
2 33620
4 77622
2 60792
4 71268
2 81768
2 51414
4 10250
2 52824
4 8342
4 14288
2 44646
4 61998
2 37324
2 64728
4 81578
2 91820
4 30668
2 39802
4 786
4 59874
4 54218
4 53684
4 66950
2 70530
2 67880
4 39440
2 83208
4 49164
4 57956
4 21092
4 16452
2 51830
2 27968
2 95010
2 6832
4 82734
2 31750
4 50654
4 52760
2 18044
2 15410
4 11100
2 14626
4 87660
2 74628
4 86838
2 33426
4 53416
2 25322
2 4364
4 15572
2 14540
2 40932
4 51094
4 18542
4 83878
4 31348
4 31304
4 62816
4 50710
2 3930
2 81998
2 75192
4 21932
2 27040
4 60028
2 83790
2 41990
4 90736
2 48236
2 75352
4 41798
4 94376
2 26738
2 20418
4 5334
2 79106
4 76246
4 75060
4 86850
2 38032
2 27368
4 4968
2 87492
4 85966
4 56568
2 1988
2 17710
2 32572
2 21658
4 80962
2 10334
2 4368
2 42994
4 96738
2 19924
4 54220
4 63578
4 82138
2 81772
4 18834
2 18336
4 58538
4 84946
4 2220
2 92456
4 96006
2 30952
4 70946
4 52466
2 456
2 28712
4 88642
2 89244
4 40004
4 72474
2 50208
2 11602
4 54180
4 71252
2 39406
2 11792
2 51650
4 97320
2 54812
4 63422
2 25432
4 15968
2 35734
4 79528
2 22090
2 26032
4 96574
4 67344
2 686
2 75618
2 65816
2 69130
2 57484
4 52422
2 40314
2 29406
2 6782
4 1474
4 47334
2 33444
2 59576
4 37254
4 90394
4 68464
4 83714
2 17316
2 8346
4 1214
4 54966
4 64824
2 91940
2 44412
2 19574
2 21526
2 80194
2 39070
2 5562
2 41706
2 4362
2 76200
4 81604
4 14020
4 61368
2 80290
2 32008
2 80892
4 53142
2 69290
4 73240
4 9088
4 20338
4 93654
4 64050
2 32862
4 91990
4 88516
2 66428
2 65572
4 79944
2 82888
2 60772
4 10906
4 28918
2 69238
4 24766
4 82520
4 13292
4 35390
4 64096
4 7710
2 54076
4 27986
4 56570
4 32818
2 17692
4 17204
2 15034
2 92662
4 91484
4 45924
4 68202
4 40304
4 51938
4 82918
2 41080
4 77596
4 78762
2 2142
2 59888
4 60078
4 64210
2 75266
2 37434
4 46608
2 3068
2 88904
2 33298
2 31150
2 66234
2 51166
4 23926
4 46610
4 67982
2 98700
2 41864
2 5848
4 39058
4 46480
2 93604
4 88386
4 27564
2 36646
2 39334
4 13462
4 48276
2 1600
2 45270
4 65358
4 49696
4 57290
4 51036
4 82144
2 57044
2 59304
4 2460
2 50790
2 56116
4 60866
4 16480
2 12880
4 86534
2 822
2 33460
2 71544
2 7774
2 21700
2 97168
2 96790
4 29398
4 82280
4 65406
2 67956
4 67474
2 13266
4 16708
4 41694
4 44752
2 77686
2 36568
4 55346
2 45038
4 73548
2 6144
4 98472
2 46250
4 97064
4 58506
2 40284
2 27058
4 7212
4 23494
2 84308
4 7712
2 27644
2 73922
2 96954
2 85196
2 20202
2 37508
4 53600
2 48356
4 72448
4 82952
4 86194
4 51298
2 50742
4 51872
2 98926
4 54596
4 66772
4 55994
2 47886
2 13954
2 5952
4 5822
2 67178
2 35264
2 59696
2 87742
2 1784
2 41850
4 95596
4 26708
2 20062
2 7656
4 39232
4 73522
4 22752
4 71236
2 25642
4 37414
2 58448
2 56992
4 67828
2 12094
2 44452
2 16452
4 90790
4 14852
2 44648
4 59954
4 77448
2 43848
2 77064
2 71038
2 78322
4 72718
4 94896
2 75878
4 99846
4 56228
4 88532
4 9998
4 42418
4 25318
2 7504
4 74628
2 67362
2 54120
4 49634
2 8142
2 58278
4 96904
2 36522
2 846
2 37420
2 84576
2 56778
4 37714
2 69294
4 4222
4 60512
4 34766
2 34616
2 69720
4 31504
2 29824
2 6672
4 7648
2 58714
2 7820
2 94024
2 73404
4 71870
2 73766
2 9952
2 87024
2 45826
4 67732
2 27106
4 14456
2 60930
2 80402
4 62098
2 8894
4 3108
2 31140
2 70336
4 7326
2 40786
4 3514
2 88992
2 41014
4 88640
4 51324
4 91872
2 82786
2 2274
2 26058
2 9732
2 55454
2 29180
2 3692
4 65394
2 58486
4 29106
4 86786
4 63872
2 6628
4 44670
4 99720
4 86578
4 84882
4 81090
2 7846
2 75240
2 46264
4 48818
2 2268
4 35330
4 95758
4 52812
2 27708
4 63728
4 70860
4 72376
4 34188
2 77354
4 83074
4 47864
2 48952
2 34248
2 96650
4 49274
2 25380
4 98716
2 67460
2 89696
4 56284
2 8804
4 2500
2 68252
4 76866
4 67324
2 38592
4 60412
2 67806
2 94494
2 75868
2 74800
2 53850
4 70232
4 93130
4 65282
4 17596
4 82164
4 40590
4 9306
4 65178
4 23016
2 74232
4 26060
2 68400
4 64046
2 28316
4 59554
2 6748
4 17362
2 85368
2 11660
2 47730
4 92290
4 43198
2 82260
2 74506
2 55908
4 54054
4 53228
4 25890
2 17744
4 53654
4 89402
4 38354
4 47286
2 50636
4 95456
4 48116
4 52030
4 48332
4 63364
2 28580
4 39906
4 46122
4 91622
4 21828
2 50098
4 51756
4 87440
2 18926
4 80788
2 19572
4 30076
4 82932
4 92516
4 35348
2 77012
4 38132
4 72908
4 26260
4 71454
2 71264
4 30722
2 89702
4 62382
2 87110
4 6230
4 76776
4 41362
2 13974
4 95386
2 2726
2 1202
4 33498
2 7216
2 61700
2 876
2 89396
2 55072
2 40400
4 23848
2 56272
4 67414
2 42184
2 69794
2 84340
4 46350
4 14238
4 74260
4 44580
4 31720
2 61610
2 58332
2 23910
2 90492
4 79996
4 67408
4 55384
4 55348
4 78884
2 97564
4 8998
4 29304
2 19228
4 38812
4 93598
2 81136
2 30582
2 57264
2 5212
4 11818
4 71186
2 76600
4 16390
2 76762
4 24036
2 95640
4 89116
2 75842
4 96780
2 92630
2 43012
4 99758
2 63898
2 60902
4 82478
4 25710
4 36098
4 89762
2 33410
4 42230
4 14174
4 81220
2 57022
4 35646
2 20476
4 92286
4 33376
4 38976
4 9412
4 88398
2 23078
2 17966
4 3688
4 60256
2 80788
2 78482
2 65900
4 22554
2 41780
2 83006
4 550
2 43202
4 74082
2 20676
2 16252
4 64450
2 11040
2 13636
2 60544
2 18824
4 78684
2 91422
4 43162
2 84564
2 89822
4 95662
4 59538
4 99282
2 55764
2 57520
4 47416
4 99224
4 88706
4 2162
2 75008
4 47312
4 38530
2 28726
4 40272
4 95994
4 95422
2 6896
2 94080
2 78486
2 43124
2 19322
4 34468
2 83584
4 56278
2 14420
4 59558
4 39580
2 90610
2 74086
2 38462
2 26044
4 86228
2 86478
2 73708
4 69790
4 45700
4 63136
2 26754
4 11028
4 8250
4 81916
2 90828
2 78686
2 87644
4 48158
2 4114
4 60430
4 57168
2 86452
2 69200
4 53514
4 53058
4 42154
2 76024
2 71418
2 90068
4 17586
2 34200
2 59414
4 92980
4 88140
2 19888
2 18302
2 29698
4 65324
4 97642
2 79052
4 75690
2 41046
2 28462
2 78352
4 9040
4 53618
2 17712
4 34300
4 76048
2 33602
4 87052
4 81796
2 27922
4 51894
2 38936
2 98076
4 78046
4 11522
4 23348
2 94904
4 48604
4 52474
2 97096
2 40480
2 40148
2 20462
4 8768
4 68604
2 3870
4 26980
2 50702
2 57308
2 57560
4 63212
2 61284
4 61734
2 24524
2 37764
2 33740
4 3044
4 2776
4 98294
4 52728
4 88834
2 53044
4 72736
2 87052
4 95496
2 6396
2 32196
4 32860
2 23202
4 97454
4 27276
4 88618
4 43558
2 55272
2 72622
2 86114
2 52828
4 94686
2 51926
2 34006
2 44644
4 29094
2 88696
2 22480
4 76626
2 6758
2 48530
4 70882
4 39076
2 70986
4 20138
2 85310
2 204
2 70814
4 69020
4 50866
2 4216
4 86586
2 63262
4 62842
2 22378
4 75474
2 13006
4 6232
4 99396
4 91928
4 66308
2 66610
4 41522
2 80950
4 3874
4 83128
2 93346
4 33360
2 7586
2 93052
2 66024
2 74908
2 58540
4 56734
4 93786
2 3980
2 5556
4 53092
4 18014
4 35624
4 57680
4 27778
4 69972
2 38382
2 8832
4 36016
4 12736
4 1304
2 28138
4 92048
4 9444
4 71692
4 73416
2 22734
4 76586
4 62260
2 84316
4 18804
4 53438
4 86536
2 46418
4 87812
2 68304
4 63390
4 47626
2 63870
2 52882
2 12112
2 28312
4 38978
4 71774
4 24638
4 51946
4 60386
2 12358
4 94854
2 47352
2 43908
4 77748
4 73822
2 75776
4 68690
4 80544
2 31610
4 18050
4 49564
4 90812
4 80802
2 51492
4 5126
2 97964
2 82266
2 59042
2 21428
2 84368
4 86176
4 24132
4 20372
2 21440
2 98080
4 31802
4 85680
2 75538
4 46370
4 83562
2 3080
4 83338
2 75098
4 23110
2 38368
4 89006
2 91160
2 86314
2 91790
2 98936
4 51322
2 77642
4 91908
4 32752
4 21160
4 61758
2 41626
2 34188
4 58172
4 52838
4 4402
4 74494
4 95284
2 47502
2 74602
4 65862
4 81822
4 85342
4 34472
2 32106
4 63186
2 59238
2 16978
2 42342
4 90084
2 85454
4 12974
2 27252
2 52498
4 34270
4 44268
2 20032
4 82374
4 38664
2 1496
2 74840
2 80830
4 34042
4 70710
2 93270
4 95050
4 46664
2 22714
4 12522
2 79922
4 67714
4 55918
4 48904
2 47424
4 59734
4 97458
2 96992
2 51818
2 56948
4 45534
4 60396
4 22568
2 53102
2 45658
4 22396
2 42594
4 9542
4 90080
4 88128
4 77846
4 72742
4 34032
4 79112
2 84492
4 26462
4 43074
4 50632
4 12994
2 96238
2 3592
4 3958
2 13674
2 8762
4 65536
4 3588
4 80040
4 51128
4 89912
2 16296
4 83968
4 92660
2 38310
4 96546
4 23966
2 88644
2 77228
2 62920
4 96072
4 60806
4 1018
4 694
2 32690
4 47580
2 40264
4 21626
4 41884
4 24368
2 50848
4 84346
2 36258
2 45176
2 60644
4 10302
2 47250
4 84212
2 8628
4 55844
2 1966
4 90170
2 19588
2 89780
2 42306
2 20682
4 61732
2 88560
4 92304
2 24728
4 48890
4 16736
4 33236
4 35142
4 12684
2 50446
4 34180
2 4348
4 35470
4 41230
4 58766
4 8972
4 10442
4 25306
2 69470
4 7404
4 52368
2 76472
4 63686
2 44364
2 13144
2 25198
2 78316
4 1290
2 49926
2 35998
2 96052
4 77510
2 11706
4 84240
2 85492
2 89012
2 76682
2 95262
4 99294
4 58572
2 60142
2 23512
4 88016
2 82000
4 69256
2 73498
2 60976
2 84174
4 32328
4 30048
2 30754
4 86746
2 12034
2 51152
4 15298
4 28242
2 6440
4 66656
2 31036
2 82270
2 76820
2 96670
4 15544
2 3094
2 5332
2 26858
4 84052
4 26534
4 62384
4 38268
4 8028
4 42800
4 34942
4 91818
4 85520
4 19654
4 28840
2 64116
4 65428
2 32064
4 95944
4 55028
4 98108
4 73814
2 60808
4 17386
2 92486
4 48004
4 34246
4 66072
2 93506
4 43930
4 76456
2 37796
4 15138
4 75050
2 71266
2 89650
2 74166
4 81138
4 84102
4 39772
2 31606
4 31734
2 83156
4 31014
2 32972
4 72072
4 43238
2 99636
4 91078
4 19512
4 11872
4 21616
2 83194
4 64332
4 16174
2 84258
4 74934
2 78378
4 39538
2 12608
4 22550
4 45208
2 77146
4 57464
2 49586
4 99748
4 89312
4 30098
4 8826
4 66742
4 69048
4 62220
4 17076
2 40232
2 14670
4 46958
2 12746
2 28174
4 96844
2 74954
2 37536
2 39850
