500 100
179 174 145
165 159 135
164 157 138
145 136 119
137 128 111
135 123 107
121 109  93
204 193 175
187 176 156
135 124 102
129 119  94
118 110  87
103  98  76
117 116  96
 70  73  56
118 120 106
148 146 131
134 132 119
145 141 129
152 146 130
129 121 100
115 105  80
141 129 105
135 124 102
131 125 103
132 130 109
142 137 118
156 149 130
132 122  97
146 132 103
145 130  99
139 124  93
146 130  94
145 127  89
145 126  84
144 125  83
149 131  93
142 127  94
132 120  96
141 132 115
158 152 140
163 160 153
151 151 143
144 145 131
158 160 139
186 184 161
105  98  80
 64  54  44
117 105  91
125 113  89
223 211 173
231 219 171
209 197 147
186 173 129
152 137 104
170 158 134
145 136 121
149 142 134
146 138 136
144 136 134
147 140 134
143 134 125
135 125 116
136 123 115
138 132 116
151 147 136
154 155 149
126 131 124
114 124 115
115 123 112
138 141 132
108 108  98
115 112  97
161 154 136
178 169 154
194 184 172
200 190 178
194 186 173
116 109  93
114 105  90
127 121 107
124 114 102
137 125 113
190 182 169
191 191 179
143 146 139
117 117 117
140 139 144
142 141 146
149 149 147
150 147 138
173 166 150
195 184 166
193 180 161
193 178 159
192 176 160
189 175 149
165 153 127
155 149 123
136 134 111
132 131 111
139 136 121
182 178 166
139 133 119
145 138 119
174 163 135
164 149 110
178 160 112
203 186 134
199 183 134
192 177 136
203 184 152
218 204 177
203 191 177
 58  49  42
 22  12   0
 76  66  39
143 135  98
179 173 137
157 154 123
167 163 136
141 136 114
132 129 112
127 125 112
132 130 117
195 192 177
162 156 142
144 138 126
160 155 133
172 161 139
132 118  92
118 107  77
145 136 107
138 132 108
107 100  84
129 125 114
132 132 124
132 133 127
142 141 136
152 149 142
194 192 180
194 195 181
187 185 173
118 115 106
 65  63  50
112 113  99
140 142 129
137 139 125
131 133 119
120 121 105
123 120 105
127 120 102
182 171 149
175 161 134
177 162 131
216 201 168
149 136 102
175 164 132
141 132 103
153 143 118
149 146 129
172 169 152
184 181 164
146 143 128
131 128 113
126 124 111
127 125 112
160 158 145
167 165 152
150 151 137
169 167 154
128 124 112
135 128 118
137 130 120
142 138 126
141 139 126
153 159 149
127 134 126
127 138 132
142 153 149
 23  32  31
147 149 146
105 105  95
149 150 136
149 150 132
145 144 124
177 172 153
183 173 161
140 129 123
162 152 151
158 146 148
140 128 128
 92  90  78
153 153 145
132 133 127
 63  68  62
 46  56  48
 21  30  25
 19  24  20
 14  16  13
  9  10   5
 23  26  19
 25  28  21
 62  65  58
 93  94  88
122 123 117
139 136 131
137 132 129
138 136 123
149 143 131
146 136 126
153 143 131
158 149 134
124 115  98
199 190 173
196 189 173
191 187 175
 46  44  32
 99  97  85
170 168 156
142 138 127
155 151 142
129 122 114
134 125 118
154 143 139
155 144 140
156 146 137
157 149 138
162 154 143
165 159 145
156 150 136
157 151 137
143 137 123
140 134 120
139 136 121
120 117 102
 90  88  75
118 115 106
150 147 140
148 143 139
155 148 140
156 145 139
181 168 162
154 141 133
155 147 136
154 148 134
151 145 133
164 158 144
236 230 216
162 154 141
114 106  95
119 112 104
 91  88  83
 65  62  57
 35  30  24
117 108 101
131 119 105
139 127 113
162 150 136
 93  81  69
 95  83  69
172 163 146
178 167 145
154 142 116
122 108  81
106  92  66
128 118  93
187 181 157
171 165 139
180 175 145
187 182 150
215 210 180
155 151 122
136 132 107
131 124 105
156 149 123
117 107  72
121 110  65
178 167 121
161 153 107
152 147 107
157 151 115
158 150 111
176 168 121
183 174 119
199 193 133
189 184 126
188 185 132
133 141 100
127 141 108
149 171 150
 71  99  84
 53  84  68
 87 116  96
108 127 105
130 135 112
161 155 131
133 122 100
 69  58  40
 34  28  14
 18  15   6
116 117 109
 58  61  54
 20  23  16
 13  18  14
 83  88  84
124 126 123
125 125 123
128 127 122
120 120 112
101 102  94
 82  85  76
140 141 133
109 109 101
123 123 115
111 111 103
121 118 111
102  99  94
 13   9   6
 21  19  20
 61  62  64
104 108 109
 94 100  96
 68  75  67
 53  56  47
145 142 137
204 200 199
 34  33  31
 37  38  33
 28  27  23
 43  38  34
210 201 194
183 176 160
107 100  81
 84  77  58
162 153 136
205 197 184
 78  69  54
130 119 101
212 202 177
142 132 105
174 164 137
196 186 161
240 232 211
213 208 188
189 184 165
135 129 113
103 100  85
169 167 154
142 143 129
109 107  95
127 123 111
164 157 151
167 160 154
155 148 142
 69  62  54
130 124 110
237 229 210
241 227 201
228 209 177
226 206 169
141 119  82
121  98  67
169 149 124
188 173 152
144 136 117
 68  61  45
149 141 128
148 134 121
169 157 143
166 159 143
153 150 133
157 155 140
144 145 131
148 146 134
139 136 127
107 103  94
 57  48  41
 76  66  56
206 199 183
165 160 140
167 164 145
162 156 140
149 139 127
117 110  91
153 142 120
190 177 145
147 132  89
185 170 115
225 210 151
216 201 146
214 197 151
213 201 163
185 179 153
 58  59  43
143 146 135
157 159 148
 94  91  82
106 101  98
114 108 112
141 126 121
203 185 173
186 166 142
220 202 164
200 189 144
215 207 168
180 175 146
164 157 141
 66  52  43
 39  15   5
 65  31  19
 70  32  19
111  79  66
174 152 139
 34  24  14
 14   9   3
 42  21   4
 79  51  29
127  90  64
127  82  53
184 135 103
196 147 107
205 155 102
155 109  47
174 139  75
134 111  61
117 104  72
243 235 216
203 196 180
 74  67  49
 58  49  32
 87  75  61
111 103  82
247 235 213
224 209 188
242 226 210
225 211 200
 95  85  75
 37  29  18
104  96  83
123 117 103
 35  29  17
 88  85  76
 41  41  33
 19  18  13
 28  27  22
 56  53  48
 68  63  57
 72  62  52
166 156 144
238 226 212
161 150 132
122 111  91
212 201 181
117 104  85
193 180 161
193 178 157
145 130 109
170 157 138
207 198 183
107 101  89
125 125 115
 41  43  38
 76  81  77
142 144 141
123 122 120
156 148 145
155 145 136
182 170 156
154 142 126
184 175 160
168 161 145
 73  66  48
173 166 147
209 204 185
168 165 148
147 146 128
135 134 116
165 164 144
112 109  90
 78  72  58
101  95  83
120 116 104
130 131 117
 62  64  51
114 116 103
163 163 151
122 122 110
 54  55  41
 71  74  55
116 119  98
109 108  87
 92  91  63
 88  85  54
116 113  78
140 137 102
138 133 103
 93  86  67
 99  93  81
140 133 125
107 101  77
 94  87  68
178 171 153
152 146 130
158 150 137
153 143 131
146 134 120
205 193 177
210 199 181
212 201 181
181 173 154
165 158 139
201 198 179
177 178 160
148 149 135
142 142 130
138 136 121
136 134 121
132 130 115
147 144 125
132 126 102
132 125  99
135 125 100
101  93  70
167 161 137
150 144 122
192 186 164
205 197 174
177 165 139
146 132 103
140 123  93
147 131  98
148 130  92
145 126  86
151 129  88
150 131  89
147 129  91
143 128  95
139 127 101
142 133 116
148 144 133
148 145 136
152 152 140
165 166 150
153 152 134
139 136 119
136 130 118
 69  59  50
 85  75  63
 97  86  64
116 107  68
180 172 123
180 173 121
190 178 136
180 166 137
157 146 126
132 124 111
132 128 119
142 134 132
131 122 123
135 127 124
139 132 124
150 141 132
205 192 184
170 164 150
149 145 134
150 149 144
135 140 134
102 109 101
 42  50  39
 75  78  67
103 103  91
130 126 114
 84  78  64
111 101  89
192 182 172
208 199 190
210 203 193
193 189 178
171 164 154
143 140 131
148 141 131
162 153 144
165 158 148
161 161 153
127 129 124
113 115 114
121 122 124
146 146 146
136 135 130
136 132 121
168 161 145
178 170 151
179 168 148
208 195 178
165 149 133
199 187 165
196 186 161
174 167 141
151 146 124
132 129 112
151 147 135
201 197 185
172 166 152
156 149 131
191 181 156
211 197 162
228 211 167
183 167 116
201 185 136
224 209 168
216 200 167
225 210 189
 79  67  55
  8   0   0
 81  73  60
187 180 154
203 197 163
163 158 126
134 130 101
158 154 129
142 137 117
124 118 104
129 125 114
145 141 130
181 174 164
173 169 157
189 185 174
167 164 145
197 190 171
135 127 104
130 123  97
141 135 109
138 132 110
115 109  95
131 127 118
136 135 131
138 139 134
145 146 141
144 144 136
172 169 160
175 171 160
193 189 178
212 208 197
153 154 140
 89  91  77
138 142 128
145 151 137
133 137 123
145 146 132
151 148 133
164 157 138
185 178 152
136 125  97
203 189 160
174 161 129
139 128  96
151 145 113
181 175 149
172 166 144
138 136 123
116 112 100
141 137 126
148 144 133
126 122 111
146 142 131
166 164 152
154 150 139
226 222 210
179 177 164
113 114 100
140 138 126
153 149 138
148 144 133
153 151 139
149 151 138
138 148 139
135 148 141
116 132 131
127 145 145
 61  75  75
 89  98  93
120 123 114
188 189 175
205 204 186
183 180 161
149 143 127
169 161 150
151 142 135
148 138 136
169 159 158
133 121 123
128 125 116
150 149 144
135 136 131
136 141 135
 53  60  53
  0   5   0
 10  12   9
 35  35  33
 68  69  64
104 105 100
120 120 118
141 143 140
141 143 138
129 130 124
131 130 125
133 130 125
136 134 122
151 147 138
137 130 122
145 136 127
163 155 142
135 127 114
176 170 156
164 160 148
145 143 131
115 115 105
 41  41  31
139 136 127
150 148 136
155 148 138
148 139 130
151 140 134
151 140 134
156 146 137
153 145 134
150 147 132
151 152 138
151 153 140
155 158 147
160 163 152
169 171 157
166 168 154
159 160 146
128 129 115
 96  98  85
142 144 133
144 144 136
147 146 141
145 142 133
162 155 147
154 145 136
145 136 127
156 149 139
142 140 128
142 139 130
145 145 133
143 143 131
132 130 118
107 103  92
115 111 102
152 147 141
 91  84  78
 57  46  40
 96  83  75
128 112  97
 87  71  58
115 101  90
143 130 121
 64  54  42
 69  59  47
 91  82  65
123 110  91
161 146 123
171 157 130
214 199 170
202 187 156
215 202 167
217 205 167
196 184 146
156 144 106
170 160 124
143 132 102
136 125  97
157 143 108
114  98  49
144 128  69
179 163 104
167 155 105
172 165 123
151 149 111
159 161 124
162 167 126
140 146 100
118 126  77
114 122  75
120 125  84
136 149 119
 80  95  74
 77  99  86
 61  88  79
 60  90  80
 51  79  65
 51  75  59
 68  85  67
 89  96  80
 65  66  52
 78  75  66
108 107 102
 88  90  87
 35  41  37
  3  12   7
 14  23  18
 43  52  47
 74  80  76
114 119 115
127 128 123
126 125 120
120 121 113
 95  96  88
 98  99  91
109 109 101
114 111 104
119 116 109
121 118 111
121 118 111
103 100  95
 52  51  47
 24  23  21
 44  48  47
127 133 131
142 148 144
124 129 123
113 114 108
 94  91  86
112 106 106
 38  37  35
 29  30  25
 69  70  65
 78  73  69
152 143 138
185 177 166
180 174 158
182 176 160
184 176 165
 64  57  47
 32  26  14
149 142 124
186 179 160
169 163 141
175 169 147
163 156 137
158 153 134
143 137 121
142 138 126
 50  46  34
 88  86  74
171 169 156
183 181 168
171 169 156
158 154 143
154 150 141
154 147 141
147 140 134
163 156 146
222 214 201
222 213 196
253 238 215
220 203 173
196 178 140
189 169 132
208 189 157
208 192 166
177 166 144
109 103  81
120 113  94
155 148 129
160 147 131
152 143 128
155 149 135
141 139 126
146 147 133
145 146 132
122 123 109
180 178 166
149 145 133
 37  31  17
 81  74  55
168 162 140
179 173 151
204 199 180
141 135 121
119 112 102
160 154 142
153 144 129
145 130 107
176 160 127
196 179 135
197 181 129
192 179 126
187 175 127
217 207 171
 91  85  59
 17  14   0
 73  72  54
187 184 165
 47  42  23
 17   9   0
  9   0   0
 28  14   5
187 171 158
101  84  68
167 151 128
181 166 143
175 164 142
129 121 102
165 156 141
109  96  80
124 103  86
109  80  62
 96  64  43
 83  55  34
125 104  87
 76  64  50
 58  51  41
 57  36  19
 93  60  41
142  97  76
150 102  79
129  83  57
130  88  50
227 188 131
188 151  81
207 177 105
201 179 122
167 153 118
248 240 217
197 190 172
129 121 102
146 135 117
188 176 160
187 179 160
215 204 184
239 223 207
251 235 220
152 140 128
  7   0   0
 30  23  15
 58  54  45
 91  89  77
 25  25  13
 48  48  36
 27  28  20
 27  29  24
 30  31  26
 25  24  19
 39  36  27
 76  66  54
189 177 163
167 155 139
190 179 161
 76  65  47
123 112  94
125 112  95
106  93  74
205 192 173
181 168 151
197 183 170
139 126 117
105  98  90
102 102  94
127 129 124
137 139 136
131 131 129
141 137 136
141 133 130
143 134 127
139 129 119
148 140 127
143 135 122
 69  66  51
 92  90  75
 88  89  71
147 148 132
136 138 124
104 108  93
110 114  97
128 131 114
134 133 115
109 103  89
154 148 136
206 204 191
156 157 143
122 124 110
120 122 109
165 165 153
 81  81  69
102 103  89
127 128 110
108 107  87
118 116  93
112 108  79
118 115  82
124 120  85
130 126  91
131 126  96
156 148 127
153 145 132
127 120 110
213 205 186
195 188 170
183 177 163
165 162 147
158 152 140
173 165 154
164 152 140
155 143 127
171 160 142
136 128 107
119 111  92
205 199 183
169 167 152
138 140 126
131 133 120
134 136 125
139 140 126
127 128 112
131 132 114
134 133 112
132 130 107
151 147 122
128 120  97
120 112  89
130 122  99
154 144 119
140 130 105
161 149 123
154 143 115
139 125  96
131 116  85
126 111  78
141 121  84
146 127  87
144 122  83
154 135  95
146 128  92
146 130  97
139 127 103
144 137 121
150 146 135
141 141 129
139 140 124
148 147 129
157 155 140
130 128 116
133 126 116
127 117 108
 88  79  64
 84  74  49
 67  58  19
150 144  96
151 145  97
110 102  65
143 133 108
145 136 121
123 119 107
136 133 126
180 175 171
146 140 140
142 137 134
146 141 137
160 153 145
157 147 138
142 136 122
102  98  87
141 140 135
143 145 140
 99 102  95
 71  74  63
 51  53  40
 50  50  38
 82  79  70
100  93  85
104  95  88
143 134 127
154 147 141
129 126 121
139 138 133
123 122 117
147 148 142
114 113 108
138 135 130
121 118 113
 96  97  92
 78  80  79
 82  86  87
 84  86  85
 87  86  81
 87  83  71
 95  90  71
113 107  85
112 104  81
109  98  76
158 145 126
144 131 114
167 159 138
150 142 119
138 130 107
198 191 172
145 139 125
155 148 138
143 139 130
181 177 165
149 143 127
166 158 137
215 203 177
195 181 146
220 205 162
189 176 131
210 196 159
236 221 192
109  96  80
 59  49  39
 91  84  76
173 169 157
223 218 198
205 201 174
206 202 175
134 132 109
150 148 127
159 156 139
138 132 120
120 113 105
140 133 127
161 156 150
151 146 140
163 160 153
143 141 128
144 142 127
137 134 115
134 129 109
123 118  98
133 126 108
125 119 105
130 127 120
130 129 127
136 138 135
146 148 143
142 142 134
135 132 125
148 141 133
177 168 159
206 198 187
144 145 131
 62  66  52
 81  89  76
153 165 153
155 165 154
145 148 137
135 136 122
195 192 173
151 145 121
164 154 127
193 182 154
129 118  90
206 197 168
159 154 125
194 189 167
145 142 125
150 150 140
112 109 100
146 143 136
147 142 136
161 156 150
161 156 150
213 208 202
210 203 193
166 160 148
201 197 185
172 173 159
141 141 129
154 152 140
152 150 138
153 155 144
145 151 141
115 130 123
100 121 116
 63  89  88
 45  74  72
 64  89  86
 72  87  82
118 125 117
174 176 165
221 219 206
210 207 192
139 133 119
157 150 140
154 145 140
152 144 141
157 149 147
111 102 103
159 156 151
143 139 136
139 140 135
142 143 138
117 120 113
 69  71  66
101 102  97
141 142 137
137 136 132
135 134 132
142 141 139
150 150 148
132 133 127
131 132 124
127 127 119
139 136 131
141 141 131
152 149 142
148 141 135
144 135 128
156 148 137
125 121 109
146 146 134
146 146 136
152 152 142
164 164 154
112 109 102
 87  84  75
148 144 133
154 146 133
161 149 137
172 158 147
148 134 121
149 136 120
152 144 125
158 156 135
143 147 130
135 145 134
112 124 114
108 120 110
118 130 116
113 124 107
109 118 101
119 126 110
121 129 114
122 130 117
131 137 127
126 129 122
128 131 120
161 161 149
127 123 112
119 115 104
148 148 138
148 151 142
156 162 152
114 122 111
 93 103  92
 93 103  92
155 161 149
192 194 183
149 145 136
 73  60  52
 70  52  42
 96  74  63
163 141 120
147 126 109
 70  54  41
 54  41  32
 77  68  59
131 124 114
 73  65  54
106  96  84
176 163 144
192 177 148
196 177 137
174 153 106
210 188 138
210 190 137
185 165 112
 97  77  24
122 102  51
125 106  63
158 139  99
158 137  90
173 149  87
183 159  87
182 159  91
156 141  86
148 145 104
152 157 125
120 135 106
 82 103  72
 64  89  57
 53  78  46
 61  82  49
 60  77  43
 65  83  57
 87 105  89
 74  95  88
 71  96  93
 54  83  79
 60  90  80
 70  98  86
 62  85  75
 52  71  65
 58  70  68
105 114 113
134 139 142
101 111 113
 53  67  68
 43  59  59
 44  58  58
 17  32  27
  0  11   7
 39  43  42
129 130 125
118 119 111
114 116 105
107 107  95
111 108  99
123 119 110
121 117 108
121 114 106
119 114 108
120 115 109
137 134 129
143 142 138
128 127 123
125 130 126
139 144 140
116 122 120
 86  91  87
 81  80  76
148 143 140
147 142 139
126 122 119
139 140 135
144 145 139
130 127 122
140 133 127
 87  80  70
 59  53  41
 67  63  52
 80  75  69
 20  17  12
 19  14   8
 34  30  19
 64  60  48
 53  51  36
 30  28  15
 18  16   3
 20  18   6
133 129 120
141 138 131
 70  67  60
 90  87  78
157 155 142
168 165 150
212 206 192
172 166 154
129 125 114
120 116 105
142 135 125
183 174 165
158 150 137
155 143 127
246 234 210
167 152 119
172 154 116
211 193 153
207 191 157
176 165 137
174 167 141
161 155 129
175 168 142
187 177 150
181 166 145
175 164 146
181 175 159
151 149 136
140 140 128
131 131 119
154 155 141
194 192 177
221 216 197
203 197 175
170 165 136
143 136 107
133 126 100
194 186 167
155 147 134
142 138 129
134 129 123
111 102  93
102  89  73
 84  68  45
126 110  77
198 183 140
185 172 127
213 204 161
182 176 144
 20  14   0
 28  23   4
 44  38  14
 61  55  23
 49  40   7
 78  69  38
 72  60  34
 63  48  29
174 159 138
135 120 101
 28  12   0
 42  26  13
162 146 133
211 197 184
226 214 198
166 155 137
157 140 120
173 149 125
161 134 107
114  88  63
113  92  71
 87  74  57
 90  82  69
 76  55  38
106  71  52
137  88  71
130  81  64
130  92  71
115  86  52
182 157 101
193 167  93
185 162  86
174 154  93
189 176 134
244 234 207
232 224 203
216 205 185
165 152 135
125 112  95
217 208 191
221 212 195
234 222 206
206 194 180
 97  89  78
 78  71  63
 23  20  13
 32  32  24
 73  75  62
 15  17   3
 23  27  12
 16  19   8
 33  36  29
 13  15  10
 41  41  33
 55  51  40
 69  61  42
167 155 139
116 104  88
210 201 186
133 126 110
 51  43  30
132 123 108
119 110  95
124 117  99
174 164 152
175 162 154
 37  26  22
 61  56  52
 95  94  89
109 108 103
141 138 133
129 128 123
138 133 129
140 130 128
148 137 131
159 150 141
128 122 110
 84  82  69
109 110  96
101 108  92
 87  96  79
104 112  97
119 127 112
118 126 111
112 119 103
124 128 113
123 125 111
128 122 108
101  95  83
127 125 112
 94  95  81
130 131 117
134 135 121
 99 101  87
 98 100  87
143 145 131
132 133 117
113 110  91
 88  83  61
123 119  90
144 141 110
126 120  88
141 132 101
144 137 109
 94  86  65
142 132 120
135 129 117
199 191 170
225 218 200
204 198 182
162 159 144
166 163 148
162 156 142
165 158 142
163 154 137
153 145 124
146 140 114
202 196 172
179 178 157
125 130 110
116 125 108
127 135 122
134 137 128
139 139 127
133 135 122
131 133 119
133 136 117
138 140 119
108 106  85
126 120  98
164 153 133
147 135 113
166 152 126
167 153 126
150 136 109
149 137 111
160 150 123
162 151 123
134 123  93
123 107  71
144 126  90
145 125  88
145 125  90
152 133 101
176 160 134
181 168 149
151 144 128
157 155 142
153 154 140
131 129 114
142 139 124
215 211 199
155 151 139
144 138 124
156 147 130
136 129 103
100  91  60
117 108  69
127 118  77
 81  75  39
 83  76  48
 50  43  24
130 124 112
116 113 104
146 146 138
116 115 110
152 148 145
123 119 116
 68  63  60
141 136 130
136 129 119
133 129 117
102 100  88
145 142 137
139 136 131
100 100  90
108 109  95
 98  99  85
 71  68  59
109 104 100
145 140 136
135 127 124
144 139 133
169 166 161
140 141 136
136 137 132
109 110 104
 83  85  80
 97  98  93
 67  67  65
 75  75  73
 96  96  96
 83  87  88
 92  96  97
124 125 120
 92  88  77
 81  74  55
117 110  84
137 130 102
128 118  91
138 127 105
139 128 110
142 130 114
137 130 111
126 118  99
127 119 100
154 147 128
155 149 135
170 166 157
140 135 129
144 141 132
140 138 123
146 140 124
192 183 166
194 182 158
196 186 151
182 173 132
209 198 166
132 120  96
 38  28  16
107  98  89
217 213 204
146 146 134
 92  95  78
109 112  93
131 134 115
112 115  96
124 127 110
139 140 126
140 137 128
131 126 122
131 127 124
143 139 136
138 137 133
131 130 126
137 136 131
132 132 122
127 125 112
122 119 102
123 116 100
136 129 113
130 124 110
126 122 113
132 131 127
138 138 136
136 136 134
137 136 131
145 142 137
149 142 136
181 172 165
202 192 183
135 135 123
114 117 106
 70  80  71
 56  72  62
 78  95  85
115 131 121
192 200 189
172 175 158
144 142 119
154 147 119
155 146 117
209 197 171
202 192 167
158 152 130
179 173 157
190 186 174
200 202 189
187 187 177
131 126 120
148 143 139
147 142 136
137 132 126
151 144 134
163 155 144
163 156 140
196 190 174
235 232 217
184 182 167
144 140 128
151 149 136
162 164 153
131 137 127
 93 110 100
 52  77  71
 45  80  76
 50  86  82
 56  87  82
 71  92  87
115 126 120
158 161 154
163 163 155
106 102  91
 40  33  23
120 113 105
160 152 149
150 142 140
136 131 128
100  95  92
152 148 145
147 143 140
145 144 140
134 133 129
134 135 129
136 137 131
139 140 135
124 125 120
132 131 127
136 132 129
132 129 124
139 134 130
140 137 128
137 137 125
130 128 116
120 117 110
146 143 134
140 137 128
140 133 125
153 146 136
155 148 138
120 116 107
141 138 129
160 160 152
154 154 144
147 144 135
158 154 143
 75  66  57
136 126 114
150 137 121
145 128 110
169 148 129
139 117  94
173 153 126
141 128  96
115 110  80
115 117  93
107 116  99
 99 111  99
 75  92  76
 86 105  86
106 123 104
111 126 107
109 122 104
118 131 114
104 117 100
139 150 136
119 127 116
104 112 101
139 143 129
128 129 115
110 110  98
134 137 126
127 137 126
 95 111 100
120 140 128
135 157 144
114 137 119
121 138 120
 98 107  90
 51  49  36
 46  32  21
 97  71  56
138 107  87
139 110  80
103  75  51
 88  65  49
 84  70  57
 86  79  69
141 137 128
147 143 134
122 115 105
125 116  99
165 152 120
179 158 113
182 157 101
193 169 105
190 167 100
174 154  85
167 144  76
154 133  68
176 154  97
146 123  73
142 117  61
188 160  95
203 176 105
195 174 107
179 169 118
139 140 106
103 117  92
 60  83  63
 52  84  63
 55  93  70
 67 103  77
 62  93  62
 76 102  67
122 143 110
103 125 104
 88 109 102
 64  88  88
 56  82  81
 39  64  58
 26  52  43
 30  53  47
 30  50  49
 36  51  54
 82  93  97
 70  81  83
 59  74  77
 67  86  90
 65  86  89
 59  78  82
 31  50  48
 18  30  28
  0   3   2
 67  68  63
155 156 148
148 148 138
132 130 118
111 107  95
112 106  94
139 131 120
140 131 122
102  95  85
120 116 107
134 131 124
161 158 153
156 152 149
152 153 148
131 133 130
128 132 131
138 140 137
146 145 143
143 138 135
143 135 132
134 129 125
137 134 129
135 132 127
134 129 123
171 164 156
146 139 129
 89  85  76
 67  62  56
 56  51  48
 32  28  27
 46  42  41
 28  25  20
  8   5   0
 12  12   4
 18  19  13
 10  11   5
 98  97  93
101  97  94
146 141 138
 99  96  91
 83  79  68
158 152 136
148 141 122
120 113  94
 90  83  65
116 113  96
 83  77  65
206 199 189
166 158 147
112 102  90
126 115  97
213 201 177
124 109  76
193 175 137
212 194 154
168 154 117
134 123  91
120 114  82
182 173 140
165 152 117
173 157 123
167 148 116
170 154 128
180 172 151
152 149 134
141 142 128
169 167 154
219 213 199
110 103  85
171 164 138
188 179 148
163 153 118
171 158 123
136 122  93
129 117  95
145 136 119
155 147 136
136 129 119
152 142 130
138 122 106
143 125 101
161 146 113
123 109  74
 99  86  51
122 113  80
164 158 134
 50  44  28
 74  68  54
107  99  76
139 131  92
144 137  85
184 174 121
196 184 136
162 144 106
156 141 102
207 191 155
 94  75  45
 33  12   0
 51  31   6
130 114  89
167 156 136
185 176 159
181 169 153
210 192 170
158 134 106
100  76  50
 87  66  47
 56  40  25
 50  38  24
112  90  76
106  73  54
108  66  44
112  71  53
140 109  91
162 141 112
160 140  90
177 156  91
177 154  86
178 159 101
178 165 123
245 234 206
227 216 194
196 185 165
146 133 116
115 102  85
231 222 205
226 219 201
242 236 220
204 201 186
133 131 119
123 120 113
104 104  96
 84  84  74
 60  62  48
 25  28   9
 27  30  11
 21  23   9
 17  19   6
 30  30  20
 61  57  45
 79  71  58
132 124 101
202 191 173
233 224 209
175 169 155
111 107  96
 36  33  24
 96  92  83
107 105  93
 41  39  27
 90  86  77
 40  32  29
 16   8   6
 38  33  29
 81  78  69
118 114 102
144 138 124
133 130 115
143 135 124
138 128 119
148 138 128
145 137 126
 99  96  81
137 138 122
122 125 108
122 129 111
130 137 119
117 126 109
145 152 136
132 139 121
117 122 102
134 135 119
129 127 114
139 133 119
124 118 106
105 101  89
114 112  99
128 129 115
160 161 147
 75  77  64
 96  98  87
 61  65  51
 38  40  26
 69  68  50
 68  65  46
107 102  80
 91  87  62
118 110  87
141 128 109
103  95  72
 97  88  71
138 128 118
140 131 122
135 129 105
174 167 148
171 164 146
151 145 129
139 136 119
147 144 125
163 158 138
144 139 117
122 116  90
140 135 106
124 121  90
121 124  97
144 154 130
130 143 125
130 141 127
124 132 119
132 133 125
128 129 121
119 122 113
134 140 128
105 109  95
 71  72  56
102  97  78
 91  80  60
190 175 152
153 136 110
230 213 185
212 198 171
161 151 124
179 173 147
208 201 173
201 192 163
150 137 102
135 119  85
146 128  92
149 130  98
181 165 139
185 173 151
182 170 154
139 133 119
142 140 127
149 147 134
137 133 121
137 131 119
191 185 173
190 184 170
159 152 133
181 173 150
183 177 143
189 180 147
189 180 147
 88  79  50
115 107  84
 78  73  54
 65  61  49
129 126 117
141 141 133
135 136 128
 71  74  65
163 164 158
 99  98  94
 91  87  84
139 136 129
111 111 101
171 169 156
173 170 161
155 150 144
130 126 117
145 139 127
124 121 106
133 131 118
130 127 118
122 117 114
 91  86  83
 90  86  83
 69  68  63
 93  94  88
 78  81  74
133 138 131
 64  69  62
 59  64  60
 96 101  97
 96  98  95
 90  92  89
 89  91  90
 87  88  90
 70  70  70
134 131 126
 87  81  67
112 106  82
180 174 142
 94  85  54
101  91  64
132 121 101
116 107  90
153 144 129
157 150 131
137 130 112
104  95  78
111 104  86
107 101  87
 79  75  66
 85  82  77
134 131 124
129 129 117
133 131 118
136 129 119
 87  80  64
 84  79  50
116 113  78
 99  94  65
 32  25   6
134 127 117
191 187 176
106 106  94
 44  48  34
 63  69  55
100 108  93
110 118 103
 93 104  88
122 133 117
140 146 134
135 136 130
135 136 131
132 132 130
136 138 135
141 141 139
131 131 129
135 136 131
124 124 116
125 121 110
125 119 105
122 115  99
141 132 117
145 137 124
131 125 113
130 127 120
126 127 122
136 136 134
142 141 139
137 134 129
136 131 125
182 175 169
207 196 190
160 160 150
176 177 171
150 157 150
 60  75  68
 57  80  70
 67  90  80
 92 110  98
167 176 159
185 184 163
156 150 124
198 188 163
217 206 184
178 167 149
170 161 146
205 199 187
203 199 188
148 149 135
136 134 122
171 167 158
146 139 131
134 127 119
160 152 141
176 166 154
165 157 138
172 161 141
163 155 134
199 190 173
241 234 218
209 202 186
161 158 143
179 179 167
162 163 155
 74  92  80
 52  78  67
 54  89  82
 47  87  79
 38  73  66
 73  96  88
108 121 114
127 132 128
 92  93  88
  9   6   1
 27  22  16
 70  63  57
141 133 130
156 151 148
160 156 153
 65  61  58
123 122 120
146 142 141
153 149 146
146 145 140
135 136 130
133 134 128
130 131 126
125 126 121
129 130 124
146 143 136
159 152 144
143 137 125
149 146 131
145 143 128
152 150 137
145 143 131
138 136 123
140 137 122
152 146 132
141 135 121
152 145 135
152 148 139
113 109 100
153 149 140
143 136 126
161 155 143
163 153 141
120 106  93
 98  82  66
176 155 136
161 133 109
145 114  86
208 170 134
222 190 151
201 178 136
131 117  78
157 152 120
138 140 118
122 129 111
129 141 121
103 118  97
 90 105  84
 99 114  93
116 131 112
129 143 126
104 118 103
109 121 107
119 131 119
122 134 122
129 137 124
118 122 107
125 129 115
 95 103  92
 32  48  37
 83 107  93
102 133 117
101 134 117
100 132 111
114 138 114
 55  67  43
 37  34  15
103  86  68
130  99  78
134  97  70
141 107  70
144 113  82
120  96  72
100  84  68
111 105  93
122 120 108
131 128 119
133 129 118
131 126 107
141 130 102
171 154 111
169 148  93
176 155  92
182 163  95
201 182 113
215 195 126
209 189 126
221 200 143
211 189 139
150 127  77
163 141  84
218 197 140
209 196 144
160 156 119
 97 102  80
 63  80  64
 62  89  72
 66  99  78
 49  87  64
 63  99  71
 61  92  58
134 162 122
141 164 122
 62  82  54
 75  95  84
 63  83  82
 47  69  67
  4  25  20
 13  30  24
  2  14  12
 76  86  87
142 152 153
 39  49  50
  1  13  13
 47  63  63
 63  83  84
 84 103 107
 80  99 103
 91 107 106
116 126 125
 25  29  28
 15  16  11
165 165 157
255 254 245
180 176 164
112 106  92
138 130 117
131 124 108
129 121 108
108 100  89
124 117 107
146 141 135
139 136 131
148 144 141
150 149 145
141 142 137
159 159 157
131 131 129
133 132 128
114 109 105
113 104  99
144 137 129
131 127 118
127 122 116
141 134 126
176 169 159
146 139 129
122 118 107
129 121 118
 87  79  77
 73  71  72
 87  83  84
 51  47  46
 83  79  76
 25  24  20
  0   0   0
 63  63  63
144 142 143
107 103 102
168 163 160
 84  77  71
 67  59  46
148 140 119
131 121  96
 86  79  53
102  94  73
 93  88  69
151 145 131
214 206 195
 92  84  73
128 118 106
120 111  94
186 174 150
229 214 185
193 177 143
174 160 125
168 158 123
117 109  73
132 124  87
168 156 114
181 164 120
191 170 127
197 175 134
173 154 121
162 150 126
176 169 151
150 147 132
177 171 155
163 152 134
 90  78  52
114 102  64
163 150 105
124 108  57
224 206 160
148 128  91
134 117  89
154 139 120
 89  75  62
115 108  89
119 107  85
111  94  64
187 169 131
 90  76  31
 67  54  12
 70  56  21
 83  71  45
 83  76  57
 71  69  57
 50  47  38
 18  15   0
106 104  65
178 176 119
156 150  88
179 169 108
165 145  95
188 168 115
178 159 103
187 166 109
148 125  71
 94  73  20
129 112  69
 77  67  40
 54  46  33
155 147 136
171 158 141
208 190 168
172 151 132
101  81  70
 48  30  20
 65  48  38
 70  51  37
101  76  54
 90  63  33
113  88  58
110  90  65
154 137 109
206 187 147
197 175 125
177 155 105
152 133  90
220 207 173
239 229 202
222 211 189
205 194 174
223 212 194
223 212 194
229 222 204
237 232 213
195 194 176
164 166 152
 83  84  76
103 104  98
 90  92  81
 95  97  83
180 183 162
155 157 135
 98 100  79
 29  30  12
 47  45  30
165 162 147
104  98  84
102  93  78
167 159 136
196 187 170
141 135 123
 23  19   8
 27  24  15
 32  32  24
 64  63  58
 98  95  88
 23  20  13
 11   6   0
 14   6   3
 23  15  12
 47  40  32
111 105  91
139 132 113
139 131 110
135 130 108
143 136 117
149 137 121
146 134 118
146 137 120
143 136 117
126 124 103
123 122 101
126 125 104
128 130 108
118 120  98
106 108  86
101 101  75
120 118  93
135 130 110
139 133 117
138 135 118
117 111  97
136 132 120
123 121 108
109 107  94
144 144 132
108 108  98
 38  39  31
 55  58  49
 61  63  52
 72  72  60
 48  44  32
 71  65  51
115 107  94
154 144 132
146 134 122
142 133 118
153 143 131
136 127 118
140 131 122
153 148 126
157 150 131
135 128 110
147 142 123
146 143 124
156 154 133
152 147 125
138 133 111
146 140 114
133 130  99
137 136 105
122 125  96
 85  93  70
 73  84  68
131 139 126
122 128 116
133 132 128
137 138 133
129 131 126
123 130 123
 81  86  79
115 117 106
134 131 116
115 107  88
147 135 111
124 110  81
168 153 122
233 219 192
158 148 123
194 188 162
180 173 145
130 119  91
145 131  94
145 129  93
145 126  93
142 125  95
234 220 194
255 249 229
209 202 184
131 125 111
138 136 123
137 135 122
121 117 105
120 112 101
119 111 100
122 115  99
128 123 103
 91  86  64
 88  84  55
113 109  82
148 143 123
183 177 161
108 104  92
 75  73  61
 79  79  71
138 138 130
142 143 137
115 118 111
 85  90  83
140 145 139
132 134 129
109 110 105
137 138 132
135 136 130
185 185 173
129 126 117
127 122 116
140 136 127
133 126 116
121 117 105
115 111 100
100  97  90
119 115 112
 52  48  45
 20  19  15
 37  39  34
 35  40  34
 62  69  62
107 117 109
 71  81  73
 58  67  64
 49  55  51
 89  94  90
116 118 115
 96  98  97
 43  45  44
101 101  99
152 149 144
115 111  99
138 133 113
157 151 125
 88  82  56
100  92  71
101  92  77
 86  78  67
 97  90  80
115 110  91
120 113  97
142 135 119
206 200 184
225 222 207
241 238 229
191 188 181
187 184 177
140 140 128
137 135 123
137 133 122
126 123 108
130 128 105
 99 100  69
 48  46  21
 63  58  39
148 144 133
140 138 126
 44  46  33
 76  80  66
 80  88  73
 79  90  76
 89 101  89
101 115 102
108 122 109
147 157 146
147 152 146
130 132 129
134 136 133
128 132 131
129 133 132
124 125 127
133 135 132
138 137 132
134 130 119
134 128 112
125 118 100
131 124 106
154 145 130
127 119 108
127 123 114
128 127 123
131 131 131
139 137 138
139 138 134
123 120 113
144 137 129
191 182 177
171 168 161
 98  97  92
 88  93  87
 80  93  84
 63  86  76
 62  88  75
 57  80  64
 73  84  67
128 130 108
213 207 185
220 209 189
193 181 167
159 146 137
165 155 146
191 182 173
142 135 125
145 142 127
178 174 162
149 142 132
101  92  83
151 143 132
149 139 127
162 150 134
204 192 170
204 189 166
154 139 116
185 170 151
211 198 181
241 229 213
140 133 117
161 159 146
151 153 142
 31  47  34
 62  86  73
 55  88  79
 46  83  75
 84 117 108
148 171 161
114 127 120
109 116 109
 55  57  54
  3   4   0
 31  27  24
 30  25  22
144 139 136
152 148 145
173 172 168
 46  45  41
127 126 124
143 142 140
147 146 142
146 145 140
147 148 142
143 144 138
131 132 127
138 139 134
133 132 127
147 144 135
136 130 118
145 139 125
134 131 114
144 142 127
139 137 124
132 130 118
144 141 126
153 148 129
155 148 130
145 138 122
149 140 131
157 150 142
130 123 115
161 152 143
152 142 132
157 145 131
155 142 125
156 141 122
115  97  75
156 130 103
195 159 127
159 115  78
199 147 100
240 196 147
226 194 145
183 165 119
189 179 143
181 177 150
118 117  97
158 160 139
133 137 114
101 106  84
102 111  92
115 126 112
123 135 123
135 147 135
 72  86  73
 35  49  36
 87 101  86
 81  93  79
 88  99  85
124 132 121
103 115 105
 89 109  98
 63  93  81
 71 107  93
103 142 124
109 141 118
113 133 105
 93  98  68
142 131 103
157 131 106
151 117  89
156 117  86
143 114  74
150 121  87
147 126  99
140 128 106
128 122 106
125 122 107
127 123 111
120 117 102
117 114  95
155 149 125
163 150 118
179 164 125
202 185 141
213 199 150
216 200 151
213 197 148
211 197 150
192 177 136
167 149 113
134 116  78
127 112  69
159 145 106
130 121  90
106 103  86
 96  99  90
 76  88  74
 69  89  64
 64  91  58
 89 119  83
120 150 114
 98 125  90
115 139 103
 81 103  64
 68  88  61
 75  93  81
 24  40  39
 26  45  43
 38  54  51
 31  42  38
  5   9   8
 76  76  76
102 102 100
 33  35  32
  6  12   8
 47  58  54
 95 109 109
109 123 123
115 129 129
117 126 123
146 152 150
110 112 109
166 165 161
162 159 152
196 192 181
161 155 143
121 113 100
134 127 111
139 132 114
136 129 113
137 129 116
124 117 107
147 142 136
136 133 128
141 140 136
156 155 151
104 103  99
136 135 131
142 141 137
133 132 128
130 127 120
123 119 110
141 137 126
126 122 111
135 131 122
126 119 111
132 125 115
122 115 105
118 111 101
118 111 105
117 109 107
 53  51  52
 54  50  49
 73  69  66
 75  71  68
 16  12  11
 73  71  72
129 127 128
 70  68  69
132 127 124
190 182 179
117 108 101
 92  83  68
177 169 146
133 126  98
126 119  91
129 123  99
101  95  79
185 179 165
188 180 169
100  92  81
134 126 113
144 135 120
156 145 127
207 196 174
161 151 124
155 148 120
146 140 114
106 101  71
169 161 124
170 157 113
185 167 119
176 156 106
169 148 101
162 144 108
134 119  96
173 164 147
153 144 127
124 113  95
167 153 127
183 167 131
144 128  76
127 112  45
185 167  95
168 147  82
111  88  38
 83  60  26
167 149 129
159 141 129
124 116  93
129 115  86
167 150 107
176 159 105
170 154  94
143 126  70
 61  44   0
 55  42  10
 47  40  21
 19  19   9
  5  10   4
 11  19   4
 53  64  30
 78  88  38
 80  83  30
146 143  90
136 122  73
130 115  60
190 171 112
194 175 107
184 165  96
198 181 112
176 163 108
 65  57  21
  8   2   0
 17  10   2
 66  56  46
 82  68  55
169 152 144
218 203 198
186 171 166
129 112 104
 46  30  15
111  95  69
157 143 106
109  97  57
 61  48  13
129 114  81
165 147 111
190 168 129
205 185 150
170 155 126
222 211 189
233 227 205
238 231 212
198 190 171
206 198 179
235 227 206
249 244 225
185 182 163
 34  35  17
 25  28  17
 27  32  26
 53  58  54
130 133 126
143 147 132
 89  94  72
136 141 119
155 158 139
110 112  98
111 113 100
136 136 124
 62  60  47
 19  15   3
 27  22   2
 49  43  29
 32  25  15
 29  22  12
 21  17   5
 33  29  17
 61  54  44
 59  51  40
 41  29  17
 66  53  44
 45  32  26
 31  20  14
 42  34  21
136 128 109
140 132 111
133 122 102
143 139 114
153 146 127
149 140 123
146 135 117
149 136 117
133 121  97
149 137 113
155 145 118
131 124  98
141 135 109
109 104  75
 82  77  47
120 115  83
108 103  73
 95  91  66
177 172 152
130 128 113
132 129 114
146 143 128
153 151 136
136 137 121
125 126 112
124 122 110
140 137 130
145 144 139
150 150 142
163 160 151
111 104  94
113 106  96
140 131 122
141 132 123
154 144 135
150 141 132
144 135 126
141 132 123
154 145 136
149 144 125
156 151 132
202 197 178
187 182 163
158 155 136
159 157 136
156 151 129
153 147 125
176 170 144
136 131 102
139 138 108
106 106  80
  9  12   0
 46  48  34
124 126 115
125 127 116
141 140 135
137 138 133
141 143 140
 99 105 101
 47  53  49
118 119 113
144 142 130
111 106  87
143 137 111
137 131  99
139 130  99
165 155 128
173 166 140
194 187 161
154 140 113
139 122  92
157 138  98
146 127  87
154 136 100
161 145 112
216 205 177
222 214 191
161 156 137
139 137 122
133 131 119
144 142 130
123 117 105
132 124 113
124 116 105
123 117 105
112 108  96
 58  56  43
 59  60  44
 12  12   0
 42  43  35
184 185 177
 90  91  83
 46  46  38
 99  98  94
131 132 127
131 132 126
 78  80  75
 89  94  90
138 142 141
102 108 106
 64  70  66
103 108 102
174 176 173
148 145 136
119 119 109
127 124 117
129 126 119
131 128 121
159 154 148
119 116 111
 88  85  80
 75  74  70
 87  88  83
 94  96  93
 90  95  91
 62  71  66
137 148 142
128 141 134
 96 108 104
129 141 139
111 122 118
116 125 120
127 132 128
152 152 150
153 153 153
142 142 140
129 130 125
128 128 120
118 116 104
123 121 106
144 142 127
149 147 135
152 147 141
105 100  94
111 106 100
140 136 124
239 233 221
245 239 227
247 241 229
191 189 177
171 168 159
205 202 193
187 184 175
171 168 159
134 134 124
136 136 124
156 157 141
178 177 156
164 164 140
211 210 189
144 141 122
128 124 112
104 102  90
 53  55  42
 55  59  44
 50  59  42
 60  71  55
111 123 109
106 120 107
106 120 107
156 168 158
133 140 133
124 129 123
129 131 128
130 132 129
134 138 139
130 133 138
118 123 119
129 130 125
138 135 126
131 128 111
136 134 113
130 125 105
123 116 100
123 115 104
138 133 127
134 133 131
125 125 127
129 129 131
138 137 133
140 137 128
139 135 126
128 119 112
130 127 120
100  97  90
 71  72  64
 84  94  85
122 140 128
 87 109  96
 64  81  65
121 129 108
156 155 134
205 198 179
218 209 194
183 173 164
131 120 114
165 156 149
142 134 123
150 142 131
184 178 162
163 157 145
154 147 137
124 117 109
105  95  86
 84  72  60
128 115  99
207 190 170
189 171 149
127 109  87
135 118 100
187 171 155
227 214 198
192 185 169
134 132 119
 74  76  65
 65  81  68
 54  75  66
 57  84  79
 44  77  70
115 145 135
135 156 147
113 124 116
127 132 126
120 122 117
 44  46  43
  9   8   6
 14  10   9
 95  91  88
160 159 154
119 118 114
 73  72  70
133 133 131
129 130 125
139 140 135
146 147 141
133 134 128
135 136 130
144 145 139
138 139 133
140 139 134
 86  83  74
 98  96  84
149 147 134
149 147 134
159 157 144
150 150 138
153 153 141
158 155 138
155 150 131
144 137 119
137 128 113
148 138 128
160 151 142
147 138 131
135 125 115
170 158 144
151 136 117
168 153 132
158 144 118
123 106  78
116  87  55
151 109  71
151 100  57
149  86  32
198 145  91
234 194 143
203 179 133
129 117  79
137 130 102
 81  74  55
 80  72  53
 75  64  42
105  97  76
102  96  82
115 115 107
141 146 139
161 171 162
 93 106  96
 31  47  36
 49  68  49
 42  59  43
101 114 104
125 138 131
108 125 119
 82 105  97
 43  74  68
 76 111 104
103 137 123
115 139 117
113 120  89
132 122  87
122  96  61
139 104  72
147 112  80
152 117  87
144 122  85
141 121  88
122 105  77
129 117  95
121 113  94
118 111  92
139 134 114
159 154 135
132 129 110
132 127 108
130 121 104
137 126 108
144 133 113
147 136 116
165 154 132
171 159 137
141 130 108
 64  53  33
 84  71  52
141 131 106
124 117  88
123 118  89
110 103  85
109 102  96
116 113 108
103 106  89
 95 105  70
143 159 112
160 180 131
 78  99  58
 62  81  49
 60  78  52
 77  96  68
 77  92  73
 27  40  31
  9  21  17
  9  21  17
 29  40  34
 51  57  53
 19  21  18
  1   0   0
 29  25  22
 25  24  20
 46  47  42
108 113 109
107 113 109
113 119 115
117 124 117
140 142 137
135 137 132
128 129 124
123 122 117
136 133 124
126 122 111
124 118 106
130 124 112
126 119 103
133 126 110
149 142 126
149 141 130
140 133 125
140 137 132
137 136 132
143 142 140
129 130 125
 99 100  94
143 142 137
130 129 124
138 137 132
139 136 129
144 142 130
136 134 121
132 132 120
130 127 118
136 132 123
133 126 118
127 120 110
126 122 113
130 125 119
126 121 117
 29  25  24
 46  42  39
 80  77  72
107 104  99
 45  41  40
143 139 140
122 118 119
111 107 104
167 162 156
160 153 145
 62  55  45
 94  86  73
145 139 117
 74  68  42
 58  52  26
 92  87  65
116 113  98
150 146 134
150 144 132
136 130 118
158 150 139
165 157 146
151 143 130
201 195 179
160 159 141
123 124 108
148 146 131
133 131 110
134 129  97
169 160 117
176 164 116
167 151 102
159 142  99
146 131 100
 46  33  16
 13   1   0
123 110  93
188 173 150
197 182 151
191 176 133
166 152  91
180 164  87
185 169  84
171 152  75
174 150  90
 94  71  30
149 128 107
126 109  99
 89  81  60
155 144 114
148 134  89
175 159 100
184 166 102
175 157  93
184 167 113
171 159 119
108 103  81
  9  12   1
 19  32  23
 50  72  59
 66  91  69
 55  78  49
 65  80  47
107 114  80
198 196 158
156 151 111
154 146  97
191 182 125
119 111  48
155 147  85
208 198 145
145 137 100
 90  85  63
 32  28  16
 31  24  16
 20  13   7
 34  26  23
169 159 158
228 217 213
151 138 130
 39  30  13
 73  66  38
178 170 131
138 134  89
 74  67  25
 99  90  51
116 103  68
101  86  53
158 142 116
138 127 109
180 174 160
253 249 237
208 205 190
114 108  92
197 190 171
240 232 211
153 147 131
 44  41  26
 18  18   6
 27  30  23
 19  25  23
  0   9   8
 29  38  33
 74  85  71
 63  75  55
 80  89  70
114 122 107
 43  48  41
 58  63  57
119 124 117
 76  82  72
 58  61  52
 57  58  44
 37  33  22
 24  17   9
 49  39  27
 81  69  53
112 101  83
 58  43  24
 53  35  15
159 137 116
154 128 111
 32  10   0
 38  21  11
 80  67  51
155 144 124
137 129 110
151 144 128
142 136 120
139 133 117
144 136 123
157 145 131
141 126 107
127 109  85
125 105  80
113  97  71
144 132 106
101  91  64
139 130 101
130 121  90
115 109  75
 60  55  23
 94  93  63
181 181 155
135 136 118
187 186 168
 99  97  82
 90  91  73
158 159 141
178 177 159
148 145 130
206 199 189
231 224 216
182 175 169
201 194 186
213 204 195
194 186 175
152 146 134
137 130 120
146 139 129
133 126 118
149 142 132
160 151 142
155 147 136
143 140 121
144 141 122
184 181 162
137 134 115
114 112  91
129 127 104
158 153 131
163 157 135
140 134 110
113 108  79
122 118  89
134 132 107
 55  53  32
 39  36  19
113 110  95
134 131 116
128 126 114
140 140 132
138 143 136
126 132 128
100 105 101
 33  34  29
 57  57  49
103 101  86
134 134 110
125 126  95
122 118  91
130 125 103
151 145 123
150 142 119
132 118  91
136 117  87
158 135  94
152 133  93
148 130  94
153 138 105
144 133 105
207 201 177
180 177 158
119 120 106
129 129 117
138 136 124
123 119 107
127 121 107
133 127 115
123 119 110
126 125 120
 57  58  52
 71  73  68
 44  46  43
  3   7   6
 26  31  27
 98 100  95
123 125 120
109 109 107
122 122 120
127 129 124
128 130 125
113 115 114
111 115 116
 79  85  85
 53  59  57
144 149 145
123 123 121
120 117 110
123 123 115
129 128 123
122 121 117
124 123 119
122 118 115
128 124 121
 75  74  70
116 117 112
101 103 100
 76  81  77
 54  59  55
 93 102  97
112 124 120
118 133 130
 50  66  65
 38  50  48
101 113 109
 94 105  99
115 120 116
144 144 144
138 136 137
130 130 128
118 120 117
141 141 139
140 141 136
130 131 125
138 139 133
138 139 134
138 137 133
106 105 100
 86  83  78
163 160 151
 99  96  87
 64  60  51
100  97  88
116 113 104
 61  58  51
164 161 154
 64  61  54
161 161 153
149 149 141
147 149 138
121 123 109
 45  46  30
112 111  93
132 129 114
180 177 162
164 162 150
163 160 151
117 117 107
102 104  93
 91  97  83
 80  88  73
113 121 106
110 118 105
108 116 103
112 120 109
122 127 120
132 137 131
133 135 130
140 142 139
135 136 138
124 127 132
114 118 117
116 118 113
136 136 126
134 132 117
129 126 109
134 128 112
127 121 107
132 125 115
137 132 128
128 124 123
126 124 127
129 129 129
130 129 124
134 131 122
142 138 127
136 129 119
125 122 113
153 149 140
114 111 102
117 123 111
148 160 146
124 138 123
100 109  92
148 147 127
132 126 104
186 178 157
201 192 177
151 141 132
141 132 125
147 138 129
147 139 126
169 162 146
171 165 149
171 165 153
146 142 133
125 120 114
 70  63  55
 18   8   0
 30  16   5
110  92  78
165 148 130
120 103  85
 93  77  62
120 106  93
199 187 173
232 226 212
 90  88  76
121 122 116
161 177 167
 67  86  80
 53  78  74
 46  73  68
 90 116 107
119 136 128
110 120 112
122 124 119
152 154 149
138 140 137
 65  65  65
 49  47  48
110 109 107
147 146 142
122 121 117
 46  46  44
131 132 127
131 132 127
131 132 126
144 145 139
140 141 135
143 144 138
140 141 135
135 136 130
129 128 123
 87  87  79
154 151 142
155 155 145
155 155 145
148 148 138
156 156 146
148 148 138
141 135 123
149 143 129
136 129 111
140 131 114
144 135 120
127 117 107
139 129 119
124 115 100
129 116  97
133 119  93
149 135 108
137 123  94
135 119  86
142 114  77
166 122  83
170 117  73
176 111  55
140  83  30
180 136  89
235 208 165
134 120  85
119 110  81
139 127 105
161 143 123
128 106  83
122 101  80
129 113  98
147 138 129
151 148 141
153 158 151
 38  50  40
 62  75  65
118 140 119
 89 107  91
134 151 141
132 151 147
 99 119 117
 53  80  75
 60  91  85
 51  82  74
 66  93  78
 91 103  79
115 109  73
122  97  56
122  87  45
122  84  47
139 106  73
145 116  86
125 109  75
128 112  79
141 126  97
134 120  94
121 109  83
136 126  99
145 138 112
159 153 129
167 162 143
129 126 111
134 127 117
124 117 111
126 121 117
121 116 112
128 120 117
129 120 115
103  96  88
 90  83  75
126 117 108
128 122 108
 87  84  65
103 102  82
129 125 113
132 125 119
127 118 111
150 145 125
165 165 127
163 170 119
129 139  89
 60  73  30
 63  77  44
 99 113  87
104 116  92
 21  30  13
  0   4   0
  0   3   0
 18  23  16
 17  23  11
 35  41  27
 52  58  46
151 152 144
142 141 136
136 132 129
135 134 130
139 140 135
104 105  99
135 136 130
137 138 130
137 137 129
123 124 118
130 133 126
122 123 115
148 148 138
141 137 126
124 117 107
133 127 113
140 133 117
127 120 104
117 109  96
141 133 122
126 119 111
139 136 131
140 136 133
136 135 133
115 117 114
107 108 103
123 122 117
122 121 116
136 135 130
120 120 112
125 125 115
127 129 116
138 140 129
139 139 129
128 125 116
 64  60  51
 66  62  53
 77  73  64
 97  92  86
141 136 132
 93  89  86
 23  20  15
 96  93  88
 15  11   8
 54  53  49
140 139 137
143 139 136
144 139 135
156 152 143
151 147 138
 41  37  26
 93  89  77
133 128 109
121 116  96
 75  70  50
 58  53  34
108 106  94
172 170 158
161 157 146
108 102  90
106 100  88
163 155 144
153 149 138
171 171 159
172 175 164
125 128 119
153 154 148
161 159 147
146 144 119
177 173 138
154 146 107
172 160 122
154 139 110
118 107  85
123 114  99
 72  63  48
128 116  94
204 190 163
182 169 137
175 161 122
173 157 106
161 145  83
127 113  40
158 141  69
174 154  93
107  86  41
105  88  62
131 118 102
130 124 108
135 129 105
145 135 100
116 103  59
 89  75  26
155 142  89
167 157 108
154 149 111
 83  85  63
 18  29  15
 43  65  52
 60  91  76
 53  87  71
 53  85  70
 57  84  67
 81 102  83
149 158 137
156 161 138
154 159 127
132 136  99
 65  70  29
 81  84  41
202 200 162
136 133 102
135 133 110
 86  84  71
 17  16  11
 23  22  20
 30  28  29
 43  39  38
178 170 167
192 183 176
189 183 167
135 129 107
134 129  99
134 130  93
156 152 115
138 134  99
 89  83  49
158 149 120
241 233 212
156 150 136
129 126 117
 81  81  73
186 186 176
166 162 150
213 208 189
127 120 101
104 101  84
 68  66  53
 26  26  18
 20  22  19
 16  25  22
 42  53  49
 80  93  84
 64  76  62
112 125 107
 93 104  87
 60  70  59
 57  66  61
 60  69  66
 38  47  44
 44  53  50
 68  77  74
107 109  98
128 125 118
111 102  93
111  98  82
111  96  73
130 114  88
129 112  86
 89  65  37
134 104  76
125  95  69
 66  39  20
 51  29  15
 93  77  62
164 153 135
144 136 123
143 139 130
131 127 116
140 136 127
149 142 136
147 137 128
141 125 110
121 100  79
123 103  78
161 144 118
154 140 114
149 137 113
174 162 136
120 109  81
135 126  97
 64  59  29
 68  69  38
125 128  99
 83  85  61
 54  56  35
 54  53  35
152 153 135
230 229 211
229 226 207
163 158 138
188 181 162
131 122 107
111 101  89
128 118 108
131 123 112
184 178 166
208 204 192
137 135 123
131 127 118
139 136 127
142 135 125
160 154 142
155 149 137
117 116  95
144 142 121
140 138 117
155 153 132
144 142 117
120 118  93
137 132 110
146 140 118
134 128 104
134 128 102
138 134 105
130 125  96
142 136 110
148 140 117
138 132 110
132 127 107
116 115  97
133 134 120
141 147 137
126 133 125
 68  73  67
 13  15  12
 35  36  30
127 130 119
102 105  88
 90  93  72
 85  88  69
133 134 118
132 131 113
135 130 108
146 136 109
148 134 105
157 137 100
151 133  97
127 113  78
164 153 123
162 155 129
158 153 133
196 194 179
146 146 134
 88  88  78
109 107  95
123 121 108
126 122 110
129 125 116
136 133 128
108 107 103
  7   7   5
  2   4   3
 28  30  29
 15  17  16
 62  66  65
131 136 132
122 127 123
112 114 111
108 110 107
138 140 137
124 126 123
 53  55  54
 55  59  60
109 113 114
 90  94  95
131 133 132
132 132 130
145 142 137
128 125 120
129 128 124
130 129 125
134 133 129
140 136 133
 82  78  75
 98  97  93
112 114 111
 41  46  42
 33  38  34
 68  73  69
115 122 115
102 113 107
 92 107 102
113 128 125
 64  75  71
 82  93  87
132 141 136
114 119 115
 97  97  97
 93  93  95
128 130 129
155 157 156
123 125 124
107 107 107
 70  70  70
 56  58  57
 62  64  61
 67  68  63
 58  59  54
 80  81  75
 66  66  58
  7   6   1
  1   0   0
 64  63  58
108 105 100
 45  44  39
 66  65  61
106 107 102
 75  76  71
 80  81  75
132 133 127
108 109 101
 77  79  68
 58  58  48
 76  73  64
107 103  94
 28  28  20
 51  51  43
 55  54  49
 79  80  72
140 142 131
148 152 138
157 161 146
159 161 147
168 170 159
123 124 116
129 132 125
135 140 133
127 130 123
133 135 130
131 133 132
125 126 128
127 131 132
121 123 120
130 129 124
140 137 128
130 126 115
133 129 118
131 127 116
127 123 112
130 125 119
121 116 113
129 125 126
134 133 129
136 136 128
144 142 130
141 137 125
136 129 119
145 141 132
130 123 115
137 133 122
140 140 128
143 149 135
118 124 110
142 143 127
150 143 125
145 134 112
124 113  91
135 127 108
165 158 142
146 138 125
145 138 122
154 145 128
168 157 139
165 162 145
145 141 129
125 120 114
101  96  90
105 101  92
 67  60  52
152 139 131
116 102  91
165 151 138
 97  83  70
 32  20   8
 39  29  19
132 124 113
172 168 157
109 109 101
 42  43  38
 86  97  91
144 159 154
103 124 119
 73  96  90
 56  77  70
 92 107 100
114 123 118
131 135 134
143 145 144
121 123 122
138 138 140
147 147 147
142 142 140
133 134 129
165 166 161
117 118 113
140 139 134
139 138 133
126 127 121
117 116 111
138 137 132
141 140 135
142 141 136
134 135 127
150 151 143
 91  91  83
 78  75  68
159 156 151
148 147 142
145 146 140
143 143 135
131 128 121
131 127 116
139 133 119
135 128 110
167 160 141
166 157 140
136 124 108
126 113  96
159 146 127
164 152 126
131 118  86
119 109  73
175 165 129
163 149 114
117  91  56
224 185 146
184 133  90
153  90  39
163 107  58
135  90  48
154 124  86
220 201 168
122 109  77
112  97  68
148 126 102
125  99  76
111  84  63
113  92  73
148 135 119
134 128 116
125 127 114
 42  50  37
 71  82  68
 48  67  47
108 126 110
130 147 139
125 146 141
 76 101  97
 50  80  72
 47  77  67
 46  73  58
110 125 106
130 129  99
123 104  62
143 111  64
133  99  54
144 112  73
144 118  85
 95  72  41
118 102  66
145 129  95
134 115  83
138 122  89
139 124  91
151 141 106
130 124  92
126 120  94
141 136 116
135 131 119
101  98  89
127 126 121
119 118 116
124 120 119
129 125 124
133 129 126
128 125 120
139 134 128
136 129 121
136 132 121
123 123 111
 96  98  85
136 137 123
151 147 135
149 143 127
151 145 121
171 166 134
162 160 121
125 127  87
 85  89  52
131 138 104
130 140 106
 65  69  42
 54  55  37
 73  71  59
 83  80  71
118 116 104
150 151 133
124 129 107
157 165 144
179 183 169
189 190 182
125 124 120
102 101  97
108 109 103
129 130 122
114 115 107
111 112 106
105 106 100
 97 100  93
100 103  96
 99 102  95
129 128 123
138 134 125
131 124 114
133 127 113
128 121 105
117 110  94
132 124 111
158 151 141
130 126 117
133 130 125
140 136 135
138 134 135
103 103 101
112 111 109
119 118 114
123 122 117
128 127 122
132 131 126
 88  87  82
 51  52  44
143 144 136
 74  75  67
107 107  97
 90  87  78
109 104  98
 84  79  73
 54  51  46
 96  93  88
 84  79  75
 14   9   5
 48  44  41
 59  58  56
149 148 144
144 143 139
145 142 137
143 138 132
143 140 133
159 156 147
 57  55  43
 15  13   0
 64  61  46
137 131 117
144 141 126
 93  90  75
 96  96  86
166 163 154
159 157 145
116 112 100
121 117 105
157 151 139
152 150 138
151 153 142
 74  80  70
 68  73  67
165 166 161
167 164 157
175 172 155
155 153 128
131 125  99
179 169 144
 49  37  23
127 119 106
179 173 159
153 148 129
 86  80  58
 79  72  46
 98  87  65
121 109  85
116 100  74
154 140 105
107  93  48
158 142  91
192 175 123
184 167 123
201 188 156
161 150 130
166 164 149
171 168 151
110 105  86
141 136 116
 72  68  43
 72  71  43
 82  85  56
125 131 105
 82  93  76
 55  73  59
 55  82  67
 59  93  79
 51  89  76
 49  87  76
 50  86  76
 47  79  66
 54  74  62
 68  86  70
 73  90  71
 60  75  52
 60  76  50
 57  71  46
 83  91  68
169 174 154
131 135 118
 98 104  92
 10  16  12
 60  64  65
 18  17  22
 26  22  23
121 113 111
160 152 149
122 118 107
141 135 121
 45  40  21
 80  75  55
128 126 103
 86  84  59
129 125 100
222 217 195
218 215 198
140 140 128
 30  31  25
 19  20  15
 53  53  45
 66  64  52
 60  57  42
 55  49  33
125 123 108
120 118 106
 65  66  60
 78  83  79
 28  39  31
102 115 105
127 139 125
 59  70  53
195 204 185
188 195 179
 64  70  58
 45  50  43
 67  72  66
 43  49  45
 32  38  36
 51  57  57
 69  72  63
 69  69  59
106 100  86
150 139 119
151 137 110
141 128  96
163 147 114
 86  63  31
118  89  57
154 125  95
147 121  98
140 119 102
149 131 117
148 136 124
140 131 122
135 130 124
138 133 127
150 146 143
146 141 138
160 151 146
147 133 122
107  91  75
120 105  84
 99  87  65
 93  81  57
125 113  89
 92  77  54
106  91  68
 44  32   6
 63  56  28
114 110  83
125 125  97
 84  87  56
 74  74  48
168 165 146
221 218 203
199 196 179
199 194 172
149 142 116
107 100  71
116 109  80
113 105  82
112 105  89
114 108  96
127 125 113
215 215 203
190 190 182
134 131 126
126 123 114
135 132 123
142 138 127
142 138 126
141 141 117
118 117  96
146 144 123
165 163 140
230 228 203
122 120  95
139 134 112
145 138 119
111 105  83
123 117  95
130 124 100
143 137 111
137 132 102
137 130 102
134 128 102
146 140 118
136 135 115
131 132 116
117 123 109
137 143 133
121 126 119
 78  83  77
 24  29  23
 85  90  83
122 125 114
 57  60  49
102 105  96
123 126 117
138 139 125
131 128 109
119 113  87
135 125  98
146 131  98
146 133 101
135 124  94
117 110  84
161 156 134
157 156 138
149 149 137
137 138 130
 57  57  49
 95  95  85
117 115 103
117 114 105
129 126 119
127 124 119
108 107 105
 74  73  71
 11  13  10
 24  24  24
 85  85  85
 47  49  48
104 108 107
102 106 105
111 116 112
104 109 105
108 112 111
134 138 137
124 126 125
124 126 125
112 112 112
117 117 117
122 120 121
132 131 129
120 116 113
113 109 106
 81  77  74
131 130 126
118 117 112
 95  92  87
 92  91  89
100 100 100
 64  66  65
 70  72  69
 45  47  42
 83  86  79
112 117 110
 67  77  69
 97 108 102
128 141 134
114 125 117
 51  61  53
 85  90  86
 28  30  27
  0   0   0
 13  13  13
 39  39  39
 92  92  92
 14  14  14
  4   4   4
  1   1   1
  7   7   7
 11  11   9
  6   7   2
  3   4   0
  0   1   0
 15  16  10
 23  24  19
 96  96  94
 81  81  79
 11  10   8
  7   6   4
 20  20  20
 41  43  42
  7   9   8
 10  10  10
 30  30  28
122 122 120
119 120 115
107 106 101
144 141 136
 72  69  64
 80  81  73
 87  88  82
111 112 106
 95  96  90
 86  86  78
 95  95  83
111 112  98
136 137 123
161 161 149
169 169 161
177 178 172
131 134 127
130 133 126
137 140 133
128 129 124
132 132 130
142 143 145
134 136 135
116 115 111
125 121 118
138 133 129
136 131 125
128 124 115
132 128 119
130 126 117
121 116 112
125 120 117
127 124 117
129 127 115
151 147 135
149 143 131
137 130 120
136 129 121
149 142 134
143 136 126
140 138 125
132 133 119
127 125 110
138 131 115
176 163 146
184 172 148
131 119  93
138 128 103
161 153 130
157 149 130
141 133 114
146 135 115
152 139 120
157 152 132
136 128 115
134 125 118
100  93  87
117 113 104
129 122 114
145 136 127
 56  46  36
 37  27  17
 52  42  32
 29  20  11
 23  14   7
 68  61  53
170 166 157
206 205 200
139 139 137
129 135 131
139 150 144
125 140 133
145 162 156
 78  93  88
 75  87  83
126 135 132
130 136 136
127 131 134
126 125 130
154 154 156
146 146 146
137 137 137
142 142 140
149 150 145
119 120 114
142 139 132
131 128 121
109 109 101
127 124 117
128 125 118
135 132 127
132 129 124
143 143 135
133 133 125
150 147 140
 58  55  50
106 103  98
149 148 143
127 128 120
129 129 121
137 134 127
141 137 125
121 118 103
140 135 116
200 193 174
198 190 169
201 190 168
178 163 140
147 131 106
174 160 133
171 158 124
171 162 123
205 196 157
234 221 187
140 117  85
188 152 116
190 145 104
141  79  32
126  72  26
127  82  40
 87  55  16
108  86  49
118  99  66
 91  72  39
 97  76  45
110  84  57
123  97  72
132 110  86
129 114  93
109 102  83
140 141 123
 76  80  63
 96 103  85
 73  88  67
109 122 105
120 131 123
103 120 114
 56  79  71
 42  68  55
 23  47  31
 40  59  39
126 132 106
170 160 125
145 118  75
122  88  42
130  99  55
150 126  88
121 101  68
108  89  57
157 139 101
141 121  84
136 114  77
143 124  84
130 115  72
148 136  94
144 136 100
127 120  92
157 152 132
110 106  94
113 113 105
131 132 126
127 128 123
126 125 121
132 131 126
122 119 114
133 133 125
143 140 131
134 130 119
145 141 130
127 128 120
112 115 106
125 129 115
127 130 111
154 152 129
162 158 133
126 120  96
 84  78  54
152 148 121
176 175 145
192 193 159
194 195 161
188 184 157
201 196 176
220 214 202
231 224 214
206 200 188
206 201 182
187 186 165
117 119  97
 64  67  50
 70  72  61
 69  68  63
 99  98  93
 50  51  45
 41  44  35
 90  93  86
 58  60  55
 49  54  47
 67  72  66
 72  77  71
 92  97  91
122 123 117
126 123 116
128 124 113
119 113  99
118 112  96
128 122 106
138 132 120
135 131 120
132 129 122
129 128 123
149 145 142
135 131 130
111 107 106
120 116 115
119 118 116
118 117 113
114 113 109
146 145 141
132 131 127
 53  52  48
 81  80  76
 64  63  58
118 118 110
137 134 127
121 118 111
133 130 125
130 127 122
139 136 131
 50  47  42
110 106 103
 42  38  35
 98  97  95
147 146 142
145 144 139
136 133 128
145 140 136
144 141 136
141 141 133
 47  47  37
 74  72  60
110 106  95
129 125 114
170 168 156
113 113 101
143 145 134
163 163 155
132 129 120
165 162 153
154 150 139
144 140 129
147 144 135
128 130 119
 55  61  51
112 115 108
108 107 102
 88  84  75
114 111  96
137 134 117
168 162 146
 70  62  51
 26  19  13
 65  58  50
 47  43  32
 53  50  35
 71  70  52
 85  82  67
 70  64  52
135 125 116
 86  73  64
 62  50  34
174 162 138
213 200 166
210 198 160
237 224 189
126 117  88
 80  72  49
173 171 158
165 165 155
 64  65  60
157 161 160
122 131 128
 78  91  84
 60  77  67
 56  76  64
 61  83  70
 56  82  69
 49  80  65
 46  80  66
 51  89  76
 48  86  75
 46  84  73
 51  87  77
 60  87  78
 55  81  68
 49  73  59
 52  76  60
 56  83  66
 55  78  62
 57  75  61
108 122 109
 93 106  96
 61  74  67
 48  63  60
 82  92  93
 33  34  38
 33  29  30
 52  47  44
 80  72  69
 65  60  54
 33  28  22
137 133 124
 27  24  15
  9   6   0
 25  23  11
 57  55  42
142 140 127
129 129 117
 52  53  45
 17  18  13
 48  49  44
 78  77  72
 62  62  52
 66  64  51
 99  95  83
 73  71  58
 80  80  70
 91  92  86
 49  54  48
  5  15   4
 52  63  47
 89  98  79
 86  90  73
153 156 139
143 144 128
 47  48  30
 48  49  31
 72  73  57
 77  79  68
 86  87  82
 56  58  55
 73  74  66
104 104  92
100  97  80
156 150 128
136 129 101
179 170 139
200 187 153
116 100  66
117  94  60
162 139 108
138 116  92
133 114  97
153 137 124
138 125 116
135 128 120
142 139 134
133 130 125
162 158 155
152 146 146
154 146 144
137 128 121
 61  53  40
 96  91  72
 89  87  66
 45  41  16
 54  47  21
 67  55  31
 41  26   3
 31  19   0
 65  55  30
138 132 108
165 161 136
156 157 123
177 176 148
204 197 179
185 178 160
191 184 165
196 189 163
158 149 118
108 100  63
141 133  94
153 148 116
130 125 106
122 120 108
130 130 122
149 150 142
125 124 119
143 142 140
116 116 108
117 117 109
128 128 118
120 117 108
183 182 162
140 139 119
134 133 113
139 138 118
185 184 163
140 139 118
114 111  92
 83  77  63
 61  55  41
 22  16   2
 44  38  22
 85  80  60
141 137 110
135 131 104
139 134 112
134 131 112
121 122 106
115 117 103
105 111  97
132 138 128
124 129 122
118 123 117
 50  55  49
 23  28  21
 53  56  49
 80  81  75
150 151 146
135 136 130
139 140 126
156 154 133
138 132 106
136 129 101
132 118  89
162 150 124
126 118  95
 99  94  74
172 171 153
223 224 210
126 127 119
134 135 129
101 102  96
109 109 101
135 132 125
117 112 106
118 113 109
129 124 121
134 130 129
120 119 117
 17  17  15
  5   5   5
 13  13  13
  0   1   3
 36  40  39
140 146 144
108 114 112
116 122 120
 94 100  98
111 115 116
124 126 125
126 126 126
130 130 130
127 126 124
122 121 119
132 128 129
140 139 135
 72  68  65
124 119 115
144 141 134
124 121 112
 94  94  86
 87  86  84
 39  39  41
 43  44  46
 82  84  81
221 222 216
242 244 233
177 180 169
110 117 109
 63  73  65
 87  97  89
 79  90  82
 34  41  34
 10  12   7
 27  27  25
 24  24  22
 16  18  17
  7   7   7
 16  16  16
 32  32  32
 33  33  33
 31  31  31
 19  19  19
 16  16  14
 22  22  20
 33  33  33
 24  24  24
  1   2   0
  6   6   4
 21  21  21
 12  12  12
  5   5   5
 16  16  16
 12  13  15
  1   2   4
 10  11  13
  6   6   8
 17  17  17
123 123 123
101 101  99
123 122 118
 57  56  51
179 176 169
163 164 156
 27  28  20
 44  45  37
 49  49  41
 78  75  66
 84  80  69
 92  88  76
141 139 127
 79  77  65
 71  71  63
 94  94  86
131 132 126
134 135 129
131 132 126
128 129 123
125 126 121
129 131 130
137 137 137
130 128 129
135 131 132
139 135 134
134 129 126
143 138 134
128 123 117
135 131 122
126 121 115
126 119 113
123 119 110
128 124 112
161 158 141
149 143 129
128 120 109
146 137 130
145 136 127
129 123 111
139 133 119
136 129 113
165 153 137
156 141 122
170 155 132
210 199 171
191 182 151
155 146 117
174 164 139
162 154 133
157 149 130
136 125 105
133 120 101
137 129 106
133 121 105
134 121 112
147 134 128
156 146 137
105  97  86
 55  47  34
 86  78  65
108  98  88
139 129 120
 98  89  84
119 110 105
141 134 128
157 152 146
221 217 214
141 140 138
125 127 122
151 156 150
137 146 141
 90 101  97
 79  90  86
 97 108 104
107 117 116
124 133 132
137 142 145
136 137 139
118 116 119
129 127 128
146 146 146
156 156 154
 76  77  71
 22  22  14
154 150 141
126 123 114
128 125 116
131 128 119
124 120 111
138 133 127
138 133 129
147 142 136
136 132 123
153 149 140
160 157 150
119 118 113
133 134 126
136 138 127
112 114 103
135 135 125
124 123 105
121 118  99
161 156 136
196 190 168
205 199 175
225 215 190
214 199 176
220 204 179
212 196 170
226 213 181
203 195 159
133 127  91
205 196 165
197 178 148
121  86  56
190 144 110
184 120  76
122  63  19
128  79  36
104  67  23
105  77  37
123  99  61
115  92  58
124 101  69
116  91  61
112  88  60
125 105  80
130 116  90
121 115  91
 96  96  72
 76  78  54
117 121  98
112 120  96
113 116  99
146 148 137
 82  90  79
 92 106  91
 81  98  80
 63  78  59
 55  64  43
116 114  91
172 157 126
117  89  52
192 158 120
188 160 123
136 116  81
 98  82  48
143 127  93
147 128  88
145 123  84
151 129  88
129 110  67
123 106  60
145 132  88
143 133  97
119 112  84
154 149 130
148 146 134
126 125 120
134 135 130
133 134 129
125 124 119
133 132 128
129 128 124
142 143 135
124 124 114
129 126 117
141 141 131
133 136 127
135 141 131
121 127 115
115 119 102
103 105  81
103 101  78
 83  76  58
131 124 108
185 178 160
160 155 133
170 164 138
169 163 137
129 122 104
119 111  98
 99  90  81
 89  80  73
108  98  89
 90  80  68
133 125 106
171 166 146
122 121 101
103 104  88
105 105  95
120 121 113
130 133 126
 46  51  44
 29  36  28
 32  39  32
 35  42  35
 49  55  51
 77  83  79
121 126 122
140 141 135
132 129 122
126 122 111
119 115 103
124 118 106
129 123 111
146 142 131
123 120 111
132 131 126
128 127 123
131 130 126
115 114 110
 92  88  85
125 121 120
149 145 144
132 131 129
150 149 147
 81  80  78
 48  47  45
 12  11   9
 67  66  64
 97  96  92
 62  61  56
162 161 156
152 151 146
141 140 135
121 120 115
139 138 133
 42  43  38
130 129 125
 93  92  88
126 125 121
139 138 133
142 141 136
142 139 134
138 135 130
146 143 138
135 134 129
 25  25  17
160 157 150
169 166 161
135 132 127
149 148 143
140 141 133
147 150 143
153 154 148
154 151 146
153 150 143
149 146 137
152 149 140
154 151 144
138 139 131
 97 100  89
133 135 124
187 185 173
 88  81  71
113 107  95
165 161 149
114 111 102
  4   0   0
 17  16  11
 64  61  54
 24  21  12
 80  80  70
 78  78  68
 55  56  50
 66  65  61
 92  88  85
124 119 113
124 118 106
157 150 131
189 182 156
172 165 139
156 148 125
180 173 154
 80  73  55
151 147 135
132 131 126
 96 101 104
110 121 127
 59  78  82
 78 102 102
 69  96  91
 53  83  73
 51  81  71
 54  84  72
 56  86  74
 55  87  74
 51  85  71
 51  87  75
 55  88  79
 50  81  75
 53  80  73
 58  85  76
 55  82  73
 55  85  75
 52  84  73
 52  82  72
 45  71  60
 44  66  54
 54  75  66
 63  86  78
 82 103  98
 48  64  61
 37  46  45
 16  16  14
 34  29  23
 82  75  67
124 121 112
 38  35  28
110 107 102
 85  84  80
 62  61  57
133 132 128
100  99  94
 39  40  32
119 120 114
 67  68  63
  9   9   7
 14  14  12
 61  62  56
169 169 161
150 148 136
157 153 141
109 109  97
 94  94  84
138 139 133
 27  30  23
  9  15   3
 56  60  45
102 104  90
171 169 157
 49  47  35
 22  19   2
113 111  86
134 133 103
 38  36  11
 70  69  51
126 126 114
185 185 177
130 132 121
 60  61  47
 54  51  34
141 139 116
134 130 103
144 139 109
182 176 142
141 128  94
 74  58  25
122 102  75
 74  56  32
 87  70  52
121 108  92
147 137 127
148 141 133
 81  77  74
 38  35  30
 48  44  41
 44  38  38
 72  67  64
 93  90  85
 28  30  19
 55  59  44
 69  77  54
 55  59  34
114 114  86
 93  86  57
 69  58  30
 86  74  48
108  97  75
157 149 128
183 176 157
227 226 196
212 206 182
186 178 157
230 219 197
251 242 213
199 191 155
133 124  85
118 106  64
120 111  70
151 145 111
118 115  96
131 131 121
139 140 134
124 125 117
133 134 128
129 129 127
115 117 112
115 118 111
102 103  95
126 126 118
153 151 136
152 150 137
125 123 110
146 147 131
131 132 116
167 165 152
106 104  92
 25  21  12
 28  25  18
 24  21  14
 12   8   0
 64  62  49
 59  58  38
 89  91  69
114 116  95
 71  72  56
 48  52  38
128 134 120
128 134 122
126 134 123
129 134 127
132 135 126
150 151 143
 68  70  59
  6   6   0
 83  82  77
 73  70  65
 71  67  58
118 112  98
147 141 119
150 143 115
128 121  92
145 136 107
154 144 119
119 112  93
136 133 116
135 136 122
130 132 121
131 132 124
133 135 130
124 125 120
122 123 117
138 135 128
122 117 111
119 111 108
127 122 119
122 121 117
124 123 119
 93  93  93
 94  94  94
 71  71  73
 64  65  67
 80  84  83
 96 102 100
 72  78  76
120 126 124
118 122 121
105 107 106
122 122 122
120 118 119
123 122 120
116 115 111
126 122 119
141 135 135
154 151 144
 34  30  21
130 126 115
135 131 119
127 123 111
119 116 107
 16  15  10
 27  27  27
 21  23  22
 64  64  62
245 245 237
234 234 224
230 232 221
209 214 207
 39  49  41
 77  87  79
112 123 115
105 112 105
 17  18  13
 17  16  12
 17  18  13
 12  12  10
 16  16  14
 15  15  15
 55  55  57
113 113 113
119 119 119
115 115 115
113 113 113
120 120 122
126 126 128
122 122 124
 54  56  53
 11  11   9
 11  11  11
 12  14  13
 11  13  12
 17  19  18
  8   8   8
 15  15  17
 11  11  13
  7   8  10
 16  16  16
 83  83  83
104 105 100
101 102  96
155 155 145
114 114 102
 95  96  88
 37  38  30
 44  45  37
 23  25  14
  7   7   0
 15  11   0
 26  19   9
 63  59  50
 56  53  44
 87  87  79
 99  98  93
116 115 110
141 140 135
131 132 126
124 125 119
121 122 117
124 125 120
140 139 137
130 128 129
129 127 128
134 132 133
132 128 129
134 130 127
140 135 131
135 131 122
118 114 105
124 120 111
123 119 108
136 133 118
155 152 135
142 136 120
145 139 125
148 139 130
139 130 121
138 130 117
140 131 114
129 116  97
157 139 117
166 146 122
138 122  96
195 184 154
183 174 143
155 144 116
163 151 129
153 145 126
172 165 147
143 134 117
123 112  94
136 126 101
117 104  85
156 140 127
154 137 127
140 126 115
132 120 104
149 138 120
147 136 118
151 139 125
147 134 126
144 133 129
155 145 143
133 128 124
110 107 102
203 202 198
186 185 181
 89  90  84
191 192 187
150 152 149
 71  75  74
 80  86  82
 69  78  75
 73  82  81
 36  45  44
 95 101  99
109 111 110
 84  83  81
 94  92  93
127 126 124
133 134 129
 42  41  36
 17  17   9
139 135 126
148 145 136
136 133 124
133 129 118
147 143 132
126 122 113
132 127 121
134 129 123
148 141 133
142 138 127
152 149 140
141 141 131
 73  75  64
 93  95  82
120 122 108
120 122 108
120 122 101
122 119 100
174 167 148
198 192 170
194 188 164
212 204 181
222 210 188
227 212 191
213 198 175
186 174 148
209 200 171
150 144 118
139 133 109
104  88  65
 72  38  13
146  97  67
190 122  77
203 139  95
146  89  46
147 100  56
151 114  70
210 178 139
185 156 122
153 126  96
136 109  80
128 104  76
137 121  96
155 145 120
162 156 130
128 124  95
126 125  95
142 141 113
114 110  83
127 120 101
140 131 116
110 105  86
116 115  94
118 122  99
102 105  86
 95  96  80
115 109  93
140 125 106
198 173 151
203 177 150
158 135 104
108  89  56
120 104  68
152 136 102
154 134  97
137 117  80
120 101  61
112  95  51
145 131  84
124 111  67
142 132  96
148 141 115
136 133 116
 98  98  90
 96  97  92
130 130 128
138 138 136
122 123 118
130 129 127
132 131 129
116 119 112
131 132 124
130 130 120
133 135 124
155 158 147
100 106  96
 61  67  57
 85  89  75
131 132 114
120 119  99
140 137 120
156 150 136
138 131 115
153 146 128
149 142 124
143 134 117
171 167 156
142 139 132
127 124 119
116 108 105
117 107  97
124 108  93
110  95  74
135 123  97
156 149 123
121 119  96
107 108  94
128 129 121
113 116 109
130 135 128
113 120 113
 23  33  25
  9  16   8
 20  27  20
 58  63  59
113 115 110
128 127 122
132 129 120
136 132 123
127 123 112
125 121 110
114 110  99
125 122 113
132 131 126
130 129 125
139 138 134
128 127 123
128 127 123
119 118 113
135 134 130
136 135 133
 84  82  83
 72  70  71
 37  35  36
 19  17  18
 18  16  17
 39  38  36
 63  62  60
 37  36  32
 86  85  81
143 142 137
125 124 119
142 143 137
 39  40  34
 66  68  65
169 170 165
122 123 118
143 144 138
136 135 130
142 141 136
146 143 138
147 144 139
147 146 141
109 108 103
 30  29  25
121 117 114
155 151 150
143 142 140
136 136 134
149 151 146
144 149 143
139 141 136
154 153 149
125 124 119
153 150 143
155 152 145
163 160 153
159 159 149
156 158 145
163 165 151
196 193 178
220 212 199
175 169 155
141 139 127
140 137 130
118 114 111
154 155 147
149 150 142
 92  93  87
128 129 123
136 137 132
128 130 125
116 118 113
117 120 113
130 132 119
 90  91  73
 52  52  28
 60  58  37
 60  54  38
 57  51  39
107  98  89
175 166 157
144 137 127
141 140 135
126 132 132
 58  74  74
 57  79  76
 68  95  88
 64  94  82
 51  81  71
 53  83  73
 42  70  58
 72  96  83
 73  97  83
 42  69  54
 50  78  66
 47  73  64
 60  83  77
 63  86  80
 49  72  66
 70  93  87
 58  85  78
 54  86  75
 46  78  67
 45  73  61
 56  82  69
 54  82  68
 55  83  71
 78 105  96
 56  77  70
  0  12   5
  1   9   0
 29  30  16
 83  80  65
 19  20   4
 93  94  80
105 105  95
110 109 104
 74  73  71
 59  59  57
 49  49  47
  8  10   7
 33  33  31
 46  46  44
 19  19  17
 14  14  12
  8   9   4
 27  28  22
 44  44  34
 57  55  43
111 111 103
129 130 122
127 128 123
106 107 102
 22  23  17
 37  37  29
168 165 158
118 113 107
 41  34  26
 89  83  67
167 163 134
174 172 134
110 107  72
107 105  80
158 157 139
154 152 139
 68  68  56
 56  54  41
 90  87  70
161 158 139
 78  78  54
101 101  73
113 112  81
161 157 122
134 125  92
141 127 100
147 131 108
147 132 113
137 126 108
137 131 117
106 102  93
  9   4   0
 37  34  27
 75  72  67
 95  90  86
143 142 138
 85  87  82
 44  54  45
 77  91  76
 55  70  49
 73  85  61
137 143 115
 68  67  37
132 125  96
139 132 106
141 134 115
182 175 159
223 215 202
210 205 185
232 226 204
237 227 202
240 229 197
208 199 158
143 135  89
189 178 132
169 158 113
122 113  74
122 115  86
110 107  90
111 111 103
130 131 125
127 130 123
137 139 134
115 117 114
120 126 122
107 112 106
144 147 140
 93  94  86
135 133 121
133 131 119
144 141 132
128 125 116
167 167 159
168 168 160
 74  75  69
 28  29  24
 17  18  13
 24  25  20
 35  34  29
 56  58  47
 17  21   7
 31  38  22
 76  85  66
167 174 156
150 161 145
117 125 112
118 126 115
111 116 109
121 124 117
141 141 131
143 141 128
137 134 119
119 115 103
123 119 108
 53  46  38
 88  80  69
134 125 108
134 127 101
131 124  95
135 126  95
154 147 119
141 135 111
120 115  96
138 134 122
115 115 105
121 122 114
122 123 117
119 122 115
117 118 113
127 126 122
129 126 121
120 115 109
147 142 136
154 151 146
124 123 118
124 123 118
125 125 123
128 128 128
143 143 143
134 136 135
137 141 140
 80  86  84
 86  92  90
127 133 129
118 123 117
120 122 117
128 129 124
123 124 119
119 118 114
120 117 112
125 120 116
125 120 116
122 118 107
117 111  97
129 122 104
140 133 114
114 109  90
119 116 101
 85  83  71
 47  46  41
  9  11   6
 42  43  38
214 215 209
236 237 229
211 214 207
217 222 216
 69  75  71
 31  40  35
102 112 103
101 108 100
 38  41  34
111 110 105
 44  43  39
 15  14  12
 20  20  18
 11  11  11
  6   6   8
  8   8   8
 21  21  21
 56  56  54
106 106 106
113 113 115
116 116 118
126 126 128
140 145 141
 78  80  79
  1   3   2
  9  11  10
  4   6   3
 12  14  11
  2   2   0
  3   2   0
 11  11   9
 13  13  11
 12  14  11
  8  10   7
 45  47  42
122 125 116
156 158 145
103 101  88
 40  41  33
 14  15   7
 38  39  31
 73  76  67
 67  69  58
 42  42  32
 27  22  16
 86  79  73
 43  38  32
 51  48  43
100  99  95
107 106 104
142 143 138
124 125 120
127 128 122
131 130 125
106 105 100
123 120 115
129 125 122
137 133 134
127 125 126
121 119 120
134 133 131
137 134 129
138 133 127
137 133 124
137 133 122
126 122 110
141 140 122
153 152 134
151 148 133
134 128 116
141 134 124
151 145 133
138 130 117
140 129 111
136 121  98
138 121  95
165 148 122
154 138 112
206 195 165
156 145 115
156 142 115
143 131 109
152 143 126
160 154 140
137 131 117
135 129 113
126 120  94
148 140 119
160 147 131
151 135 120
155 139 123
142 127 106
134 119  96
142 127 104
144 129 110
136 122 111
120 109 103
 84  74  72
 54  49  46
 97  96  91
186 185 180
209 205 202
132 133 127
146 145 141
119 115 114
 77  76  72
 79  81  76
 37  43  39
 63  69  67
 31  36  32
  7  12   6
 81  84  77
120 119 114
 85  81  78
134 130 127
124 123 118
 43  40  35
111 108 101
132 132 122
135 132 123
125 122 113
130 126 115
151 147 135
135 131 119
134 130 119
140 136 125
137 133 121
127 125 112
128 129 115
134 136 122
 82  84  70
 54  57  40
 94  97  80
116 119 102
101 102  84
112 109  90
207 201 179
201 195 171
204 198 174
179 173 151
187 178 161
185 173 157
180 172 153
167 159 138
216 209 190
226 223 206
165 161 149
 28  14   1
 86  55  37
148 100  80
146  79  37
162  97  57
166 104  65
157 104  64
140  95  54
160 122  85
154 121  88
215 184 155
147 117  91
131 109  85
135 123 101
141 135 113
164 160 133
131 126  97
120 113  84
136 131 102
118 106  82
126 111  90
109  92  72
144 128 105
136 124  98
103  96  70
153 148 128
142 138 126
104  97  87
116 107  98
156 142 131
 82  67  48
 71  54  28
108  92  59
150 134  98
147 131  95
129 110  77
130 111  78
117 101  67
128 112  76
174 160 121
182 173 132
204 195 162
151 145 121
107 103  91
104 104  96
101 103  98
114 116 113
125 127 124
131 133 130
129 129 127
119 119 117
135 136 130
132 133 125
142 142 132
137 139 126
130 134 120
100 106  94
 72  75  66
108 111 100
125 127 114
141 142 126
130 129 111
149 143 127
154 147 131
143 136 120
143 136 120
145 137 124
129 129 119
 99 100  94
132 132 130
141 138 131
124 112  96
112  95  67
109  91  55
136 122  83
195 187 151
124 120  93
105 106  90
116 117 109
129 134 127
110 117 109
115 125 117
 62  72  64
  8  15   7
 11  16   9
 41  44  37
120 119 114
120 115 109
129 124 118
129 125 116
131 127 116
120 116 105
131 128 119
130 130 122
129 128 124
133 132 130
141 137 136
136 132 131
167 166 164
133 134 129
110 110 108
 66  65  63
 30  28  29
104 102 103
142 140 141
114 112 113
106 104 105
186 185 183
134 133 131
 75  74  70
 80  81  76
126 127 121
114 115 109
152 153 147
 52  53  48
 50  52  49
148 148 146
117 117 115
134 135 130
146 147 141
138 138 130
141 138 133
148 147 142
159 158 154
 97  96  92
 12  11   7
 76  75  73
153 151 152
135 135 135
130 130 130
132 132 130
133 135 130
136 137 132
152 151 147
155 154 150
148 148 140
154 151 142
153 149 138
153 151 138
172 173 157
181 180 160
129 122 103
165 156 139
127 121 105
141 137 126
144 141 134
146 143 138
186 189 178
134 137 126
146 149 140
131 134 127
128 129 123
137 138 130
112 113 105
 89  92  81
116 120 105
135 140 120
119 121 100
 52  51  33
 60  56  45
 61  56  50
 31  22  17
 40  31  24
116 109  99
138 135 128
121 126 120
 84  97  88
 48  70  57
 60  84  68
 61  85  69
 65  89  76
 59  80  71
 69  89  80
 48  64  51
 63  80  62
 85 103  87
 87 105  93
113 128 121
 50  63  56
 25  38  31
 50  62  58
139 151 147
 13  33  24
 48  72  59
 63  90  75
 52  79  64
 44  71  56
 54  83  65
 43  74  58
 47  75  61
 55  81  70
 78  98  86
 88 101  84
133 141 120
146 148 127
142 145 124
135 138 119
122 124 110
 95  97  86
  0   1   0
 11  11   9
  9   9   9
 15  16  18
 11  11  13
  2   2   2
  9   9   9
 18  20  17
 14  16  13
 10  12   7
  7   8   2
  9  10   2
 15  16  10
 66  67  62
139 139 137
131 133 130
122 122 120
113 112 110
151 145 145
130 122 120
127 120 112
132 125 109
108 103  74
220 216 181
178 176 138
166 165 134
219 217 196
161 158 143
 58  56  43
111 107  95
113 110  95
 83  82  64
 85  87  66
101 106  83
 58  67  38
 87  92  62
122 121  91
128 121  95
143 133 108
135 127 106
143 136 117
147 141 125
 32  28  17
114 110 101
142 139 130
126 122 113
123 120 113
143 144 136
122 129 121
109 123 110
106 124 110
110 129 110
 98 111  91
108 113  90
 42  42  16
 89  85  60
 32  27   5
 45  42  25
 21  17   6
143 138 132
230 224 210
227 220 201
228 219 190
246 237 198
225 214 168
168 158 107
176 166 117
197 185 143
171 161 126
106 100  76
114 111  96
106 106  98
120 121 116
116 118 115
119 124 120
 97 102  98
131 137 133
 95 100  96
149 151 146
 68  69  63
153 149 138
155 153 141
155 152 143
155 152 145
170 169 164
 98  99  94
 28  33  29
 23  29  27
 10  16  14
 12  17  13
 32  34  29
 30  35  28
 66  74  63
118 129 115
147 160 142
143 155 135
190 203 185
161 169 154
134 140 130
150 153 146
161 162 156
142 139 130
129 126 111
147 142 123
138 133 114
138 132 118
142 134 121
143 134 119
144 136 115
134 127  99
142 136 104
130 124  92
125 121  96
135 130 110
130 127 110
143 139 128
122 119 112
125 124 119
130 131 125
138 139 133
129 130 124
128 127 122
131 128 121
128 125 118
140 140 132
133 133 123
122 122 112
133 133 123
153 152 147
130 131 126
120 121 116
137 138 133
129 131 128
124 129 125
130 137 130
119 124 117
125 128 119
113 114 106
120 121 113
122 123 115
102 101  96
123 118 112
123 119 110
122 118 107
137 130 114
133 126 107
135 127 104
156 146 121
109  98  76
100  92  71
135 130 111
 53  51  38
 16  17   9
 12  14   9
 60  63  56
100 103  96
 50  55  49
 66  72  68
 23  32  27
 59  68  63
 26  34  23
131 137 127
132 135 126
 47  46  41
 34  30  27
 22  21  19
 10  10  10
 16  16  16
 23  25  24
 14  14  14
 16  16  14
  9   9   9
 10  10  10
  3   3   3
 22  24  23
 43  45  42
 48  52  51
 26  28  27
 25  27  26
 50  50  48
 67  68  63
107 108 102
 84  83  78
 39  36  31
 15  14   9
  5   6   0
 13  14   9
  2   4   1
 12  17  11
 13  16   7
 39  41  30
 71  71  61
 49  50  44
 15  16  10
 10  12   7
 60  65  59
143 148 141
210 211 205
126 123 118
  6   1   0
 22  17  13
 23  22  18
126 125 123
127 127 127
129 129 129
131 131 129
135 134 130
121 120 115
115 112 103
106 103  96
114 111 106
133 130 125
129 128 124
132 132 130
123 123 121
126 125 121
138 135 130
136 131 125
134 130 121
138 134 122
130 129 111
122 121 103
139 137 124
121 119 107
134 131 122
140 136 125
149 141 130
135 123 107
142 130 108
138 124  98
136 121  98
135 123 101
146 134 110
144 132 106
139 123  97
138 123 100
129 122 104
126 124 109
176 177 163
153 154 140
118 120  98
131 128 109
168 161 143
230 219 201
196 184 162
137 123  97
143 127 101
119 103  77
139 124 101
143 130 113
 19   6   0
 33  23  21
106 103  98
149 148 143
169 166 161
211 206 202
190 190 182
145 142 137
113 108 104
 20  15  11
 43  42  37
 20  22  17
 19  21  16
 71  74  67
 82  83  75
133 133 121
126 124 112
107 103  94
120 116 107
139 136 127
 95  92  83
107 104  97
139 141 130
142 142 132
104 101  92
135 133 121
139 137 124
139 137 122
141 139 124
140 138 123
121 119 104
123 124 106
117 118 102
102 105  88
112 115  98
110 113  96
 20  23   6
 45  48  31
 95  96  82
153 150 135
215 208 190
204 197 178
205 203 182
204 201 184
195 189 175
206 200 186
218 212 198
233 230 215
201 197 185
116 113 104
 16  13   6
 30  19  13
 44  20  10
125  87  74
133  82  53
125  71  43
110  56  28
104  55  23
148 105  71
183 147 113
239 208 177
205 175 147
152 126 103
144 126 106
139 130 113
136 133 114
146 144 121
146 140 114
104  97  71
129 122  96
123 110  93
115 100  81
122 105  85
127 111  88
117 103  77
 90  78  54
167 159 140
146 140 126
 50  46  37
 11   6   0
 49  45  36
103  96  80
 98  87  65
139 125  96
125 110  77
114 100  65
125 111  82
120 104  78
118 102  77
149 135 108
193 182 152
157 151 119
164 158 132
141 138 119
140 138 126
137 138 132
132 134 129
100 102  97
117 119 114
165 167 162
142 144 139
138 141 134
139 139 131
138 138 128
117 117 105
 73  74  60
157 159 146
124 127 116
120 123 112
144 145 137
137 138 130
148 150 137
140 141 127
129 126 109
146 140 124
150 144 128
135 129 113
119 113  97
131 133 119
116 119 110
187 192 185
115 116 102
 72  65  37
102  87  44
166 148  98
181 169 121
124 119  81
 67  65  40
 50  52  38
 88  91  84
113 118 111
146 153 145
 95 105  96
 91 101  93
 53  58  51
 11  14   5
 54  51  42
138 131 123
125 116 109
143 134 127
134 127 119
136 132 123
135 132 123
123 123 113
126 127 121
126 127 122
123 122 120
121 117 116
115 111 112
127 123 124
 67  67  67
  5   5   5
 63  61  62
137 135 136
138 136 137
127 125 126
134 132 133
128 127 125
162 161 159
150 149 145
 73  74  69
 90  91  85
123 124 118
138 139 133
125 126 121
 10  11   6
 60  60  58
147 147 147
116 116 116
101 101  99
147 148 142
135 135 127
145 145 137
154 153 148
160 159 155
 60  59  55
  2   1   0
106 104 105
122 122 122
121 121 121
146 146 144
144 143 141
150 151 145
135 134 130
160 159 155
162 161 156
142 142 132
150 148 135
161 158 143
168 163 144
198 193 173
177 171 149
149 141 118
151 140 122
144 137 121
182 178 166
155 151 142
130 125 119
132 134 121
119 122 111
119 122 111
130 131 123
146 147 139
139 139 129
131 131 119
 88  90  76
123 127 112
142 146 131
213 215 201
 96  96  84
 72  69  60
 27  23  14
 59  52  42
 83  73  64
143 139 130
155 152 145
139 140 132
136 146 135
120 137 119
 70  87  68
 64  78  61
101 114 104
123 134 126
135 145 137
126 134 121
186 195 178
197 208 192
130 140 129
 31  38  30
 64  67  60
 35  36  30
 52  53  48
146 149 142
  0   9   0
 25  39  22
 46  65  46
 48  66  50
 47  68  51
 49  74  55
 60  89  71
 54  82  68
 58  84  71
 95 117 104
107 124 106
159 168 149
207 212 192
205 208 187
212 217 197
221 225 208
127 129 116
 10  11   3
 20  21  16
 14  14  14
  2   2   4
 16  16  18
 16  16  18
  8  10   9
  5   7   6
  4   6   5
 12  14  11
 34  36  31
  7   8   3
 17  18  13
 12  12  10
 56  58  57
128 129 131
126 127 129
122 122 124
136 132 133
126 121 117
116 109  99
122 115  99
107 101  79
107 102  73
101  98  67
124 120  91
126 124 103
121 115 101
134 130 118
121 117 106
100  96  85
 56  56  44
 80  84  69
 68  79  62
 80  95  74
 63  77  54
106 111  89
107 107  83
129 127 104
130 125 105
138 132 116
116 110  96
122 118 106
136 132 121
127 125 113
107 104  95
 91  91  81
 99 100  92
107 115 102
 68  82  67
109 126 110
 80  94  77
106 117 100
122 125 108
113 110  91
127 122 102
127 124 105
101 100  82
122 120 108
 59  56  49
 58  55  40
154 147 129
254 244 217
242 229 194
172 161 116
152 141  96
147 138  97
212 202 167
171 161 134
108 101  82
120 118 105
112 113 107
122 124 121
122 124 123
128 132 131
103 107 106
109 115 111
106 111 107
115 117 114
 56  57  51
146 140 128
156 152 141
153 150 141
161 161 153
172 171 166
134 135 130
 71  76  72
 34  43  40
 36  45  44
 21  27  27
 35  39  40
 69  75  73
127 134 127
104 114 103
122 133 119
141 154 137
151 160 141
227 231 216
228 228 216
194 194 184
161 161 151
136 136 124
147 145 130
135 132 115
129 124 105
132 127 108
124 117  99
134 126 107
137 129 106
136 129 101
154 147 118
131 124  95
133 127 105
137 132 113
134 128 114
152 148 139
131 128 121
137 133 130
122 121 117
127 126 121
123 123 115
130 127 118
133 133 125
128 128 120
127 127 117
113 113 103
136 136 126
134 134 124
134 134 124
152 152 144
121 122 116
127 128 122
123 126 119
127 130 123
123 128 121
127 130 121
120 122 111
116 118 107
113 115 104
106 108  97
132 132 122
111 109  97
115 109  97
128 122 110
145 137 118
137 126 106
140 128 102
139 128  98
148 137 107
130 121  92
132 126 102
104 101  84
  9   9   0
 11  14   5
 37  42  35
 14  21  14
 43  52  47
 37  46  41
  3  14   8
 54  64  56
 13  20  12
127 133 123
163 164 156
 54  51  44
  7   4   0
 19  18  16
 15  15  15
 12  14  13
  9   9   7
  8   8   6
  3   3   3
  7   7   7
  3   3   3
 10  12   9
 16  18  15
  4   6   3
  6  10  11
  2   4   3
 29  29  27
188 187 183
247 244 239
238 235 228
245 243 231
244 240 229
194 190 179
 65  62  55
 46  47  41
 71  76  70
 33  38  32
 26  28  23
  6   7   1
 10   9   4
  5   6   1
 11  12   7
 20  25  21
 41  45  44
 26  31  27
142 144 141
 94  93  91
 31  27  26
 41  40  38
 26  26  24
 94  94  94
136 136 138
136 135 140
147 147 149
130 129 125
127 124 119
107 103  91
104 102  90
117 117 107
118 118 108
125 127 116
139 140 132
141 142 137
132 131 129
129 125 122
131 126 122
135 131 122
144 140 129
134 132 119
138 139 125
123 123 111
115 117 106
128 129 123
148 145 138
169 165 154
138 131 115
149 141 122
150 139 119
144 132 116
148 139 124
133 121 105
126 114  92
136 120  95
137 125  99
129 124 102
 86  89  70
 83  92  75
131 139 124
114 123 104
114 118 103
150 148 133
170 165 146
163 155 132
139 127 101
121 107  80
139 124  95
162 148 121
153 141 119
 68  56  44
124 115 110
162 157 151
147 144 135
146 143 136
161 156 152
205 202 193
155 150 144
203 195 192
102  94  91
 38  33  27
 64  61  54
115 115 107
105 107  96
149 150 136
128 125 110
 91  83  70
110 102  89
108 102  88
126 123 108
136 132 121
 63  60  51
144 144 134
145 145 135
142 142 130
135 135 123
144 145 131
121 122 106
130 132 111
155 157 136
135 136 118
111 112  94
 83  84  68
103 106  89
114 116 102
 33  35  22
 20  22  11
 24  27  16
 35  36  28
147 144 135
170 164 152
179 173 159
224 222 207
218 219 205
214 215 201
177 175 162
175 173 161
119 119 109
 43  43  35
 34  35  29
 19  18  13
 17   9   6
 16   1   0
 25   5   0
 33   9   0
 56  28  16
118  89  71
101  70  49
 81  54  27
 84  58  31
126 105  78
142 122  97
147 131 108
190 179 161
159 153 137
123 122 104
156 155 134
157 155 132
 99  94  72
108 103  83
129 119 109
130 120 108
127 117 105
 92  83  66
109 101  82
105  97  78
140 132 113
 84  77  61
110 104  92
141 137 126
137 133 122
 95  89  73
117 110  91
105  95  70
113 102  74
141 130 100
139 131 110
 90  82  63
 66  57  40
152 140 126
152 143 126
125 118  99
132 129 112
139 137 125
147 147 139
143 144 139
145 146 141
127 129 124
123 124 119
137 138 133
126 125 121
117 116 111
146 146 138
159 156 147
118 116 104
 88  86  73
147 145 130
 97  98  84
 95  97  84
103 104  96
135 136 128
123 125 114
136 136 124
122 118 106
119 116 101
112 106  92
145 139 125
162 156 142
151 152 138
145 147 136
108 111 102
 89  90  72
108 104  69
172 160 110
177 164 111
 89  81  35
 80  77  46
 71  74  57
 95  98  89
124 129 123
 62  69  61
136 146 137
166 176 167
109 116 108
 94  97  86
120 120 110
111 105  93
131 121 109
143 133 123
139 130 121
128 121 113
128 123 117
134 134 126
126 127 121
129 130 125
121 121 119
134 132 133
104 102 103
 13  11  12
 13  11  12
  4   2   3
 82  80  81
139 137 138
127 123 124
125 124 122
131 130 128
130 129 127
125 124 120
105 104 100
142 143 137
112 113 107
 72  73  67
125 126 120
115 116 111
 40  40  38
  4   4   2
 77  77  75
143 143 143
146 146 146
117 117 115
142 141 136
138 137 132
144 143 138
134 131 126
132 128 125
 33  29  28
  1   0   0
 90  90  88
128 128 126
138 139 134
139 138 134
159 158 154
167 168 160
162 162 154
154 151 146
176 173 166
145 142 133
164 160 148
214 208 192
156 150 128
182 176 152
153 146 120
143 133 108
138 127 107
125 116 101
142 135 125
144 140 129
140 138 126
136 138 124
147 149 136
140 141 133
121 120 115
116 115 110
130 127 120
139 139 129
144 144 132
150 152 138
135 137 124
145 145 135
101  98  89
127 125 113
121 117 105
 74  68  54
128 120 109
139 136 129
 56  53  46
 94  94  86
131 134 125
157 165 150
159 168 151
131 138 122
127 130 119
122 125 116
132 135 126
132 135 124
170 174 160
174 180 166
 82  85  76
 60  59  54
 21  16  12
 29  22  16
 53  46  40
162 159 150
  5   7   0
 60  67  51
100 109  92
 85  97  77
 51  66  45
 55  74  54
 55  79  63
 55  83  69
 54  82  70
 50  74  60
 35  53  39
 54  65  51
 73  79  67
101 103  89
178 180 167
223 225 212
150 152 139
 20  22  11
 11  12   4
 49  50  45
 35  35  33
 10  10   8
 28  28  28
 27  27  27
 23  24  26
 35  37  36
 86  88  87
112 114 111
 41  43  40
  4   6   1
 15  17  16
  1   2   4
 69  73  76
135 136 140
137 137 139
137 135 136
172 169 164
141 137 125
117 111  95
108 103  84
 95  90  71
104  99  80
 98  95  76
127 124 109
118 114 102
118 116 103
135 133 121
143 140 133
142 143 137
 81  88  80
 52  66  53
 62  78  65
 77  91  76
 48  56  41
 90  94  77
131 132 114
130 127 112
125 122 107
 24  20   9
 61  57  48
142 139 130
131 128 121
138 138 130
112 111 106
118 119 113
133 139 127
146 154 139
101 110  93
 70  78  63
 71  75  61
107 103  91
 79  71  58
 37  30  14
221 216 197
195 194 174
179 180 164
109 107  94
 38  35  18
 20  14   0
148 137 117
191 177 148
167 153 118
 52  39   7
 18   6   0
 90  79  59
164 156 135
122 117  97
120 118 105
122 123 117
125 127 124
122 124 121
131 133 132
137 141 142
122 129 122
125 130 124
112 114 109
 40  41  35
119 109  99
167 161 149
166 166 154
143 145 134
 86  87  81
125 127 122
102 107 103
 24  33  30
 57  65  67
 57  65  68
114 119 125
117 122 125
118 124 120
 93 100  92
 63  73  62
 35  45  34
105 109  92
173 174 158
147 144 129
 67  63  51
 33  31  19
108 110  99
147 149 136
149 147 132
139 136 117
134 129 109
128 122 100
133 127 105
137 131 105
133 128  99
135 128 100
133 126  98
144 136 117
135 128 112
133 127 115
150 146 137
132 129 122
136 132 129
128 124 123
139 136 131
124 121 112
120 118 106
120 120 110
109 109 101
141 141 131
126 124 112
106 106  96
 93  93  85
121 119 107
145 145 135
115 116 110
113 116 109
113 116 107
129 132 123
129 132 123
124 125 117
123 125 114
126 128 117
119 121 110
117 119 108
140 142 129
138 139 125
127 121 107
113 103  91
141 130 110
148 136 114
128 114  88
137 124  92
152 139 105
165 154 122
132 125  99
111 108  89
 44  44  32
 45  48  39
 39  46  38
 42  52  44
 86  97  91
 35  48  41
 60  71  63
 97 108 100
 20  27  20
 78  81  74
160 157 150
148 143 137
 72  67  63
 14  13  11
 22  22  22
 11  13  10
 40  41  36
 61  61  59
 76  74  75
 98  98 100
 61  63  62
 16  21  17
 27  29  28
 16  16  16
 12  13  17
 15  15  15
  8   7   3
 64  61  56
248 243 237
232 228 219
221 218 203
223 217 203
252 244 233
231 227 218
160 161 155
145 150 144
151 156 152
113 113 111
 19  19  17
  8   8   6
 15  16  11
 16  18  15
 11  15  14
 22  28  28
 33  37  38
 26  26  26
 39  38  36
 68  68  66
 91  93  92
 87  89  88
134 134 136
130 128 131
136 134 139
157 155 158
153 149 148
129 126 121
129 126 111
126 127 113
144 146 133
137 141 126
126 130 113
123 125 112
139 138 133
143 142 140
138 134 133
125 120 117
126 121 115
118 114 105
143 141 129
167 169 156
139 141 130
117 120 111
121 123 118
127 128 120
145 143 131
153 150 135
141 134 118
142 133 118
147 137 127
137 129 118
151 141 129
144 131 114
150 135 112
131 119  93
136 135 107
117 125 101
 72  85  67
 66  80  65
 96 107  93
112 118 108
116 118 105
132 129 112
111 107  82
122 115  89
 83  71  45
 82  68  41
167 153 124
183 168 145
150 138 124
152 143 136
134 127 119
162 158 147
100  96  87
130 125 121
190 186 175
199 192 186
231 223 220
164 154 152
 81  74  68
113 109 100
173 170 161
137 138 124
161 160 142
147 140 124
129 120 105
143 134 117
149 142 124
129 124 105
142 139 124
 83  81  69
154 151 144
149 149 137
151 153 139
138 139 125
126 127 111
123 124 106
150 152 130
142 144 122
117 116  96
112 111  93
107 108  92
 99 101  87
138 142 128
131 134 125
 22  25  18
 26  29  22
 16  18  13
  2   1   0
 17  12   6
 57  53  44
 87  87  77
 87  91  77
 87  91  77
 73  73  61
 28  28  20
 12  11   6
 43  45  40
 99 102  95
 10   9   4
 71  66  62
 97  89  86
 53  45  43
  5   4   2
114 109 105
110 102  91
151 138 121
132 117  94
132 118  92
147 135 111
 90  79  57
 81  75  53
 70  65  46
 99  96  81
115 113  98
152 151 131
131 130 109
 71  70  50
142 140 125
132 129 122
138 133 127
146 141 135
142 139 130
 92  90  78
 71  65  51
109 102  84
120 111  94
156 150 134
183 180 165
139 133 119
113 106  90
121 114  95
105  99  77
126 118  95
141 134 108
125 119 103
128 125 110
103  99  88
134 125 118
123 113 104
133 125 114
130 126 115
136 136 128
130 131 126
145 145 143
135 136 131
113 114 109
147 146 142
141 137 136
125 121 118
128 124 121
141 138 131
120 117 110
 81  77  68
153 149 137
170 167 150
132 131 113
 99  99  87
109 109  99
 88  88  78
117 117 105
101  99  87
 69  67  55
110 106  94
143 139 127
134 128 116
145 138 128
149 146 137
131 131 123
135 137 126
140 142 120
161 159 121
153 145  96
145 135  84
125 120  82
141 143 122
130 135 128
124 130 126
140 145 139
124 131 123
104 111 103
167 174 166
126 133 125
134 136 123
129 125 113
126 116 104
127 115 101
148 139 124
120 112  99
122 115 107
132 129 124
133 134 129
127 129 124
137 139 134
138 138 138
139 139 141
 81  82  84
  9   9   9
 14  14  14
 26  24  25
111 109 110
124 120 121
120 116 115
138 134 133
115 114 110
126 125 121
128 129 123
126 127 121
135 136 130
157 158 152
 92  93  87
123 124 119
 27  28  23
  1   1   0
 26  28  27
 92  92  90
116 118 115
129 131 128
125 126 121
131 130 125
136 135 130
124 121 116
 27  24  19
 63  58  55
 17  13  12
 62  61  59
132 134 131
152 153 148
154 155 149
136 135 130
161 160 155
169 170 162
149 149 141
192 187 181
168 163 157
195 191 182
150 146 135
176 169 153
133 125 104
200 193 165
117 110  81
133 126 100
126 118  99
155 145 133
151 144 134
163 159 148
147 145 132
135 137 123
129 131 118
137 136 131
126 122 119
128 124 123
116 112 111
155 154 149
146 146 136
119 121 107
117 118 104
125 125 113
174 172 159
204 201 186
186 183 166
202 199 182
144 140 128
146 145 140
123 122 117
 20  19  14
 84  85  79
123 126 117
134 136 123
136 137 123
205 206 192
140 140 130
155 155 147
147 147 137
161 163 152
143 146 137
 65  66  60
114 110 107
 18   8   9
 24  13  11
 29  20  15
112 105  97
 66  63  54
176 178 165
235 239 224
203 211 190
 95 107  83
 46  64  42
 48  71  55
 57  85  73
 51  81  69
 55  81  68
 65  83  71
 64  74  65
 25  30  23
 86  87  81
141 142 134
130 131 123
 67  69  56
 28  30  17
 62  62  50
140 141 133
137 138 132
 14  15  10
 11  11   9
 17  17  17
 17  17  19
 42  42  44
 45  47  46
 77  79  76
114 116 113
 68  70  65
 19  21  20
 11  12  16
  4   5  10
 66  67  71
 80  79  84
 74  72  73
150 147 140
217 215 202
176 175 157
 26  23   8
 42  38  27
142 138 129
127 124 115
129 127 115
121 121 109
117 115 102
128 125 116
140 139 134
151 156 152
170 181 175
114 129 122
 64  80  70
 91 104  94
 91 101  90
122 128 116
135 135 123
136 132 121
128 124 113
 19  15   6
 38  35  28
129 128 123
130 129 125
141 140 136
131 131 129
 43  45  40
 91  94  85
105 107  93
 49  50  34
 16  17   1
  6   4   0
 85  78  68
 39  29  19
115 106  91
221 216 196
175 174 153
151 153 132
162 161 141
130 129 109
161 155 139
161 149 133
127 112  89
172 156 130
171 156 135
 86  72  61
 63  50  41
118 109  92
111 106  86
125 123 108
128 129 123
125 127 122
130 132 127
135 137 132
120 122 121
133 140 133
133 136 129
 95  96  90
 23  24  18
179 166 160
179 168 162
163 156 148
125 121 112
127 127 119
110 109 104
 35  36  30
 83  88  82
 91  97  93
 83  89  89
100 105 108
 16  19  24
 19  25  25
 28  34  32
  4   9   3
  0   3   0
170 169 148
202 195 176
124 113  95
 80  72  53
100  97  80
123 125 112
120 123 114
148 150 139
166 167 151
131 129 108
131 126 106
138 133 113
138 133 113
137 135 114
147 144 125
135 132 115
116 114 102
137 133 124
128 123 117
135 131 128
127 126 124
121 121 119
116 115 113
123 119 116
125 120 116
123 118 114
123 118 112
104 101  94
142 142 134
134 134 126
117 119 108
 66  68  57
 58  60  46
109 111 100
128 127 122
121 120 115
135 135 127
137 137 127
135 132 123
153 151 139
128 126 113
133 134 120
112 118 104
 87  98  84
115 127 115
116 124 111
116 118 105
148 146 133
135 129 115
136 130 114
132 125 107
122 111  91
161 149 123
159 145 118
140 128 102
151 143 120
187 180 161
133 131 116
 78  80  69
 48  55  47
 25  35  27
 14  23  18
 86  95  90
118 128 120
 62  67  60
 40  42  31
143 141 129
146 143 136
122 121 119
 81  81  83
  0   0   2
 22  22  20
139 140 135
155 157 152
133 135 130
153 155 152
165 167 166
124 128 127
 56  60  61
  0   6   6
 11  16  10
 11  13   8
 10  11   6
  6   5   0
162 159 152
255 253 243
170 162 151
168 158 146
197 191 177
214 212 199
199 201 190
137 140 133
121 123 118
140 142 139
 69  69  69
 68  68  70
 81  81  81
  1   1   3
 16  15  20
 10   9  14
 25  23  26
 24  22  23
 26  26  26
 80  82  81
110 114 113
140 141 143
136 137 141
 72  73  77
127 126 131
163 163 165
146 144 145
136 132 131
 90  91  83
 71  72  64
122 125 114
140 144 130
129 133 118
134 136 122
136 136 124
143 143 133
134 136 125
123 123 111
129 127 115
132 130 118
140 142 131
130 135 128
142 147 143
110 112 111
 67  72  68
128 129 124
142 139 132
137 133 122
138 131 121
149 140 133
150 141 134
155 148 140
156 152 140
148 145 128
172 166 144
187 182 153
165 166 135
146 155 128
114 128 105
 67  81  64
 68  88  79
 79  94  89
 81  90  85
127 133 121
 78  80  59
 91  85  61
121 107  81
122 102  75
110  89  58
142 123  91
122 105  77
139 123 100
180 167 150
131 122 107
 35  29  17
 91  84  76
177 168 161
187 174 166
 78  61  51
124 108  95
146 136 126
134 130 119
145 142 133
131 127 116
139 133 119
127 121 105
196 190 174
141 134 116
156 149 130
148 141 122
106 100  86
 61  57  46
164 155 148
139 130 123
146 139 129
135 131 122
124 121 112
153 151 139
147 145 130
128 127 109
138 139 123
130 130 118
132 129 122
121 118 111
136 136 128
166 169 160
101 106  99
 33  35  30
 12  18  14
 38  40  37
 29  28  24
 11  12   6
  0   3   0
 49  52  45
 89  89  81
 33  29  18
 99  95  83
135 133 121
 47  44  37
  5   2   0
101  98  89
232 229 214
222 219 204
106 100  86
 91  91  81
 57  54  45
110 103  93
171 159 145
205 190 169
221 204 176
236 217 184
235 220 187
209 199 172
 97  92  73
 59  53  41
 40  33  23
 49  45  33
 29  27  14
 88  86  74
119 116 107
 17  17  15
 60  62  59
 82  84  81
 53  55  50
 35  36  30
171 171 163
168 166 154
134 132 119
141 139 126
120 118 105
 43  41  29
 22  18   9
 67  64  55
 64  61  52
 77  75  63
 67  65  52
 58  58  50
 48  43  39
 55  45  43
 64  54  52
 72  65  59
 78  73  67
154 151 144
182 181 176
120 121 116
129 130 125
127 126 121
141 136 132
142 137 133
145 140 134
140 133 127
128 119 112
181 177 168
195 188 178
 57  49  38
100  92  81
118 112 100
142 136 122
124 121 106
 84  81  66
 88  86  73
109 105  93
 99  95  84
102  96  84
137 133 121
137 134 117
156 149 131
125 117  98
112 105  86
138 132 116
139 137 122
141 144 127
128 130 109
137 136 116
138 135 118
135 133 121
113 116 109
 82  86  85
151 156 152
126 128 123
130 133 124
179 182 171
 91  96  89
140 142 137
121 123 118
126 126 118
146 140 128
138 131 115
129 123 107
113 109  97
173 170 163
146 143 138
119 118 114
119 118 114
114 114 112
106 106 106
 50  52  51
 12  12  12
 11  11  11
 20  20  20
104 100 101
145 141 142
102  98  99
129 127 128
108 108 106
122 123 117
134 134 126
131 132 124
129 130 124
133 135 130
192 193 188
154 153 149
131 127 124
 54  50  47
 13  12   8
 77  76  72
135 131 128
123 119 116
120 116 113
123 120 115
124 121 114
142 139 132
 78  75  70
 21  17  14
 54  54  52
 24  26  25
139 139 139
147 146 141
148 144 133
158 152 138
157 150 134
169 162 144
139 132 114
179 170 153
142 130 114
103  94  79
181 173 160
184 177 159
131 123 104
 98  87  65
163 151 127
101  89  63
149 135 106
157 143 114
192 180 154
177 170 151
133 131 116
139 139 127
132 135 118
131 133 122
134 133 129
132 128 127
144 138 138
131 127 124
 98  95  90
145 145 135
115 117 103
115 118 101
158 159 143
197 195 180
219 216 201
205 202 187
180 177 162
149 145 133
146 146 138
130 129 124
 89  90  85
 87  88  83
114 113 108
151 148 139
160 156 145
159 155 144
167 163 152
124 117 109
144 140 131
154 151 142
136 138 127
142 144 133
162 159 150
121 112 107
 73  64  57
109 100  91
123 117 105
125 122 107
116 113  98
155 153 138
 58  59  41
152 155 134
140 148 127
 67  78  61
 53  65  53
 65  76  70
 63  74  68
 48  57  54
 19  23  22
 55  55  55
 84  85  87
109 110 112
 27  27  27
  4   3   1
 21  18  13
112 111 106
160 161 155
 85  86  80
 13  14   8
 24  23  21
  8   8  10
 33  34  36
  2   6   5
  1   6   2
  5   5   3
 35  33  36
158 163 159
108 108 108
 16  14  17
 15  14  20
 10  13  20
 11  14  19
  5   6   8
 78  75  68
140 136 124
171 165 149
142 136 120
105  98  88
149 144 140
140 135 132
155 150 147
168 163 160
125 124 122
134 133 131
137 137 137
120 125 119
 85  95  86
134 146 132
103 115 101
113 125 113
108 118 109
117 124 117
129 131 126
130 131 126
138 139 133
 60  61  55
 18  20  15
113 115 114
114 116 115
135 139 138
 79  85  83
 82  88  86
 85  90  84
 76  77  69
 61  61  49
125 119 107
147 138 123
 87  74  57
 64  49  28
234 220 194
151 140 112
131 125  93
179 176 143
125 126  92
 97  98  80
210 207 190
214 207 191
195 185 173
102  92  80
156 148 135
193 187 171
202 199 180
141 140 120
110 111  97
120 121 113
123 124 119
128 127 122
139 138 133
147 146 141
119 118 114
113 118 112
141 143 140
109 111 110
 40  42  41
 30  23  17
115 108 102
150 146 137
124 120 111
145 142 133
 91  90  85
 54  55  50
145 147 144
134 139 135
134 138 137
 84  88  89
  4   8   9
 20  26  24
 22  29  22
 55  60  53
 88  89  81
158 153 131
246 238 215
152 140 116
147 139 116
162 159 140
 90  92  78
101 104  93
148 152 138
207 208 192
180 177 158
132 127 107
128 121 102
136 131 111
112 109  90
125 122 107
140 138 126
133 131 119
125 122 113
122 119 112
130 129 124
125 124 119
124 123 118
130 129 124
131 128 123
139 134 130
139 134 128
138 135 126
129 129 121
138 139 133
153 154 148
158 159 151
156 158 147
100 102  88
 61  61  51
130 130 122
165 164 159
185 185 177
131 131 121
116 114 102
165 161 149
159 155 143
 97  98  84
118 124 110
 92 103  87
104 117 100
 80  88  75
 60  62  51
 72  68  59
110 108  96
152 148 137
156 150 138
130 123 107
144 136 115
156 146 119
149 139 112
148 137 115
140 131 114
 95  89  75
 20  20   8
 82  88  78
 25  30  23
 41  46  40
 59  64  58
 42  49  42
 74  76  71
 99 100  92
178 176 164
224 221 212
176 175 171
121 119 120
 50  50  50
 49  49  47
144 145 140
151 153 148
136 138 133
128 130 127
151 155 154
150 154 155
110 114 115
  6  10  11
 10  14  13
 11  13  10
 28  27  23
 25  21  18
 21  16  12
129 122 116
209 202 194
238 230 219
226 220 208
189 186 177
215 215 207
181 184 177
189 191 186
194 196 191
121 121 121
142 142 142
150 150 152
 15  14  19
 14  13  18
 11  11  13
  9   9   9
 17  15  16
 10   8   9
 12  12  12
 25  27  26
 72  73  75
124 125 127
150 151 155
138 139 143
150 151 153
155 155 155
133 132 130
 83  84  78
 31  32  24
 85  87  76
107 111  96
123 126 109
212 213 197
225 226 212
223 224 210
194 195 181
160 158 145
145 143 130
148 146 134
148 150 139
130 133 126
132 137 133
 77  81  80
 94  99  95
132 133 127
129 129 117
141 139 126
127 123 111
143 136 126
171 164 156
153 146 136
148 145 130
148 147 127
138 136 113
154 152 127
175 175 149
186 191 168
133 142 123
110 123 106
 89 102  92
 57  70  60
101 111 100
147 151 137
109 108  88
 95  89  65
164 150 123
151 134 104
146 126  93
156 136 101
162 143 111
132 116  90
200 185 164
192 180 164
178 168 156
144 135 126
180 171 162
158 145 136
 82  66  53
 99  83  68
157 145 131
157 151 139
127 123 112
 57  53  42
192 186 172
 89  83  69
149 143 129
198 192 176
136 129 111
149 142 124
113 106  90
 51  45  31
150 142 129
148 140 129
138 130 119
149 143 131
146 140 128
154 150 138
132 129 114
151 149 134
157 158 142
139 137 125
134 131 124
134 129 125
140 137 130
105 106  98
156 159 152
170 172 167
 62  67  63
102 102 100
 61  60  56
  7   6   1
  1   2   0
 51  52  46
110 110 102
 97  93  84
146 142 131
146 142 131
 19  16   7
 78  75  66
247 243 231
223 217 201
211 206 186
176 169 150
 90  87  78
 47  47  39
 14  11   2
146 140 128
235 224 204
217 202 173
211 195 162
231 217 188
204 196 173
147 141 125
129 125 114
147 140 130
152 146 132
 58  55  40
 41  39  26
 89  90  82
 57  55  56
  7   7   7
  0   1   0
  5   7   4
 19  22  15
 54  54  46
 68  65  56
 85  83  71
 88  86  74
 32  29  20
 56  53  44
 76  73  66
120 117 110
142 139 132
132 129 122
126 123 116
124 123 119
129 124 121
131 123 121
121 113 110
109 102  96
 32  27  21
 68  63  59
150 146 143
144 140 137
134 133 129
132 129 124
133 130 125
144 139 133
129 124 118
130 126 117
185 181 172
198 194 185
190 183 175
119 112 102
 57  51  39
 75  69  57
130 124 110
124 117 101
131 124 108
 97  91  75
114 108  94
142 134 123
137 129 116
154 147 131
152 144 125
157 149 130
154 143 123
153 145 122
163 156 137
146 143 128
131 132 118
125 127 113
126 128 114
 90  90  80
 25  24  19
 37  37  35
 32  34  31
 41  43  40
 37  38  32
 39  41  30
 64  66  53
 64  65  57
 89  91  86
 74  78  79
 94  95  89
209 207 195
141 138 123
147 144 129
110 108  96
 80  80  72
108 107 102
135 134 130
 97  96  92
 26  25  23
  4   4   4
  6   6   6
 16  18  17
  3   3   3
 90  90  90
150 148 149
129 125 126
 91  87  88
142 140 141
111 110 106
131 132 126
125 126 120
130 131 126
128 128 126
132 132 130
161 160 156
149 148 144
115 114 110
 47  46  42
 26  25  21
137 134 129
138 137 132
124 120 117
129 125 122
127 124 119
126 123 116
 59  56  49
 63  60  55
114 113 109
 12  12  10
 42  42  42
151 150 148
159 156 149
169 163 149
150 143 124
131 123 102
166 155 135
161 153 134
141 130 112
107  95  79
194 185 170
135 128 112
159 152 134
163 155 134
172 161 139
181 169 145
157 143 116
149 132 102
199 180 148
205 188 160
187 172 149
152 143 126
133 130 115
120 121 107
136 136 126
139 134 131
150 141 142
138 129 130
132 127 124
129 126 121
143 145 134
129 131 117
124 127 110
138 136 121
193 189 177
201 198 183
158 154 142
142 140 127
130 130 118
127 127 117
157 157 149
147 148 142
 78  79  73
 51  52  44
141 141 133
158 155 146
143 139 128
167 163 151
 84  80  69
112 108  99
132 129 120
135 135 125
150 150 140
145 142 133
133 126 120
132 123 116
157 148 139
189 183 171
182 176 162
171 168 153
174 172 157
146 144 129
168 169 151
191 194 175
170 174 157
 90  98  85
 69  76  69
 52  58  54
  0   4   0
 23  25  24
 80  80  80
 82  86  87
 44  45  47
 13  13  15
 12  10  11
 16  15  11
102 101  96
 79  80  74
 48  49  43
  8   9   4
 30  30  28
 29  29  29
 52  52  52
 24  26  23
 35  37  34
  1   1   0
 10  10  10
 93  95  94
138 138 138
 83  83  85
 10  11  15
 24  27  32
 14  17  22
 11  12  14
 21  20  16
112 108  97
132 129 114
123 117 101
145 139 125
148 141 133
132 127 123
112 108 107
145 141 140
118 117 115
120 120 120
133 133 133
132 137 133
134 139 132
 97 103  93
104 107  98
115 118 111
133 138 131
156 161 155
146 151 145
131 133 128
146 147 141
105 106 100
  5   7   4
 69  73  72
138 144 140
113 119 117
 90  99  96
 58  64  60
 53  58  51
120 122 111
 97  95  83
224 218 202
194 186 165
147 135 111
201 185 159
230 215 186
130 117  85
152 143 112
175 172 141
105 104  74
103 100  83
153 147 131
127 117 105
146 136 126
142 134 123
107 101  89
 73  70  55
 85  82  65
118 115 100
140 140 128
112 113 105
117 118 112
132 132 124
139 134 128
147 142 136
110 107 102
125 128 121
142 144 139
 93  95  92
  0   2   1
 40  37  32
 34  31  26
127 124 117
150 147 138
130 127 118
 97  96  91
121 122 117
136 138 133
123 125 120
139 141 136
110 112 109
 36  42  38
107 117 109
102 112 101
 95 101  87
201 202 188
228 222 198
243 234 205
204 193 161
121 114  85
137 135 112
100 103  86
 72  76  62
 80  84  69
 73  76  59
122 120  99
188 182 160
194 186 165
184 177 158
128 125 110
101 101  91
133 133 125
123 120 111
118 118 108
124 124 116
128 128 120
129 131 120
133 133 123
122 119 110
132 127 121
127 123 114
138 134 123
135 135 123
143 144 136
141 142 136
133 134 129
141 142 134
163 165 152
154 155 139
135 135 123
 56  53  44
118 117 112
120 121 113
108 110  97
179 180 164
141 140 122
156 154 139
105 106  90
 81  85  70
118 127 110
111 120 103
129 133 119
 59  59  49
 27  22  16
 53  54  48
142 141 136
131 126 122
153 149 138
120 114  98
131 125 101
108 101  73
 92  80  56
153 142 124
114 106  93
 67  65  52
 99 101  88
 94  97  86
128 131 124
174 177 170
127 130 123
169 170 165
244 244 236
190 187 178
161 158 149
162 161 156
139 138 136
131 129 130
136 136 134
136 137 132
129 130 124
144 147 140
152 154 151
125 129 128
137 141 142
104 108 109
 15  16  18
 12  16  17
  4   6   3
107 104  99
121 116 113
  9   0   1
  7   1   1
 37  32  28
110 106  97
189 185 176
183 180 173
185 184 179
195 198 191
201 204 197
151 153 148
127 127 125
169 169 169
223 221 224
137 136 141
  7   7   9
 47  47  47
 41  42  37
 38  37  35
 23  22  20
 20  18  19
  8  10   9
  8  10   9
 32  33  35
146 147 149
147 148 150
135 137 136
156 156 154
147 145 146
106 105 101
 21  20  15
 99 101  90
110 113  96
178 179 161
241 240 220
233 232 214
191 190 172
198 197 177
211 208 191
182 179 164
135 133 121
124 124 114
140 143 134
115 117 112
106 108 107
129 134 128
155 158 149
139 140 126
127 126 108
137 136 118
134 131 116
147 143 131
160 156 144
171 170 152
138 140 119
133 135 113
126 125 104
160 158 137
153 152 132
119 122 105
128 132 117
131 137 123
121 129 114
 99 106  90
123 126 109
138 136 115
148 140 117
195 184 156
166 151 118
138 118  83
142 122  85
157 138 105
134 119  88
142 128 102
157 142 123
152 139 123
173 159 148
196 186 174
186 172 159
 88  72  56
133 117 101
128 116 100
 62  54  41
111 105  93
129 122 112
246 240 228
185 179 165
 26  23   8
 71  65  51
 94  88  72
189 182 164
202 195 176
 95  88  69
166 159 140
150 141 124
153 144 129
151 142 127
155 148 130
169 162 146
139 133 119
130 127 112
131 129 114
129 127 115
137 132 126
145 140 136
142 137 131
125 125 115
151 152 144
 88  89  84
 45  47  44
 35  36  31
 63  62  57
 85  85  77
 72  72  64
 32  29  22
  6   3   0
 23  18  12
107 103  94
132 128 119
 55  51  40
198 195 180
246 239 221
205 197 176
210 200 175
228 216 190
 80  76  67
 41  40  35
  8  10   5
 20  20  10
167 162 143
232 220 194
204 190 161
160 150 123
129 124 105
123 121 109
137 133 124
188 181 171
212 204 191
154 148 134
 67  65  53
  0   1   0
 30  28  29
 54  54  54
 14  14  14
 25  27  24
 25  27  22
 12  13   7
  4   4   0
 13  10   3
  5   1   0
 34  30  21
 25  21  12
  8   3   0
 27  22  16
 37  32  28
 38  33  30
 59  54  51
133 129 130
146 140 140
153 148 145
162 157 151
141 137 128
 99  92  86
101  93  91
 50  45  42
173 169 166
153 149 146
122 121 116
138 137 132
126 123 116
135 132 123
187 184 175
152 149 140
115 112 103
 79  75  66
 46  42  33
 94  90  79
112 106  94
132 125 109
131 119 105
151 139 123
148 139 122
142 133 116
124 112  96
118 105  89
180 167 150
195 183 161
193 178 157
218 203 182
219 208 186
209 201 182
169 163 149
141 141 129
155 158 149
 75  80  74
  1   3   0
101  99 100
136 135 133
134 133 131
131 130 126
133 130 123
105 101  89
 93  91  78
 65  65  55
 56  57  52
 60  65  69
 49  53  52
193 194 186
151 152 138
123 123 111
135 137 126
 90  93  86
 64  67  60
128 129 123
 59  58  54
  7   6   4
 19  17  18
 12  12  14
 18  18  18
  7   7   7
108 108 108
155 155 153
111 109 110
102 100 101
134 132 133
132 131 127
130 129 124
125 126 120
124 123 121
126 124 127
137 135 136
135 134 132
101 100  96
 24  25  20
 16  17  12
 68  65  60
142 137 131
147 147 139
134 131 126
148 144 141
102  99  94
 64  61  52
 95  92  83
137 134 127
146 145 141
 54  54  52
 20  20  18
139 138 133
158 154 143
155 148 129
183 173 148
176 165 137
196 182 155
208 196 174
207 195 173
239 228 208
230 222 203
208 199 182
167 159 140
182 171 151
221 209 187
186 172 146
160 145 116
162 143 110
168 146 109
174 150 116
182 162 135
150 135 112
167 159 138
155 153 138
137 134 125
147 142 138
141 133 131
138 128 129
136 128 126
140 136 133
142 143 135
135 139 125
144 146 132
125 123 110
137 133 122
164 160 149
107 105  93
123 123 113
125 126 118
156 156 146
231 231 223
144 145 139
103 104  96
 81  82  74
 52  53  45
 80  80  70
 85  83  71
 73  71  58
175 173 160
128 126 114
124 121 112
124 121 112
117 114 105
117 114 105
160 156 147
119 112 102
138 131 123
149 142 132
162 156 144
159 155 143
173 171 158
131 129 117
150 151 137
166 167 151
214 215 199
212 214 201
146 149 142
 49  51  46
 10  10   8
  8   8   6
  9   9   7
  1   5   4
 32  33  35
 55  54  59
 22  20  23
 44  43  41
 82  81  76
 94  95  87
 87  88  82
  0   1   0
 18  18  16
 11  11   9
  3   3   1
 69  69  67
136 136 134
 91  91  89
 28  28  26
 17  18  20
 15  15  17
 80  80  82
 48  49  51
 12  16  19
 22  26  29
 20  21  23
  4   3   1
 52  49  42
134 130 118
111 104  86
100  93  75
115 109  95
108 104  95
 26  23  18
 70  65  62
 45  44  40
 94  94  92
122 124 123
126 128 127
130 131 126
126 123 118
140 135 131
130 127 122
134 133 128
164 167 160
146 151 144
140 143 136
125 126 120
137 136 132
 21  21  19
 37  39  38
143 150 143
100 109 104
 99 110 104
 59  69  60
 99 105  95
142 144 131
161 162 148
228 226 205
184 179 150
191 181 146
247 233 198
229 214 181
134 121  89
125 115  88
159 153 129
138 131 112
131 125 113
141 131 121
133 120 111
147 134 126
118 111 101
118 116 104
142 140 128
106 102  90
 72  68  56
112 110  98
130 132 121
132 132 122
143 140 131
145 138 128
119 112 102
145 138 130
133 133 123
130 131 125
 51  52  47
 11  12   7
159 160 155
 74  73  69
 61  58  53
142 142 134
140 140 132
140 141 133
133 134 128
138 139 133
131 134 125
129 132 123
120 126 116
131 139 126
185 198 181
150 163 145
 81  90  69
204 209 189
202 198 171
197 191 159
221 213 177
154 148 114
136 136 108
112 115  94
 64  67  50
 92  95  78
113 115  94
105 100  78
122 112  87
188 177 155
133 126 108
 95  93  80
145 146 138
129 130 125
128 129 121
125 126 118
119 120 112
134 136 125
 98 100  89
142 144 131
175 175 163
170 166 155
150 144 132
138 136 123
130 132 119
110 113 104
113 114 108
140 140 132
138 136 124
141 139 124
154 151 132
143 141 126
134 134 124
 58  61  54
 99 105  95
153 161 146
208 215 197
191 194 173
153 155 134
106 109  90
 76  81  61
 75  79  62
120 123 106
150 151 137
 85  82  73
 21  18  13
 67  69  68
146 146 146
131 130 128
118 115 110
147 145 132
211 206 187
124 116  93
108  97  75
140 132 111
128 121 105
 65  61  49
 94  94  84
138 140 129
220 222 211
225 225 217
235 234 229
212 211 206
 67  64  57
 48  45  38
150 147 138
138 137 132
120 119 117
123 119 120
129 128 126
145 146 140
144 145 137
170 171 163
139 141 136
120 125 121
128 132 131
 95  99 100
  0   0   2
 13  17  16
  8   8   6
 82  79  74
 96  91  87
 13   7   7
 17  13  12
  9   8   6
  1   0   0
 10   7   0
 12  12   4
 23  24  19
 38  40  35
 34  36  31
 17  19  16
 43  43  43
 67  67  69
153 151 152
175 175 177
 67  67  67
 46  46  44
100  99  95
105 101  98
 12   8   7
 15  14  12
 15  15  13
 16  18  17
 10  12  11
 72  72  74
 66  68  65
117 118 113
132 131 129
149 145 146
149 146 141
 51  48  41
 70  70  58
234 236 215
253 253 229
218 216 191
188 183 161
213 208 186
185 180 160
192 187 167
215 209 193
165 162 147
155 153 140
169 171 160
104 105  97
122 123 118
144 147 136
148 150 137
157 158 140
151 150 129
145 143 120
136 134 113
121 118  99
143 140 123
153 150 131
142 141 121
153 152 132
164 161 144
142 135 117
135 126 109
136 129 113
136 133 118
138 137 119
131 132 114
142 143 125
116 118  97
124 122 101
138 132 108
143 133 106
140 127  95
138 122  89
144 128  94
139 124  91
152 138 109
153 139 113
142 125 105
126 109  91
151 134 118
179 166 149
145 132 115
120 105  86
127 114  95
135 127 108
132 125 109
178 172 158
195 189 177
206 200 186
214 208 192
179 173 157
 70  65  46
181 176 157
202 195 176
218 210 189
146 135 113
149 143 119
161 153 130
149 141 120
151 143 124
144 137 118
132 125 107
133 127 111
130 127 112
119 117 102
110 108  96
135 131 122
153 146 138
124 120 109
136 134 121
127 129 116
133 134 126
 63  63  61
162 163 157
221 221 213
212 209 200
220 217 208
196 192 181
149 142 132
 47  40  30
  8   4   0
  8   6   0
 90  87  72
240 235 215
213 203 178
227 211 185
246 225 198
255 233 205
210 199 195
 26  21  18
 31  33  32
 20  25  19
 50  51  37
179 173 151
226 219 191
186 180 158
149 147 132
134 134 126
131 128 123
151 147 138
192 186 174
220 216 204
216 213 204
 97  98  93
 17  15  16
 10  10  10
 26  28  27
 19  21  20
 39  41  38
 21  22  17
 22  21  16
 40  33  27
142 132 123
157 145 133
112 100  88
106  96  86
 91  81  72
101  92  85
 72  64  61
 10   5   2
 22  18  19
 52  46  48
122 117 114
175 170 166
230 225 219
196 191 185
 78  73  69
 81  76  73
 75  71  68
144 143 139
122 121 116
130 129 124
140 141 133
181 182 174
121 122 114
 61  60  55
104 104  96
104 103  98
 42  39  34
105 101  92
134 126 115
132 120 106
154 141 125
181 168 151
190 179 159
190 179 159
162 149 130
200 185 166
168 151 131
184 168 145
199 183 160
206 189 169
194 183 163
174 162 146
123 115 104
160 157 150
115 117 112
 29  34  30
 88  90  89
154 154 154
141 137 136
137 132 129
152 145 139
124 116 105
147 140 124
202 196 180
204 202 190
109 108 103
  3  13  15
 66  75  74
125 131 127
124 130 120
121 127 115
117 123 113
152 159 152
 89  96  89
 46  48  43
 30  31  26
 12  11   9
 14  12  13
 11   9  12
 17  17  17
  8   8   8
 56  58  57
128 130 127
109 109 109
 83  83  85
148 146 147
140 139 135
127 127 119
137 136 131
135 134 132
138 136 139
132 130 133
143 141 142
 50  50  48
 14  16  13
 35  36  31
 95  92  87
146 141 135
133 131 119
156 151 145
113 108 104
 24  19  13
 89  87  75
155 153 141
130 130 122
 74  73  69
  8   9   4
 31  32  26
166 163 154
168 162 146
153 142 120
189 178 148
185 172 140
207 193 164
225 213 187
248 236 212
232 221 199
230 222 201
230 222 203
187 176 156
133 121  99
130 115  94
167 151 126
154 137 107
188 170 132
203 181 140
180 157 116
147 127  92
163 147 114
147 136 106
181 179 158
143 141 126
132 129 120
139 134 128
142 137 133
139 131 129
135 130 127
138 137 132
149 151 140
143 145 132
138 138 128
128 125 116
158 155 148
151 151 143
128 129 121
118 119 111
157 154 145
212 212 204
174 175 167
 52  55  46
 20  23  14
 40  41  33
 50  51  43
118 118 108
131 129 117
155 153 141
104 101  92
 77  74  67
 71  68  59
140 137 128
 94  90  81
131 127 118
153 151 139
131 127 116
141 137 126
150 146 135
134 130 119
138 135 126
130 127 118
144 144 134
177 177 165
147 147 135
181 183 172
198 199 191
 88  89  83
 17  18  13
 20  21  16
 29  30  25
100 102  99
 96  96  96
 73  71  74
  9   4   8
 50  45  42
 84  81  74
171 169 157
158 158 148
  8   9   3
  9   9   7
 14  14  14
 10  10  10
 13  13  11
 17  17  15
 84  84  84
 62  62  62
 29  30  32
 68  68  70
 24  22  25
 11  11  13
 17  18  20
 35  37  36
 21  21  21
 28  27  25
 27  24  19
182 176 164
203 194 177
183 172 152
140 133 114
115 109  93
115 109  97
164 155 146
114 109 103
133 132 128
131 133 132
133 133 133
135 131 130
145 137 135
125 115 113
190 183 177
167 164 157
125 127 116
130 132 121
132 134 123
 96  96  88
134 133 128
 76  77  72
 15  15  13
 99 104  98
 35  42  35
 39  49  40
 64  74  63
 95 103  88
214 218 203
240 241 223
172 170 147
180 175 143
201 193 154
240 231 192
233 223 188
223 211 185
173 162 144
128 118 106
128 119 110
127 118 109
132 122 113
128 115 107
118 108  99
120 113 103
120 118 106
132 132 120
145 143 131
156 152 141
 67  65  53
104 106  93
148 150 137
120 118 106
 68  61  51
104  96  85
129 120 111
124 120 109
137 134 127
 42  41  37
 10   9   4
 26  27  22
 71  70  66
 78  77  73
 31  32  27
109 112 105
122 123 117
127 128 120
128 129 121
152 155 146
122 128 116
 99 108  91
130 142 122
147 161 138
 70  86  60
 90 102  78
202 212 188
143 144 113
159 156 125
211 208 175
173 170 139
128 128 100
117 119  97
 85  86  68
103 105  84
128 126 103
122 116  90
126 114  90
139 126 107
 92  85  69
 20  20  10
115 118 111
113 115 112
135 137 132
125 127 122
107 110 103
140 143 134
107 110 101
137 140 131
169 169 159
203 199 187
220 214 202
196 194 181
183 186 175
115 120 113
 63  64  56
123 119 107
138 132 116
127 122 102
146 140 116
140 135 116
136 136 124
127 132 125
 93 103  92
119 131 117
130 143 123
149 158 137
169 177 154
213 221 198
173 178 156
 80  83  64
 93  94  76
169 167 154
 46  43  34
 41  41  33
119 123 126
125 126 128
 36  36  36
  8   7   3
 79  76  67
166 163 148
190 183 164
132 126 104
161 154 135
183 177 161
139 135 124
193 190 183
212 212 202
187 187 177
107 107  99
 53  50  45
174 171 164
143 138 132
194 189 183
170 167 160
136 135 130
121 117 114
148 144 143
120 116 113
 85  84  79
 75  76  68
102 103  95
128 129 123
128 130 125
117 122 118
 73  78  74
 58  60  59
 19  21  18
 19  20  15
 11  10   6
 12   9   4
 28  24  21
 21  20  18
  6   6   4
 16  17  12
 21  20  15
  9  10   4
  6   7   2
  2   4   1
  5   7   6
  1   1   1
 10  10  10
 73  73  75
142 141 139
133 133 131
 60  60  58
 21  22  16
136 133 128
144 139 135
 46  41  38
  3   2   0
  7   8   2
 15  15  13
 21  21  21
  8   8   8
  3   2   0
 40  37  32
132 128 125
144 138 138
142 137 131
137 133 122
154 151 134
241 239 214
207 206 175
193 188 156
253 246 218
195 188 162
194 188 166
225 219 197
223 216 197
197 191 175
189 187 172
162 162 150
111 113 102
138 138 130
154 156 143
142 143 129
164 161 144
148 143 123
150 144 120
157 152 130
146 144 123
163 161 140
155 153 132
145 140 121
140 134 118
146 139 123
156 144 128
155 142 125
148 135 119
158 146 132
152 145 126
159 154 135
184 181 162
147 146 125
123 123  99
132 127 105
130 122  99
138 128 101
142 133 104
141 134 105
137 130 104
142 131 109
154 142 120
139 124 103
146 131 110
157 140 122
148 133 112
174 159 138
205 193 171
130 122 101
148 141 122
196 191 172
228 222 206
 86  80  64
106  99  81
207 200 181
180 173 154
124 117  98
203 197 175
197 191 169
152 145 119
132 122  95
135 129 103
156 150 124
121 113  90
125 119  97
150 145 126
145 139 123
128 125 108
130 129 111
114 112  97
125 123 111
120 116 107
121 114 104
150 144 130
144 143 125
140 141 125
113 115 102
 84  85  79
217 217 209
241 241 231
193 191 179
180 176 165
173 167 155
196 188 175
173 167 155
 60  56  44
 76  74  61
210 207 188
225 215 190
191 170 141
156 125  94
167 132 102
225 188 159
220 201 195
 57  46  44
 20  20  20
 30  34  33
 94  97  88
171 168 149
211 206 184
233 231 210
233 233 221
171 170 166
127 123 120
145 142 137
172 169 160
 79  76  67
 63  63  55
 34  33  29
 59  59  57
 37  37  37
 13  15  14
 21  23  22
 10  12   9
 16  16  14
 19  16  11
104  95  86
172 156 143
149 130 113
140 122 102
157 138 121
176 160 144
208 196 182
191 182 173
 90  85  79
  1   0   0
  7   3   2
 59  54  51
 70  65  62
141 136 132
164 159 153
131 126 122
 95  91  88
 48  49  44
 90  91  86
131 132 126
123 124 118
152 155 148
134 137 130
 68  69  63
 61  60  56
 26  27  21
 22  23  18
 25  24  20
 62  57  51
 29  19   9
 91  77  64
124 111  95
135 122 105
200 189 169
222 211 189
218 206 184
175 160 139
160 143 123
171 155 132
170 155 134
134 119 100
148 136 122
150 140 130
177 170 162
106 103  98
 40  41  36
120 120 118
144 144 142
136 136 134
144 143 139
142 137 131
149 141 130
153 142 124
139 128 108
160 152 133
219 216 201
 79  79  69
  0   7   8
 20  29  28
 74  83  80
133 140 133
124 132 121
115 125 116
129 140 132
207 216 211
114 119 115
 27  29  24
  8   8   6
  8   6   7
 17  15  18
  8   6   7
 22  22  22
134 138 137
 88  93  89
113 117 116
 33  34  36
152 152 152
189 190 185
148 148 140
129 126 119
137 133 130
127 123 124
132 130 133
139 139 141
 67  68  70
  9  11  10
 54  54  52
 82  81  77
135 132 127
137 134 125
143 138 132
 64  57  51
117 113 104
116 114 102
141 138 129
123 123 115
 19  18  14
 16  17  12
 33  34  26
102 100  87
155 148 130
188 178 153
161 150 120
176 165 135
226 215 185
239 228 200
222 212 185
233 222 200
221 213 192
226 218 197
241 230 208
170 155 132
187 171 148
231 213 189
167 148 116
179 160 120
160 139  94
186 162 118
234 209 168
192 170 131
204 185 145
213 207 175
146 140 116
142 136 120
143 139 127
134 130 121
134 125 120
136 126 125
140 132 130
141 138 133
138 138 130
147 147 139
150 147 142
141 140 135
145 146 140
140 141 133
141 141 133
128 125 116
143 140 133
168 169 161
 74  77  70
 26  29  22
 27  30  23
 43  46  39
121 122 114
149 149 141
142 139 132
157 154 149
104 104  96
 97  97  89
182 182 172
153 148 142
149 144 138
162 160 148
118 116 104
126 122 111
154 150 141
139 136 129
145 142 135
143 140 133
138 138 130
135 136 128
140 141 133
 99 100  92
 89  90  82
145 148 141
 29  32  25
 14  16  11
122 123 118
124 123 119
 58  57  55
 10   6   7
 18  12  12
 85  76  71
153 144 135
158 152 138
233 230 215
137 134 125
  5   4   0
  0   0   0
  0   0   2
 11  11  11
 25  25  23
 22  22  22
 11  11  13
 49  50  52
140 140 142
 91  89  92
 41  39  40
  5   5   3
  7   9   6
 18  18  16
 15  14  12
 21  16  12
162 153 144
184 172 156
210 199 177
187 177 152
137 126 104
128 117  95
126 114  92
145 138 122
146 142 131
132 133 128
128 126 127
134 128 130
137 127 126
167 158 153
223 216 208
235 231 220
215 213 200
200 198 183
172 170 155
124 122 109
168 165 156
132 129 124
 39  35  32
 67  68  63
 88  91  84
 66  72  60
 77  85  70
 79  88  71
123 130 114
187 190 171
 52  52  26
 71  68  37
150 146 111
190 184 150
164 157 129
115 107  88
129 121 110
140 131 124
135 126 121
126 119 111
121 112 105
127 117 108
123 113 103
124 118 106
111 109  96
105 105  93
114 112 100
139 137 125
145 147 134
135 139 125
173 176 165
149 149 137
126 122 111
128 119 110
 94  85  76
106 102  91
156 152 143
 65  60  56
 11   6   2
 13  13  11
  8   8   6
101 101  99
 79  79  77
 14  16  11
 47  50  43
 55  56  50
 36  37  31
100 103  94
120 126 114
144 155 138
101 115  92
 60  76  50
 64  78  53
125 137 113
203 213 189
173 173 147
192 192 166
137 140 113
123 126  99
 87  89  65
 96  98  77
125 126 108
122 121 100
112 110  85
157 152 123
132 122  97
 45  34  16
 31  23  12
 16  13   6
  6   6   4
 20  24  25
 48  49  51
 34  36  35
 16  21  17
 11  16  12
 35  37  32
 36  39  32
 56  56  48
111 107  98
138 131 121
146 143 134
160 163 154
181 186 179
165 166 158
136 130 118
131 123 104
148 140 117
140 133 105
133 128 106
138 136 123
140 143 134
134 144 135
 83  95  83
104 118 101
148 161 143
159 171 149
160 170 146
153 161 138
114 119  99
 86  89  70
 48  50  36
 89  91  80
152 153 145
 82  83  87
 16  17  19
 19  19  17
 14  15  10
  8   8   0
  7   3   0
108 103  84
143 138 118
154 151 132
248 244 232
213 209 200
251 246 240
229 225 216
155 152 143
129 126 117
154 151 142
140 137 128
145 140 134
130 125 121
139 136 131
132 131 127
140 139 135
182 178 175
159 156 151
119 119 111
134 134 126
156 156 148
128 128 120
133 132 127
130 131 126
127 128 123
142 143 138
 43  44  39
 13  12  10
 19  18  14
 13  12   8
 12  11   7
  8   9   4
 12  12  10
 11  11   9
 13  13  11
 13  13  11
 11  11   9
 17  17  17
 12  12  14
 45  45  47
125 125 127
136 136 138
103 103 101
 77  78  73
 56  59  52
 60  61  53
109 106  99
 97  92  88
154 151 146
 70  69  64
 39  38  33
 12  13   8
 14  13  11
 19  18  16
 45  42  37
 38  33  27
 48  43  39
157 151 151
174 167 159
133 125 114
175 168 149
216 211 182
207 203 168
193 187 153
200 191 160
203 196 168
198 192 168
217 211 189
219 212 193
227 220 202
172 169 154
144 144 132
128 129 121
137 136 131
160 160 150
148 146 134
159 153 141
122 115  97
132 124 105
167 160 141
173 168 149
170 165 146
171 166 147
146 139 121
147 138 121
151 138 122
139 123 107
152 135 115
145 128 110
124 108  92
145 138 119
186 181 162
189 188 170
106 108  87
 86  88  66
131 130 109
104 101  82
109 107  86
128 128 104
159 161 137
158 157 136
150 147 128
147 140 121
149 138 116
122 110  88
152 140 118
169 153 130
178 166 144
217 209 186
175 170 148
198 193 173
196 191 171
142 137 117
 88  83  63
106 100  78
161 155 131
213 205 182
168 160 139
204 196 175
181 173 150
143 135 112
143 136 110
171 165 143
179 173 151
142 136 114
145 140 120
137 134 115
128 125 108
123 120 105
127 125 110
122 120 107
132 130 118
114 110  99
 60  54  42
149 143 127
144 141 122
161 160 142
122 120 105
129 129 119
167 167 157
215 215 203
179 177 165
189 187 174
171 167 155
146 140 126
198 192 178
222 219 204
183 182 164
151 144 125
174 157 131
209 174 142
121  75  39
110  58  21
119  66  32
 85  56  48
 35  17  13
 22  18  17
  9  13  12
 17  20  13
181 179 164
247 242 222
233 228 209
216 212 201
159 155 152
142 138 137
179 175 172
 75  75  65
  1   1   0
  2   2   0
 37  36  32
136 136 134
 91  91  89
  8  10   9
 12  14  13
 21  23  22
  7   7   5
 28  25  20
143 133 123
133 114  97
 84  59  37
 55  29   4
 86  62  38
 88  68  44
130 115  96
151 142 127
140 136 125
 87  86  82
 26  25  21
 20  16  13
 41  36  33
  6   1   0
 22  17  13
 85  82  77
 75  74  70
112 112 110
 59  60  55
142 143 137
135 136 130
129 132 125
110 112 107
 28  29  24
 26  25  20
 24  25  19
 29  28  23
 88  85  80
 78  69  62
 72  60  48
 88  75  59
139 126 109
173 162 144
195 187 168
220 212 193
205 197 176
152 139 120
193 178 159
218 202 186
178 165 149
130 118 102
144 137 127
197 190 182
105 100  96
 30  26  23
158 157 153
168 169 163
146 147 141
134 135 129
135 136 128
127 125 112
133 126 107
148 136 112
124 112  88
182 174 153
158 155 138
 31  31  19
 16  25  24
 10  19  16
 18  24  22
 74  83  78
117 128 120
125 136 130
119 130 126
160 169 166
144 150 146
 64  69  65
 30  32  31
 23  21  22
 19  17  18
 31  29  30
102 104 103
134 138 137
 62  71  68
114 120 118
 30  34  35
118 120 119
186 187 181
188 188 178
133 130 121
132 127 123
133 127 127
135 133 136
141 140 145
 68  69  73
  0   0   2
 64  64  64
 78  77  75
153 152 148
161 160 155
101  98  93
140 137 130
140 137 128
130 127 118
146 143 136
 87  86  81
 15  14  10
 14  15  10
  9  10   2
 36  34  22
198 193 174
234 226 203
228 218 191
215 204 176
222 211 183
216 206 179
215 205 180
240 232 209
232 224 203
238 230 209
231 220 198
227 212 189
252 234 210
216 196 171
131 110  79
166 142 104
188 159 117
201 167 122
188 151 107
126  91  49
165 132  91
206 186 149
199 182 152
162 147 126
144 132 116
148 136 124
157 142 135
150 135 130
148 137 135
141 136 130
147 144 137
156 151 147
150 145 141
127 124 119
128 128 120
125 125 115
140 137 128
132 128 119
144 141 134
106 105 100
  9  10   5
 31  33  28
 62  64  59
130 132 127
 41  43  38
 44  45  40
114 113 109
136 135 131
153 152 147
163 164 156
137 137 129
137 134 127
147 142 138
131 129 117
156 152 141
114 110  99
102  98  89
162 159 152
139 136 131
128 127 122
139 140 134
125 128 121
129 132 125
139 140 134
120 121 115
 53  56  49
  6  11   4
 24  29  23
155 157 152
162 158 155
 17  13  10
 24  19  16
 24  14  12
130 120 111
166 156 144
177 170 154
230 224 208
237 233 222
182 178 175
142 142 142
111 111 111
 47  47  47
 19  19  17
 57  57  57
 49  49  49
 54  54  56
156 156 158
147 145 148
 99  97  98
 61  61  59
 32  33  28
  5   6   0
 16  12   9
 13   5   2
 61  52  43
101  89  73
111  99  75
142 128 101
180 166 137
209 194 163
205 190 159
170 160 135
124 119 100
130 127 118
126 122 119
132 123 124
152 142 140
226 217 210
222 216 204
227 221 207
216 211 192
207 202 183
174 172 151
129 126 109
166 160 148
143 136 130
115 107 104
 35  32  27
 89  89  77
107 110  93
 21  25   8
139 143 126
123 127 112
 62  65  46
 94  93  72
 99  97  74
 55  50  28
 60  55  35
133 128 109
133 127 113
119 112 102
121 117 108
129 125 116
116 112 101
117 110 100
123 115 104
137 129 118
151 148 133
158 159 145
172 174 161
158 160 147
 80  82  71
 77  83  71
106 114 103
 58  66  55
 94  97  88
122 122 114
 79  76  69
116 111 105
119 119 109
 61  58  51
 23  18  14
 11   6   2
  2   3   5
 15  16  18
  6   8   7
 45  45  45
 28  28  26
  5   6   1
  9   9   7
 12  12  10
  8   9   4
147 150 141
181 189 174
 77  90  70
 62  76  53
 64  76  54
126 134 113
198 203 183
186 185 165
181 183 162
 82  85  66
109 112  93
128 131 112
123 124 106
126 127 111
126 125 105
127 125 102
137 133 108
 84  76  55
 49  40  25
 24  15   8
  8   3   0
 10   8  11
 16  17  22
  0   1   5
  9  13  16
 10  14  17
  4   8   9
  5   9   8
  0   2   0
  6   5   3
 14  10   7
  8   3   0
 11  10   5
  5   8   1
 32  37  30
 60  61  55
 95  91  80
133 124 107
144 133 111
135 130 101
143 138 116
151 148 131
139 139 127
151 154 145
 98 105  97
183 195 183
145 159 144
104 117  97
123 135 113
137 145 124
133 141 120
171 179 158
160 167 151
116 119 108
 42  43  37
  0   0   2
 12  14  13
 16  16  14
 18  18  16
  9   9   1
 50  48  35
148 145 126
125 122 103
  7   3   0
145 140 134
252 245 239
199 192 182
149 142 132
 77  70  60
134 127 117
144 138 126
 88  86  74
 73  70  61
 28  27  22
 94  93  89
145 146 141
123 122 117
145 142 137
139 136 129
125 125 117
176 176 168
152 152 144
112 109 104
152 149 144
133 130 125
131 130 126
132 131 127
 87  87  85
  9   8   6
  3   1   2
  4   4   4
  8   8   6
  8  10   7
 13  15  14
 14  16  15
  6   7   9
 19  19  19
 26  26  26
  4   2   3
 39  37  40
175 175 177
185 185 187
143 143 143
 45  45  43
 45  47  42
 45  48  41
 95  96  88
 67  67  59
 34  31  24
 96  95  90
 89  88  83
128 127 122
 74  73  69
 15  14  10
 66  65  61
 41  38  33
 62  57  53
  4   0   0
102  96  96
182 175 169
161 153 142
161 154 135
179 172 144
205 199 167
132 123  90
140 131 100
216 209 181
217 211 187
218 212 190
236 229 210
211 204 188
170 164 152
155 152 145
132 133 128
139 139 137
155 152 147
155 150 146
164 157 149
169 159 147
134 125 110
156 147 132
163 153 141
149 141 128
147 140 124
142 135 119
152 140 124
161 148 131
171 156 135
165 149 126
183 168 145
166 151 130
132 125 107
181 178 161
182 184 170
108 112  97
 78  81  64
154 155 139
 97  98  82
 87  90  73
115 118  99
164 169 149
153 157 140
149 152 135
155 154 136
 75  70  50
 98  90  67
159 148 126
165 150 129
171 160 138
211 205 183
171 166 144
230 225 203
226 220 198
233 227 205
170 164 140
 50  44  18
105  99  73
219 213 189
187 179 156
214 203 183
212 199 180
147 139 118
151 145 123
139 133 117
143 136 120
154 147 131
140 134 118
128 125 108
126 122 110
127 123 112
126 122 111
111 107  96
115 111 100
127 123 112
 66  60  48
110 105  86
202 197 177
209 206 187
 45  42  27
 55  51  40
150 148 136
 79  77  65
151 149 137
138 136 124
150 148 136
151 149 137
195 193 180
186 183 168
119 116  99
130 119  99
142 116  89
169 123  87
145  83  42
151  87  43
144  83  39
 70  34  22
 33  10   2
 21  16  12
 11  16  12
 36  39  32
104 102  89
236 229 210
239 230 213
210 202 191
165 157 154
 62  56  56
  8   4   1
 41  41  31
101 101  89
109 111 100
117 118 112
144 144 142
114 114 112
 15  15  15
 12  14  13
 17  19  18
  7   9   6
 38  35  28
142 130 118
118  99  82
 81  57  33
126 100  75
139 115  89
170 150 125
193 178 157
162 155 139
140 136 127
146 147 142
117 116 112
 69  68  64
118 114 111
 95  90  87
 29  24  21
 33  28  25
 14  13   9
 82  81  79
 92  91  89
126 125 121
130 131 126
141 143 138
125 127 122
 30  31  26
 51  50  45
 58  58  50
 56  53  44
121 112 103
172 160 146
212 197 178
151 137 111
162 148 122
143 131 109
 36  27  10
 41  35  19
129 123 107
199 192 176
185 175 163
188 178 168
140 132 121
121 117 105
158 159 151
120 119 114
 14  10   7
138 137 133
171 172 166
137 138 132
133 134 128
130 133 126
112 118 106
116 119 100
136 131 109
141 131 106
119 107  83
178 167 147
125 119 105
103  99  88
 45  51  49
  0   5   1
  0   2   0
 14  23  20
 64  75  71
 98 108 107
123 132 131
118 127 124
134 143 140
114 120 118
 46  48  47
 34  32  33
 23  21  22
111 111 111
161 165 164
118 122 121
 59  69  68
 88  97  96
 25  29  28
126 128 123
210 211 203
183 183 171
123 121 109
126 121 115
137 131 131
135 133 136
125 124 129
 23  22  27
 13  13  15
 56  56  56
 92  92  90
197 199 196
108 107 103
 82  81  76
129 128 123
128 128 120
147 146 141
114 113 109
 17  16  14
 14  13  11
 52  51  49
118 117 112
 43  39  30
128 122 108
223 216 197
238 227 205
238 226 202
223 208 185
239 228 206
241 233 210
223 217 193
242 236 214
239 231 210
234 223 201
234 222 198
243 227 202
229 209 182
155 130 100
154 124  90
145 105  69
125  77  37
140  88  49
168 118  81
160 115  76
147 114  79
189 160 130
206 182 158
141 120 103
122 100  87
145 123 112
147 128 121
162 149 141
143 136 128
142 138 129
141 134 128
141 132 127
138 131 123
148 144 135
132 130 118
132 128 117
 48  41  31
 32  28  19
 20  17  12
 18  19  14
  2   4   1
 53  58  54
123 125 122
 50  52  49
 40  42  37
 10  12   7
 37  38  33
116 117 112
123 124 118
139 140 134
138 137 132
163 159 156
144 141 132
106 102  93
132 125 117
140 136 127
168 165 158
137 136 131
130 129 125
125 126 121
126 127 122
135 136 130
133 134 129
135 134 130
 14  15   9
 66  69  62
125 128 121
138 140 135
 60  56  53
 17  13  10
 47  42  39
 76  67  62
137 127 117
160 151 136
196 189 171
215 209 195
226 222 213
255 254 249
231 230 228
135 135 133
 43  43  41
  4   3   1
 10  10   8
 47  47  47
 43  43  45
 79  77  80
113 111 116
 99  99  99
 40  42  37
 72  75  68
 72  71  66
 36  32  29
  9   1   0
 48  39  30
183 172 154
 76  62  36
177 162 129
208 192 156
204 188 152
191 175 139
200 189 159
169 163 137
148 147 129
127 124 117
136 128 125
133 124 119
189 179 169
225 216 201
231 223 204
195 189 167
159 153 131
224 219 199
151 144 126
131 123 110
102  91  85
 82  71  67
 38  34  25
 14  10   0
 80  79  61
 53  54  36
115 118 101
 35  37  23
 91  93  79
143 144 130
127 123 111
157 153 144
153 149 140
129 125 116
146 142 130
129 126 111
127 125 110
127 125 110
136 130 116
126 120 106
149 141 130
191 185 173
149 147 134
100 104  90
100 106  94
 80  86  74
 21  29  18
 16  26  15
 63  76  66
 58  71  61
 61  71  62
137 142 135
 62  64  59
 84  85  80
 94 101  93
 94  97  90
 50  49  45
 26  22  19
 34  35  37
 14  15  17
 17  17  17
  0   0   0
 37  37  35
 52  52  50
  4   4   2
 22  22  20
  1   0   0
 88  89  83
188 191 180
 99 108  91
 78  90  70
108 120 100
 99 103  86
165 166 150
180 178 163
120 118 105
 97  98  84
122 124 110
125 127 113
130 132 118
136 137 123
139 140 124
120 119 101
134 131 112
139 132 116
 78  68  58
 15   8   2
 37  33  34
 20  19  25
 10   8  19
 28  31  36
 11  16  20
  8  13  17
 10  15  18
  4  10  10
 12  16  17
 18  18  20
  7   5   6
 14  13  11
 15  16  11
  7  12   6
  3   8   2
 35  37  32
109 106  99
135 127 114
131 122 105
132 126 100
156 151 129
152 149 130
164 162 147
180 180 170
170 173 166
160 167 159
 99 111  97
106 119  99
127 136 115
120 125 103
157 162 142
109 114  94
 96 103  85
110 116 102
 67  70  61
 82  84  83
 24  26  23
 24  24  22
 12  11   9
 11  11   3
 88  86  71
128 126 105
 50  47  30
 31  27  18
130 125 121
223 216 208
154 146 135
106  98  85
107  99  86
173 164 149
151 142 125
123 119 107
 66  64  52
 73  74  66
 39  42  35
134 136 131
137 138 132
111 112 104
121 121 113
159 159 151
133 134 126
132 133 125
 82  81  76
 59  56  51
119 115 112
160 156 153
157 156 154
138 138 138
 74  74  74
 77  78  80
 42  43  45
  3   7   8
 17  21  20
 12  14  13
 14  16  15
 17  18  20
 18  18  20
 19  19  19
 13  11  12
 17  17  19
135 135 137
190 190 190
144 144 144
 68  66  67
118 118 116
 54  55  50
164 165 159
156 155 150
 97  96  91
 73  72  67
 68  67  62
144 143 139
129 128 126
101 100  96
121 120 116
 92  89  84
 59  54  50
 50  45  42
 79  74  71
 52  45  39
158 151 143
188 182 166
231 226 204
138 133 104
135 128  99
177 170 142
212 206 182
216 210 188
233 226 207
207 200 181
140 133 117
183 176 166
136 133 128
134 134 134
126 127 129
143 139 140
144 139 136
159 152 146
165 157 146
144 132 118
169 157 143
160 148 134
149 139 127
151 143 130
154 146 133
155 146 131
164 153 135
202 190 168
194 182 158
137 125 103
204 191 172
198 194 182
190 190 178
205 207 196
 71  74  63
 64  66  55
157 159 146
147 149 135
124 127 110
114 117  98
 88  92  75
 88  95  79
141 147 133
156 160 145
106 105  87
150 145 125
172 166 144
161 150 128
158 150 127
165 159 137
188 182 158
220 212 189
241 234 208
220 213 187
199 194 165
172 167 138
144 138 112
173 167 143
203 195 174
164 153 133
184 173 155
140 131 114
147 139 126
165 158 148
151 144 136
153 146 136
163 157 145
134 130 118
129 125 116
124 119 115
122 114 111
122 118 109
141 137 128
101  94  84
 27  21   9
108 101  83
241 235 213
167 160 142
 45  37  24
 71  65  53
 58  51  41
120 116 107
143 141 129
125 125 113
148 150 139
136 136 128
135 133 121
166 163 148
147 142 123
152 137 116
131 101  73
136  87  46
128  65  14
153  86  33
167 101  49
 91  54  38
 26   2   0
 24  15   8
 39  40  35
 46  45  40
 13   7   0
207 198 181
242 231 213
230 220 208
129 120 115
  6   0   0
  8   4   1
 94  94  84
228 228 216
135 137 126
109 112 105
150 150 148
134 134 132
 48  48  48
  7   9   8
 17  19  16
  0   1   0
 41  38  31
105  95  85
 53  37  22
 98  77  60
110  88  67
129 108  87
184 167 147
162 150 134
154 148 136
141 136 130
126 125 121
107 108 103
127 126 121
134 131 126
142 137 134
117 112 109
 92  87  84
 21  17  16
 12  11   9
 28  27  25
 67  66  64
131 130 126
119 120 115
136 137 131
123 124 118
 68  67  62
 87  85  72
103  97  83
 84  73  55
117 103  77
172 156 122
168 153 112
118 104  65
170 157 125
109 101  80
 43  37  25
107 105  93
127 124 115
123 120 111
133 130 121
147 147 137
154 156 145
 86  91  84
 31  32  27
123 122 120
152 151 147
133 134 126
111 112 104
111 114 107
112 115 106
103 109  95
109 114  94
130 130 106
139 131 108
147 134 115
121 108  92
 69  59  49
137 130 122
 93  98  92
 98 103  97
 82  88  84
 35  41  39
 17  23  23
 40  45  48
100 106 106
131 140 139
124 133 132
118 127 126
 91  95  94
 75  75  75
 47  47  47
107 109 108
123 127 126
104 110 108
 69  79  80
 62  71  70
 78  83  79
178 181 174
214 214 204
198 196 183
156 154 141
152 148 139
128 124 121
138 136 139
 84  83  88
  8   8  10
 14  14  16
 50  50  50
140 142 139
114 116 113
 42  41  37
 79  78  74
 46  47  41
106 107 101
116 117 112
 37  35  36
  8   6   9
 70  68  69
145 141 140
144 139 135
137 130 124
214 206 195
240 231 216
211 203 184
118 107  87
173 158 139
210 202 183
189 182 163
168 161 142
173 166 147
232 225 206
232 224 203
229 218 196
240 226 200
243 226 200
212 188 162
136 102  74
129  88  56
164 115  82
187 134 102
179 128  97
140  94  61
113  78  50
141 111  85
206 180 157
145 122 104
111  85  72
100  76  64
114  94  83
156 144 132
154 147 137
154 147 139
153 144 139
148 139 132
146 137 128
133 127 113
149 143 129
 57  51  37
 32  22  10
 59  50  41
 21  17   8
 11  10   5
 32  34  29
111 113 112
 95  96  98
  2   4   3
 51  53  48
 65  68  61
 22  24  19
 17  18  13
 40  41  36
 60  61  55
100 101  95
113 112 108
152 149 140
150 146 137
167 160 152
122 118 109
137 134 127
139 138 133
133 134 129
137 138 133
133 134 129
135 136 131
136 137 132
 50  51  46
112 115 108
149 152 145
138 141 134
 69  72  65
  3   2   0
 18  14  13
 67  62  59
145 138 132
150 142 131
180 173 155
219 214 195
178 175 160
243 239 230
184 181 176
 35  34  30
  1   0   0
  9   8   6
 14  14  12
  8   8   8
 23  23  23
 96  96  98
  9   7  12
 15  13  18
 46  46  48
 38  40  37
  4   6   3
 53  52  50
 75  71  68
 73  65  62
 45  35  25
113 101  79
130 115  84
181 165 129
172 154 114
158 140 100
150 132  92
110  99  67
178 171 143
151 148 129
123 121 108
127 123 112
150 142 131
195 186 171
233 222 204
241 230 210
200 192 171
153 146 127
238 231 213
169 160 143
116 104  92
 80  70  60
135 125 116
122 118 106
 57  53  41
 35  31  19
136 137 123
144 146 132
147 149 136
136 136 126
127 124 117
 88  84  81
131 125 125
126 120 120
132 127 123
121 117 105
 95  94  73
120 118  95
118 116  95
 88  79  62
135 123 109
135 122 113
100  91  82
113 111  99
104 110  98
 37  47  36
 36  46  37
 42  52  44
 68  81  72
 77  93  83
 79  95  85
 35  48  39
121 131 123
113 119 115
 73  79  75
 20  31  25
 88  94  90
 60  61  56
 24  23  19
131 133 132
125 125 123
 97  97  95
 34  34  32
 12  14  11
 58  58  56
 46  45  43
 12   8   5
 27  23  20
 32  31  26
112 112 102
177 181 166
189 196 178
206 213 195
181 184 167
169 167 152
204 200 188
128 124 113
132 128 117
174 174 162
141 143 130
139 141 128
144 144 134
140 140 132
137 137 129
100  97  88
 60  53  43
 68  59  52
  7   2   0
 58  56  57
 28  29  33
 20  21  26
 54  59  63
 17  22  26
  7  12  16
 12  17  20
  6  15  14
 39  45  45
 12  13  17
 34  34  36
 19  19  19
 11  11   9
 29  31  28
 16  21  17
 47  49  46
118 117 112
145 141 132
144 136 123
153 148 126
129 124 102
150 144 122
140 135 116
138 135 120
135 135 125
111 117 107
 95 106  90
121 133 111
125 133 109
127 129 107
 85  83  62
162 160 139
129 128 108
 60  63  46
 74  76  63
 46  47  42
 17  18  13
 17  17  15
 13  12   8
 50  47  38
159 157 142
227 224 205
134 131 116
115 108 100
120 113 107
122 115 107
124 118 104
160 153 135
201 193 174
187 176 158
149 138 118
143 140 123
 96  97  83
 33  36  25
 62  67  60
 83  88  82
135 137 132
100 103  96
134 137 128
158 161 152
118 121 112
110 111 103
 72  73  67
 89  88  84
154 153 151
178 178 176
129 129 129
125 127 126
129 133 134
132 138 138
135 143 145
 79  88  87
 76  82  82
 16  20  19
 17  19  18
 12  12  12
 13  13  13
  9   9   9
 15  15  15
 16  16  16
  5   7   6
 13  15  14
  7   7   9
 19  17  18
 90  89  87
136 136 134
 18  19  14
 19  20  15
 25  26  20
 71  72  66
 43  44  39
141 141 139
120 120 118
138 138 136
111 110 105
118 115 110
 98  93  89
 88  83  79
 27  22  19
 48  45  40
 43  40  35
 71  71  63
161 159 144
144 142 121
208 206 181
254 250 225
203 198 178
202 195 176
221 214 195
172 165 146
136 130 114
119 115 104
131 128 123
130 130 130
128 129 131
141 139 140
154 150 149
144 139 133
133 125 112
155 144 126
154 139 118
137 122 103
163 150 133
160 151 136
190 182 169
202 194 181
166 157 140
173 165 144
211 203 182
141 133 114
154 145 130
192 189 182
176 173 166
220 220 212
115 114 109
 44  44  36
154 154 144
135 133 120
109 108  90
110 107  88
150 151 133
107 111  97
107 115 104
122 128 118
113 115 102
157 155 140
123 120 101
154 149 127
186 180 158
178 170 149
155 145 120
146 136 109
157 148 119
147 138 109
153 146 118
238 233 204
212 206 182
220 212 191
218 210 189
141 133 114
 99  92  74
128 120 109
123 114 107
109 104 100
 76  71  67
 86  81  75
114 110 101
120 117 108
118 113 107
115 110 106
126 118 115
124 120 111
145 141 132
 87  80  70
 82  76  62
199 192 174
103  97  75
 25  18   0
108 101  85
199 191 180
116 107 100
146 139 131
131 128 119
130 132 119
142 143 135
159 158 153
150 147 140
141 139 126
163 160 143
207 195 173
167 140 110
138  96  48
148  94  34
176 116  53
177 115  54
 87  54  37
 22   0   0
 51  42  33
 55  54  50
 13   9   6
105  98  88
234 225 208
227 219 200
238 230 217
118 113 107
  9   5   4
 28  27  25
 62  63  55
131 133 122
 56  57  49
127 128 122
143 145 142
123 123 123
 28  28  28
 11  11  11
  3   3   1
 47  48  43
106 103  96
 24  17   9
 19   9   0
 68  54  43
 28  12   0
 47  33  22
131 119 107
146 137 128
139 134 128
128 125 120
129 128 123
159 158 153
127 126 121
121 120 115
140 137 132
150 145 142
119 115 112
 87  86  84
 12  12  12
  1   1   1
 11   9  10
103 102 100
116 117 112
126 129 120
144 145 137
 92  92  82
 83  82  62
149 144 122
204 195 164
207 194 152
194 177 125
196 177 119
217 200 144
179 164 121
116 105  77
132 124 111
128 125 120
126 127 122
122 124 119
126 129 122
140 143 134
 68  71  62
 35  40  33
115 116 110
146 145 141
153 150 143
149 146 137
114 114 104
 87  87  77
 71  73  62
 71  75  61
107 112  92
128 130 109
146 141 121
142 129 113
104  90  79
130 119 113
131 124 118
 94  97  90
133 135 130
178 183 179
135 139 138
 17  18  20
 13  17  18
 60  66  66
 67  76  75
 85  94  93
171 180 179
140 146 146
 90  92  91
 62  62  62
136 138 137
107 111 112
106 115 114
 41  51  52
 65  74  73
127 133 129
233 236 229
222 222 210
217 215 200
227 224 209
143 141 129
135 134 130
138 138 138
 99  99 101
  6   6   8
 14  15  17
117 119 118
106 108 105
 99 100  95
136 135 131
 29  28  24
 16  15  11
 24  25  20
 37  37  35
  5   5   5
 34  32  35
140 136 137
131 126 122
132 125 119
208 199 192
245 235 225
175 166 151
176 167 150
 96  87  72
 69  57  45
112 105  87
134 129 110
 87  82  63
 88  81  63
237 230 212
232 224 205
236 228 207
236 224 202
218 203 180
210 190 166
158 134 108
191 159 134
171 134 108
192 151 129
156 118  95
137 101  77
159 132 111
158 136 115
158 140 120
150 133 117
111  92  78
102  82  71
168 152 139
161 151 141
151 144 136
141 136 132
146 141 137
148 141 133
138 132 120
158 152 138
109 102  86
 78  71  53
 78  65  49
 56  44  32
 41  34  24
 50  47  38
126 127 121
 39  41  38
 22  22  24
 20  20  20
  9  11   6
 15  18  11
 54  56  51
 54  54  52
 21  22  17
  1   2   0
 13  14   8
 10   9   4
111 111 103
164 161 154
130 125 119
118 113 107
126 126 118
123 124 116
141 142 134
141 142 136
129 130 125
141 142 137
 64  66  61
 18  21  14
137 142 135
107 112 105
166 169 162
 61  64  55
  4   5   0
 15  14  12
 11   7   6
114 109 103
150 144 132
219 213 197
206 200 184
223 219 207
198 195 186
 31  28  23
 17  13  12
 20  19  17
 13  13  11
  9   9   7
  9   9   9
 54  54  54
 70  69  74
 22  22  24
 16  16  18
  2   3   5
  7  11  12
 24  25  27
  1   1   3
 18  14  15
 46  38  35
114 104  92
122 110  84
176 162 127
196 181 140
153 135  95
136 119  76
125 106  64
 70  59  31
163 155 132
139 136 117
136 134 119
164 162 149
227 221 205
209 200 183
226 215 195
232 221 201
234 226 207
197 188 173
222 212 200
183 171 157
137 125 111
113 101  87
 66  57  42
129 123 109
141 134 124
 13   8   2
 60  60  52
147 149 138
123 123 113
 95  92  87
 92  88  85
 82  78  79
 39  35  36
 48  42  44
 44  39  35
 46  44  31
 62  59  40
 78  73  51
 75  67  44
 34  17   0
 60  42  28
 50  31  24
 33  20  14
 37  33  24
 53  56  47
 36  46  38
 81  92  86
 97 108 102
 68  81  72
 58  74  63
105 121 110
 45  57  47
 39  49  40
119 128 123
110 119 114
 45  57  53
  9  15  11
 64  66  63
  2   3   0
 42  43  38
139 138 133
157 154 147
129 128 123
 44  45  40
  4   3   0
 46  42  39
 81  76  73
128 125 120
 28  25  20
 47  44  35
170 171 157
186 189 172
117 120 101
123 124 108
147 144 129
205 201 189
145 138 130
205 201 192
162 159 150
123 125 114
140 142 131
 76  77  71
 34  34  32
 38  38  38
  7   3   2
 13   8   5
 23  15  12
 15  11   8
 10  10   8
  6   8   7
 11  12  14
  9  14  17
  7  11  12
 17  21  20
  9  15  13
 10  19  18
  5  11  11
  6  10  11
 25  27  26
  8   8   6
 18  20  17
 41  43  40
  9  11   8
  9  11  10
 11  11   9
 62  59  54
 53  49  40
120 115  95
145 139 117
147 140 114
164 156 133
132 127 107
104 102  87
 99 103  88
103 112  93
 88  98  73
105 108  81
128 121  93
117 101  75
125 108  82
174 159 136
 82  76  54
 28  27   7
  9   9   1
 15  14   9
  7   6   2
 43  42  37
112 110  98
146 144 129
252 249 234
155 151 140
120 113 105
157 150 142
135 129 117
111 105  89
134 129 109
188 182 160
185 177 154
185 175 150
139 138 117
137 138 122
 70  73  62
 78  85  77
 96 103  96
 96 101  95
111 116 110
111 116 109
110 115 108
129 132 125
129 132 125
137 138 133
166 167 162
184 186 183
150 152 151
136 137 139
113 117 118
124 129 132
113 121 123
124 134 135
127 137 138
 55  61  61
 48  52  51
  5   7   4
 19  19  17
 11  11   9
  8   8   8
 15  15  15
 11  11  11
 10  10  10
 12  12  14
 13  12  17
  9   7   8
  6   5   3
  4   5   0
 14  15  10
 15  16  11
 10  10   8
 13  14   9
  2   3   0
 57  59  56
138 140 137
123 125 122
126 125 120
133 130 123
133 128 122
 85  82  75
 55  54  49
 42  41  36
 15  16  11
 41  42  37
 27  30  21
109 112  95
163 165 144
224 223 202
223 220 201
154 152 131
181 176 156
226 221 201
225 222 203
198 196 183
153 153 145
138 138 136
130 131 133
149 149 147
168 167 163
136 132 123
143 136 120
165 153 129
139 123  97
144 128 103
154 139 118
166 157 140
213 205 192
222 216 204
169 163 149
166 160 144
188 183 164
217 211 197
177 168 159
163 160 155
160 155 151
201 196 190
141 137 128
 62  58  47
131 125 113
127 120 102
128 120  99
140 132 109
135 130 110
 84  86  73
126 131 124
133 140 132
115 121 111
 93  95  84
 94  96  83
170 173 154
177 174 157
211 203 184
239 227 203
220 209 179
225 214 182
185 174 144
134 125  96
140 133 107
161 153 130
177 169 150
103  96  80
 83  77  61
 96  93  78
117 113 104
 45  37  34
 31  27  24
 24  21  16
  6   3   0
 15  12   5
 73  70  65
122 119 114
139 136 129
129 125 116
141 137 126
133 129 118
121 117 105
138 132 118
163 156 137
158 152 130
163 156 137
 87  80  62
189 179 169
144 135 128
138 131 125
130 125 119
135 135 125
143 143 135
147 144 139
138 135 128
122 122 110
131 129 114
159 153 131
199 183 149
192 165 112
191 153  88
197 154  85
199 151  85
 88  63  43
 53  36  20
 61  54  44
 43  42  38
 95  91  90
234 227 221
241 233 220
230 225 206
203 199 187
 47  44  39
  6   4   5
  6   6   4
 80  81  76
 67  68  60
 97  98  92
142 143 137
141 143 140
114 114 114
  2   2   2
 22  22  22
 24  24  22
131 132 127
 82  81  77
 36  33  28
 49  44  40
 40  33  27
 14   5   0
 69  59  57
129 121 119
124 119 116
132 128 125
123 122 117
134 135 129
145 146 140
136 135 130
118 117 112
128 127 123
162 161 157
132 131 127
105 105 103
 45  47  46
 34  34  34
 12  12  10
 49  49  47
 93  96  89
117 123 113
 94  98  83
122 125 106
153 156 125
163 163 129
176 171 131
189 177 125
205 190 125
192 174 102
183 164  96
157 140  88
142 129  95
131 122 105
122 117 113
120 119 117
130 132 129
135 138 131
 82  83  75
 64  66  55
148 149 141
143 140 133
144 137 129
204 195 186
181 174 164
159 152 142
113 111  99
 71  71  59
 70  72  58
107 111  94
127 130 113
131 128 113
123 113 103
126 113 107
136 125 121
130 122 119
103 103  95
119 120 114
113 114 109
153 153 151
147 147 145
 50  51  53
  9  14  17
 45  50  53
  7  16  15
111 120 119
136 145 144
 53  59  59
114 118 117
116 118 117
103 107 108
 40  48  50
 60  72  72
 77  86  85
131 136 132
174 175 169
180 180 168
178 176 161
209 207 192
138 138 128
143 144 139
133 135 134
 60  62  61
  3   5   4
 43  44  46
 98 100  99
 68  68  66
 72  71  66
 67  66  62
 32  31  29
 15  14  12
 31  32  27
 30  31  26
  0   0   0
100  99  97
148 145 140
142 138 129
177 171 159
240 234 222
138 130 117
 84  75  60
200 191 174
255 250 234
244 236 223
199 192 174
206 200 184
166 160 146
111 108  93
225 219 205
215 209 193
220 213 195
219 212 193
227 219 198
225 214 192
246 231 208
127 109  89
 74  51  35
210 187 171
152 129 113
154 133 116
162 150 136
161 152 137
135 128 112
152 142 130
 57  43  32
 75  61  50
171 158 149
147 140 132
125 121 118
122 121 119
143 142 140
153 150 145
143 141 129
191 188 173
185 178 160
222 211 193
175 159 143
155 141 128
169 159 147
148 144 133
105 102  95
  1   0   0
  7   7   5
 57  57  55
 42  44  39
 15  18  11
 13  13  11
 53  53  51
 77  77  75
 25  26  20
 11  10   5
 17  14   9
 30  31  25
 93  93  85
113 110 103
158 155 148
159 159 151
166 168 157
217 219 208
165 168 159
128 131 124
119 121 116
  6   8   3
 90  92  87
158 163 156
129 134 127
123 128 121
 85  88  81
  2   4   1
 15  15  13
 52  52  50
135 132 127
203 199 188
208 202 188
216 213 198
241 239 226
 99  96  87
  6   2   0
 77  75  76
 11   9  10
 12  12  10
 12  12  10
  1   1   1
 55  55  57
 39  38  43
 36  36  38
 11  11  13
  8   9  11
 50  53  58
 88  91  96
 30  31  35
 14  12  15
  9   4   1
 39  31  18
190 180 153
146 132  95
 84  69  28
133 114  74
 95  76  36
127 108  68
182 170 144
150 142 121
122 119 104
187 188 174
224 222 209
226 223 206
222 215 197
217 208 191
229 220 203
236 226 214
234 224 215
195 182 174
131 119 107
111  99  83
 56  45  27
 34  26   7
 45  39  23
 12   5   0
 13   8   4
  1   0   0
 10   9   5
 85  82  77
155 152 147
135 131 130
133 129 130
 99  95  96
109 105 104
115 112 107
127 127 117
125 123 108
 79  72  53
109  96  77
 91  70  51
100  78  64
 92  69  61
 34  15   9
 22  11   5
  6   6   0
 21  26  20
 27  33  31
 20  29  24
 30  41  33
 54  66  54
 99 112  95
153 161 146
 55  63  52
 53  60  53
117 123 119
 75  86  80
 15  21  17
 36  38  35
 74  75  70
 65  66  60
 74  74  64
143 141 129
163 159 147
119 117 104
 16  12   3
 38  30  27
 91  83  81
 67  61  61
  9   4   0
 51  48  39
153 151 138
136 137 121
189 187 172
185 181 169
253 247 235
247 243 232
218 213 207
129 126 121
 25  22  17
 43  43  35
 24  25  19
  0   2   0
 10  11  13
  6   5  10
 14  12  15
 18  14  13
 16  12   9
 20  19  15
 10  10   8
  3   5   2
 10  15  11
  7  11  10
  3   8   4
  5  10   6
  7  12   8
  7  13  11
  8  12  11
  8  10   7
  4   6   3
 10  12   9
 14  14  12
 11  10   6
 13  12   8
 28  28  28
 11  11  13
  8   7   5
 16  13   8
 27  21   7
125 117  98
127 115  89
178 167 139
228 221 195
200 195 175
147 149 128
 80  85  62
 67  71  46
 99  95  66
107  91  58
123  94  62
100  65  33
122  92  64
234 214 189
117 105  83
 15  11   0
 71  68  59
 46  46  38
 72  72  62
130 130 118
 18  18   6
173 170 161
200 195 189
142 133 128
172 163 154
156 149 133
129 122 103
144 138 116
137 130 104
165 158 130
150 145 116
123 123  99
152 153 135
154 157 146
 70  77  69
103 110 103
120 127 120
116 121 115
120 125 119
120 125 119
109 114 108
124 126 123
126 126 124
103 103 101
 58  60  57
 82  84  81
120 120 120
145 150 154
118 126 129
115 125 127
121 131 133
 98 106 109
 71  76  79
 25  29  30
 11  13  12
  9  11   8
 10  10   8
  9   9   9
  7   7   7
 11  11  11
 11  11  13
 12  12  14
  9   8  13
 18  16  17
 16  16  14
 17  18  13
 15  16  11
 20  22  17
 13  15  12
 15  17  14
 12  14   9
 49  51  46
101 103  98
139 140 135
138 137 132
131 128 121
142 139 130
133 133 125
 31  34  27
 18  19  14
 58  59  54
 79  81  76
 72  78  68
 12  18   4
 39  43  26
109 112  93
185 186 168
212 211 190
216 215 194
221 220 200
228 227 209
220 218 205
167 169 158
138 139 133
129 131 128
154 156 151
152 153 147
164 162 149
161 154 135
140 128 102
131 116  87
134 118  92
154 142 118
190 182 163
209 203 189
157 153 142
145 143 131
149 147 132
168 166 151
178 174 162
185 178 170
172 167 161
178 171 163
161 154 144
164 156 143
119 110  95
128 119 102
113 102  84
136 125 103
146 136 111
159 152 133
 82  82  70
101 106  99
118 123 116
122 128 118
 79  85  75
 75  80  73
122 130 119
146 149 138
162 160 145
165 157 134
140 129  99
206 191 160
180 166 137
162 150 124
166 158 135
161 154 135
 89  83  69
 14  10   0
  7   4   0
 53  50  41
 65  62  57
 71  66  63
 59  56  51
119 118 113
137 136 131
 94  93  88
 82  81  76
 67  66  61
116 113 106
141 138 129
132 128 117
122 118 107
138 134 123
130 124 110
157 150 131
225 217 196
230 222 201
104  96  77
146 136 124
155 146 137
137 130 124
131 126 120
133 129 120
147 144 135
138 138 130
139 140 132
141 143 132
148 150 137
129 128 107
178 172 136
196 183 130
193 172 107
197 170 103
191 163  98
 67  51  28
 59  50  33
  4   1   0
 65  65  63
132 130 131
153 148 144
235 231 220
243 239 227
179 177 165
  9   8   3
 85  85  85
107 107 107
130 132 127
 91  94  85
133 136 129
126 128 123
149 151 148
115 115 113
 16  16  14
103 103 101
 27  27  25
103 103 101
138 138 136
137 137 135
129 129 127
 97  96  94
 83  79  78
129 123 125
134 129 133
126 124 127
135 134 132
123 122 118
138 139 133
144 145 139
132 133 127
124 125 120
138 138 136
134 134 132
128 130 127
127 129 128
 59  61  60
103 105 104
 57  59  56
  7   9   4
  0   4   0
 66  70  56
111 114  93
143 146 117
154 157 114
169 170 126
170 168 119
143 136  81
168 157  91
157 140  71
175 157  93
165 149  98
134 121  87
143 134 117
117 110 104
 99  95  94
121 120 118
 29  28  23
 92  92  82
152 150 138
152 148 136
159 153 141
168 158 146
202 189 180
193 180 171
144 135 126
197 190 180
167 165 153
120 120 108
114 116 103
116 117 103
123 121 109
133 128 122
129 121 118
117 112 108
121 118 113
104 104  96
123 123 115
131 131 123
124 123 118
162 162 160
134 135 137
 54  58  61
 18  23  26
 32  40  42
 11  21  22
 74  84  85
 97 105 107
 91  97  97
102 106 105
126 130 129
 23  27  28
103 115 115
 92  98  98
126 128 125
140 139 134
179 177 165
212 210 197
179 177 164
149 149 139
107 109 104
 71  76  72
 38  42  41
 17  19  18
 13  14  16
 95  97  96
123 122 120
 42  38  35
 41  41  39
 25  25  25
 11  11   9
  8   9   4
 34  37  30
 85  86  80
144 144 136
132 128 117
153 150 135
170 167 150
105 102  85
143 140 123
254 249 230
214 209 189
114 107  89
211 204 188
242 233 218
251 244 228
193 189 177
155 155 143
190 190 178
200 201 187
215 213 198
205 204 184
217 215 194
233 228 208
233 226 207
186 174 158
214 198 185
228 211 201
189 175 164
178 166 154
132 128 117
159 155 144
178 174 165
178 171 163
 69  60  53
 99  89  80
172 163 156
127 122 118
151 149 150
138 138 138
153 153 151
137 138 133
130 130 122
182 180 167
242 235 219
237 226 208
251 235 219
230 217 201
219 209 197
199 191 180
 62  55  45
 57  54  47
 31  32  27
 11  13   8
 11  13   8
 34  36  31
 32  32  30
  1   1   0
 34  34  32
 76  77  72
 30  29  24
  8   4   1
  8   9   4
  3   2   0
 12   9   4
 92  92  84
151 151 141
182 184 173
234 236 225
195 198 189
132 135 128
103 105 100
 26  27  22
118 118 116
201 203 200
170 175 171
125 130 126
 82  84  81
  1   2   4
 24  26  23
111 112 107
122 119 114
103  98  92
150 146 137
172 170 158
215 212 203
 23  22  17
 12  11   9
 15  13  14
 14  14  14
  7   7   5
  9   9   7
 10  10  10
 52  52  52
 57  56  61
 34  34  36
 28  28  30
 24  25  27
 76  80  83
 70  75  78
 43  47  50
  3   4   6
 17  16  14
 28  24  13
 76  70  48
189 178 146
166 150 114
150 130  93
131 108  74
150 130  97
203 193 168
134 126 107
166 160 148
159 157 145
140 138 126
162 158 146
207 199 186
163 153 141
126 116 106
 90  81  74
117 106 102
 98  87  81
 42  29  20
106  94  78
122 111  91
187 175 153
116 111  91
119 113  99
176 169 163
 61  55  55
 14   8   8
  8   3   0
 67  62  59
150 146 143
143 142 140
140 139 135
132 131 126
131 130 125
122 122 114
131 128 119
151 141 129
153 137 121
125 102  84
133 110  96
131 109  98
 65  47  37
 45  32  24
 36  29  23
  6   5   1
 33  33  31
 63  65  60
 16  24  13
 62  73  56
 73  82  63
121 125 108
 68  70  57
129 132 125
 96 101  97
103 110 103
 37  42  36
  7   9   6
 70  71  66
139 138 133
 13  10   3
112 108  96
184 179 157
184 178 152
 73  67  45
 16   7   0
 19  10  11
 15   9  11
 28  22  22
 13  10   5
114 111 102
110 108  96
 75  73  61
119 116 107
 92  87  81
130 125 119
154 151 146
  2   1   0
  8   8   6
  8   9   4
 20  21  16
 11  13  10
  9  10  12
  5   6   8
 12  12  12
  9   9   7
 11  10   6
  6   5   0
 27  28  22
 54  57  50
102 107 100
 58  63  59
 31  36  30
 31  33  30
 23  27  26
 15  19  18
 12  14  13
 12  12  10
 14  14  12
 15  15  13
  8   7   3
 16  11   7
 15  10   6
 46  45  43
 66  66  68
 24  22  23
 21  17  16
 22  18   9
 75  66  51
153 138 117
155 141 115
198 186 160
171 163 140
176 170 148
173 168 146
 98  94  67
 98  89  58
129 109  74
142 104  67
125  79  43
136  93  61
182 150 125
243 221 200
 53  47  35
 94  92  80
113 113 101
 99 101  90
 45  47  36
  4   5   0
  3   2   0
127 121 121
182 174 172
137 126 120
120 108  92
148 137 115
144 134 109
137 127 102
133 126 100
131 127  98
 94  94  70
 80  79  61
168 170 157
167 170 163
 96 101  94
122 127 121
124 129 123
146 151 145
145 150 144
138 143 139
132 132 132
130 130 130
 30  30  28
  5   6   1
 34  35  30
 45  45  43
 63  66  71
116 121 125
142 147 151
104 109 113
129 132 137
 86  90  93
  3   4   6
 12  14  13
  0   2   1
 14  14  14
 11  11  11
 11  11  11
 10  10  10
  6   6   8
 12  12  14
  9   9  11
 20  19  17
 11  11   9
 13  14   9
 14  16  11
 10  12   7
 33  35  30
 28  31  24
 93  96  89
163 164 158
 43  44  39
 34  35  30
 69  70  64
117 117 109
139 140 132
122 123 117
 30  32  27
 44  45  40
 33  35  30
 14  19  12
101 109  98
 52  60  47
113 119 105
 75  79  65
107 111  96
227 230 211
206 209 190
219 220 202
215 216 200
233 231 216
193 194 180
145 147 136
142 143 137
148 149 143
165 165 155
180 179 161
161 155 131
138 126 100
138 124  98
137 122 101
195 182 163
206 197 180
147 141 127
138 136 124
133 133 121
139 140 124
149 146 129
195 189 175
128 122 110
140 132 121
147 139 126
199 192 174
144 136 117
126 115  97
143 132 114
146 137 120
139 131 110
143 135 114
102  99  80
 58  60  47
 75  78  67
106 108  95
123 124 110
107 110  99
 98 105  98
107 120 113
 72  83  75
128 136 123
186 185 165
151 141 114
237 221 195
247 231 206
237 224 205
182 175 156
 98  95  80
 49  49  37
 60  60  52
 18  17  12
 81  80  75
 62  61  57
153 152 150
156 155 150
127 126 121
132 131 126
135 135 127
 60  60  52
  5   2   0
 21  18  11
 74  71  62
142 139 130
130 128 116
137 133 122
146 140 126
136 129 110
172 164 141
219 211 188
189 181 160
 62  50  36
139 131 120
133 126 116
141 134 126
139 132 124
107 103  92
 99  99  87
136 139 128
138 141 130
147 150 139
128 133 113
140 141 109
206 202 155
223 212 158
192 177 122
146 133  80
 92  84  61
 10   7   0
  8   9   1
 78  80  77
139 137 138
131 127 124
170 165 159
248 245 236
106 106  96
 11  10   5
136 136 134
152 152 150
109 111 106
 89  92  83
 95  98  91
135 140 134
137 139 136
123 124 119
 15  16  11
 33  34  29
 70  72  69
131 135 134
132 138 136
 97 101 102
113 117 116
124 126 125
120 118 119
109 107 108
122 120 123
132 130 131
129 127 128
123 122 120
131 132 127
147 148 143
138 140 135
122 124 119
128 128 126
118 120 119
114 115 117
129 133 134
 27  29  28
106 108 107
114 116 113
 34  39  35
 27  30  23
 81  83  69
165 165 139
163 163 127
193 194 137
163 161 110
112 110  59
150 144  94
148 141  87
 99  89  36
139 128  82
135 125  89
124 114  89
142 135 119
150 146 137
 91  88  83
 45  41  38
 94  91  86
157 153 144
150 144 132
165 160 141
211 202 185
230 218 204
203 191 179
196 186 176
163 154 145
146 142 133
170 167 160
179 180 172
116 117 109
115 115 105
132 132 124
127 126 121
121 122 117
112 113 108
109 111 106
112 115 108
124 125 117
101 102  94
113 116 107
148 153 147
129 135 135
129 134 137
 16  24  26
 37  47  48
 81  92  94
 44  55  57
 40  50  51
 65  74  73
139 145 143
140 144 143
 46  48  47
 96 106 105
 88  92  91
113 112 110
183 180 175
214 211 204
214 211 202
179 179 169
132 133 127
119 121 116
106 108 105
 99 101 100
 13  15  14
 13  13  15
106 106 108
123 121 122
 92  88  87
 24  24  24
  2   2   2
 78  78  78
 56  58  55
135 138 131
162 162 154
135 131 120
155 149 137
121 115  99
 51  48  31
101 102  84
109 110  92
106 107  89
232 230 209
172 166 144
175 167 146
243 231 215
231 224 208
132 132 120
 79  85  75
109 116 108
154 162 151
111 117 103
 63  67  50
144 147 128
255 255 237
224 218 202
228 219 204
244 231 215
232 219 203
239 225 212
215 203 191
181 177 166
174 170 161
153 148 142
165 160 156
161 154 148
100  93  87
136 131 125
148 147 143
152 152 150
143 143 143
145 145 143
140 141 136
133 134 126
198 196 184
238 232 216
237 229 210
228 216 200
226 214 198
184 175 160
166 158 147
167 160 150
163 159 150
 92  91  86
  9  11   6
 12  14  11
 10  12   9
  6   6   4
 16  16  14
 11  11   9
 26  27  22
 86  85  81
 26  22  19
 13  12   8
 17  16  12
 48  47  42
 42  43  35
 73  74  66
181 183 172
227 228 220
209 210 202
124 127 120
 69  72  65
 18  19  14
 99  97  98
139 139 141
124 125 127
135 136 138
139 140 142
 22  23  25
 13  13  13
  3   2   0
 61  60  56
 17  13  10
  3   0   0
 53  50  43
108 107 102
 18  17  15
 10  10  10
 12  12  12
  7   7   7
 20  20  20
 16  16  16
  9   9   9
116 116 116
 64  64  66
  4   4   6
 25  25  27
 18  19  21
 13  17  18
138 144 144
 84  90  90
 12  16  15
 11  13   8
  1   1   0
  5   2   0
 74  63  41
156 139 109
138 118  83
157 137 104
141 122  92
118 111  83
138 132 110
100  94  80
112 108  97
 99  95  84
 63  56  46
 52  43  34
130 121 114
125 116 111
 71  62  57
 25  16  11
 62  51  45
 95  82  73
205 192 176
153 141 119
206 191 168
255 254 229
242 235 216
253 245 234
190 180 178
 44  35  36
 22  16  16
  8   4   1
 70  69  65
199 198 194
199 198 194
133 132 127
130 131 125
128 127 122
129 126 119
137 128 119
134 120 107
105  86  69
 69  50  35
123 105  93
168 151 143
 75  65  56
106  97  92
108 101  95
 44  40  31
 23  24  10
 49  53  36
 69  79  55
 72  80  57
 24  27   8
 32  33  19
128 128 120
105 106 101
 89  96  89
 58  64  60
 14  19  15
 20  22  19
121 118 113
 28  25  20
 10   3   0
133 126  98
194 186 147
 98  90  53
 26  18   0
 17  12   9
 16  11  15
 29  27  28
 27  23  20
104 101  96
 90  89  84
 12  11   6
  2   1   0
  1   0   0
  2   1   0
 13  12  10
 14  14  14
 10  12  11
 17  19  18
 12  14  11
  8  10   7
 14  16  15
 13  15  12
  8  10   5
 20  23  16
 29  30  22
 56  58  47
163 165 154
122 125 116
138 141 134
132 138 134
131 135 134
133 137 136
130 134 135
100 101 103
 21  21  23
  7   7   7
 13  13  13
 19  19  19
 32  31  27
  9   4   0
 60  53  47
 34  29  25
 55  51  50
 77  73  74
 11   5   5
  9   4   0
 10   0   0
121 105  90
136 121 100
146 135 113
214 203 181
107  94  75
218 203 182
200 186 160
 87  73  44
128 105  71
127  91  55
154 106  70
149 100  70
147 109  86
194 167 150
 64  58  46
103 101  88
137 139 126
107 110  99
  8   9   3
 34  33  31
 33  31  32
 29  25  26
115 106 107
 17   6   0
102  89  72
153 139 113
143 129 103
134 124  99
140 132 109
189 183 159
164 162 139
112 111  93
 52  50  38
 53  53  43
 91  92  84
123 126 119
112 117 110
159 164 157
151 156 149
138 140 135
126 126 126
142 142 142
 76  75  73
 93  92  87
 79  80  74
  3   4   0
  2   6   9
 56  60  63
103 107 110
 93  97 100
104 105 109
117 118 122
117 118 120
 99 100 102
 44  44  46
  6   6   8
 14  14  16
  9  10  12
 13  15  14
 10  10  10
  6   6   6
 16  16  16
 18  17  15
 14  14  12
 11  11   9
 15  15  13
  9  11   6
 51  54  47
 62  65  56
 75  78  69
 73  73  65
 17  16  11
  7   6   1
 31  32  26
 71  72  64
 41  42  34
 46  47  41
 54  54  52
 91  92  87
 17  20  13
 41  47  37
 97 105  92
 69  77  64
 47  55  42
 36  44  33
 19  25  15
146 152 140
220 223 212
210 214 200
215 217 203
208 209 191
197 195 180
165 163 150
149 146 137
157 158 152
184 184 172
167 164 145
122 116  92
164 154 129
153 140 121
163 150 133
161 148 132
158 149 134
145 141 129
129 129 117
 71  73  60
141 140 122
221 216 196
190 183 164
107 100  82
 76  67  50
 96  88  69
145 137 114
140 130 105
135 127 106
134 127 109
150 142 129
157 151 137
164 161 146
174 176 163
117 121 107
 36  38  24
142 139 120
149 144 125
133 133 121
126 131 124
153 170 164
143 160 154
 58  71  61
128 135 119
124 119  97
165 153 129
207 192 173
186 174 160
 17  11   0
  8   8   0
 22  25  14
 95  96  88
147 147 137
142 139 132
141 137 134
 53  52  50
151 152 146
107 106 101
 71  68  61
150 147 138
 79  75  66
 28  24  15
 25  20  14
  8   5   0
 74  71  64
143 140 131
130 126 114
140 134 118
137 131 109
150 143 117
217 207 182
228 218 193
111  99  83
109 101  88
171 165 153
139 133 121
142 136 124
 90  86  74
 97  98  84
130 134 120
123 129 117
136 142 130
152 158 144
 90  94  71
150 147 114
203 195 158
192 184 145
134 126  89
 95  92  75
  8   6   0
  9  10   4
 47  47  45
142 141 139
126 122 121
135 130 126
226 223 216
 65  65  55
 16  16   8
115 116 110
154 155 150
104 107 100
 81  86  79
 90  95  89
109 114 108
145 150 144
112 114 109
  5   7   2
 42  44  39
104 111 104
113 122 117
130 139 136
131 140 137
131 135 134
128 130 127
122 122 120
122 123 118
128 129 124
120 121 116
112 111 109
129 125 124
135 134 132
157 157 155
152 154 151
135 137 134
126 131 127
116 120 121
125 126 130
 91  92  96
 72  76  77
141 145 144
 71  75  74
  7   9   8
 36  37  32
 40  38  25
117 113  88
203 198 166
188 186 129
152 149  96
 76  72  27
 73  68  30
141 135  99
102  97  65
 96  95  67
134 132 111
128 125 110
157 153 141
130 127 118
 56  56  48
100 101  95
 94  93  88
 34  30  21
119 113 101
145 139 117
162 153 136
131 122 107
 95  85  73
131 125 113
 98  94  85
 97  94  87
 91  92  86
109 112 105
124 127 120
122 123 117
126 127 121
130 131 125
122 127 121
117 124 117
109 119 111
110 120 111
 87  97  88
 87  94  86
100 107  99
 92 102  94
 88  99  95
 80  90  91
 72  83  85
 63  77  78
 47  61  62
 32  43  45
  5  15  17
 15  24  23
100 106 102
124 126 123
 56  58  55
 58  62  61
115 117 116
 91  90  88
149 145 142
177 174 169
140 137 132
119 118 113
126 127 122
108 110 107
 94  96  93
115 115 115
  8   6   9
 43  41  44
143 141 144
139 137 138
130 128 129
 11  11   9
 47  46  44
156 155 153
151 151 149
137 138 133
144 144 136
135 131 120
153 145 132
147 140 124
 67  64  47
 81  84  67
 26  30  13
 15  18   1
161 158 139
254 248 226
239 231 208
221 213 194
225 219 205
104 105  97
 74  80  76
 63  76  69
 84  97  88
 47  59  49
 99 107  94
118 122 108
175 176 162
252 249 232
232 223 206
221 210 190
231 218 199
235 222 205
221 208 191
210 200 188
220 211 202
190 185 179
143 138 132
158 155 148
140 137 130
152 149 142
144 143 138
135 134 130
144 143 139
134 133 129
147 148 142
128 129 123
127 127 117
167 163 151
127 121 105
206 197 182
178 171 155
129 121 108
169 163 151
178 174 165
141 138 131
144 143 139
 32  34  31
  8  10   9
 17  19  18
 18  20  17
 17  19  16
 18  18  16
 45  44  42
 30  29  25
 62  58  55
 25  21  18
  2   1   0
 77  78  73
159 162 155
141 144 137
151 152 144
203 204 196
143 144 138
  9  10   5
  9  11   6
 13  15  10
126 128 125
151 151 153
123 122 128
150 149 155
 62  61  66
 33  33  35
 12   8   7
 10   6   3
 67  66  62
 24  25  20
 19  20  15
 82  81  77
 26  25  21
  6   6   4
 10  12  11
  9  13  12
 15  17  16
 15  17  16
  7   7   9
 19  19  21
113 113 115
 39  39  39
 18  16  19
 14  12  15
  9   9   9
 62  64  63
131 135 134
116 120 121
 39  41  38
  3   5   0
 96  97  91
114 110 101
 28  19   4
 57  43  17
194 178 144
191 175 141
128 111  83
167 160 132
200 194 172
163 156 138
182 176 162
127 121 107
188 180 169
 90  81  74
167 160 154
152 147 141
143 136 130
115 104 100
 87  74  68
154 142 130
166 153 136
113 101  79
239 224 201
223 217 193
217 209 190
250 240 230
151 140 136
 87  79  77
 58  54  51
  4   5   0
  8   8   6
 56  55  53
173 172 170
194 193 189
145 146 140
114 113 108
122 119 114
132 125 117
120 110 100
111  98  82
155 141 128
195 182 173
237 226 220
148 141 135
 17  10   4
186 179 169
203 196 180
130 128 105
141 143 119
152 161 134
135 140 118
147 148 130
116 114 101
108 105  98
155 154 149
 67  77  69
 47  53  49
 14  18  19
 23  27  28
140 137 132
 34  29  26
 29  21  10
151 145 113
146 138  89
143 135  88
114 107  79
 16  12   3
 13  13  13
  9  11   8
 16  15  11
104 100  97
 30  29  25
 13  13  11
 13  15  12
 21  23  22
  8   8   6
 12  12  12
 13  13  13
  8   9  11
  8   9  11
 12  14  13
  8   8   6
  9  10   5
 10  12   7
 57  60  53
 92  95  86
156 158 145
139 143 128
162 168 154
121 127 115
128 131 122
117 123 121
109 115 115
112 116 119
130 134 137
119 120 122
 16  17  19
  8   9  11
 10  11  13
 13  15  14
  7   8   3
 11   8   1
 58  54  45
 68  61  53
 14   7   1
 50  42  39
132 124 121
137 132 126
105  95  86
114 100  89
 88  79  62
 25  18   0
188 179 162
208 191 175
134 113  96
196 175 154
128 112  87
101  84  58
118  88  62
150 110  85
133  91  69
 69  36  19
 65  42  28
 27  19   8
115 111  99
157 157 145
 93  96  89
  8   8   6
 90  88  89
125 121 122
 46  40  42
 13   5   2
 34  24  14
138 125 106
154 139 116
136 124 102
133 124 107
148 141 125
187 181 167
184 181 162
141 138 121
111 109  94
 69  67  54
 41  41  29
 44  46  35
 50  53  42
126 132 120
158 161 152
126 129 122
137 139 136
144 144 144
119 119 117
 89  90  85
106 108 103
  1   3   0
 19  23  22
 15  19  18
 11  15  14
 38  40  39
 38  40  39
 18  20  19
 93  95  94
150 152 151
107 107 107
 11  11  13
  8   8  10
 12  13  15
  5   7   6
 10  12   9
 11  11   9
 14  14  14
  9   9   7
 14  14  14
 10  10  12
 11  13  12
 13  15  12
 18  21  14
 14  17   8
 10  11   3
 12  12   2
 14  14   4
 14  14   4
 70  72  61
113 116 107
 18  21  14
 35  36  31
 58  57  53
 29  30  22
 45  48  41
100 105  98
 65  71  59
 22  28  16
 30  36  24
 37  44  36
 44  50  46
 12  18  14
110 117 110
131 137 127
207 209 196
228 229 211
222 219 202
163 160 145
157 155 143
183 183 173
169 167 154
133 130 111
146 140 116
155 147 124
142 131 113
146 132 119
133 121 109
 78  68  58
 37  33  22
113 113 101
113 115 101
 97  96  76
187 181 159
176 165 145
185 174 156
145 137 116
140 130 105
128 118  91
145 135 110
119 112  93
 72  66  52
155 148 138
165 161 152
129 129 119
162 164 153
 94  96  82
140 139 118
128 122  96
139 133 109
157 156 138
156 159 148
146 165 159
148 167 163
 66  81  74
 95 106  92
145 146 128
127 120 102
 93  84  69
 88  79  70
 64  61  54
 27  26  21
 10  10   0
 62  62  50
194 192 179
156 152 141
158 153 147
 99  94  91
 65  65  55
142 138 129
 88  82  70
133 123 111
157 148 133
120 108  94
 40  30  20
 22  15   7
  4   0   0
 92  87  81
141 133 122
127 119 100
130 120  95
166 156 129
181 169 143
146 134 110
138 126 110
 70  63  47
107 101  89
151 148 133
149 143 129
142 136 120
109 106  89
154 155 141
121 125 111
128 134 124
122 128 116
 83  87  72
 76  75  55
150 146 121
154 148 124
158 152 130
 90  90  80
  6   6   0
 14  13   8
 77  76  72
134 133 131
123 119 118
154 149 145
244 241 234
136 136 128
 51  52  44
 83  84  76
113 116 109
 98 103  97
 59  64  58
109 114 108
 84  89  83
 69  76  69
 61  66  60
  6   8   3
  9  14   8
 50  57  50
103 114 108
 79  90  86
134 143 138
144 150 146
138 145 138
122 127 121
118 121 114
125 126 118
120 120 112
136 133 128
111 107 104
144 140 137
163 162 160
132 132 132
141 143 140
144 149 145
145 149 148
145 146 148
108 109 113
139 143 144
147 151 152
 81  85  88
  4   8  11
 12  12  12
 18  15   8
 15   9   0
 71  65  43
137 133  88
178 173 131
121 115  81
105  99  73
131 126 106
111 110  92
124 128 113
136 139 128
110 112 101
 87  87  77
107 109  96
107 110  99
 45  48  39
 30  31  25
  6   6   0
 52  48  36
 83  78  58
 62  55  37
117 111  97
111 107  95
 44  44  32
 58  60  49
 48  49  43
 13  15  10
 75  80  74
 97 102  96
111 114 107
148 149 143
116 119 110
108 116 105
 98 108  99
 94 105  97
 85  99  86
 72  85  76
 93 106  99
101 112 106
109 120 114
117 128 124
119 131 129
 90 104 104
 74  88  88
 65  76  78
 28  38  40
 39  47  49
 11  17  17
 11  16  12
 69  71  68
 97  99  96
 48  49  44
110 110 108
 93  93  93
134 133 131
171 167 166
114 110 109
127 126 124
124 126 123
135 137 134
 55  57  54
 56  54  55
 19  14  18
110 108 111
142 140 141
150 148 149
112 110 111
 53  53  51
136 135 133
135 131 130
148 147 145
139 140 135
141 142 136
137 134 125
136 128 115
115 108  92
157 154 137
101 102  88
108 110  97
188 190 176
228 227 209
226 221 199
226 222 197
182 181 160
198 199 185
206 208 203
 96 105 104
 38  48  47
139 152 145
193 203 195
116 123 115
137 140 131
 92  92  80
125 122 107
197 192 172
218 210 189
235 224 202
220 209 187
229 217 195
202 190 176
149 141 130
187 180 172
179 176 169
141 138 129
172 170 158
200 198 186
134 132 120
140 135 129
132 129 122
127 124 119
141 140 135
126 125 120
137 137 129
131 128 119
 51  47  36
 85  79  67
163 156 146
129 122 114
139 135 126
116 113 106
134 133 128
148 148 146
 60  60  60
  2   2   2
 14  16  15
 20  22  19
 14  16  13
 15  15  15
 27  26  24
  9   8   6
 24  23  21
 55  54  49
 13  14   8
 23  25  20
131 133 128
135 137 132
132 135 128
140 141 135
123 122 118
 17  17  15
  0   2   0
 31  33  28
136 138 135
132 132 134
140 139 144
143 140 147
 90  89  94
 69  67  68
 91  87  86
 54  49  46
 77  76  72
 11  12   7
  6   8   3
  1   0   0
 14  13   9
 13  14   9
 13  15  12
 11  15  14
 15  19  18
  8   9  11
 17  18  20
 25  25  27
 15  15  17
 12  12  10
 23  21  22
 12  10  13
 10   8   9
 71  71  71
 75  77  76
  4   5   7
  9   9   7
 16  17  11
 97  97  89
194 190 181
 61  53  40
137 126 104
239 226 194
180 167 133
168 154 125
153 147 121
195 189 165
169 162 143
163 156 138
178 171 155
181 173 160
203 196 186
138 134 125
 86  83  76
 87  80  74
115 106  99
172 159 151
211 199 187
192 180 164
143 130 113
184 171 152
 60  51  36
 59  49  37
183 172 166
189 181 178
 27  23  20
 94  93  89
 59  60  55
 58  60  57
 15  15  15
  8   8   6
 97  98  93
172 173 168
162 163 158
135 134 129
122 118 109
131 124 114
152 144 131
148 140 129
144 137 129
 95  90  86
 19  15  12
 24  19  15
151 144 134
212 204 185
225 219 193
157 156 128
150 154 129
102 105  84
149 147 132
165 161 149
168 165 156
156 156 148
128 138 130
 72  78  76
 42  46  47
 40  44  47
141 140 135
108 103  99
 22  14   1
162 151 119
178 168 119
146 136  87
158 152 120
 62  60  47
 18  23  17
 11  16  10
 84  85  80
142 141 137
 68  67  65
  6   6   4
 10  10  10
 50  50  52
 19  19  17
 10  10  10
 10  12  11
 98 100  99
 36  38  37
  7   7   7
 60  60  58
 47  47  45
 10  12   7
 71  74  67
169 172 163
113 117 103
124 131 115
144 151 135
102 108  96
 80  85  78
 78  84  84
 98 104 104
117 123 123
129 133 134
 75  79  80
  6  10  11
 11  17  17
 13  19  19
  0   4   2
 13  18  12
 99 100  92
154 151 142
186 179 169
 31  23  12
 40  30  20
 96  86  76
201 193 180
174 165 150
125 116  99
 97  91  75
 14  12   0
 37  31  17
182 166 153
142 120 107
158 136 122
193 176 160
137 121 105
 75  57  43
 32   8   0
 36   9   0
 47  25  14
 88  70  56
 20   7   0
 50  41  32
140 137 130
 69  70  65
 33  33  33
125 120 124
240 234 236
161 153 150
 24  17   7
 51  44  25
160 153 127
130 119  97
 24  15   0
 45  36  29
 44  39  33
 57  54  47
131 129 114
164 162 147
112 113  95
126 127 109
 47  48  30
 39  40  24
 75  78  61
 44  48  31
134 138 123
147 150 141
140 142 139
139 141 140
119 121 120
 84  89  85
100 105 101
 30  36  34
 32  38  34
 51  56  52
  0   4   0
 51  56  52
 75  77  72
  6   8   3
 24  25  20
102 102 100
148 148 146
118 117 115
 20  18  19
  2   2   2
 17  17  17
 14  16  13
 10  10   8
 11  11   9
  9  11  10
 15  17  16
 14  18  19
 13  17  18
 16  20  19
 19  21  18
 16  18  13
 37  38  32
 32  32  22
 33  34  20
 48  46  31
 90  91  77
114 116 103
 43  46  37
 56  57  51
 18  17  12
 57  59  48
 48  49  41
 29  30  24
 33  34  26
 22  24  13
 19  22  11
 15  22  15
 16  25  22
 12  23  19
 54  65  61
 65  72  65
205 208 199
242 243 227
210 209 189
154 153 135
182 180 165
167 167 155
137 135 122
124 121 104
147 140 121
158 150 131
143 132 114
163 151 135
116 104  92
 88  78  68
 80  74  62
123 121 108
140 141 125
134 133 113
127 120 101
113 102  84
130 117 100
167 159 138
188 178 153
174 162 136
204 193 171
127 118 103
 16   7   0
 30  21  14
139 132 124
208 205 196
174 174 162
151 150 130
147 141 115
126 119  90
137 131 105
130 129 109
150 152 139
105 121 118
 69  84  81
 71  83  79
 69  79  70
112 116 102
101 102  86
133 131 119
118 115 108
116 113 108
 90  87  80
 66  59  51
 93  87  75
158 152 136
150 144 130
141 135 123
143 136 128
 84  80  68
115 108  92
151 138 121
157 140 120
157 141 118
172 154 132
184 167 151
 92  80  68
 47  38  31
 78  69  60
142 128 115
167 150 130
192 178 151
212 201 173
182 170 144
149 134 111
163 151 137
169 161 148
 37  30  20
145 141 129
154 149 130
188 181 162
210 204 188
162 160 147
114 116 103
124 127 118
 63  66  57
 84  86  75
121 122 108
127 124 109
161 155 141
151 145 133
 55  56  50
  3   2   0
 31  30  25
133 132 128
135 134 130
133 129 126
185 182 177
223 220 213
179 179 171
 61  62  54
 15  18  11
 24  26  21
 71  76  70
 46  51  45
121 126 120
 84  89  83
  0   2   0
  8  13   9
 18  20  17
  6   8   5
 22  29  22
 71  81  73
 82  93  87
 84  97  88
126 137 129
124 136 126
125 137 127
120 127 119
118 119 111
151 148 141
168 163 159
111 106 103
124 123 121
149 148 146
129 129 129
112 114 113
123 128 124
123 127 126
 86  90  91
 85  86  88
 94  95  97
101 105 106
 34  39  42
  9  12  19
 16  16  24
 18  16  19
 22  19  14
 14  10   0
 24  20   0
 86  82  57
109 104  82
114 109  90
111 108  93
108 108  96
144 148 134
 70  73  62
 39  41  30
104 106  93
112 116 102
108 111 100
 77  80  71
 45  46  38
113 113 103
208 208 196
166 163 146
 82  79  64
 77  75  62
 97  97  85
103 105  92
129 132 123
 93  98  91
 51  56  50
 58  63  57
 47  50  43
 73  76  65
134 137 126
 97 103  91
 87  95  82
 70  80  69
 58  70  58
 85  99  86
115 128 119
122 135 128
125 136 130
122 133 127
120 131 125
 70  81  77
 18  29  25
 54  64  63
 42  52  53
 57  67  68
 61  69  71
 29  33  34
  9  11  10
 29  31  30
129 131 130
 43  44  39
 69  69  67
112 112 112
 83  83  83
106 105 103
104 103 101
144 142 143
136 138 137
151 153 150
 49  49  47
 10  10  10
  9   7  10
 77  77  77
146 146 146
 92  90  91
 88  86  87
140 140 138
128 127 125
138 137 135
151 150 146
143 145 140
128 131 124
127 127 117
140 136 124
 98  95  78
155 153 138
 88  88  76
140 142 129
221 223 209
211 212 194
203 202 182
192 191 170
208 216 195
202 208 196
200 205 201
129 134 137
 75  81  81
175 181 179
189 194 190
189 191 186
103 104  98
142 142 130
 68  66  51
 56  50  34
248 241 223
226 217 200
226 215 197
221 208 189
214 205 190
161 153 142
154 147 139
151 148 139
195 193 178
223 220 203
215 212 195
177 174 159
149 145 134
138 135 126
137 134 129
143 142 138
144 143 141
139 138 134
129 128 123
101  98  93
 22  19  12
 88  83  79
159 154 151
136 132 129
139 138 133
138 139 134
147 147 145
109 109 109
 24  24  22
  2   2   0
 10  10  10
 12  12  14
 17  17  19
 12  12  12
 23  21  22
 11   9  10
 26  25  21
 41  42  37
 52  53  48
149 151 146
136 138 133
136 137 132
132 133 128
144 145 140
 79  80  75
  4   5   0
 83  84  79
166 168 163
124 124 124
139 139 141
132 131 136
144 143 148
153 153 151
143 142 140
145 141 138
143 142 138
 93  94  88
 56  57  51
 30  29  24
  6   5   1
 13  13  11
  1   1   0
 14  16  13
 13  15  14
 13  15  14
 12  13  15
 25  25  27
 17  15  18
 16  16  16
  8   8   8
 16  16  16
 58  58  58
117 117 117
119 119 119
 15  15  15
 22  22  20
 15  16  11
 16  16   8
112 110  98
 42  36  20
142 134 111
249 239 212
217 206 178
187 175 149
129 125  98
162 156 132
189 181 158
164 156 135
203 195 176
190 183 167
204 198 184
117 110 100
148 144 135
150 146 137
135 128 118
139 131 120
164 156 145
178 168 158
 58  48  38
 19   6   0
  8   1   0
 11   4   0
 33  25  22
207 203 200
152 151 147
 30  31  26
 20  20  18
 42  44  41
 22  24  21
 18  23  19
  9  11   8
 44  44  42
137 138 133
163 164 158
166 166 158
160 158 146
132 128 116
157 153 142
134 130 121
 14  11   6
 16  12   9
 26  23  18
168 161 151
189 180 163
178 170 149
143 137 113
162 160 139
167 166 146
172 169 152
207 203 191
180 176 165
135 132 125
149 159 150
 75  81  77
 20  24  25
 73  77  78
 51  50  45
158 154 145
 29  20   3
106  96  61
187 175 127
120 109  63
 76  70  36
 89  90  74
  8  13   6
 33  40  33
177 180 173
 62  61  56
 12   8   7
 38  36  37
 13  11  12
  9   7   8
 13  12   8
  9   9   7
  5   7   6
 79  81  80
119 119 119
100 100  98
145 145 143
122 122 120
 99 101  98
 84  86  81
113 116 109
157 160 149
114 120 106
115 121 107
 98 104  92
 95 100  93
123 127 128
113 119 119
112 118 116
121 127 127
 25  29  30
  1   5   6
 13  22  19
  3  14  10
 40  52  48
141 150 145
186 192 182
189 189 177
140 136 124
150 142 129
 77  68  53
 55  43  27
128 120  99
 96  88  65
156 150 128
130 129 111
 21  21   9
 12   8   0
 47  33  24
117  97  88
 43  23  14
108  91  83
192 182 173
 62  53  48
 24  12  12
 56  44  44
147 134 128
119 105  92
 74  59  52
 59  48  42
139 131 128
 56  55  53
  0   0   2
 44  42  43
227 221 221
147 138 133
118 110  97
114 108  84
140 135 106
 83  77  55
 47  38  31
 15   9  11
  8   6   7
 10  11   6
  7   7   0
 89  92  75
145 148 127
131 135 112
 80  82  60
118 120  99
162 165 144
 72  77  57
 55  59  42
128 131 120
138 140 135
143 145 144
136 140 139
121 127 125
 40  46  44
 89  95  93
 79  85  81
 31  37  33
 22  27  23
 16  21  15
 30  32  27
 15  16  10
 11  12   6
 22  23  17
 72  73  68
137 136 134
 74  73  71
 68  64  63
  1   0   0
  8   8   8
 18  18  16
 17  17  15
  8  12  13
 13  19  19
 19  25  23
 16  25  24
 12  18  18
 22  26  29
 18  18  18
 14  15  10
 33  33  23
114 115  97
 67  66  46
113 112  94
124 125 111
 65  68  59
 18  21  14
 87  88  80
 85  87  73
 11  12   4
 83  82  77
 50  47  42
  9   9   0
 19  20  12
 15  20  14
 10  21  15
 29  41  37
 74  86  82
 47  56  53
 98 100  95
214 214 202
232 231 213
233 234 216
175 176 160
 75  77  63
135 136 122
123 120 105
156 149 133
140 131 114
173 162 144
232 220 204
211 199 187
204 194 184
201 193 182
196 194 179
175 176 158
186 185 167
164 157 139
126 114  98
 74  61  44
 73  65  44
150 140 115
226 214 188
246 233 214
169 157 145
 15   5   0
 23  12   6
107  98  89
227 223 212
181 178 163
183 177 155
147 138 109
129 123  89
136 132 103
130 129 109
144 146 133
128 140 140
 72  84  84
155 165 164
158 168 160
104 112  99
 29  33  19
 91  93  82
 73  73  65
 48  45  38
 44  37  31
 68  58  49
122 110  98
124 115 100
135 128 112
143 136 120
143 137 123
123 117 101
 85  74  56
124 106  84
108  87  60
172 151 122
178 157 130
145 124 103
161 145 130
 58  45  36
141 128 119
201 183 171
206 185 166
216 199 173
191 176 147
205 191 165
196 181 158
164 155 140
148 140 129
 67  60  52
 73  69  57
156 151 132
212 205 186
204 197 179
136 132 120
121 121 111
106 107  99
132 133 125
132 132 124
123 123 111
148 146 133
146 142 130
114 110  99
  9  10   2
 13  14   8
 19  18  14
105 104 100
138 137 133
135 134 129
176 173 168
196 193 188
162 162 154
 17  18  12
 14  16  11
  5   7   2
106 108 103
 81  83  78
122 127 121
 26  33  26
 13  15  12
 24  26  23
 10  10   8
  6   8   5
 34  39  33
 70  80  72
 96 107  99
 71  84  75
 82  98  87
119 137 125
122 138 127
144 154 145
185 186 180
218 215 208
120 115 111
 42  37  33
 66  65  63
126 126 126
 43  43  43
  5   7   6
 23  27  26
 26  30  29
  4   8   7
  1   5   6
  0   0   2
  8  12  13
  6  11  14
 13  18  24
  6   8  20
 20  20  30
 17  15  18
 26  25  21
 16  16   4
 35  33  20
139 136 121
116 110  96
131 128 113
 93  91  78
 72  73  59
 50  51  37
150 151 137
149 151 137
121 125 111
123 129 115
 87  89  78
139 139 129
172 172 162
110 110  98
118 116 103
130 128 113
143 144 130
106 106  94
110 113 102
116 122 112
 63  68  61
 80  85  78
121 124 117
114 117 108
 74  78  64
 60  64  49
114 121 105
113 121 106
141 149 136
125 133 118
 89  99  90
119 129 120
 82  93  85
 92 103  97
 98 109 105
 17  26  21
 41  48  41
 57  63  59
 62  68  66
 33  42  41
 48  58  59
 34  43  42
 40  44  45
 25  26  28
 38  40  39
134 136 135
 71  73  68
 94  96  95
128 130 129
 71  71  71
 83  82  80
139 137 138
137 137 137
137 137 137
 93  93  91
 69  69  67
 77  77  77
 15  17  16
 59  61  60
115 115 113
 92  91  89
148 144 145
134 135 137
131 131 131
126 126 124
135 136 131
143 146 139
142 145 136
137 139 128
132 133 119
115 116 100
106 107  91
100 102  89
141 143 130
183 185 171
186 189 170
181 183 162
197 198 180
213 226 209
204 214 205
134 138 137
 47  51  54
 13  14  16
  8  10   9
  1   2   0
 80  81  75
174 175 167
109 109  97
117 115 102
 45  39  27
169 161 150
220 210 198
233 221 207
222 211 193
203 196 180
156 147 138
173 166 158
170 166 155
176 173 156
226 221 201
230 225 205
222 216 200
140 138 125
153 153 143
142 139 134
142 138 137
133 131 132
147 147 147
114 114 112
 41  40  38
 27  23  20
 35  29  31
139 133 137
145 141 142
146 145 141
140 141 136
123 123 121
161 161 159
118 118 116
 55  54  52
 25  23  24
 11   9  14
 20  19  24
 19  19  21
 14  12  15
  7   5   8
 21  21  19
 15  14  12
 94  93  89
116 115 111
 89  90  85
128 128 126
133 134 129
155 156 151
127 128 122
  3   4   0
108 107 103
216 215 211
151 151 149
126 126 126
134 134 136
138 138 140
139 141 138
130 130 128
130 129 125
132 131 126
143 140 133
143 143 133
134 134 126
 93  94  89
 23  23  21
 51  51  49
 24  23  21
 15  15  13
  2   4   1
 28  30  29
 69  69  69
 34  30  31
  8   8  10
  7   7   7
 60  62  61
154 154 154
139 139 141
101 101 103
  7   7   7
 17  19  16
  6   8   3
 43  44  36
165 166 150
150 148 127
123 117  93
228 217 195
245 234 212
197 186 164
178 177 149
150 146 119
145 137 114
216 208 187
243 236 217
205 198 180
136 128 115
137 128 119
179 172 164
176 172 163
127 123 112
147 141 129
176 169 159
186 177 170
 83  73  71
143 131 133
 31  27  28
 16  10  10
 10   6   5
 51  50  46
203 204 199
160 160 158
 49  48  46
  9   9   7
 16  21  17
 21  27  23
 66  71  67
 38  40  37
  2   4   1
 34  37  30
 81  82  74
148 148 138
186 187 173
193 191 179
207 204 195
 65  62  57
  4   1   0
 63  58  54
184 177 169
143 133 121
142 130 114
148 136 120
214 207 189
170 165 146
 86  83  66
 80  77  62
109 105  94
140 137 128
161 169 158
 70  77  70
 29  33  32
 65  67  66
126 126 116
178 174 171
 74  65  60
 84  71  52
168 158 122
 96  86  51
 41  34  15
 44  41  36
  8  10   7
 90  95  88
 99 104  97
 40  42  39
  8   8   8
 40  40  40
 45  45  43
  5   4   2
 15  15  15
 19  19  19
 74  74  74
118 118 116
145 146 141
136 135 131
 99  98  94
126 127 122
128 133 129
118 125 118
145 155 144
194 205 189
197 208 191
158 169 152
130 138 125
132 138 128
114 119 115
106 112 110
108 114 112
129 135 133
 74  80  78
 25  34  29
  0  10   4
  0  15  10
118 135 127
127 144 134
107 123 112
106 117 101
137 144 126
180 179 159
122 115  96
135 122 103
 57  44  28
 28  15   0
168 156 142
178 171 155
 96  93  76
 10   8   0
 19  16   7
 23  18  14
 16   7   8
 54  44  42
169 160 153
119 112 102
 52  48  37
140 136 125
129 123 109
106  97  82
100  90  78
 87  77  67
154 147 141
114 110 109
 60  58  61
 42  40  43
171 167 164
140 136 124
131 127 102
140 137 104
125 121  86
 65  59  33
 81  78  63
 10   9   5
 20  21  25
 15  18  23
 11  12   6
 20  21  15
107 108 100
149 149 137
127 126 108
102 101  81
150 149 128
136 138 114
 78  82  59
106 109  92
150 153 144
123 127 126
122 127 130
129 134 137
 92  97 100
 61  64  69
141 145 148
 64  68  71
 21  22  24
 25  27  26
 33  35  32
 17  19  16
 68  70  67
 14  16  15
  0   1   0
 83  84  79
104 103  98
154 151 146
 96  95  90
 49  48  44
 35  35  33
 22  22  20
 13  17  16
 17  23  23
 24  29  32
 22  27  30
 13  18  21
 20  24  27
 17  17  17
 17  16  11
 43  39  27
132 126 110
 44  39  20
110 107  88
 67  64  49
 33  31  19
 51  51  41
126 126 118
 60  61  53
 58  58  48
128 124 112
 61  54  44
  8   1   0
 25  21  18
 11  13  12
 18  28  29
 65  76  78
 13  24  26
 41  49  51
 61  61  61
 69  66  59
195 192 177
225 220 200
178 176 151
 97  98  80
134 133 115
131 125 109
144 139 120
130 123 105
171 164 146
172 160 144
154 142 126
177 166 148
214 206 187
208 203 184
199 196 179
173 170 153
197 191 175
254 245 228
154 142 128
 72  59  40
201 190 168
239 232 206
226 219 193
236 229 210
136 128 115
  7   0   0
114 107  99
180 172 161
197 190 172
224 218 192
184 178 146
118 112  80
132 128  99
156 158 137
151 158 142
 82  99  93
109 123 123
143 154 156
170 181 183
 93 108 105
 38  53  46
 41  52  44
 54  59  52
183 179 170
 82  72  62
 31  17   6
 88  71  61
 75  61  48
112 100  84
153 145 126
139 132 113
138 127 105
117 103  77
121 101  74
114  91  59
129 105  69
161 135 102
110  86  62
 86  67  52
 17   3   0
 89  72  62
212 193 178
210 189 168
166 149 123
149 135 109
133 123  98
176 165 143
149 146 129
137 133 121
 76  69  61
 33  26  18
 65  59  45
192 185 167
192 183 166
158 150 137
139 136 127
121 122 116
143 145 142
186 186 184
124 123 121
 99  95  92
 77  73  70
 26  22  21
 10  11   3
 19  20  14
  3   5   2
 70  72  69
141 142 137
116 116 108
161 158 149
169 166 157
126 123 118
 18  17  12
 14  15  10
  5   7   2
 76  78  75
100 102  99
 70  72  69
 15  15  13
  4   9   5
  7   9   8
 12  14  13
 17  19  18
  6   8   7
 30  32  31
114 120 118
 62  74  70
 70  89  83
101 124 114
157 177 168
217 228 222
116 121 115
 11  10   6
 11   7   6
 11   5   7
 28  27  25
 23  23  23
 32  34  33
 71  73  72
104 108 107
 58  62  61
 60  64  63
 64  68  69
 58  62  61
 32  38  36
  5  15  14
 10  20  22
  8  15  21
 14  14  22
 14  15  20
  9  10  14
 14  14  12
 41  40  36
127 124 119
 71  68  59
 82  82  70
 83  85  72
114 116 103
137 139 126
109 111  98
119 121 108
129 131 117
141 143 129
 91  95  80
128 132 117
 99 101  88
 74  74  62
 96 100  86
124 127 116
117 120 113
128 131 122
134 137 126
161 164 153
 45  48  39
 25  30  23
 22  28  18
178 182 168
160 161 145
 75  74  54
 85  84  64
102 105  86
228 230 216
214 216 205
198 199 191
138 141 134
 19  21  16
 18  23  19
 22  27  23
 82  87  83
 87  92  86
 68  73  67
 89  94  88
118 124 120
 13  19  15
 22  26  25
 38  39  41
 10  11  15
 28  29  31
 56  60  59
117 121 120
134 136 135
114 112 113
 64  62  63
 60  60  60
135 135 135
124 124 124
136 136 136
107 109 108
124 126 125
154 155 157
 47  48  52
 69  70  74
105 106 108
149 149 149
138 137 135
134 132 133
134 134 132
131 133 130
121 123 118
130 132 127
133 138 131
102 108  98
 64  68  54
149 151 138
243 243 231
231 231 221
118 119 111
107 108 100
210 216 204
192 203 187
202 216 199
195 211 198
122 133 127
 50  55  59
 20  21  26
 17  17  19
 13  13  13
 13  12  10
  1   0   0
 93  94  86
188 189 181
116 117 109
  6   6   0
 27  23  14
 82  76  64
205 199 185
209 203 187
181 174 158
149 143 131
169 165 154
187 184 169
137 135 114
225 221 196
238 234 207
204 200 175
165 162 143
163 159 147
136 133 124
151 148 143
143 144 139
142 142 140
152 152 152
109 109 109
 65  63  68
 94  92  95
 46  46  46
146 146 144
151 152 147
119 120 115
 93  92  87
158 157 152
 68  69  61
107 108 103
 47  47  47
 38  37  42
  6   5  10
 17  17  19
 12  12  12
 24  22  23
 14  12  15
  6   4   5
 46  46  44
 90  91  86
 39  40  35
 74  75  70
 91  91  89
150 150 148
 51  51  49
 13  13  11
134 135 130
201 202 197
177 177 175
162 162 160
127 127 125
139 139 137
156 155 153
134 133 131
122 121 117
132 132 124
137 137 127
133 133 123
136 136 128
155 156 150
188 189 183
205 206 201
107 108 103
  5   6   1
 25  26  20
 19  20  12
 18  21  14
 58  59  54
 63  64  59
 41  42  37
 81  82  77
163 163 161
118 116 117
 26  24  29
 16  11  17
  6   4   5
  4   4   0
 25  26  12
142 140 125
127 125 110
114 111  96
177 174 157
196 189 173
187 178 163
245 243 222
190 185 165
137 131 109
164 156 135
223 212 192
208 197 179
138 129 114
115 107  94
116 110  96
185 179 167
146 139 129
135 128 120
185 178 172
169 161 158
195 187 184
224 216 214
 30  26  23
  8   4   3
 16  12  13
  7   5   6
 82  83  78
174 177 170
163 166 159
 85  87  82
  2   7   3
  5   7   4
 25  25  23
 51  52  47
 58  59  54
 48  49  43
 10  11   3
 26  28  17
 81  83  70
177 177 169
219 218 213
223 222 218
 70  69  64
105 102  95
 87  80  72
 87  79  68
128 119 104
155 146 129
189 177 163
 76  66  54
 31  25  11
 12  13   0
 36  39  28
137 145 134
145 151 147
 61  67  63
 13  19  17
 44  50  48
105 106  98
159 155 152
 92  83  78
 60  49  31
158 149 118
127 120  91
 52  46  30
  7   6   1
 26  28  23
 59  64  58
115 117 114
 91  91  91
  0   0   2
 10  10  10
 40  40  38
 26  25  23
 51  51  49
 93  93  91
 96  96  94
140 140 138
 88  87  83
113 112 108
110 109 104
121 122 117
116 121 115
128 135 128
 62  70  59
105 113  98
150 159 142
127 134 118
150 156 142
119 123 109
146 151 145
 24  26  23
 42  44  41
119 121 118
131 136 130
133 140 133
 48  58  50
 98 111 104
144 161 153
110 130 119
111 132 117
116 133 115
161 173 153
139 142 123
145 140 121
107  99  80
109  93  77
190 174 159
226 213 197
103  92  74
147 140 121
 54  53  33
  6   6   0
  3   3   1
 43  41  42
 96  91  88
199 190 181
121 111  99
 58  51  35
146 140 124
140 133 117
128 119 104
 94  84  72
 85  75  65
133 126 120
147 141 141
137 135 138
 21  19  22
 41  37  34
122 118 106
131 126 104
131 126  96
133 128  96
111 107  80
 66  63  48
 97  96  92
 35  35  37
  8   9  13
  6   8   3
  6   8   3
 15  16  11
 51  53  42
 96  94  79
137 136 116
182 180 159
200 199 178
154 156 134
122 125 106
129 132 121
135 137 134
121 125 124
120 126 126
134 138 139
 67  71  74
111 115 118
120 121 126
 45  46  50
 38  39  41
 10  12  11
 30  30  28
 46  46  46
 13  13  13
 10  10  10
 28  29  24
 40  41  35
 29  28  23
165 164 159
118 119 114
 16  16  14
 12  12  12
 12  16  15
  5  11  11
 24  29  32
 46  51  54
 15  18  23
 16  17  21
 15  15  15
  8   7   2
 36  34  21
125 120 101
 99  94  74
109 104  85
 45  42  27
 60  58  46
 26  23  14
 41  41  33
 53  53  41
 26  23  14
 59  55  46
124 120 111
 34  31  24
 18  19  14
 37  41  40
 56  64  66
 19  29  31
  8  18  20
 11  16  19
 11  13  12
 11   8   1
160 157 142
255 251 232
138 136 115
139 140 122
156 154 139
141 135 119
164 157 139
124 117  99
148 141 123
178 169 152
124 111  95
156 143 124
175 162 143
162 154 135
172 166 150
120 117 102
186 180 166
231 223 210
239 227 215
186 175 157
209 201 180
239 233 209
235 229 205
233 226 207
255 250 236
 90  83  73
 67  60  50
232 224 211
236 228 209
200 193 167
126 119  90
130 123  94
143 141 116
115 118  99
 74  80  66
 78  93  88
134 146 144
141 152 154
133 144 146
 14  26  24
 30  43  36
 74  84  75
108 111 102
255 253 241
208 200 189
177 165 153
144 130 117
 94  82  68
 73  64  47
231 224 205
185 179 157
163 151 127
153 137 112
144 125  95
149 126  94
175 152 118
145 125  92
142 122  97
 93  77  61
101  87  76
 40  26  17
 98  80  66
140 122 102
165 149 126
132 120  98
150 142 121
143 135 116
130 126 114
137 135 123
 86  83  74
102  98  87
 90  82  69
117 108  93
 99  90  75
156 148 137
147 144 135
137 136 131
124 124 122
133 131 132
144 143 141
 30  29  27
  6   5   3
 18  17  15
 18  19  14
 19  20  15
  2   4   0
107 108 102
122 122 114
 70  68  56
136 134 122
134 131 122
 65  64  59
  6   5   1
 10  11   6
  7   8   3
 30  32  29
 45  47  46
  4   4   2
 12  12  10
 14  16  11
 10  12   9
 11  11  11
  7   9   8
  8  10   9
 18  20  19
138 144 144
 87  97  96
 72  89  83
 59  78  72
153 170 164
112 123 119
  6  12  10
 10  12  11
 13  12  10
 13   9   8
 36  37  32
113 113 111
131 133 132
153 155 154
 97  99  98
113 115 114
139 143 144
147 151 152
148 152 151
118 124 120
 34  45  41
 11  21  20
 15  23  26
 16  19  24
 11  12  17
 10  14  17
 15  17  14
 18  19  14
 74  73  68
 66  67  59
161 162 154
145 147 136
121 123 112
130 132 119
118 120 107
131 131 119
171 172 158
204 207 190
160 163 146
125 127 113
 80  82  69
 27  27  17
 40  42  31
127 130 119
180 183 174
190 193 184
214 216 205
162 164 153
 62  63  55
 40  43  34
 20  23  12
121 123 110
182 180 165
103 100  83
161 158 141
 93  92  74
140 138 123
238 236 223
193 193 185
 94  93  88
 21  22  17
 44  44  42
 16  18  15
 40  45  41
 56  61  55
 13  18  12
115 120 114
 57  62  56
  3   8   2
 16  18  15
 20  22  21
 42  43  45
 11  13  12
 41  45  44
 74  75  77
137 139 138
155 157 156
 54  56  55
 87  89  88
125 127 126
149 150 152
173 175 174
115 117 116
 98  99 101
122 123 125
 23  24  28
 42  46  47
131 132 134
144 146 145
136 136 136
131 131 129
130 130 128
118 120 117
126 128 123
147 149 144
129 134 127
137 145 134
126 134 121
 95  99  85
168 168 158
135 135 127
 96  96  88
125 128 119
162 170 157
216 229 212
167 181 164
 58  74  61
 52  63  57
 17  22  25
 20  23  28
 19  19  21
 13  13  11
 15  15  13
 17  18  13
 27  28  23
 32  33  27
 73  74  68
105 105  97
 75  72  63
133 129 118
 85  81  69
140 134 120
201 195 179
187 183 171
167 163 151
148 145 130
 81  76  54
200 195 166
236 231 202
228 224 197
229 227 206
173 170 153
139 137 125
142 139 132
139 138 133
123 124 119
 73  73  71
 62  62  62
 29  25  26
 21  19  20
 17  16  14
 76  77  72
150 151 146
 97  98  93
 79  80  74
132 133 125
 39  39  31
 43  42  38
 46  44  45
117 117 119
 14  14  16
 19  19  19
 17  17  17
 14  14  14
 20  20  22
 13  13  13
  2   2   0
 63  63  61
 91  91  89
  0   0   0
 73  73  71
 68  68  66
  0   0   0
 92  92  90
179 180 175
150 151 146
176 177 171
191 192 186
175 176 171
134 135 130
152 148 147
152 151 147
139 138 133
131 131 123
145 142 133
142 139 130
147 147 139
133 134 128
162 163 157
165 166 161
148 149 144
 11  12   6
 17  18  12
  7   8   2
 51  52  46
110 111 106
 53  55  52
105 105 103
114 114 112
 87  89  86
 10  11  13
 11  11  13
 20  18  21
 64  63  61
 61  61  53
 42  42  30
  7   5   0
 19  17   4
 81  79  66
119 117 104
161 157 145
148 142 130
167 164 145
139 137 116
161 156 136
135 129 107
146 138 117
189 181 162
120 113  97
122 116 102
157 155 142
144 142 130
142 139 130
147 144 137
143 140 133
159 156 149
136 131 127
217 209 207
 36  35  33
 14  12  13
 14  12  15
 17  17  17
 10  12   9
 66  68  63
 97  99  94
159 160 155
 64  65  60
  1   2   0
  0   0   0
  7   6   4
 26  25  23
 60  61  56
 99 100  94
133 134 126
 44  47  36
104 105  97
225 224 219
213 212 208
172 171 166
102  99  92
 29  24  18
 46  39  29
 90  82  71
156 146 134
161 153 140
117 109  96
 85  81  69
111 113 100
111 119 108
117 127 118
144 154 146
 43  52  47
  9  18  15
 34  40  38
 46  47  39
107 104  99
128 121 115
 47  40  24
 94  88  66
141 136 116
 28  25  16
 19  18  14
  6   7   2
 10  12   7
 87  87  87
 24  24  26
 11  12  14
 12  14  11
  8   8   6
 55  55  55
 79  79  77
131 132 127
105 104 100
 55  54  50
137 133 130
229 228 223
150 151 145
132 135 128
101 106 100
 83  90  83
136 143 135
183 191 178
 87  91  76
106 109  92
153 156 139
122 124 110
158 161 154
 49  50  44
 27  26  22
120 119 115
133 134 128
103 106  99
 67  72  65
119 129 121
 95 108  98
 59  77  63
 84 105  88
129 148 129
142 155 137
140 147 129
131 130 112
134 128 112
197 184 167
253 237 221
222 207 188
186 171 150
154 144 119
158 153 131
 81  83  69
 18  23  19
 13  17  20
 31  29  30
103  96  88
115 106  89
 67  61  39
134 129 109
142 135 119
145 135 123
 74  64  52
 89  79  69
 73  64  59
167 161 161
 65  63  66
 37  37  37
 33  32  28
 27  23  12
107 102  82
130 125  96
126 121  91
160 156 131
139 137 122
146 145 140
129 129 129
119 119 119
 76  78  75
 28  30  27
 29  31  26
 14  15   9
 16  13   4
 99  96  81
 89  84  65
204 199 177
156 154 133
123 122 104
130 130 118
130 131 125
156 158 155
154 156 153
133 137 136
 87  91  90
103 104 109
133 134 139
127 126 132
134 135 139
 95  97  96
 21  21  21
  8   6   7
 39  38  36
 14  14  12
 17  19  14
 12  13   8
 37  38  33
 31  30  25
 45  46  41
  9   9   7
 18  18  18
 20  24  25
 16  22  22
 17  23  23
 60  64  67
  9  13  16
 10  11  15
  6   6   8
 31  30  26
 49  47  35
 91  85  69
133 126 107
 78  71  52
 87  81  65
 34  30  18
 19  15   4
 27  23  14
 70  68  55
 29  27  15
 31  31  23
122 122 114
143 143 135
 82  84  79
 92  96  95
102 107 110
 14  19  23
 18  23  27
 13  18  21
 21  23  20
 25  22  15
161 155 143
189 183 167
139 136 119
155 153 138
158 155 140
160 154 140
144 137 119
131 123 104
145 137 118
199 187 171
122 106  90
161 144 126
186 169 149
134 123 103
147 142 123
167 165 150
162 158 146
195 189 177
224 216 205
242 235 216
233 228 206
231 226 204
214 209 187
237 232 212
237 231 215
121 115 103
 98  92  78
255 248 230
208 197 175
145 133 107
148 137 109
133 126  98
140 138 115
101 104  87
 74  80  68
 99 108 103
128 137 132
154 163 162
129 137 139
 27  36  35
 30  36  32
 76  82  72
 87  89  76
209 207 194
255 253 239
164 156 143
197 187 175
189 181 168
102  96  80
219 212 193
230 222 199
193 179 153
168 151 125
131 110  81
137 118  85
150 134 100
125 112  80
130 118  92
129 118 100
157 147 137
 61  51  41
 74  60  49
117 104  87
154 143 123
156 148 129
129 124 105
134 128 112
123 120 111
128 128 118
136 136 126
141 137 126
204 196 185
218 208 196
134 124 114
 68  61  51
119 116 107
132 131 126
155 153 154
148 146 149
134 134 134
 42  42  40
 12  12  10
 10  10  10
 18  18  16
 12  13   8
 22  23  15
147 149 136
159 160 146
 84  85  69
137 135 120
122 120 108
 17  17   9
 12  11   7
 21  21  19
 11  11   9
 16  16  16
 37  37  37
 10  10  10
  9   9   9
 34  34  32
 24  24  22
  8   8   8
 43  43  43
  0   0   0
 41  43  42
135 139 140
122 128 128
128 138 137
131 143 139
 80  92  90
 52  62  61
  0   6   8
 18  22  23
 11  13  12
  7   8   3
 75  76  70
150 150 148
134 134 134
 96  96  96
 65  65  65
142 142 142
141 142 144
111 115 116
 87  93  91
 73  82  79
 39  50  44
  7  18  14
 23  32  31
 31  36  39
 32  37  40
 36  40  43
 11  17  15
 38  43  39
109 111 106
139 142 135
136 139 132
122 125 116
184 186 175
161 163 152
185 185 173
232 232 220
159 157 144
176 175 157
201 202 184
139 140 124
 44  44  32
  8   8   0
 24  24  16
 34  36  25
101 103  90
144 146 133
180 180 170
108 105  96
139 136 127
 63  61  49
 53  51  39
158 156 143
160 157 142
168 162 146
229 223 207
202 195 179
108 101  85
168 161 145
 62  59  50
  8   5   0
 41  37  34
 81  80  78
 17  19  18
 91  96  92
131 136 130
 79  81  76
 68  70  65
 23  24  18
 60  61  55
123 122 117
116 115 111
 60  60  58
 55  57  54
 47  52  48
 46  46  48
138 139 141
142 144 143
 53  57  56
 75  79  78
113 117 118
157 161 162
171 175 176
112 114 113
 24  25  27
 22  23  25
 82  86  87
106 110 111
 61  65  66
155 156 158
132 133 135
134 134 132
140 142 139
128 130 127
134 136 133
167 172 166
114 119 112
101 109  98
 74  85  71
 55  63  50
 47  48  40
104 101  96
175 174 170
208 213 206
126 138 126
166 183 167
 84 101  83
148 162 149
 43  54  48
  0   6   6
 19  23  26
  8  10   9
 28  30  27
  3   4   0
  7   8   3
 20  20  18
  3   4   0
 31  30  26
207 206 201
 77  77  69
154 151 142
105 103  91
 81  77  65
 92  91  73
 91  88  73
183 180 165
174 169 150
203 197 173
228 221 193
232 225 197
227 221 195
209 204 182
193 190 171
195 193 180
147 147 137
143 144 136
 74  75  69
  1   2   0
  3   3   1
 18  13  10
 43  40  35
 66  63  56
 76  76  68
 20  19  14
  5   6   0
 53  54  46
154 156 145
 77  79  68
 53  52  47
 94  93  89
161 160 158
 87  87  87
 10  12  11
 19  21  20
 18  19  21
 10  11  13
 15  17  16
 13  13  13
  5   5   5
 92  92  90
109 110 105
 55  56  51
 64  65  60
  6   6   4
 79  79  77
171 172 167
147 148 142
162 163 155
196 197 189
170 171 165
130 129 124
147 146 144
142 141 137
134 133 128
125 122 115
131 128 119
157 154 145
157 157 147
146 146 138
126 127 121
135 136 130
217 218 212
134 135 127
 21  21  13
125 124 119
126 127 121
103 104  98
  1   3   0
114 116 111
175 177 174
177 179 178
 23  27  26
  7   8  10
 48  48  48
146 145 141
148 147 142
 94  94  84
 44  42  30
 76  74  62
134 131 122
129 129 121
147 147 139
117 114 105
110 108  93
160 157 140
221 216 196
169 163 141
134 126 105
170 162 143
124 117  99
144 138 124
175 173 160
118 118 108
128 125 116
144 141 134
136 136 126
140 137 128
185 180 174
247 240 234
 85  84  80
  1   0   0
 13  11  14
 25  26  28
 13  17  16
  1   3   0
  6   7   2
144 143 139
148 147 142
 88  87  82
 80  79  75
 59  55  54
 10   9   7
 15  15  13
 14  15  10
 46  47  42
 31  34  25
 25  26  20
 49  48  44
200 199 195
173 172 168
 56  55  50
 32  31  26
 41  36  30
 92  85  79
158 149 142
151 144 134
156 154 142
134 138 124
107 117 106
107 119 109
115 128 119
121 134 127
 37  49  45
 15  25  24
 47  56  55
120 117 102
 70  66  57
 55  52  45
 24  21  12
 39  37  24
111 111  99
 27  26  22
 35  34  32
116 117 112
 19  20  14
  0   0   0
  7   7   7
 13  15  14
  5   7   4
  8   8   6
  9   9   9
 73  74  69
136 137 132
 79  78  74
136 135 131
216 213 208
158 155 150
117 116 111
138 141 134
130 137 130
 98 108 100
122 132 123
147 153 143
 97  99  85
112 113  95
168 167 149
204 205 187
153 155 144
139 139 131
104 101  94
176 173 166
155 154 149
123 122 117
 28  29  23
 71  77  67
 49  59  48
 75  88  71
 99 113  96
 80  93  76
 86  97  83
100 108  95
144 146 133
121 119 104
209 202 184
241 233 212
205 193 169
233 219 192
194 180 151
168 158 131
175 172 153
 98 101  92
  1   5   4
 25  25  25
 23  20  15
 46  42  30
 90  87  70
135 132 115
144 136 123
153 139 130
127 117 107
 97  88  79
 49  42  34
178 174 171
 85  84  82
 67  69  66
132 133 127
 86  86  76
 51  48  31
116 111  89
141 137 112
143 141 120
139 137 125
126 125 120
128 129 124
145 146 141
140 143 136
132 135 128
102 103  97
 15  14  10
 10   7   2
 59  55  44
126 120 104
135 129 107
187 182 160
110 107  88
128 126 113
123 123 113
125 124 119
141 142 137
138 138 136
141 143 140
100 101 106
119 118 124
143 142 147
123 124 126
136 138 135
121 122 117
 59  55  52
 41  40  35
 15  16  10
  9  11   6
 17  18  13
 57  56  54
 18  19  14
 26  28  23
 32  34  31
 13  15  12
 11  15  14
 19  23  22
 16  20  19
 13  17  16
 14  15  17
 35  36  38
 23  23  23
 24  23  21
 23  20  13
 54  50  38
143 136 118
121 114  95
 60  55  36
 69  63  49
 96  90  78
 20  14   2
 53  49  37
 39  39  29
 19  20  12
 64  65  59
137 138 132
112 114 109
 97 101 100
152 156 159
 79  80  85
 12  13  18
 19  20  24
 11  11   9
 34  29  25
140 131 122
127 119 108
150 142 129
141 139 126
149 146 131
140 133 117
145 137 118
163 152 134
157 144 127
170 154 138
211 192 175
161 140 121
164 146 126
 89  76  57
106 101  82
166 164 149
152 150 137
171 167 156
198 194 185
238 236 215
235 233 212
222 220 199
158 158 134
182 181 160
199 197 176
174 169 150
236 231 211
201 195 171
132 123  94
151 136 105
143 128  99
144 134 107
136 134 109
151 153 132
144 147 130
117 119 108
148 149 141
156 157 151
148 150 147
 62  64  63
  5   7   4
 37  37  29
 95  93  80
100  99  81
188 187 169
187 184 169
230 226 214
213 209 197
179 176 159
197 190 171
186 176 151
181 165 140
203 186 160
222 205 177
124 110  81
 60  51  22
 80  74  48
 88  83  61
167 161 145
144 140 128
 18  14   3
 21  15   1
133 128 109
136 131 112
 97  94  77
128 126 111
135 133 121
128 129 121
126 127 119
135 135 127
129 125 114
147 140 130
138 129 120
 84  77  69
 27  22  16
  2   1   0
 52  52  50
 83  83  83
 72  70  73
 27  25  28
 10  10  10
 19  19  19
 41  41  41
 13  13  11
  3   4   0
 53  55  42
154 157 140
216 217 199
135 137 116
107 106  86
133 131 116
 97  97  85
 45  44  39
 39  39  37
 10  10  10
 23  23  23
 68  68  68
 20  20  20
 18  18  18
  1   3   2
 15  15  15
 36  36  36
 88  88  88
 81  81  81
103 103 103
158 158 158
128 130 129
148 154 152
 84  93  92
 50  59  58
 51  60  59
 44  52  54
  6  12  12
  2   8   6
 15  20  16
150 153 146
145 145 143
 96  94  95
 55  53  56
108 108 108
144 144 144
103 103 103
 64  68  69
 91 100  99
 19  30  26
 18  27  26
  5  14  13
  6  15  12
 10  21  17
 13  22  19
  8  14  12
 16  22  22
  4   8   7
 41  43  40
121 123 118
145 147 142
139 144 137
196 199 190
176 178 167
190 190 178
140 138 125
 58  56  41
132 129 112
 89  86  67
106 103  86
 98  95  80
 27  23  12
 73  71  59
137 135 123
163 161 149
146 144 131
 49  47  35
 21  17   6
 73  66  58
 36  27  18
 64  56  45
145 137 124
167 159 146
219 212 196
184 177 159
166 159 140
157 149 130
111 102  85
133 131 119
 59  54  48
 27  23  20
 27  27  27
 89  93  92
128 133 129
107 112 106
 88  89  83
 56  57  51
134 134 126
135 130 124
171 166 160
154 151 146
 24  23  18
123 124 119
127 127 125
105 107 106
138 139 141
152 153 155
 60  64  65
 86  92  92
123 129 129
129 135 135
125 129 130
 36  37  39
 10  11  13
 40  41  43
124 125 127
114 115 117
 26  27  29
142 143 145
137 138 140
134 136 133
130 132 131
131 133 132
116 118 117
108 110 107
 90  95  89
 91  96  89
158 168 157
 73  81  70
  0   3   0
 34  33  29
129 129 127
138 147 142
116 132 121
 49  67  53
117 134 118
160 170 159
  6  13   6
 19  23  22
  9  13  12
 11  15  14
172 177 171
126 131 125
118 120 115
 36  37  32
  7   7   5
 27  26  24
149 148 144
160 159 154
119 119 111
 79  79  69
 84  84  74
150 149 131
135 133 118
116 113  96
214 209 189
243 235 212
225 215 190
230 220 195
223 215 192
212 207 185
197 195 174
203 200 183
194 192 180
181 183 172
144 145 137
 57  57  49
 27  24  19
109 102  94
184 177 167
248 244 232
160 158 145
  7   7   0
 38  38  28
 87  89  78
184 186 173
 74  76  63
125 125 115
163 163 155
157 154 149
 63  62  58
 26  26  24
 13  15  12
  7  11  10
 11  13  10
 14  16  15
 12  12  14
 15  15  15
 24  25  20
123 124 118
 88  89  83
 85  86  81
 10  10   8
 57  57  55
148 148 146
152 154 149
155 158 151
148 151 144
158 159 153
140 139 134
146 145 141
148 147 143
143 142 137
117 117 109
106 106  98
 90  87  78
121 118 109
113 113 105
131 132 126
127 128 120
206 207 199
231 231 221
143 143 133
156 156 148
106 107  99
 57  58  50
 69  72  65
113 115 110
195 197 192
252 254 251
133 135 134
  0   1   0
 70  72  69
136 137 132
118 119 114
 62  61  56
 71  68  61
 47  44  37
 55  55  47
 84  85  79
 78  79  73
110 110 102
126 127 113
224 221 206
235 230 211
226 218 199
150 142 123
125 117  98
145 136 119
132 124 111
122 116 104
133 129 120
132 127 121
126 123 116
141 137 128
142 138 127
247 243 232
246 242 231
167 167 157
 34  33  28
 39  39  37
 10  10  10
  5   7   6
 10  10  10
 17  13  12
 45  41  38
188 183 177
235 230 224
240 235 231
222 217 214
156 155 151
136 136 134
 60  60  58
  0   0   0
 18  19  13
  9  10   5
 47  47  45
183 183 181
208 209 204
 84  85  80
  5   4   0
 67  64  59
139 134 130
162 155 149
142 137 131
155 158 149
128 140 130
106 124 112
 71  91  80
 30  50  41
 91 108 102
 94 109 106
 14  24  25
 26  36  37
134 126 103
110 104  90
 30  29  24
  1   2   0
 29  32  23
 38  39  33
 91  91  89
 18  18  18
105 104 100
100 100  92
 50  51  46
 33  33  31
 13  15  12
 13  14   9
 10  11   6
  6   5   3
 19  20  15
127 127 125
144 144 142
208 209 204
153 153 145
132 132 124
128 127 122
123 126 119
124 131 123
119 129 120
113 123 114
115 121 109
206 209 192
163 162 142
179 176 157
231 228 209
158 156 144
131 129 117
146 142 131
 74  72  60
 42  40  28
168 166 154
176 173 164
162 162 150
 56  60  46
131 135 120
 84  86  72
  8  10   0
 63  66  57
 63  68  61
 83  86  75
159 159 147
241 240 220
237 235 212
210 205 176
169 158 126
154 141 107
168 154 125
203 192 170
172 166 154
 40  39  35
 40  40  40
138 140 139
 92  97  90
 54  60  48
126 127 113
141 131 121
138 119 112
123 113 103
117 108  99
 37  33  24
124 123 118
166 167 162
 22  25  18
 51  54  45
135 137 126
 60  58  43
121 118  99
 75  70  51
 33  30  15
 90  87  80
109 105 102
138 137 133
141 142 136
138 140 129
116 118 107
114 114 104
 72  69  64
 41  36  32
 13   6   0
 97  89  76
138 131 112
157 151 129
135 130 111
125 122 107
149 145 134
133 129 120
130 127 120
128 127 122
131 132 127
135 136 140
119 120 122
139 141 140
129 131 126
125 128 121
126 126 118
144 144 134
130 130 120
100 101  93
 71  72  66
 66  67  62
 26  26  24
  5   5   3
 11  13   8
 11  16  10
 20  25  19
 27  32  28
  0   1   0
  1   3   0
 18  20  17
101 105 104
144 146 145
145 143 144
 41  37  36
  4   0   0
 63  59  50
147 141 125
 98  91  72
 23  18   0
 96  90  76
158 152 138
 41  34  18
 35  31  22
100 100  92
 12  13   5
  7  10   3
 58  60  55
 96  98  95
131 135 134
161 162 164
115 114 120
 18  17  23
 18  16  21
 27  23  22
 66  61  57
117 108 101
153 144 135
160 152 141
150 148 135
163 160 145
123 116  98
155 144 126
197 184 165
166 153 134
178 163 144
167 149 129
112  91  70
208 190 168
164 152 130
 57  52  32
144 141 124
154 152 139
150 150 140
164 164 154
186 185 164
253 252 231
185 184 163
107 109  85
176 178 154
189 188 167
182 180 159
234 230 205
124 120  91
129 120  87
150 134 101
148 129  99
127 113  84
145 141 112
185 185 159
130 128 105
152 147 128
162 156 140
168 162 148
167 163 154
 38  33  29
 13   8   4
145 141 132
124 121 104
118 117  96
117 119  98
179 180 164
170 172 159
162 162 150
231 229 214
218 211 192
177 166 144
234 218 193
231 217 191
215 203 179
200 194 170
117 115  94
109 108  88
 88  86  71
163 161 148
 92  92  80
 39  39  27
 31  29  16
 98  99  81
114 115  97
102 105  88
120 122 109
125 127 116
121 126 119
127 128 122
119 119 111
129 126 117
136 133 124
133 128 122
 70  67  62
 10   9   5
 20  22  19
 14  16  13
  8  10   9
 15  15  15
 16  16  18
 18  18  20
 19  19  19
 17  15  16
 22  23  17
 41  43  32
145 146 130
192 191 171
195 194 173
139 138 117
157 156 135
130 129 109
153 151 136
122 122 112
  3   4   0
  4   4   4
 37  38  40
 50  52  51
  7   7   7
 11  11  13
 14  16  15
 81  81  81
 64  64  64
 86  86  86
 88  88  88
117 116 114
 79  75  72
147 146 142
133 133 131
 35  37  34
 80  82  81
 14  18  17
 64  70  68
 70  79  76
 13  23  22
 14  22  24
168 177 172
 83  87  86
 52  52  54
 93  93  95
111 113 112
 83  85  84
 55  55  55
124 128 127
128 137 134
 23  32  31
  5  10  13
 16  20  23
  8  14  12
  7  16  11
  8  17  12
  9  15  13
 14  18  21
  8   9  13
 11  11  13
 25  25  25
 95  97  94
129 134 128
139 142 135
144 145 137
135 135 123
 94  92  79
110 107  92
158 152 136
121 114  96
 77  70  51
131 122 105
 39  30  15
149 147 132
117 113 101
140 134 122
147 141 129
 92  86  74
 42  34  23
 36  26  17
 19   6   0
 80  68  56
155 145 133
156 150 136
187 181 165
140 135 116
131 126 106
190 183 164
153 146 130
 56  54  41
171 168 159
 83  82  78
 53  55  52
125 131 129
128 134 132
148 150 147
118 119 114
 70  69  64
149 146 139
146 139 133
194 187 181
 69  64  58
114 111 106
165 161 158
142 138 137
116 120 119
117 119 118
117 121 122
 97 103 103
 44  53  52
 95 104 103
113 119 119
 48  52  53
 11  12  14
102 103 105
120 121 123
 87  88  92
118 119 121
 22  23  25
117 117 119
138 138 138
123 125 122
132 134 131
117 117 117
125 125 123
135 137 134
146 148 143
131 134 127
 52  59  51
 48  55  47
 16  21  15
 58  58  56
120 122 121
132 143 137
141 159 147
 49  67  53
124 138 123
 45  51  41
  3   8   2
 23  28  24
  4  10   8
 57  66  61
180 190 182
182 189 182
170 175 168
 47  49  44
 15  15  13
 13  13  13
 40  40  38
129 130 125
152 153 147
 25  26  20
 74  75  69
162 160 147
187 185 170
114 113  95
133 128 108
219 211 192
234 223 203
221 210 190
204 196 175
200 194 172
179 174 154
163 160 143
188 186 173
187 188 174
161 162 148
157 155 143
148 144 133
214 206 193
231 224 208
238 232 216
213 210 195
 90  88  75
129 127 114
177 177 165
177 178 164
 80  82  68
121 122 108
133 131 119
112 107 101
 20  17  12
  9  10   5
 60  62  57
 49  51  46
 10  12   7
 19  19  19
 14  14  16
 19  17  18
  6   5   1
 59  60  52
110 111 103
 96  97  92
 16  15  13
 75  74  72
122 122 120
106 106 104
145 147 142
101 103  98
 93  94  88
 62  63  57
 81  80  76
 74  73  68
 81  81  73
 83  83  75
 35  35  25
 39  39  29
 43  40  31
  7   4   0
 99  99  89
140 142 131
181 183 172
204 204 192
184 182 170
151 151 141
158 160 149
102 105  96
 66  69  60
173 176 169
189 194 188
150 155 151
 50  52  49
  2   4   1
 91  96  90
127 129 124
118 118 116
 47  46  44
  6   5   1
 23  22  17
 37  38  32
  0   1   0
 53  54  48
 92  92  84
175 175 163
227 225 212
225 222 207
224 217 199
188 179 162
159 150 133
134 125 110
136 128 115
138 131 121
124 119 113
120 116 113
124 123 119
143 140 133
177 175 163
213 214 200
229 231 217
202 203 187
127 129 118
 84  86  81
  2   3   5
 12  13  15
 14  12  13
 19  15  16
 24  20  19
 97  92  88
238 233 229
227 219 216
185 180 177
156 155 151
142 142 140
140 139 137
 71  67  68
 13   9   6
 55  51  48
 34  33  31
 70  71  66
 34  36  31
 22  23  18
 76  75  73
143 142 138
151 148 143
129 126 121
137 134 129
144 149 143
 41  57  47
 70  94  81
 80 108  96
 44  70  61
 81 103 100
121 137 137
 18  29  31
  6  17  19
204 193 165
185 177 158
 65  61  52
  7   6   1
 10  13   6
 11  13   8
 20  22  21
  5   5   3
 26  25  21
 70  69  64
 84  85  80
 41  41  41
 20  20  20
 37  36  32
 26  25  20
 36  35  30
 28  29  23
 95  97  92
146 151 147
170 175 169
137 140 131
121 122 114
103 104  98
119 124 117
130 138 127
137 145 134
114 120 106
109 111  97
152 154 133
182 181 160
209 204 184
218 211 193
206 200 186
181 175 159
183 176 158
170 165 146
140 135 115
145 140 121
169 163 147
 71  68  53
 47  45  32
 24  22   9
 16  10   0
138 131 121
255 254 248
176 176 168
 90  90  82
221 221 209
232 235 214
149 151 129
134 134 106
132 127  95
115 104  72
153 139 112
179 164 143
169 155 142
116 109 103
  0   0   0
 88  94  94
102 113 109
 64  74  65
126 127 113
142 130 116
145 125 114
144 136 125
150 146 135
 82  82  74
 22  23  17
164 165 160
 93  94  88
 99 101  90
124 122 109
125 122 105
129 123 107
105 102  85
 93  91  79
 73  70  65
 66  65  61
 83  82  77
 94  94  86
101 101  89
 85  83  71
172 165 155
164 157 149
 94  87  81
 12   5   0
 54  48  36
117 110  92
160 153 134
110 105  86
199 196 181
192 188 176
128 124 112
146 142 131
135 132 125
141 140 135
122 123 125
 63  65  64
127 132 126
135 141 131
130 133 122
124 126 113
138 139 125
134 134 122
124 126 113
112 113 105
140 141 135
 94  95  90
 43  45  40
 24  26  21
 43  46  39
 13  15  10
 26  28  23
 96  97  91
132 133 127
 94  96  91
 75  79  78
 68  68  68
 66  62  63
 39  34  31
 23  18  12
 85  78  68
147 139 126
 57  49  36
 33  27  15
 41  37  25
140 136 124
 78  72  58
 19  14   8
119 118 113
 27  28  22
 25  30  24
 33  38  34
 79  83  82
149 153 152
148 149 151
134 134 136
 77  75  78
 11   9  10
 44  40  39
 38  33  29
 94  87  81
109 102  94
137 133 124
163 161 149
131 125 111
134 125 108
153 142 124
135 127 108
147 139 120
179 166 147
125 108  90
 68  50  30
127 110  90
129 117  95
144 137 118
200 197 180
206 204 191
151 151 139
131 133 122
127 126 106
195 194 174
206 208 187
107 111  88
174 176 154
 99  98  77
153 150 131
162 160 139
138 132 108
116 105  77
138 121  93
161 141 114
137 123  94
154 147 118
158 154 125
138 134 107
141 134 108
152 144 121
154 143 123
153 141 125
 89  80  65
 40  30  18
162 154 141
211 206 187
210 208 185
194 196 174
184 185 167
197 199 186
134 136 123
151 152 138
192 189 172
208 201 182
158 147 125
219 211 190
199 194 174
208 207 187
134 135 119
 47  49  35
 97  97  85
182 182 170
170 170 158
 53  53  41
 17  18   4
105 107  93
114 118 101
127 131 116
107 111  97
113 116 107
127 132 125
136 139 132
121 121 113
119 119 111
127 128 120
133 136 129
133 135 130
 91  93  90
 39  44  40
 30  35  31
 17  19  16
 16  16  16
 10  10  12
 14  14  16
 19  17  20
 12   8   9
 22  20   8
 69  67  52
177 174 155
183 179 154
165 163 138
172 170 149
200 199 179
128 127 109
128 126 111
100 100  88
 53  52  47
  0   0   0
 39  39  39
 47  47  47
  0   0   0
 77  77  77
 47  48  43
127 128 123
117 118 113
 57  58  53
 22  21  17
 10   6   3
 24  20  17
205 202 197
180 177 172
139 135 132
 96  92  89
 14  13  11
 56  60  59
 71  82  78
 59  71  71
 71  82  84
102 118 115
 24  34  35
108 113 116
103 107 108
131 135 136
114 118 117
135 137 136
131 133 130
114 118 117
 40  46  46
  7  11  14
 13  14  18
 15  19  20
 10  16  14
 13  19  17
 10  14  15
 12  17  20
 15  16  20
 15  14  19
  2   2   4
 22  22  22
120 120 118
131 132 127
156 156 148
133 131 119
136 132 120
146 140 124
 84  75  58
155 144 124
105  94  74
115 104  84
 64  53  33
124 121 106
124 118 106
 18  12   0
114 106  93
139 131 118
161 151 139
 85  72  63
 60  46  35
152 143 126
196 191 172
141 142 126
151 154 137
174 175 159
169 166 149
151 145 129
104  98  84
 73  69  57
137 137 127
122 125 118
 97 103  99
 74  80  78
 57  61  62
 67  71  72
 74  76  73
115 116 111
123 122 117
149 144 140
107 102  98
 64  59  55
154 149 145
146 142 139
154 150 151
106 110 109
 92  98  96
104 110 108
117 123 121
 69  78  75
 65  74  71
 81  90  89
 31  40  39
 47  52  55
159 163 166
 63  66  71
 81  86  89
115 120 123
 49  53  52
114 116 113
117 117 115
130 133 126
138 139 133
 89  88  83
126 125 120
139 140 134
142 143 138
104 106 101
 19  26  19
 34  43  38
 27  36  31
120 126 124
114 120 118
108 119 111
118 132 119
126 138 124
175 183 170
 59  62  53
  9  11   6
  8  14  12
 26  37  33
 63  75  71
 64  77  70
 82  93  87
159 166 159
108 113 107
 34  36  33
 16  16  16
 26  26  26
 39  41  38
 43  45  40
 16  18  13
  7   8   3
 84  81  74
173 171 159
100  97  82
136 130 114
140 133 117
216 207 190
242 234 215
212 206 184
195 190 168
162 157 138
122 116 100
178 175 158
120 119 101
163 162 144
168 167 149
170 167 150
182 175 159
250 243 227
234 226 213
235 231 219
159 157 144
164 160 148
183 179 167
206 204 189
180 178 163
131 129 114
 90  86  75
 42  35  27
 26  23  16
  4   5   0
 60  63  56
 96  99  90
  9  14   7
 12  14  11
 20  20  22
 11  11  13
 14  13  11
 27  26  22
116 115 110
152 151 146
 26  22  19
 32  28  27
112 108 107
 70  69  67
 17  16  14
  0   1   0
  1   2   0
 37  39  34
 54  53  48
 90  87  80
136 133 126
139 139 129
121 121 111
133 133 123
 77  74  65
 27  25  13
 69  71  58
122 124 111
171 171 159
222 220 207
178 179 165
148 150 137
120 122 111
 31  32  26
 44  45  39
 91  93  88
 41  46  42
  8  14  12
  0   5   1
 53  60  53
113 120 113
118 123 117
135 137 134
 98  98  96
 13  12  10
 11  11   9
 10  10   8
 32  33  28
151 150 145
119 118 113
175 177 164
191 193 180
192 194 181
202 203 187
163 160 145
153 150 135
136 132 121
133 130 121
130 131 123
127 132 126
156 165 164
166 176 175
177 186 181
199 209 198
204 215 201
220 231 215
192 200 185
121 131 120
 36  45  40
  0   9   8
 11  16  19
 10  11  15
 12  11  16
 16  16  18
  4   4   4
131 130 128
202 198 197
112 108 107
115 114 112
122 121 119
129 125 124
150 144 144
118 115 110
136 131 128
 52  48  45
 11  10   5
  9  10   4
 60  61  56
148 147 145
132 128 125
141 140 135
136 135 130
196 195 190
148 151 144
 91 103  91
 62  85  69
 50  78  63
 55  85  73
 49  80  75
 61  86  83
 55  71  71
 20  34  35
250 239 209
233 222 202
 90  81  72
 12   7   3
 15  14  10
 10  12   9
 10  12  11
 10  10   8
 11  12   7
 12  13   8
 45  45  45
 33  33  35
 10   8   9
 36  32  29
105 102  97
 42  39  32
 74  75  69
165 167 162
137 144 137
106 116 108
107 115 104
108 114 102
128 131 122
134 140 130
122 128 116
130 134 119
134 135 117
142 141 120
181 181 157
222 220 197
215 209 187
236 228 209
224 216 197
206 195 175
165 154 132
213 203 178
213 206 178
216 209 181
214 208 184
 68  63  44
 62  59  44
141 135 123
153 145 134
236 226 214
243 233 223
211 204 194
 55  51  40
220 218 206
213 218 196
129 132 111
127 131 106
126 126  98
134 130 101
158 148 123
197 184 167
158 146 134
157 150 144
 22  24  21
 31  42  38
 73  89  79
 97 108  92
114 113  93
139 128 108
157 138 121
132 126 110
152 150 138
 76  77  71
  8  10   7
152 152 150
153 152 147
121 119 107
114 108  92
136 129 111
131 124 106
151 145 131
124 122 110
125 124 119
141 140 136
159 156 151
115 112 107
 25  20  14
 91  84  76
155 145 135
138 128 118
146 138 127
 81  74  64
 47  40  30
106 100  88
156 150 136
137 134 117
145 142 127
131 128 113
159 156 141
182 178 166
189 186 177
174 171 166
134 134 134
 44  46  45
 23  25  20
 64  67  58
151 155 141
147 149 135
141 143 129
160 161 147
167 168 154
104 106  93
100 103  94
149 152 143
114 117 108
 11  14   5
  3   4   0
 31  30  25
 17  18  12
104 105  99
172 175 168
103 108 102
 53  55  54
  0   0   0
 16  12  13
 27  19  16
119 112 102
125 119 105
 88  80  67
 49  42  32
 45  41  32
 10   7   0
 63  59  50
121 114 104
 10   7   2
 41  40  36
 71  71  69
 44  49  45
 48  54  50
 45  54  51
 86  92  92
104 105 107
158 158 158
130 130 130
  8   7   5
  9   8   4
 24  21  16
120 115 109
 34  31  24
 18  18  10
 62  58  47
141 133 120
135 126 109
146 138 119
147 142 123
138 133 114
158 151 132
194 183 165
112  97  78
 93  78  59
 94  81  62
197 189 168
249 244 225
215 213 198
196 196 184
117 117 105
 91  92  76
119 120 104
233 236 217
228 230 209
208 210 189
 95  93  78
140 138 125
204 201 186
157 150 131
162 151 129
161 147 121
142 126 101
143 131 105
147 137 110
160 155 126
182 176 150
164 157 128
118 109  80
129 117  91
139 127 103
156 144 122
140 129 109
132 124 105
133 128 106
150 148 125
157 155 134
170 169 149
187 188 172
202 204 190
196 198 184
166 167 151
128 127 109
103 100  81
165 162 145
200 198 183
163 164 150
115 117 103
 68  70  57
 91  91  79
151 149 137
137 133 121
 53  49  37
 16  14   2
107 107  95
162 164 150
125 129 114
109 113  99
122 125 114
123 129 119
116 119 110
131 132 124
139 142 133
100 105  98
 74  81  74
102 108 104
134 140 136
139 144 138
119 121 116
105 107 104
 19  19  19
 10  11  13
 16  16  18
 19  15  16
 16   7  10
 40  34  20
 88  81  63
190 184 160
196 191 162
152 146 120
201 196 176
200 197 182
179 177 164
158 156 143
 72  72  60
 45  45  37
 10   9   7
 24  22  23
 21  19  20
  0   0   0
114 114 112
 66  66  56
151 151 143
119 120 114
 32  33  27
 27  26  22
 11  10   6
 15  11   8
188 183 179
255 254 248
200 193 187
 30  22  19
 21  17  16
 82  84  83
 91 100  99
 46  58  58
 71  85  86
 40  62  60
 61  79  79
 72  84  84
117 125 127
120 126 126
131 135 136
125 127 124
125 127 124
137 137 135
 51  53  52
 15  16  18
 17  18  22
 13  14  16
 13  14  16
 14  15  17
 15  16  18
 10  15  18
 16  20  23
 14  13  18
  5   4   9
 38  37  42
129 127 130
142 138 137
144 139 135
138 131 123
171 165 153
113 106  90
154 143 125
139 127 105
135 123  99
115 105  80
 95  87  64
 57  51  37
152 149 134
 72  66  52
122 116 102
125 116 101
 83  73  61
187 175 161
162 153 136
133 128 106
135 137 115
115 124 105
 74  82  67
123 127 113
125 123 111
132 128 116
105 101  89
138 134 122
119 119 109
 78  83  76
126 131 127
 31  35  36
  0   3   6
  6  10  13
  1   5   6
 71  71  71
138 138 136
 57  56  52
 59  58  54
141 138 133
121 116 113
144 143 141
143 143 143
117 123 121
105 114 109
 91 102  96
119 129 121
 98 107 102
 61  70  67
 68  79  75
 40  50  49
124 134 135
129 137 140
 57  66  71
 78  88  90
 78  88  89
 24  30  28
 37  42  36
142 144 139
140 141 133
167 167 157
108 108  98
136 136 126
141 141 133
150 151 146
119 123 122
 39  48  47
 24  34  33
 42  54  52
 46  58  56
108 119 113
135 145 136
158 164 152
191 195 181
104 106  95
 62  65  58
 24  29  25
 30  39  38
 59  73  73
 86 102  99
 69  84  81
110 122 120
139 148 145
145 151 147
 91  93  90
 40  42  41
160 161 163
147 148 150
 94  96  95
 26  28  25
 13  13  11
  2   1   0
 91  88  83
156 152 143
117 110 100
 87  79  68
120 113  97
178 171 152
215 208 189
189 184 165
170 164 148
201 195 179
183 178 159
173 168 149
165 162 143
152 149 130
160 157 140
202 196 182
177 171 159
 83  76  66
 64  60  51
 63  59  50
131 127 116
183 179 167
217 211 195
212 206 190
211 203 190
130 121 112
 49  40  33
 96  91  85
147 147 139
 75  78  69
  8  11   4
 19  24  18
  7  11  10
  8   9  13
 12  11  16
 23  23  25
  2   1   0
 43  39  36
135 130 126
 19  14  10
 40  35  31
156 151 148
152 146 146
 97  93  90
 86  85  81
155 156 151
147 149 144
144 144 136
145 145 137
152 152 144
156 156 146
146 146 134
143 141 129
136 134 122
121 121 109
147 149 136
 88  90  77
126 124 111
181 179 164
178 179 163
110 112  98
125 127 116
 27  28  23
 10  11   6
  0   1   0
  3   7   6
 13  19  17
 87  96  91
125 135 127
128 138 129
107 112 105
114 116 111
 72  72  70
 14  14  14
  6   6   6
 40  40  40
104 104 102
 86  87  82
108 109 104
130 136 122
127 135 122
143 154 140
189 200 184
194 200 186
132 135 124
137 140 133
110 117 110
 91 104  95
123 142 136
164 186 183
127 152 149
 63  88  84
 77 100  90
124 146 133
171 191 179
134 154 142
 84 101  93
101 117 114
 40  54  55
  2  13  15
  7  17  19
  3  11  14
  1   6  10
  9  14  18
 10  15  18
101 105 106
132 133 135
132 132 134
124 122 123
 84  83  81
154 150 147
113 110 103
171 166 160
187 182 176
 48  45  36
 53  55  44
 31  32  24
 43  42  38
130 126 123
105 104 100
 79  80  74
136 136 128
136 136 124
116 120 105
113 128 107
 72  95  75
 55  86  68
 43  80  72
 53  84  78
 79  99  97
 38  54  53
199 192 166
229 221 202
173 165 154
 28  23  17
  7   6   4
 11  11  11
 14  15  17
  7   8  10
 10  14  13
 10  15  11
  5   7   6
  4   4   4
  1   0   0
 68  67  63
174 171 166
120 117 110
109 112 105
154 159 153
 95 105  97
 95 105  96
113 121 108
131 137 123
129 133 119
130 134 120
131 133 119
132 131 113
181 179 158
196 192 167
167 163 138
145 139 113
164 156 133
187 176 154
192 181 153
216 204 178
175 161 135
173 159 132
204 193 165
222 212 185
244 236 213
213 206 187
137 130 114
179 173 157
201 195 179
218 211 195
246 237 222
234 225 210
 86  80  66
147 143 131
234 236 215
219 220 202
155 156 138
110 113  92
138 140 118
146 145 125
168 165 148
187 183 172
160 159 154
 34  41  34
 34  50  40
 60  77  61
 76  88  68
133 133 109
141 131 106
153 139 113
126 121  99
127 125 110
 87  88  83
 14  16  15
 79  79  79
146 146 138
173 170 155
116 111  92
107 100  81
135 128 109
133 127 113
109 107  95
121 121 113
147 146 141
130 127 122
120 117 112
151 143 140
 91  82  77
 54  41  33
130 118 106
183 173 163
143 136 126
  5   0   0
 77  73  64
150 146 134
124 121 106
146 143 128
171 167 155
194 190 178
165 161 150
187 184 175
155 152 147
136 136 134
146 146 144
 17  17  15
 11  14   7
118 122 108
158 162 147
174 177 160
170 171 153
171 173 152
140 141 123
 88  90  77
 94  97  86
131 135 121
 74  76  63
 32  32  20
 67  64  57
 52  53  45
 12  13   7
150 152 147
197 199 196
142 142 142
 37  35  36
 14   8   8
 12   4   1
 69  60  51
 98  90  79
 52  45  35
 51  47  38
 46  43  38
 31  28  23
 14  11   6
 81  76  72
 99  98  93
  4   5   0
 81  83  80
 50  56  52
  2  11   6
 11  17  15
 11  15  16
 19  20  22
 92  93  95
 60  60  60
 83  84  79
 33  32  27
 33  30  23
129 126 119
 28  25  18
 10   7   2
 41  35  23
135 127 114
141 134 118
160 154 138
144 141 124
159 156 139
154 148 132
169 162 144
182 171 153
192 179 160
227 215 193
239 231 210
230 225 206
208 206 193
157 157 145
152 152 140
 98  99  85
152 153 139
216 217 201
235 233 218
217 215 200
126 122 110
129 125 114
 92  88  76
 70  63  47
212 204 183
163 152 130
164 152 128
131 121  96
137 130 104
131 125  99
134 128 104
158 151 123
156 147 118
132 121  93
139 127 101
127 117  92
132 121 101
147 139 118
133 127 103
127 123  98
133 128 106
163 158 138
208 205 186
193 192 174
195 196 178
185 188 169
138 139 123
121 122 106
124 126 113
158 160 149
119 122 111
146 150 136
 95  97  84
 49  47  35
143 139 127
133 127 115
 75  71  59
 83  81  69
 38  38  26
 79  79  67
 89  90  76
139 140 126
128 128 116
126 129 118
127 129 118
126 129 120
127 134 126
114 125 117
 63  74  68
 77  88  84
117 126 121
116 123 116
122 127 120
156 157 152
 71  69  70
  6   6   8
 22  22  22
 22  18  17
 22  14  12
112 100  84
152 141 119
214 205 176
197 191 157
178 173 144
192 187 167
193 187 175
205 201 190
190 188 176
 27  27  15
 14  14   6
 13  12  10
 14  12  13
 11   9  10
 16  16  14
154 156 151
 60  62  49
121 123 112
148 149 143
 75  76  71
 39  40  35
 28  27  25
 61  57  56
182 177 174
246 239 233
 91  84  78
  9   4   0
 51  47  46
103 103 105
 23  28  31
  0   7   9
 63  79  79
 74  99  96
 59  79  77
 67  83  82
126 136 137
127 133 133
118 122 121
127 129 126
131 132 127
133 132 128
 44  44  42
 17  17  17
 18  18  20
 13  14  18
 14  15  17
 15  16  18
 15  17  16
 22  26  29
 11  12  14
 18  18  20
 10   8  11
 57  55  60
139 137 140
139 135 136
153 148 144
141 134 128
141 134 124
166 158 145
162 151 133
136 124 102
129 117  93
109 102  74
122 116  90
 56  53  36
151 150 132
108 107  89
 79  74  55
156 149 133
 45  36  21
104  97  81
148 143 123
148 146 123
 83  87  64
 70  82  62
 90 103  86
 93 101  90
115 115 105
113 109 100
107 103  94
123 119 108
 51  51  41
108 110 105
138 142 141
 32  36  39
 13  17  20
 15  19  22
  7  11  14
 43  44  46
 88  88  88
 23  23  21
127 126 122
133 129 126
120 116 113
126 125 123
101 103 100
 91  97  93
135 145 137
117 129 119
115 127 117
130 140 132
 39  48  43
 27  36  33
104 114 113
131 141 140
148 159 161
 64  78  81
 70  84  87
 71  83  83
 15  24  21
 96 101  95
137 140 133
142 142 134
146 146 136
115 113 101
139 137 125
142 142 134
139 139 137
106 112 112
 75  85  86
 58  72  72
 24  40  39
 53  67  67
 56  69  62
130 138 127
187 189 175
202 200 187
122 118 107
 28  33  26
 32  38  34
 26  36  35
 72  86  86
134 150 149
133 149 148
169 181 181
133 142 141
142 146 145
157 159 158
131 133 132
161 163 162
148 150 149
166 168 167
110 110 108
 56  55  53
 32  33  28
  4   0   0
118 113 110
153 148 144
136 132 123
166 160 146
137 131 115
125 118 102
197 191 177
148 145 130
156 150 134
198 193 174
217 210 192
188 182 166
136 130 116
163 160 145
116 113 106
 10   7   0
  5   2   0
 16  13   8
 27  23  20
 46  43  36
116 112 101
231 225 211
142 133 116
169 160 145
242 232 222
204 195 186
255 254 245
180 180 172
 54  55  49
 19  21  16
  7  12   6
 13  17  16
  7  11  14
 15  16  20
 13  13  15
 30  26  27
  9   4   1
120 112 109
 93  84  79
 31  24  18
150 142 139
129 124 121
148 143 139
160 157 152
172 171 167
137 138 133
147 147 139
139 139 131
128 129 121
130 130 120
132 129 120
127 125 113
130 130 118
137 139 126
156 158 145
188 189 175
 37  36  18
104 101  82
116 115  95
 50  51  35
161 161 151
119 118 113
  4   5   0
 21  21  19
 11  13  10
 98 104 100
130 140 132
120 130 121
111 121 112
125 132 124
 83  88  81
 17  19  16
 22  24  23
 16  16  16
 17  19  18
 94  98  97
110 115 111
122 127 123
129 137 124
145 156 142
140 154 141
144 158 145
142 154 142
 88  95  87
 84  91  84
 88  99  93
 82 102  91
 61  87  76
 50  77  68
 52  79  72
 66  96  86
 64  92  78
 59  86  71
 62  84  71
 65  86  77
 57  78  71
 59  78  74
 66  85  83
 54  70  70
 42  58  58
 57  71  72
 42  56  57
 31  45  48
 23  37  38
 91 102 104
135 143 145
123 127 130
131 132 134
 87  87  87
 33  33  31
152 154 143
115 115 105
119 119 109
 74  74  64
117 119 108
106 107  99
 14  13   8
 49  45  42
 76  75  71
 84  85  80
 56  57  49
 16  14   1
 58  57  37
190 193 172
197 212 189
 75  99  77
 41  77  63
 55  87  76
 77 100  92
 49  66  60
125 120 100
194 191 176
149 146 137
 82  83  78
 12  12  14
 13  12  17
 15  16  21
 37  42  45
 25  34  33
 11  17  15
 17  19  16
 70  69  65
 40  41  36
 27  29  24
 85  86  80
157 156 151
133 138 131
104 109 102
126 131 124
132 138 128
124 128 114
143 145 132
148 148 136
148 146 134
157 155 142
121 118  99
150 144 122
153 147 123
150 143 117
152 145 117
194 184 157
161 150 122
148 138 102
214 201 169
243 229 202
243 228 205
192 177 154
201 189 167
206 195 177
231 223 204
217 209 188
139 133 111
113 108  88
222 217 197
236 229 210
243 235 216
226 219 201
187 181 165
176 173 158
195 192 177
203 201 188
231 233 219
240 247 231
123 132 115
109 115 101
146 149 140
 81  86  79
 18  30  20
 50  68  52
 70  89  69
 72  84  60
124 127 100
140 133 105
127 116  86
131 125  99
124 121 104
121 120 115
 28  28  28
 54  54  52
135 136 128
188 186 173
146 143 124
 70  65  45
138 133 114
130 124 108
126 122 111
136 133 124
128 125 118
131 128 123
119 116 111
145 140 136
143 136 128
121 111 102
 56  44  32
124 114 104
153 146 140
 40  37  32
106 103  96
139 137 124
130 128 113
141 139 126
192 190 178
186 184 172
160 158 146
156 153 146
166 165 161
148 149 144
161 160 158
 90  88  89
  1   2   0
 82  85  76
126 130 116
141 143 129
132 134 113
172 171 150
151 150 129
124 125 109
 61  63  50
148 150 137
181 183 169
162 163 149
119 116 107
 12  13   5
  5   6   0
 27  29  24
190 190 188
120 119 117
131 127 126
 48  43  40
 20  12   9
104  95  90
 39  32  24
 46  41  35
 78  75  68
 31  28  23
 49  46  41
 27  26  22
 19  18  14
 86  89  82
 68  71  64
 44  47  40
 67  72  66
  7  12   8
 14  16  15
 16  16  18
 37  36  41
 11  12  16
 56  58  57
161 160 156
 98  95  88
 59  56  47
110 107 100
 11   8   1
 21  16  10
 62  55  45
 94  88  76
132 126 114
127 123 111
158 156 144
154 150 139
149 143 131
141 134 118
163 155 136
194 186 165
200 189 167
242 234 213
236 231 212
170 166 154
166 164 152
148 148 138
125 127 116
123 123 111
229 227 214
234 232 219
203 201 188
 40  36  25
 51  47  36
119 113  99
165 160 141
178 172 148
134 127 101
186 176 149
152 145 119
162 156 132
170 164 142
130 123 104
131 125 101
163 153 128
168 156 130
134 124  99
 40  32  11
 26  19   0
134 126 107
145 137 114
140 134 108
145 141 116
159 153 131
190 183 164
223 218 198
184 183 162
142 144 123
150 153 134
153 157 142
141 147 135
154 162 151
129 137 126
156 162 150
162 164 151
 63  61  49
 93  89  77
144 138 126
146 142 130
 98  96  84
 35  32  23
 23  21   9
115 112  97
154 151 136
152 148 136
128 130 116
120 120 108
126 129 120
143 153 145
 86  99  92
 81  93  89
 97 108 104
111 120 115
125 132 125
124 129 122
161 160 156
 68  64  63
  1   0   0
 19  18  14
 20  15   9
 53  44  37
140 127 108
140 128 102
196 187 154
189 183 147
172 167 138
226 221 201
128 125 110
154 150 139
134 132 120
 85  85  75
 80  81  75
  0   0   0
 15  15  17
  4   4   6
 67  67  65
145 147 142
 79  82  71
172 175 166
133 136 129
142 144 139
 87  87  85
 77  76  74
 54  50  49
162 159 154
239 236 229
 50  49  44
  0   1   0
 76  78  77
122 123 125
 10  15  18
 29  40  42
 83  98 101
 67  90  84
 83 102  98
 97 109 107
124 133 132
148 154 152
126 128 125
124 124 122
109 108 104
 51  52  47
  2   2   0
  6   6   6
 12  12  14
  6  10  11
 11  15  14
 16  18  17
 15  15  13
 40  41  43
 25  25  25
 14  13  11
 28  24  23
 62  58  59
 75  73  76
144 144 142
148 147 142
158 153 147
153 149 138
155 149 135
129 122 104
129 121 100
135 124 102
103  97  71
 93  89  60
 94  94  70
134 133 112
118 117  96
 66  64  43
127 120 101
 42  37  18
 60  57  40
154 151 134
140 139 119
 95  97  76
 90  94  77
117 126 109
126 132 120
105 107  96
127 124 115
126 122 113
 86  82  71
104 101  94
140 139 137
138 138 140
 91  95  98
 13  17  20
  8  12  13
 16  17  19
 23  23  25
 33  33  33
 86  86  86
125 124 122
115 111 110
118 114 113
127 126 122
150 151 146
125 135 127
130 137 129
171 181 172
164 174 165
105 115 107
 76  85  80
 69  75  73
109 115 113
123 129 129
117 127 128
 67  81  84
 76  90  93
 38  48  50
 67  73  71
147 152 146
140 143 136
134 131 126
109 109 101
116 113 104
143 140 131
119 118 113
128 130 129
105 113 115
 48  62  62
 73  89  88
 58  77  75
 53  69  68
 73  84  78
116 122 110
 87  88  72
222 218 206
131 127 116
 50  57  50
 53  59  55
  0   6   5
106 120 120
110 129 127
146 162 161
174 186 186
130 136 136
146 150 149
149 151 148
153 155 152
152 154 151
153 153 151
143 142 140
163 162 160
132 131 129
 12  11   7
 22  18  17
 16  12  11
 35  31  28
106 103  96
103  99  90
129 122 112
114 107  99
 86  79  69
125 121 109
172 169 152
211 206 187
204 198 182
208 202 188
155 151 139
127 123 112
  0   0   0
 22  23  18
 18  17  13
 17  16  14
 19  18  16
  2   1   0
 33  30  23
141 135 123
198 189 174
140 128 112
229 220 203
244 236 223
156 152 141
  8   5   0
 16  17  12
 10  10   8
 15  17  14
 10  11  13
 17  21  24
 26  27  31
  2   2   2
 85  81  80
 72  64  62
 58  48  46
166 157 152
 77  70  64
134 129 123
142 137 133
193 188 184
140 137 132
151 150 145
135 136 131
136 137 131
129 130 124
131 132 126
121 120 115
101 101  93
129 129 119
156 156 146
142 144 133
163 165 152
205 203 188
124 119  99
 96  92  67
116 114  91
112 110  95
171 171 161
 99  98  93
  8   9   4
 12  13   8
 17  18  13
121 122 117
142 147 140
153 160 152
105 115 106
126 136 127
 89  99  90
  8  15   8
 14  16  13
 27  29  28
  0   6   4
 54  63  60
114 123 118
 90  99  94
 88  98  87
 78  88  77
 96 108  96
120 132 120
 80  90  79
 89  94  87
112 115 108
115 122 114
123 137 124
 70  88  72
 71  89  73
141 158 142
208 225 209
192 211 192
201 218 199
202 217 198
201 218 202
177 191 178
178 191 182
112 127 120
 69  84  79
 53  69  66
 46  62  59
 59  75  74
 70  86  86
 69  85  85
 71  85  86
 90 102 102
 99 109 108
107 116 113
116 122 118
 82  88  84
 55  63  50
 61  67  55
 43  46  35
 67  70  59
138 141 132
122 125 116
126 127 121
 35  34  29
 60  61  56
 70  72  69
 37  38  32
 39  37  25
 55  50  31
177 175 152
207 212 189
 93 107  82
 48  75  56
 55  79  65
 70  90  79
104 121 111
163 164 150
131 133 122
 56  58  53
 85  89  88
  4   8  11
 12  13  18
  9  10  15
 23  28  32
 56  64  66
 65  71  69
 24  26  21
 63  62  57
 64  65  60
 41  46  40
 12  17  11
 56  58  53
 93 100  92
119 122 115
133 134 126
140 140 128
182 183 169
172 168 156
147 140 130
149 142 134
145 141 129
141 138 121
135 130 110
113 105  84
165 157 134
198 191 165
224 217 189
214 205 176
164 157 115
180 170 135
228 214 187
245 230 209
248 235 216
196 183 167
146 133 117
248 235 216
210 200 175
150 145 116
179 175 148
209 205 180
231 225 201
237 229 206
232 224 203
254 247 229
173 167 155
 99  91  80
 67  60  50
148 148 138
135 143 132
109 122 112
 85  98  88
 82  92  83
 72  80  69
 64  76  62
 87 104  85
 90 108  84
101 114  88
 91  95  68
119 115  86
131 124  95
143 136 110
137 130 112
146 141 135
 30  29  27
 24  24  22
115 116 110
189 189 177
125 126 110
 36  35  15
122 119 100
126 123 106
123 117 103
142 138 127
152 149 140
134 131 124
133 130 125
126 123 114
147 143 134
155 146 137
 95  86  77
 61  52  45
147 142 138
 50  46  43
125 122 115
140 138 126
130 128 115
154 152 140
171 168 159
142 139 130
126 123 114
154 151 144
165 162 157
173 173 165
144 143 139
110 109 107
 20  21  16
 14  17  10
 61  64  55
201 203 190
189 188 170
155 154 133
156 155 134
134 132 117
 65  63  51
192 192 180
159 160 144
191 189 176
224 220 209
 72  72  62
 39  39  31
 38  39  33
 75  74  70
170 169 165
142 141 137
133 130 125
 74  69  65
100  95  92
  8   3   0
 33  29  26
125 124 119
 23  23  15
 36  37  29
 16  19  12
 41  46  40
 42  49  42
 98 103  96
 24  27  18
 68  69  63
 55  54  50
 13   9   8
 14  10  11
 78  77  82
 65  66  70
 69  71  70
144 143 139
108 104  95
117 113 104
 67  63  54
 10   5   0
 57  50  44
 77  73  64
 92  85  77
 61  54  46
 15  11   2
 73  70  63
 83  80  75
143 136 128
159 151 138
147 139 120
208 201 175
209 202 176
221 213 190
219 212 193
186 180 166
174 170 161
156 153 146
 93  93  85
142 139 130
243 241 228
220 218 205
234 232 220
182 178 167
173 167 155
213 210 193
175 173 152
146 142 115
127 122  90
149 143 111
202 195 169
192 185 166
163 156 140
157 150 134
152 145 127
131 123 102
155 144 122
146 138 115
 34  27   8
 61  54  36
155 147 128
164 156 133
155 149 123
147 141 115
139 133 109
141 133 110
135 129 105
151 147 122
187 186 165
166 167 149
101 109  94
176 187 173
154 166 154
161 171 160
159 167 156
155 158 147
112 112 102
 34  32  20
136 132 120
148 146 134
 24  21  12
 11   8   0
 69  65  54
165 159 145
134 124 112
135 125 113
131 132 116
 81  81  69
 29  32  25
 69  78  73
 98 110 106
101 113 109
139 148 145
130 136 132
121 126 120
112 115 108
139 138 133
 50  46  43
  7   6   2
 31  30  25
 17  13   2
 33  25  12
133 123  98
139 130  99
205 197 161
186 180 146
152 147 118
185 180 160
165 162 147
111 109  97
126 126 116
131 132 126
 51  52  47
  8  10   9
 16  17  19
  0   0   2
 61  61  59
116 117 111
 58  61  52
128 129 121
120 122 111
145 146 138
158 159 154
 41  41  39
  4   5   0
202 203 197
170 173 166
  5  12   4
 13  23  15
  3  12   7
  0   5   5
 40  48  50
 83  93  94
 75  89  90
134 149 142
128 139 133
132 138 136
118 123 119
121 126 122
133 133 131
132 131 129
 92  91  89
  0   0   0
 51  53  52
 63  63  65
 19  20  22
 13  17  16
 14  20  16
 15  17  14
  9   9   7
  3   3   1
 16  15  10
 40  37  32
 23  18  14
101  97  94
 75  75  73
129 131 128
147 150 143
156 157 149
166 164 152
135 132 117
138 132 116
130 123 105
138 131 112
129 125 100
 93  92  64
112 115  86
 89  89  63
 97  97  73
106 104  83
100  95  75
 60  55  36
 77  74  59
139 135 123
122 119 104
127 124 107
136 135 117
117 118 104
126 130 116
158 162 148
108 110  99
 77  77  67
136 137 121
166 162 151
127 119 116
137 131 131
143 143 143
 87  89  88
 31  33  32
 16  16  16
 21  19  20
 53  52  50
115 114 112
151 147 146
131 125 125
144 140 139
143 139 136
137 133 130
116 123 115
120 125 118
 98 103  96
 87  92  85
 97 104  96
 92  99  92
 26  31  27
114 116 115
132 133 135
134 142 145
 56  67  71
 70  81  85
 71  81  83
 62  68  68
156 161 157
142 147 143
115 114 110
 44  43  39
111 110 105
129 128 123
144 146 141
129 135 133
124 136 134
 77  93  92
 74  93  89
 68  87  85
 53  68  65
 75  85  77
 89  91  78
141 139 124
238 234 222
 69  65  54
 25  27  24
 55  60  56
  9  15  13
 79  91  89
158 174 173
105 121 120
146 158 156
148 154 152
146 148 145
152 154 149
154 155 149
149 148 143
145 142 137
152 149 144
153 149 146
159 155 154
 48  47  42
 15  11   8
 21  17  16
 10   9   7
 13  12   8
 62  59  54
 52  47  43
101  93  90
 90  85  79
100  98  86
132 130 115
214 211 194
204 201 184
199 196 181
166 162 151
 69  65  56
  5   5   5
 20  20  20
 14  14  14
 10  10  10
 18  18  18
 26  25  21
 14   9   3
 36  29  19
160 153 137
185 177 158
229 221 200
228 221 203
 62  56  44
 14  11   4
 17  16  14
 12  10  11
 21  21  23
  1   0   5
 55  56  60
 86  87  89
 11  11   9
 82  81  77
156 151 147
 20  13   7
104  97  89
142 138 129
107 103  94
152 147 141
149 144 138
130 127 122
142 141 137
132 133 128
129 131 126
129 130 125
129 128 124
115 114 110
129 128 123
118 118 110
 92  93  85
 79  80  72
 77  79  68
103 102  84
147 141 117
149 142 114
146 141 119
200 198 183
115 116 108
  0   1   0
 19  19  17
 12  11   7
 39  38  33
182 181 176
157 158 152
143 148 141
116 126 117
 91 103  93
108 119 111
 70  80  72
 63  68  64
 26  32  30
 11  20  17
 77  88  84
 83  94  88
 95 104  99
115 122 115
151 158 150
222 228 218
158 164 152
 67  70  59
132 132 122
141 138 129
187 187 175
154 157 140
131 136 116
126 128 107
166 165 144
202 202 178
215 217 193
215 219 194
220 224 199
211 214 193
223 226 207
216 218 205
209 215 205
142 152 143
108 121 112
 29  44  37
 17  32  27
  9  24  21
 17  31  31
 22  36  36
 58  73  70
 92 104 100
101 114 107
 83  94  88
 75  86  80
 24  34  23
 50  60  49
 32  40  29
 80  88  77
110 116 106
104 107 100
125 126 120
129 130 125
 95  97  92
 15  17  14
 17  17  15
100  97  90
 77  71  57
 76  71  49
169 169 143
172 176 149
 49  65  39
 68  83  64
120 134 119
125 137 125
105 108  99
 15  18  11
 13  18  14
  8  12  13
  6  10  13
 10  11  15
 13  14  18
  2   6   7
 21  25  24
 36  38  35
 30  30  28
  8   7   3
 12  14   9
  4   9   5
 24  30  26
 85  90  86
127 134 126
135 136 128
159 155 144
185 182 167
142 138 126
135 131 120
136 129 121
140 133 127
125 120 114
146 144 132
134 131 114
142 137 117
196 189 170
154 148 126
126 120  96
149 143 117
178 170 134
120 109  79
221 207 181
242 230 206
245 234 212
231 220 200
212 200 178
240 228 204
221 212 183
161 155 123
158 153 121
208 201 172
202 193 164
219 209 182
244 233 211
255 248 229
184 176 163
 79  71  60
 59  55  46
 70  71  65
  0   6   0
 16  29  22
 57  69  65
 78  88  80
 94 102  91
101 107  93
 84  93  74
143 155 131
117 127 100
109 114  84
131 130 100
167 162 133
165 157 134
132 125 107
140 134 122
 71  71  63
 11  12   7
 38  40  35
 96  97  89
 98  99  85
 51  53  32
116 115  94
105 100  80
104  99  80
147 141 125
149 146 131
133 129 120
121 116 112
117 117 105
120 118 106
138 134 123
152 145 135
130 126 117
 78  73  69
 55  51  48
148 145 140
125 122 113
121 119 107
139 136 127
151 148 141
150 147 140
147 144 137
141 138 131
152 149 142
164 162 150
150 150 142
124 125 120
 24  25  20
  5   7   2
  4   5   0
110 110 102
215 213 200
152 151 131
126 123 104
158 156 141
 96  94  82
115 115 103
 86  87  73
141 139 126
189 182 172
169 167 154
 97  94  85
180 180 172
  7   8   2
130 131 125
164 167 160
125 127 122
126 127 122
 38  39  34
 13  13  11
 16  16  14
102 104  99
 54  57  50
 27  33  23
 77  85  74
 84  94  85
 33  42  37
 45  50  44
105 105  97
 32  29  22
100  95  89
 27  19  16
 16  10  10
 19  17  18
 17  19  18
 93  93  91
156 153 146
136 129 119
120 111 102
 23  16   8
 26  21  15
 90  85  81
 29  24  20
 99  94  90
 28  20  17
 17  12   9
 10   6   5
 14  13  11
 85  82  77
127 121 109
169 163 141
206 199 171
206 199 171
197 190 164
217 211 189
176 169 153
137 130 120
169 161 158
152 147 143
 89  85  76
166 164 151
153 151 138
206 204 192
232 230 218
135 131 119
156 153 138
181 180 159
225 224 196
143 140 107
162 156 124
191 184 158
215 206 191
151 143 132
166 157 148
171 165 153
159 152 136
115 107  88
141 135 113
127 120 101
148 141 123
159 151 132
163 155 132
170 164 138
177 171 145
151 144 118
148 138 113
149 139 112
136 130 104
129 127 104
109 111  90
101 114  96
165 178 161
182 194 180
150 162 150
173 181 168
 76  82  70
124 126 113
143 141 129
 89  85  74
132 128 119
 87  84  77
 30  27  20
 42  38  27
141 133 120
161 149 135
163 149 136
153 150 133
114 114 102
 94  99  93
 43  52  49
 65  77  75
 88  99  95
161 167 163
133 138 134
131 132 127
131 130 125
141 141 133
 57  57  49
  1   1   0
 69  69  59
 57  51  37
 85  76  59
139 132 104
139 132 103
160 151 120
152 145 117
117 111  87
130 125 106
132 130 117
125 125 117
134 133 129
110 110 108
 13  15  14
 13  15  14
 19  20  22
 67  67  69
 16  15  11
 89  86  79
 52  50  38
129 126 111
135 130 111
117 111  95
146 144 132
124 125 119
 21  23  20
131 138 131
135 145 137
 89 100  92
  9  22  13
 19  32  25
 40  52  50
 56  68  66
 58  68  69
 10  20  21
133 140 132
126 131 125
126 128 123
149 151 146
129 130 125
124 125 120
132 132 130
128 128 128
 35  37  36
 54  55  57
102 103 105
 21  22  24
  9  11  10
 14  19  13
  0   1   0
 53  51  52
 97  99  88
 26  26  16
127 123 114
131 124 116
137 134 127
 34  35  29
141 144 137
147 150 143
140 143 132
159 161 148
139 140 126
120 118 103
141 135 119
160 154 138
168 163 144
 95  93  72
120 120  92
 99  97  72
 83  78  56
132 127 105
130 125 103
103  96  77
134 127 109
101  94  78
112 105  89
132 125 107
134 127 111
179 173 161
151 151 141
106 109  98
 55  58  47
 61  64  53
191 196 174
184 182 167
145 137 126
159 148 142
149 142 136
 85  84  80
 64  62  63
 73  71  72
 60  59  57
105 104 100
121 117 116
133 127 127
125 119 119
127 122 119
129 124 121
107 102  99
 64  66  63
107 109 104
 99 102  93
 50  53  44
130 133 126
 85  87  82
  5   7   4
104 104 102
144 144 144
132 136 139
 95 102 108
 38  47  52
 84  94  96
 71  77  77
 92  98  96
127 133 131
141 143 140
111 112 107
 93  94  89
108 110 105
121 128 121
128 139 135
117 132 129
 91 110 106
 64  83  79
 79  96  90
 43  54  48
106 109 100
134 135 121
210 207 190
205 199 187
 61  54  46
 27  27  25
 52  54  51
 19  25  23
  4  15  11
105 120 117
108 120 116
144 155 149
162 168 164
150 155 149
159 162 155
160 160 152
148 145 136
143 139 130
157 152 146
168 164 161
168 164 161
104 101  94
 10   7   2
 20  16  15
 15  13  14
 18  16  17
 15  11  10
 20  14  14
 18  14  11
 54  53  48
 73  73  65
 54  52  40
134 132 117
219 218 200
172 173 157
143 143 131
 41  38  29
 10  12   9
 15  15  17
  9   8  13
 18  17  22
 18  16  17
 20  16  15
 10   2   0
125 116 107
200 192 179
219 212 193
236 230 208
197 190 171
130 124 110
 20  15   9
 30  26  25
 71  67  68
 10   8  13
 14  13  18
 24  24  26
 33  35  34
  9   9   7
 50  49  45
143 140 135
 99  94  88
 51  47  36
124 120 109
 86  82  73
133 129 120
141 136 130
164 161 156
133 132 128
129 129 127
131 132 127
129 128 124
137 136 132
124 123 119
 84  83  78
 29  28  23
 17  16  11
  7   6   2
 17  17   9
 52  49  34
121 115  91
134 127 101
139 136 117
149 151 140
 34  36  31
 21  23  20
 12  16  17
  6   6   4
 71  70  66
187 186 181
156 159 152
124 131 124
139 150 142
 94 107  98
127 138 130
113 122 117
 43  49  45
 36  45  42
 80  89  86
104 115 111
131 142 138
125 134 129
134 140 136
165 167 162
179 180 172
 98  96  84
 90  86  74
169 161 148
165 157 144
218 211 195
225 220 201
218 212 190
147 136 114
140 128 102
169 158 130
235 228 199
237 230 202
222 215 189
203 199 174
222 217 197
214 211 194
222 220 207
163 166 155
130 137 129
133 143 135
119 128 123
 70  79  76
  0  11   7
  7  17  16
  5  16  12
 58  69  63
121 132 124
107 118 110
147 158 150
 92 104  94
 49  59  50
 26  33  25
 96 104  93
121 126 119
150 153 146
151 152 146
131 130 126
141 142 137
140 142 141
 57  57  57
  5   1   0
 30  23  13
112 105  86
194 190 163
172 171 143
149 158 127
132 140 117
125 132 116
 60  66  52
 82  85  78
 16  18  13
 32  34  31
  7   7   7
 10  10  10
  8   8   8
 10  10  10
 16  15  13
 17  16  12
  1   0   0
  5   4   0
  2   2   0
  3   8   4
 13  18  14
 41  47  43
 89  95  91
142 145 138
146 146 136
164 158 144
135 128 112
131 128 113
136 134 122
138 135 128
107 104  99
114 113 108
141 141 133
179 177 164
193 190 173
163 160 143
136 133 118
105  99  85
 90  83  67
143 135 112
165 155 130
184 172 148
223 213 186
222 215 187
238 231 202
233 224 195
194 183 155
209 200 169
189 180 149
135 127  91
203 190 155
211 198 164
141 127  98
221 209 185
216 205 185
218 213 194
 81  78  63
 94  94  84
 81  88  80
 68  79  73
 69  81  79
110 120 119
112 118 116
153 156 149
 44  46  33
 73  76  59
222 225 206
 87  91  68
 71  75  50
183 183 157
209 207 182
168 162 140
135 128 110
173 170 155
111 111 101
 20  23  16
  1   3   0
 19  20  15
 97  97  85
 80  82  61
101  99  74
 98  92  66
106  98  75
161 155 133
146 141 122
142 138 126
147 143 134
130 128 115
123 121 109
138 136 124
131 127 116
150 146 137
 55  50  46
 49  45  42
150 146 143
102  99  92
123 120 111
152 149 140
142 139 132
121 121 113
191 188 181
153 150 141
158 155 146
166 164 151
140 140 130
168 169 163
 96  98  93
  6   8   5
 10  10   8
 30  31  25
177 177 165
159 158 140
145 144 126
136 137 123
130 130 120
106 106  94
146 144 131
111 107  95
129 122 112
153 150 135
171 169 157
166 166 156
 11  12   4
 37  43  33
159 166 158
120 127 120
123 133 125
 65  74  69
  6  15  10
 25  31  27
 78  84  80
108 118 109
 74  84  73
 70  82  70
 43  53  44
 15  22  15
  8  10   5
 55  52  47
 98  91  83
 54  47  37
 80  73  65
 22  14  11
 20  16  15
 14  14  12
 25  24  19
101  97  86
143 135 124
136 128 117
 50  43  33
 64  60  51
 51  46  42
 44  40  37
 82  77  74
  9   3   3
 19  15  16
 17  15  18
 21  21  23
  7   7   5
 32  30  18
 96  91  71
191 185 159
203 196 170
192 184 161
199 191 172
 59  52  36
 64  57  47
228 220 217
240 235 231
135 131 122
145 143 131
170 168 155
163 161 149
229 227 215
180 178 166
122 123 109
206 208 187
168 168 142
147 148 116
131 130 100
101  96  74
174 168 154
169 162 154
162 155 149
239 232 224
190 184 172
113 108  89
100  93  74
150 143 125
139 130 113
150 142 123
141 133 112
152 146 120
190 183 157
199 189 162
151 140 112
169 158 130
156 146 119
163 159 134
119 121  99
 89 104  83
125 138 120
 89 102  85
 85  96  80
121 129 114
 87  93  79
159 161 148
121 119 106
 50  46  35
169 165 156
159 156 149
 70  67  60
 39  35  26
119 111 100
158 149 134
169 155 142
178 175 158
171 171 159
 94 101  93
 74  85  81
 38  49  45
 78  87  82
145 150 144
136 137 132
143 142 137
135 135 127
140 140 132
139 140 132
100 101  93
153 151 139
148 142 128
153 144 127
119 113  87
133 127 101
143 135 112
166 160 138
 95  88  70
127 124 109
167 164 155
144 143 141
162 162 164
 42  43  47
  8  12  13
  6  12  12
 58  62  63
119 119 119
 10   6   3
 23  16   8
 93  84  69
238 226 204
144 128 102
123 109  83
143 136 120
144 143 138
117 122 118
178 187 182
208 221 214
123 139 129
 43  58  51
 50  65  60
 63  78  75
116 130 130
 84  94  93
 98 102 101
134 135 129
118 119 113
150 149 145
150 151 146
134 135 130
110 112 109
131 133 130
127 129 128
105 109 108
 26  28  27
 13  14  16
 21  21  21
  8  10   7
 32  34  31
 89  89  87
 73  72  70
169 171 157
134 132 119
190 183 173
153 146 136
132 130 118
 32  32  22
106 107  99
127 130 121
121 127 115
102 108  94
110 112  98
116 117 103
163 161 148
183 179 167
137 131 117
 82  76  62
122 117  97
106  99  81
 50  42  23
 90  82  61
142 134 111
134 123 101
124 112  90
104  89  68
190 178 156
160 147 130
152 139 130
122 113 108
 59  54  50
  3   4   0
  7  10   1
106 112 100
148 154 128
128 127 106
161 153 134
212 200 184
102  92  82
 38  31  25
 54  50  47
 57  56  54
100  99  95
 99  98  94
113 109 106
111 105 105
102  96  96
130 125 122
151 146 143
160 156 153
111 111 109
 66  67  61
171 172 164
156 156 146
129 129 121
 35  34  30
 39  39  37
 45  45  43
108 108 106
123 124 126
121 126 129
 51  59  62
  5  13  15
 19  28  27
  9  18  17
 63  72  71
151 156 152
125 127 124
 79  81  78
123 128 122
123 134 126
126 141 134
108 125 119
 82  99  93
 84  99  94
 44  55  49
 43  48  41
109 109  99
218 215 200
204 198 182
217 211 199
 48  39  32
 13  12   8
 53  55  52
 26  32  30
  0  11   7
 73  84  80
 87  96  91
126 133 126
146 153 145
142 147 140
158 159 151
160 157 148
153 149 138
162 158 147
196 192 183
203 198 192
194 189 185
178 173 167
116 111 105
 22  17  14
 15  11  10
 19  17  18
 15  13  14
 15  11  12
 20  19  17
 10   9   5
  9  10   5
 27  27  19
 63  63  51
192 193 179
192 194 180
146 146 134
 44  44  36
  2   2   0
 15  15  17
 12  11  17
  7   6  12
 15  13  16
 20  16  13
 63  58  54
195 188 178
200 192 179
190 183 164
208 202 180
223 216 197
209 202 186
 46  39  29
 10   5   2
 87  83  84
 24  22  27
  9   8  13
 17  17  19
  8  10   9
 13  15  12
 10  10   8
 56  55  50
122 119 110
125 123 111
137 133 122
106 102  93
 46  41  35
125 122 115
182 179 174
154 153 149
140 140 138
148 147 145
138 137 135
 81  80  76
 44  43  39
 10   9   4
 14  13   8
 11  10   5
  3   2   0
 50  47  42
159 155 144
143 137 121
 77  72  53
 30  31  17
  7  10   3
  5  11   9
 18  24  24
  1   9  12
 62  66  67
143 145 142
151 154 147
111 118 110
144 155 147
163 178 171
172 187 180
176 189 182
 95 106 100
 38  47  44
 51  60  59
131 141 140
126 137 133
133 144 140
109 120 116
106 113 106
172 175 168
147 145 133
 72  66  52
118 111  95
159 150 133
168 160 141
220 212 193
218 212 190
237 229 206
214 202 178
169 155 128
132 118  89
187 176 146
249 240 211
238 228 203
215 209 187
186 181 161
225 222 205
177 175 162
131 131 119
122 123 115
121 124 117
120 122 117
 52  57  53
 11  16  12
 15  21  19
 12  18  16
101 107 103
119 124 118
 84  91  84
117 124 117
134 144 136
 52  59  51
 27  32  25
 79  82  75
147 150 143
147 148 142
188 187 182
160 157 152
157 153 150
132 132 130
137 137 137
 76  72  71
 10   3   0
 57  48  33
223 215 194
227 221 195
215 219 186
234 236 212
111 112  96
 18  20   6
 45  46  38
 19  20  14
 30  31  26
  7   6   2
  4   3   1
  3   2   0
  1   0   0
  4   1   0
 15  10   4
 25  21  12
 36  37  29
 47  52  46
 41  48  41
 48  53  47
 16  21  15
  8  13   7
  3   4   0
106 104  92
123 117 101
136 131 112
149 146 129
138 139 125
135 136 128
104 105 100
117 118 113
148 147 142
191 191 179
144 142 129
130 128 115
156 152 141
164 157 149
115 106  99
105  95  85
164 155 140
178 172 150
185 180 151
179 174 144
176 172 137
179 173 139
148 139 108
173 164 135
161 150 120
140 125  92
154 139 100
157 141 105
137 122  91
113 101  77
137 126 106
130 131 113
133 136 119
 99 105  93
 43  53  45
 65  77  73
111 121 120
 89  94  97
 52  53  55
 40  40  38
  4   1   0
107 105  93
209 207 194
122 123 109
  9  10   0
128 129 111
197 196 176
157 155 134
129 126 107
134 133 115
 93  95  82
 38  41  32
 19  21  16
 40  41  35
117 117 105
121 120  99
122 118  89
134 125  94
122 111  81
120 108  82
168 160 137
176 171 152
143 140 125
134 130 118
135 131 119
139 135 123
134 130 119
152 149 140
 52  49  44
 66  62  59
124 120 117
112 109 104
145 142 135
157 157 147
147 147 139
114 114 106
139 139 129
150 147 138
183 180 171
172 169 154
177 175 163
150 151 145
164 165 160
103 105 102
 56  58  53
 15  18  11
123 125 112
162 163 145
198 199 183
172 172 160
130 131 123
130 130 120
148 146 134
136 132 120
125 121 110
186 187 173
207 205 193
170 170 160
 15  18   9
  5  12   4
 75  87  77
115 128 119
102 115 108
 70  85  78
 43  58  51
 83  96  89
 84  95  87
 77  89  79
106 118 106
 99 109  98
 42  50  39
 15  20  13
 25  26  20
  9   6   1
 70  63  55
 92  83  74
 97  89  78
 57  50  42
 19  16  11
 18  17  12
 14  11   4
 32  26  14
141 132 117
153 144 129
148 140 129
 93  86  76
  9   5   0
 83  80  75
 38  34  33
 15  11  12
 15  13  16
 24  24  26
  8   8  10
 31  31  29
  8   9   1
 89  88  70
227 222 200
189 183 161
143 135 114
 50  43  24
 35  28  12
105  98  88
124 117 111
154 151 142
151 148 139
 86  84  72
169 167 155
150 148 136
115 112 103
142 142 132
109 109  97
181 184 165
117 121  98
 94  98  73
 73  77  54
 83  86  67
159 159 147
158 155 148
148 143 139
181 176 170
182 178 166
111 108  91
129 123 107
 85  79  65
 42  34  23
148 140 127
146 139 121
137 129 108
138 131 105
148 139 110
144 133 103
145 131 102
161 150 122
177 172 143
152 150 125
123 135 113
 93 105  85
116 125 108
 80  89  72
111 118 102
132 136 121
143 144 128
114 111  96
 55  52  37
 75  71  59
128 124 115
 86  83  74
 15  11   0
 68  62  50
131 123 110
 85  76  61
 65  64  46
147 149 136
105 113 102
 57  69  59
 64  76  66
 57  64  56
108 111 104
148 149 143
148 148 140
128 129 121
139 140 132
151 151 143
139 136 127
137 133 121
140 134 118
131 124 106
130 125 103
145 140 121
142 136 120
131 128 113
125 121 109
120 118 106
180 177 170
198 197 195
 73  72  77
 21  25  28
  6  12  12
  8  17  16
 79  85  85
112 112 112
 72  67  64
 21  12   5
 92  79  63
159 139 115
140 117  85
144 125  95
109 100  83
135 134 129
149 153 152
101 110 107
 36  49  42
 67  82  77
 58  73  68
 13  28  25
 80  95  92
 64  79  76
131 140 137
170 172 169
106 105 100
132 131 126
150 149 144
116 117 112
124 126 123
122 127 123
117 122 118
126 130 129
139 143 142
 59  61  60
  6   6   6
 20  20  18
 15  15  13
 50  51  46
177 178 172
197 198 190
173 174 158
110 107  92
212 204 191
166 158 145
215 212 197
 45  43  31
 82  82  72
133 135 124
135 139 125
118 125 109
 94 100  86
 93  97  83
 96  98  85
 89  89  77
111 104  94
141 131 122
139 127 115
109  97  85
126 113  97
132 120  98
134 122  96
148 134 107
117 100  74
144 124  97
164 144 119
151 132 115
 95  78  71
 10   0   0
 11   5   5
 25  24  20
  6   9   2
134 137 130
167 171 146
116 116  90
 95  87  64
174 163 143
 60  51  36
127 120 110
148 143 137
153 150 145
101 100  95
 86  83  78
120 116 113
 94  89  86
100  95  92
136 131 128
142 138 135
153 150 145
144 145 140
 95  94  89
155 155 145
197 194 185
113 110 103
  4   1   0
 38  34  33
 31  30  28
 48  49  44
 90  92  89
153 157 156
 68  72  73
 31  36  39
 31  36  39
 25  34  33
 10  20  19
 68  74  70
145 150 146
125 130 126
118 125 118
118 129 121
110 123 114
 85  98  91
101 112 106
129 139 131
 70  76  66
150 150 140
108 104  93
162 156 144
182 176 162
204 197 187
102  95  87
 33  32  28
 28  28  26
 19  24  20
 45  51  47
 66  72  68
 91  96  92
 96 101  95
130 133 124
167 170 159
182 184 171
203 201 189
158 152 140
190 184 172
206 200 188
200 196 185
185 181 172
174 170 159
138 131 121
 87  80  72
 20  15  11
 12  11   9
 19  17  18
 19  17  18
 17  16  14
 17  16  14
 18  19  14
 19  20  15
  3   2   0
 56  57  49
192 193 185
151 152 144
 49  48  43
  3   3   3
 17  17  19
 13  12  18
 22  21  26
 14  14  14
 15  14  12
125 122 117
185 181 172
238 232 218
168 163 144
124 119 100
176 171 152
253 247 231
129 123 111
 41  36  30
 21  17  14
 26  21  25
 24  22  25
  6   7   9
 16  18  17
 16  21  17
 18  20  15
 61  62  56
 70  70  62
104 101  92
127 123 112
134 130 121
 29  26  19
 26  22  19
105 104 100
163 162 158
149 149 147
119 118 116
 61  60  58
 33  32  30
 16  17  12
  4   5   0
 26  27  21
 71  70  65
 75  74  70
 34  30  27
112 109 102
 92  89  80
 21  21  11
 41  42  34
  7  12   8
 14  20  20
 10  15  18
 14  24  25
 61  70  69
143 149 145
133 143 135
124 136 126
124 140 130
183 200 194
151 168 162
 80  95  88
 73  86  79
 21  30  27
 16  22  22
100 109 108
126 137 133
122 133 129
128 139 135
114 122 109
138 138 126
137 129 116
180 168 152
161 153 132
144 136 115
158 150 127
192 184 161
191 185 161
203 195 172
237 225 201
213 199 173
150 139 111
132 125  96
208 201 175
238 230 207
232 230 209
188 187 169
155 156 142
123 123 111
122 122 110
132 129 120
131 131 123
128 127 122
 82  83  78
  8  10   7
 16  18  15
 22  22  22
 63  63  61
145 146 141
201 202 197
194 195 190
220 225 219
122 124 119
  2   5   0
 35  36  30
100  99  94
140 140 132
141 138 131
153 149 140
180 175 169
160 156 153
140 139 137
135 134 132
 72  64  61
 19  10   3
 62  52  40
155 148 130
220 219 189
216 215 194
149 150 134
 33  35  22
 14  11   6
 23  22  17
 30  31  26
 42  41  37
 54  50  47
 68  64  61
 85  81  78
 98  93  89
116 111 105
131 128 119
132 135 124
111 119 108
123 130 122
 46  51  44
 14  15   7
  8   9   1
 23  23  11
101  99  86
140 137 120
187 182 163
113 110  93
 68  69  53
112 114 101
 93  94  86
 57  56  51
124 121 112
143 141 128
133 130 115
133 127 113
193 185 174
224 214 205
137 126 120
121 112 105
107 101  89
163 160 141
155 153 130
180 178 153
201 197 168
221 217 188
206 199 173
217 207 182
207 193 167
193 178 147
208 192 158
198 182 148
212 198 171
204 193 171
121 112  95
 49  51  37
 37  41  27
 44  52  41
 38  47  42
 12  22  21
 18  24  24
  0   1   2
 42  42  44
 14  12  15
  7   6   4
 30  27  22
 76  73  66
102 101  96
 28  29  23
129 131 120
140 141 127
144 145 127
139 140 122
134 137 120
 96 102  88
105 111 101
119 124 117
 64  65  57
123 121 108
136 131 109
132 126  94
143 130  95
128 112  76
136 121  88
147 135 109
169 163 139
154 149 129
135 132 117
127 124 109
126 123 108
145 141 129
131 128 119
 37  34  29
 89  85  82
 92  88  85
171 168 161
143 143 133
146 146 136
150 150 142
146 146 136
130 130 120
135 132 123
172 169 160
159 156 141
155 153 141
183 183 175
161 162 156
157 160 153
 56  59  52
  6   9   0
153 155 142
228 231 214
190 192 178
193 194 186
173 174 169
162 161 156
131 128 119
150 148 136
123 123 113
154 158 144
180 180 168
199 199 189
 28  31  22
 32  42  33
 69  82  73
 80  96  86
 94 111 101
 70  87  77
 84 101  91
 93 109  99
 75  88  78
 94 106  94
115 125 114
 99 105  95
 82  85  76
 53  53  43
 20  20  10
 18  15   6
 12   8   0
 41  37  26
 92  86  74
127 120 110
 29  25  16
 20  17  10
 35  31  20
 72  65  49
151 143 124
132 123 106
143 135 122
118 112 100
 63  57  45
111 108 101
 17  16  12
 14  13  11
 20  20  22
 21  21  23
 27  27  29
 20  20  20
 20  21  15
 80  82  69
173 171 156
197 191 175
169 160 143
184 177 159
188 182 166
201 195 183
140 133 125
147 145 133
121 119 107
 23  21   9
 59  57  45
146 146 136
138 138 130
 92  92  84
100 102  91
 95  99  84
116 124 103
 83  95  75
109 121 101
117 128 112
151 159 146
159 162 151
134 134 126
149 145 136
140 136 124
123 122 104
141 138 123
  9   5   0
 44  39  33
181 174 166
154 146 133
145 137 118
149 142 116
168 161 132
143 132 100
141 128  96
160 146 117
168 159 130
144 140 111
141 146 124
124 129 109
142 146 129
154 158 141
153 157 140
139 142 123
138 137 117
133 128 108
149 144 124
108 103  84
127 124 109
124 120 108
 28  24  13
 36  34  22
 76  74  62
 88  86  73
 45  49  34
 43  47  33
 70  78  65
 89 100  86
 58  69  53
125 131 119
143 145 134
137 137 127
132 134 123
138 140 129
130 131 123
129 126 119
136 129 121
128 122 108
137 132 113
132 127 108
143 137 121
134 131 116
128 126 114
138 135 126
136 134 122
119 117 105
178 178 168
213 212 207
 27  27  25
  0   1   0
  7  13  11
  0   8   5
 38  44  44
105 106 108
131 127 124
114 107 101
 62  50  38
189 171 149
177 156 125
132 117  88
 16   9   0
121 122 117
113 117 116
 45  51  49
 85  96  92
132 142 141
 75  85  84
 42  52  51
 28  40  38
 76  88  86
109 118 117
112 116 115
123 124 119
152 151 147
126 125 121
131 133 130
130 134 133
117 123 121
118 124 122
108 114 112
116 122 118
 22  27  23
 20  20  18
 23  22  18
  1   0   0
111 112 106
170 172 161
143 145 131
136 134 119
172 166 152
182 175 159
207 200 182
190 185 166
 75  72  57
106 104  91
109 110  96
 90  94  79
118 125 109
140 148 133
 81  87  75
 50  53  42
110 112 101
171 167 156
149 139 130
137 125 113
135 121 108
145 132 115
132 120  96
 94  80  51
135 120  89
124 107  77
116  95  66
122  98  72
123 100  84
 40  21  15
 27  15  15
 27  21  21
 17  16  12
 29  30  24
127 128 123
125 129 106
135 133 112
135 129 107
185 178 159
 68  62  46
127 121 109
114 107  99
143 138 132
110 107 100
 36  33  28
150 145 141
 92  84  81
120 112 110
139 134 131
138 135 130
153 150 143
204 204 196
179 176 167
193 189 180
185 181 172
172 169 160
116 113 106
114 109 106
 71  67  64
 64  63  58
133 136 129
199 201 196
 91  93  92
  7  11  12
 20  26  26
 19  28  27
  1  12   8
 45  54  49
139 145 143
120 124 123
123 129 125
 77  87  79
 75  85  76
124 131 124
139 144 137
131 133 122
168 168 156
187 183 172
 73  66  56
140 133 123
175 171 160
173 170 161
148 145 138
110 111 106
 21  22  17
 56  58  55
 65  70  66
 88  93  89
145 150 144
135 138 131
133 135 124
192 194 181
191 192 178
170 168 155
210 204 190
190 184 170
219 213 197
182 176 162
115 109  95
110 104  88
102  95  79
119 109  97
 79  72  62
 19  16   9
 24  23  19
 19  18  16
 12  11   9
  3   2   0
  6   7   2
 64  65  60
 24  25  20
 14  15  10
 99 100  95
175 176 170
106 107 101
  4   4   2
 14  14  14
 24  24  26
 17  18  20
 10  12  11
 52  52  50
154 153 149
147 144 135
221 218 203
169 163 147
165 159 143
130 124 110
181 175 161
248 242 228
165 161 150
 20  16   7
  9   5   2
 20  19  17
 23  23  23
 11  13  12
 17  22  18
 11  13   8
 31  32  27
127 126 121
151 148 141
 69  66  59
141 138 131
 59  56  51
  2   1   0
 37  36  34
134 133 131
 70  69  65
 32  31  29
 55  54  52
 66  66  64
 82  83  78
 71  74  67
123 126 119
138 139 133
160 159 154
 97  94  89
 12  11   6
  8   9   4
 28  29  24
 39  41  36
 14  16  13
 11  13  10
 32  36  35
  9  18  13
 62  71  66
146 156 148
131 143 133
133 149 139
159 176 168
185 204 198
 81 100  94
119 136 128
 90 101  95
  2   8   4
  1   5   4
 25  31  29
127 136 131
131 140 135
135 142 135
120 124 109
132 126 112
204 191 175
222 205 187
152 137 114
171 161 136
237 230 204
205 199 173
148 142 118
174 168 146
234 223 201
208 196 174
159 147 123
153 146 120
153 147 123
113 108  86
124 123 103
163 164 148
137 141 127
124 126 115
122 122 112
124 121 112
115 112 105
115 114 109
134 135 130
 44  46  43
 14  14  12
 18  17  15
 36  35  33
140 139 135
148 144 141
198 194 191
180 180 178
148 149 144
 53  54  49
  8   7   3
  5   4   0
 90  90  82
163 160 151
181 177 168
156 152 143
143 138 132
162 159 154
173 172 168
172 168 167
 25  17  15
  7   0   0
 26  19   9
183 181 160
224 223 205
216 216 204
157 160 149
115 114 110
 64  63  59
 71  72  67
 52  51  47
 55  51  50
 62  58  57
 82  78  75
 64  61  56
 71  68  63
 69  70  64
 87  92  85
 67  74  66
 49  54  47
  9  10   2
 16  16   6
 48  49  35
121 120 102
 94  91  74
171 168 151
241 238 221
171 168 151
150 147 130
166 164 149
132 130 117
 85  81  70
113 109  97
146 141 122
115 108  89
168 160 141
159 147 131
159 147 135
175 163 151
187 181 169
154 150 138
146 144 131
162 163 147
158 159 143
149 148 130
215 212 195
237 230 212
214 202 186
240 228 206
205 191 165
209 195 166
201 187 160
178 166 144
232 223 208
182 174 163
 28  31  24
 45  47  42
 33  35  32
  0   2   3
 10  14  15
  5   6   8
 22  20  21
184 182 183
 45  45  45
  6   6   6
 13  13  11
  5   4   2
 28  28  26
 77  77  75
 63  65  62
124 127 120
148 152 138
120 124 109
126 130 115
105 111  97
124 132 121
169 172 165
111 111 101
104  98  82
143 136 110
144 131  97
138 123  82
132 113  71
133 115  77
154 139 108
144 134 107
152 144 121
127 122 103
139 134 115
127 124 107
147 144 129
111 109  97
 22  21  16
  1   0   0
 76  75  71
205 205 197
140 140 130
144 144 134
160 162 151
134 134 124
131 131 121
155 152 143
147 144 135
152 150 137
183 181 169
201 201 191
185 187 176
112 114 103
 13  15   4
 14  16   5
 63  65  54
166 168 157
191 192 184
176 177 172
188 188 186
179 180 175
148 149 143
148 149 141
126 127 119
135 138 129
183 184 176
186 187 179
117 122 115
 55  65  56
 72  88  78
 66  83  73
 88 106  94
108 126 112
 68  84  71
 59  73  60
100 111  97
102 110  97
 36  39  28
 19  20  12
 99  99  91
100  97  82
 54  50  38
 25  21  10
 16  13   4
  8   8   0
 13  11   0
 77  73  62
116 112 101
 32  28  17
 26  20   6
137 129 110
170 159 139
119 111  90
138 133 114
143 137 123
128 122 108
 54  51  44
 15  14   9
 23  23  21
 20  22  21
 20  21  23
 32  32  32
 23  23  21
 18  19  14
 13  14   8
 16  16   6
 86  82  70
215 208 192
194 185 168
162 155 136
211 204 186
218 210 197
222 220 207
244 242 229
126 124 111
 73  73  61
132 134 123
146 147 141
149 150 144
 99 100  92
 87  93  81
160 171 157
 97 111  96
111 128 112
163 180 164
139 151 137
154 162 149
152 158 146
133 131 116
162 161 143
132 134 113
117 118 102
  9   9   1
 52  48  45
176 172 169
161 157 146
145 140 121
156 150 126
165 158 130
134 125  94
141 130  98
158 147 115
205 196 167
183 176 150
141 139 116
144 143 122
144 146 125
155 157 136
145 147 126
149 147 126
154 149 127
198 192 168
213 205 182
 75  67  44
140 133 115
149 143 129
106 103  94
114 115 107
128 131 122
 88  91  82
 64  75  61
 38  48  37
  9  20   6
 52  60  45
 87  94  76
130 133 116
128 129 113
127 128 114
134 134 122
140 142 129
137 137 127
135 131 122
138 131 121
134 128 114
145 140 121
 97  90  71
124 121 106
128 126 113
136 133 124
124 121 114
144 141 132
130 128 115
117 118 102
151 152 138
105 107  96
 62  65  58
 65  68  61
 87  92  86
 95  99  98
127 128 130
113 112 110
195 191 188
  8   1   0
118 109  94
203 193 168
161 153 130
 45  43  30
 40  42  37
 30  36  34
104 110 110
146 150 151
 70  74  75
 44  48  49
148 154 154
 15  25  24
 18  28  27
 75  84  83
113 117 116
132 134 133
153 155 154
119 121 120
119 125 123
129 138 137
129 138 137
 93 102 101
 40  49  46
 78  84  80
 41  46  42
 11  12   7
  5   4   0
 36  36  28
129 131 118
 99 101  88
 50  51  37
 69  70  52
 77  74  55
 76  71  52
183 176 158
143 136 118
 56  49  31
139 133 117
141 140 122
 73  76  59
108 115  97
126 135 118
115 123 108
 21  27  15
 97  99  88
137 133 122
143 137 125
132 121 103
134 123 103
142 132 107
134 123  95
119 106  74
141 126  95
156 139 109
137 118  88
 77  55  31
 98  77  60
 78  60  50
 21  10   6
 20  15  12
  1   0   0
 94  93  89
193 192 187
117 118 100
120 119 101
180 174 158
178 172 156
 39  33  19
114 106  95
 90  81  72
160 151 146
106 101  97
 29  24  20
 62  57  51
136 129 123
133 125 122
135 130 126
160 155 149
153 150 141
129 129 119
191 188 179
158 154 145
169 165 154
181 177 166
161 158 149
174 171 164
154 151 146
 87  88  82
154 157 150
167 169 164
135 137 134
 10  14  13
 13  19  17
 20  31  25
 11  22  16
 33  44  38
115 124 119
130 136 132
123 130 123
109 116 108
124 130 120
130 133 124
137 137 127
171 167 155
196 188 175
111 101  91
110 101  92
155 148 140
139 135 126
105 105  97
149 148 143
 91  91  89
  7   7   5
 64  64  62
104 106 103
109 114 110
165 170 164
161 164 157
111 113 102
137 138 124
184 185 169
193 192 174
188 185 168
203 197 181
217 211 195
 73  68  49
103  98  79
122 117  97
149 141 122
169 158 140
189 182 164
187 184 169
165 165 155
162 161 156
104 103  98
 86  87  81
 49  50  44
 18  19  14
 15  15  13
 13  13  11
 18  19  14
133 134 129
122 123 118
 15  17  12
 10  12   9
 15  17  16
 16  18  17
 12  14  13
 42  44  43
142 141 137
158 155 148
149 145 133
139 133 119
147 140 130
131 124 114
164 157 147
230 224 212
215 209 195
181 175 163
 77  72  66
 11   8   3
 37  37  35
 37  39  38
 21  23  22
 26  28  25
  6   8   5
 27  28  23
148 147 143
 37  36  31
 86  83  78
 89  86  81
  9   5   2
 20  16  15
 21  17  16
  4   0   0
 41  37  34
109 108 106
126 126 124
144 145 140
134 137 130
117 120 113
130 131 125
146 145 140
171 168 163
 92  91  87
 11  11   9
  9   9   7
  5   6   1
 20  19  14
 49  48  43
  8   7   2
 19  22  11
114 120 108
113 124 110
137 153 140
143 160 150
129 149 140
 55  74  68
 89 106 100
180 192 188
 43  52  49
 36  42  38
 49  54  50
 46  51  47
144 149 145
132 135 128
116 119 110
156 153 136
201 188 172
215 194 177
183 158 138
182 162 138
170 156 129
228 221 193
226 220 194
195 189 167
218 210 191
236 225 207
237 224 205
183 170 151
 48  40  19
 95  90  70
148 146 125
103 102  84
100 101  85
147 149 135
105 107  94
117 117 107
137 137 129
134 134 126
115 116 110
130 132 127
 89  91  88
 12  14  11
 21  21  19
115 114 110
214 210 207
255 253 250
129 128 124
  4   3   0
 18  17  13
115 114 110
137 136 132
 17  18  13
 50  51  45
144 145 137
199 199 189
183 181 169
159 156 147
165 162 155
184 180 177
188 186 187
 75  73  76
  3   1   2
 11   7   4
 37  38  24
195 195 183
174 175 167
212 218 208
103 102 100
 12  11   9
  1   0   0
  3   1   2
  4   0   1
 10   6   5
 33  29  26
 12  11   7
  0   1   0
 19  21  18
 42  48  44
 10  16  12
  2   4   0
  5   5   0
 42  40  28
150 149 131
134 132 111
214 212 191
161 158 139
151 148 131
210 207 190
206 201 182
183 178 159
227 221 205
176 170 154
 94  89  70
119 113  91
 97  87  62
234 219 196
149 134 115
109  96  79
207 196 178
136 133 116
144 142 127
178 178 166
170 170 160
151 152 144
166 166 158
182 178 169
206 197 188
177 167 155
239 228 210
224 213 191
165 155 130
190 179 157
111  99  83
 63  55  44
146 139 133
 64  64  64
 42  42  44
  9   8  13
 14  13  18
 13  12  17
  8   6   9
 28  24  25
181 177 178
 84  84  82
  0   1   0
 16  18  17
 18  18  18
 17  17  17
 28  30  29
 16  20  19
 17  21  20
 73  80  72
113 119 107
105 111  97
105 111  99
143 150 142
149 151 146
118 115 106
 65  56  39
132 118  91
142 126  90
134 115  73
135 116  73
126 109  66
152 138 103
182 168 141
176 161 140
137 132 112
182 177 158
143 137 121
143 140 125
 44  42  30
 24  24  16
 51  50  46
 77  76  72
201 201 193
150 150 138
158 158 146
134 136 123
140 140 128
149 149 137
172 169 160
162 159 150
145 143 131
172 170 158
192 193 179
157 159 145
110 112  98
 39  41  28
 32  32  24
 10  11   5
 27  28  23
109 109 107
156 158 157
129 131 130
133 135 134
143 145 140
139 140 134
118 119 111
101 104  97
161 164 157
148 151 144
135 140 133
 47  57  49
 84 100  90
 43  63  52
 59  80  65
 91 108  90
 73  86  68
 81  92  76
 69  75  63
 29  32  21
 16  16   6
 19  16   9
 16  11   5
120 113  97
105  99  85
 66  62  50
 43  43  33
 44  46  35
 20  20  10
  4   1   0
 55  51  39
108 105  90
 92  85  67
139 131 110
159 148 126
146 138 117
130 125 105
133 130 113
138 134 122
 61  61  53
  5   5   0
 27  28  23
 17  19  18
 17  21  22
 20  22  21
 22  22  20
 27  28  23
 32  33  28
 14  15   9
 69  65  56
229 221 208
171 163 144
158 150 129
218 210 191
236 224 208
225 223 210
242 240 225
225 226 210
 66  68  54
 96  98  87
129 130 124
177 178 172
 31  32  26
 85  90  83
195 206 198
125 143 131
132 153 138
106 127 112
 83  99  86
166 177 163
182 190 177
116 118  97
139 141 120
137 140 119
112 115  98
 16  16   6
 35  34  30
151 150 148
163 160 153
148 145 130
141 136 114
147 141 115
151 145 113
166 157 124
149 140 107
152 143 114
127 119  96
126 122  97
135 130 108
155 153 132
154 153 132
102 100  77
123 118  96
159 153 129
184 177 151
210 203 175
 91  81  56
 82  71  53
105  97  84
  8   5   0
 81  84  77
148 155 147
109 116 108
 86  99  89
105 118 108
104 116 104
103 112  95
114 117  98
 81  83  62
132 131 111
140 141 125
129 130 116
128 126 114
143 139 130
180 176 167
143 139 128
181 178 163
155 150 131
 97  90  71
120 118 103
140 138 125
121 118 109
147 144 135
158 156 144
180 179 161
173 175 154
210 212 191
179 180 166
173 175 164
136 138 127
132 135 128
108 110 107
141 143 142
115 115 115
137 137 135
 42  41  39
 45  43  31
174 172 151
162 164 143
 79  83  69
  0   7   0
109 118 117
150 156 156
 70  71  73
 10  10  12
110 108 111
148 149 151
 85  94  93
  0   9   8
 22  31  30
104 110 108
134 135 139
124 128 131
130 135 138
125 134 133
118 127 126
128 136 138
 94 102 104
 97 107 106
 27  36  33
  7  12   6
 10  11   6
 38  35  28
110 110  98
132 133 119
 33  34  20
 45  42  33
103 107  84
100 102  80
116 113  94
196 189 171
134 125 108
 35  27   8
148 141 122
188 185 166
187 188 170
140 145 125
138 147 128
130 139 122
 49  53  39
100 102  91
137 135 122
145 144 126
151 143 120
152 145 117
144 137 108
144 135 104
138 127  95
143 130  98
152 137 106
133 116  88
 57  39  17
 98  79  62
123 107  94
 74  64  55
 30  25  21
 53  52  50
121 120 116
178 178 170
 39  41  27
 93  91  78
123 117 105
158 152 140
 69  63  51
140 132 121
132 122 113
112 101  97
102  94  92
 35  30  26
 98  93  87
142 133 128
148 138 136
122 114 111
135 131 122
147 143 132
118 118 108
147 144 135
122 118 107
136 132 120
138 134 122
153 151 138
160 160 148
185 185 177
 81  82  76
 96  97  91
254 255 251
115 120 114
  5  12   5
 18  28  20
 65  76  68
 81  94  85
 20  31  23
 94 105  97
110 120 112
124 131 123
104 110 100
101 104  95
152 152 144
177 173 162
173 165 152
146 134 120
149 137 125
155 145 136
 95  86  79
142 137 131
117 116 111
155 156 151
 54  54  52
  1   0   0
 75  74  72
175 175 173
121 126 122
185 190 184
197 203 193
140 142 131
129 129 117
149 150 134
188 187 167
192 191 171
222 219 202
156 153 138
 79  74  55
 96  91  69
142 137 115
235 227 206
225 214 194
230 222 201
193 188 169
108 106  91
189 189 179
 92  92  82
205 207 196
209 210 202
129 130 124
  5   6   1
 17  18  13
  2   5   0
 60  63  56
 56  57  52
  0   3   0
 18  20  15
 16  18  15
 18  20  17
 14  18  17
  1   1   1
 39  35  34
189 184 178
196 189 179
179 172 162
167 160 152
164 155 150
143 136 128
178 172 160
223 217 203
227 219 206
224 222 210
 69  66  59
  4   3   0
 38  38  38
 78  78  78
 28  30  29
 13  15  14
  9  11   8
 93  95  92
 75  76  71
 22  19  14
105 102  97
 12   7   3
 17  13  10
 15  11  10
 15  11  10
 60  55  51
 89  85  82
149 148 144
132 133 128
154 155 149
122 123 117
126 126 118
129 129 121
133 133 125
137 136 132
133 132 130
 32  30  31
  5   4   0
 45  45  37
 80  77  68
127 123 114
180 178 165
198 200 186
 98 109  93
128 144 131
138 158 147
 82 103  94
 67  86  80
114 129 124
 82  91  88
  0   2   0
 54  60  56
 96 101  97
 96  98  95
141 142 137
142 141 136
140 140 130
194 182 166
208 189 174
143 116  99
140 109  89
169 143 120
189 173 147
226 219 190
199 195 168
173 166 147
208 199 182
229 216 200
147 131 115
 42  29  12
 56  47  30
 46  39  21
123 118  98
145 142 125
105 104  86
104 102  89
136 136 124
 61  62  54
 96  97  91
137 138 132
138 139 134
119 121 116
 53  55  52
  4   8   7
  7   9   8
 78  77  75
109 108 104
140 139 134
 68  67  62
  6   5   1
  8   4   1
 49  48  44
154 153 149
 71  72  67
 19  22  15
143 146 139
128 131 120
 39  41  28
 61  61  49
 89  85  76
143 140 135
157 155 158
144 145 149
 44  45  49
 20  20  22
 10  13   4
128 129 121
174 177 170
121 126 119
  0   2   0
  6   8   7
 13  13  13
 11  11  11
 13  13  11
  7   9   6
 15  17  16
  6  10  11
 23  28  31
 55  65  66
 13  23  22
  4  10   8
 20  20  18
  8   3   0
 84  76  63
199 191 170
142 135 109
166 160 136
171 164 145
130 123 104
138 132 110
162 154 131
148 141 115
227 219 196
230 222 199
154 146 123
146 136 109
126 115  87
161 147 120
 85  71  45
 78  67  47
138 129 112
 58  54  42
 76  73  66
 71  71  69
133 142 141
106 118 116
 91 102  98
148 153 149
172 172 164
185 179 165
223 214 197
234 223 205
137 129 110
226 220 204
152 148 136
 86  83  78
 64  60  59
 15  12  19
 11  10  16
 12  11  17
 16  13  20
 20  15  22
 19  14  21
 17  15  18
 18  18  20
 35  36  38
 11  12  14
 10  11  13
  0   4   3
  7  11  10
 34  40  38
 12  18  14
 61  66  62
 17  17  15
 55  57  52
118 125 117
119 126 118
136 139 132
124 124 116
143 139 130
 90  84  68
 94  86  63
153 140 108
130 112  74
145 124  81
128 107  64
161 143 105
186 173 141
194 184 157
210 205 186
137 134 117
140 141 127
 91  91  81
 14  14   6
 66  67  61
 57  58  52
 76  77  69
122 119 110
154 150 139
149 143 131
168 164 152
191 189 176
214 212 200
216 213 204
220 217 208
210 203 193
142 135 125
140 136 125
130 128 116
135 135 123
137 137 125
 98  98  86
 18  18  10
  4   5   0
 34  34  32
138 140 137
136 141 137
135 140 136
124 130 126
129 136 129
116 123 116
 74  81  73
126 133 125
155 162 154
142 154 144
 55  68  58
 83  99  86
 98 112  97
 84  98  83
 66  80  63
 94 107  90
 87  95  82
 29  35  25
 12  15   8
 16  19  12
 13  13   5
 14  10   1
 36  27  20
116 109  99
108 104  92
 76  74  61
 49  49  37
 61  61  49
 79  77  64
 38  32  18
 65  58  40
139 132 113
 99  91  70
124 116  93
141 134 106
149 142 116
130 123 104
147 141 125
143 143 135
 66  65  61
  6   6   6
 12  12  12
 25  27  22
 19  24  18
  6  11   5
 53  55  52
 55  55  53
 47  46  44
122 117 113
233 223 214
223 210 193
207 192 171
234 219 198
238 223 204
230 227 210
222 220 207
208 208 198
 87  88  82
155 156 151
 82  83  78
 57  58  53
 43  44  39
 84  87  78
218 226 215
147 159 147
107 123 110
144 158 145
 90 100  89
166 174 161
167 173 159
134 137 120
142 145 126
125 128 109
 52  55  36
 20  21   7
 13  13   5
100 101  96
171 172 164
147 148 132
205 203 180
190 186 161
190 184 158
178 171 145
170 163 137
170 162 139
191 183 160
172 168 139
150 146 119
135 131 106
135 131 104
130 125  96
151 144 115
174 165 136
166 155 125
168 157 125
166 157 124
 72  65  39
 42  35  17
 58  50  39
 27  20  10
131 124 116
 95  88  82
 80  81  67
 65  65  53
131 132 116
149 148 128
140 135 113
150 142 119
164 156 137
138 133 114
135 132 115
150 144 128
144 135 118
175 163 147
150 139 121
170 162 141
 88  82  58
133 127 101
110 103  75
164 156 133
153 146 127
126 118  99
176 168 145
231 226 197
203 200 169
163 162 132
186 186 162
136 133 116
159 155 146
111 107 104
 68  66  69
144 145 149
133 134 139
136 137 142
 99 105 101
 36  41  35
 86  89  82
 62  67  60
 36  43  36
 99 109 101
149 155 151
129 134 130
 49  51  46
 63  65  60
139 140 135
131 132 127
134 136 133
 13  15  12
  3   7   6
 75  79  80
135 144 139
124 133 130
131 136 139
129 134 137
119 124 127
166 170 171
179 185 185
 31  41  40
 45  60  57
  5  16  12
  0   1   0
 60  55  51
150 143 133
152 146 130
 84  81  62
116 111  92
161 154 136
118 115  96
 25  22   5
 95  92  77
 56  49  33
 95  87  68
145 137 116
139 135 110
182 180 157
169 168 148
113 116  97
101 105  88
 39  46  30
 76  80  65
125 128 111
149 150 132
130 129 101
131 127  98
147 138 109
148 132 107
153 135 113
142 130 106
143 136 110
128 121  93
127 112  89
143 126 106
 98  83  64
147 136 118
157 148 133
197 189 176
192 185 175
158 154 143
 30  33  22
 12   9   2
 13   5   2
 73  65  62
 69  64  58
132 127 121
139 134 130
109 101  99
 56  48  46
 41  31  29
130 119 113
157 147 137
130 123 107
151 144 125
145 137 118
189 176 157
203 187 172
142 128 115
146 133 124
130 121 112
125 121 112
125 122 115
153 153 145
148 151 140
 65  76  60
143 155 141
215 227 215
 58  70  60
 15  28  19
 11  22  14
 37  47  39
103 109 107
129 137 126
 79  84  78
106 111 105
157 163 153
137 141 127
173 174 160
182 176 164
175 165 153
148 138 126
144 134 122
149 139 129
185 175 166
139 130 121
123 119 110
138 135 130
 88  84  83
 47  47  47
  5   5   3
 71  70  65
209 206 199
149 146 137
183 181 169
203 204 190
176 176 164
165 167 154
165 171 157
149 158 141
189 198 181
223 227 213
128 129 115
 67  64  45
 82  80  57
210 205 176
198 191 163
213 206 178
211 205 179
210 204 182
190 183 165
193 187 171
142 139 122
200 199 181
196 197 181
176 176 164
 39  39  31
  6   7   2
 17  17  15
 39  39  39
 44  42  45
  2   7   3
 16  18  15
 12  12  10
 16  16  14
 16  17  12
 17  18  13
 16  15  11
178 175 168
187 187 175
160 160 148
157 157 149
157 156 151
143 143 133
140 141 127
157 156 138
200 197 182
245 243 228
186 182 171
 26  21  17
129 125 122
158 158 156
 84  86  85
 11  13  12
  8   8   8
109 108 104
126 125 120
 11  10   5
 89  88  84
 31  27  24
 12   8   5
 11   7   4
 52  51  47
 46  46  38
 72  71  66
132 131 126
130 130 122
143 143 133
128 128 118
128 129 121
127 128 120
140 141 133
135 132 125
201 196 190
189 185 174
 81  82  66
101 103  82
170 165 143
201 190 170
193 188 168
205 206 188
 89  96  80
124 140 127
104 126 114
 69  90  81
109 126 120
129 140 134
 88  94  90
  2   4   1
 15  15  15
 24  24  24
137 139 136
122 124 119
129 130 122
203 203 193
203 202 181
142 131 109
136 118  94
171 154 126
124 110  81
186 177 148
164 160 135
191 193 172
154 158 141
169 170 154
157 149 136
103  91  79
 24  16   3
 60  58  45
 63  64  50
 71  72  58
 94 102  81
 71  75  58
 47  49  35
 44  46  33
 98 100  87
 95  98  87
132 133 125
135 136 130
126 127 122
115 115 113
 53  53  53
  8   8   8
 36  36  34
 88  90  87
 68  70  67
 54  56  53
 56  57  51
103 104  99
 96  97  92
143 145 142
104 106 103
  0   4   0
 81  88  80
156 166 155
145 157 143
131 142 128
127 135 122
 93  98  91
 88  94  92
123 128 131
124 129 133
 53  56  61
 30  31  26
140 141 135
150 151 145
180 181 173
 19  21  16
  1   6   2
 20  24  23
 13  17  16
  0   4   3
  3   7   6
  3   9   9
 18  23  26
 35  43  45
  2  10  12
  1  10   7
  6  11   7
  4   5   0
 48  44  32
162 154 135
178 166 144
158 146 122
139 131 108
130 123 104
149 142 123
160 152 131
186 178 157
179 171 150
141 133 112
170 162 141
236 228 207
253 245 222
223 211 185
127 116  88
139 127 101
 40  32  11
 61  55  39
 19  17   5
 50  49  44
160 162 161
127 131 132
 67  76  73
 23  32  27
 69  74  68
118 119 111
172 168 156
237 230 212
243 234 217
190 183 165
159 153 139
150 148 136
147 146 141
108 107 105
  7   7   9
  7   8  12
 13  14  19
 12  11  17
 11   8  15
 11   9  14
 14  12  15
 10  10  12
 16  17  19
  1   2   4
 17  19  18
 32  34  31
 59  61  56
117 122 116
 16  21  17
 22  27  23
 34  36  31
102 105  98
103 108 101
126 131 124
129 132 125
110 111 105
149 146 137
125 119 105
 37  31   9
130 119  91
151 135  99
151 132  90
137 115  74
144 126  88
157 144 112
116 107  78
114 111  92
128 125 110
 73  73  63
 14  15   7
 37  40  33
131 134 127
 52  53  47
 59  60  52
115 112 103
189 185 173
202 196 184
203 197 185
209 205 194
195 193 181
137 135 123
174 170 159
197 195 183
169 167 155
147 145 133
153 151 139
138 139 125
129 129 117
154 154 144
136 136 128
 27  28  22
 11  14   7
 69  74  68
130 135 131
120 126 122
124 130 126
119 126 119
126 133 126
126 136 127
104 111 103
130 137 129
135 145 136
 79  91  79
 93 107  92
103 117 102
 95 109  94
 97 109  95
108 118 107
119 127 116
 46  49  42
  7   9   4
 18  20  15
 10  11   6
 11  10   5
  7   4   0
 49  44  38
122 118 109
116 114 102
 86  84  71
 20  18   6
 48  44  32
 58  52  38
 59  52  34
127 120 101
125 117  98
142 134 111
136 129 101
139 132 103
130 123  97
142 135 116
144 141 132
136 133 128
113 112 110
 62  62  60
  9  11   6
 21  23  18
 15  17  14
 14  16  13
 18  20  17
 23  22  20
 52  47  44
166 157 148
179 166 150
 78  63  44
203 188 169
195 182 165
187 183 171
161 159 147
165 165 157
114 113 108
133 134 129
134 134 132
 96  95  91
155 154 149
 82  82  74
216 219 210
203 211 200
 80  90  79
 92 102  91
 73  81  68
120 124 110
149 151 137
153 155 141
167 170 153
127 130 111
133 136 119
 34  36  25
 26  27  21
108 109 104
127 128 120
122 123 107
200 202 180
168 166 141
143 139 112
214 207 181
199 192 166
162 154 131
168 160 137
180 176 149
190 186 161
178 172 148
133 126 100
126 116  89
145 136 107
147 138 109
157 146 116
153 142 110
157 146 114
116 109  81
110 104  82
115 108  92
 33  23  11
 78  68  56
 72  62  50
106  99  83
108 102  86
 89  86  69
 60  58  37
 85  77  54
126 116  91
115 104  82
140 133 114
124 119 100
138 130 111
159 146 129
181 164 146
179 164 143
199 187 163
188 176 150
158 148 121
195 186 155
198 191 163
213 205 182
149 143 119
232 225 199
158 153 124
128 124  95
158 157 129
123 122 101
163 161 146
122 119 112
 46  45  43
104 104 104
137 138 140
138 139 143
104 105 109
 51  57  55
 31  36  32
 15  20  16
 46  51  47
126 131 127
157 163 161
139 144 140
 74  76  73
 29  31  26
 67  68  63
 99 100  94
145 146 141
127 128 123
 50  52  49
  0   1   0
 54  59  55
117 129 119
127 136 131
130 134 135
124 128 131
113 114 116
165 167 166
121 126 122
  0   3   0
 63  75  73
 31  41  40
 31  33  30
 83  78  72
 93  86  76
 96  90  78
 81  75  61
 89  83  67
138 131 115
120 114  98
 75  72  57
 80  76  64
100  94  80
143 136 117
129 123 101
150 145 123
 87  85  64
 42  41  21
 70  71  53
112 114 100
 85  89  75
105 109  95
128 130 116
124 127 108
106 108  86
140 138 115
138 128 103
150 135 114
 85  70  51
 59  48  28
 70  64  38
 84  79  49
174 162 136
149 134 111
198 186 162
221 210 188
226 215 195
170 158 142
167 157 145
171 163 150
121 122 108
 50  46  35
 78  67  61
143 132 126
109 102  94
134 129 123
152 144 141
114 104 102
 45  34  32
120 109 107
105  96  91
 63  54  45
148 141 123
213 205 184
238 226 204
208 193 172
203 187 171
 98  85  69
102  89  80
130 121 114
 21  16  10
 82  82  74
149 152 143
139 145 135
 48  58  47
125 137 127
 58  70  60
 15  26  18
 15  25  17
  6  13   6
 14  19  13
 94  96  91
132 135 126
127 130 123
147 150 141
127 130 119
141 143 129
156 154 139
167 161 147
120 112  99
141 133 120
153 145 134
159 149 140
162 151 145
141 132 125
 74  70  61
 77  74  69
 41  37  36
 10  10   8
 14  14  12
 57  58  52
211 211 201
225 223 210
205 201 189
163 159 147
182 180 168
156 157 143
162 169 153
153 164 147
127 138 122
218 226 213
 97 101  87
 16  14   0
139 136 117
173 167 141
161 155 129
186 180 154
196 190 166
217 211 189
212 205 187
200 193 175
195 190 171
197 194 175
176 175 157
183 184 170
 66  67  59
  6   7   2
 12  12  12
 23  23  25
 14  14  16
 16  18  15
 28  28  28
 13  13  13
 12  12  10
 21  22  17
 17  18  13
 22  23  18
142 142 134
137 137 127
138 138 128
149 150 145
134 134 132
133 134 128
150 150 138
128 126 111
186 184 169
232 233 219
208 205 196
115 112 107
149 148 144
140 141 136
106 108 105
 11  11  11
 22  20  21
148 147 145
 67  66  62
  1   2   0
 83  84  79
 39  38  34
 14  13   8
 18  17  13
 73  72  68
 10   9   4
 58  55  48
140 137 130
139 139 131
132 133 125
133 134 126
132 132 124
127 129 118
127 129 118
181 178 169
181 177 168
186 182 171
203 204 188
251 254 233
218 217 196
157 152 130
152 149 130
160 161 143
 88  99  83
 87 105  93
 61  84  74
119 140 133
117 132 125
120 130 122
128 130 125
 38  39  34
 20  20  18
 42  44  43
126 131 127
142 147 140
165 167 156
101  99  87
207 206 186
140 132 111
 95  80  57
155 138 112
145 130 101
178 167 139
187 181 155
173 171 150
159 160 142
133 131 116
136 130 116
153 143 131
129 121 110
 87  85  73
102 102  90
110 112  99
 69  76  60
 85  89  74
108 110  96
 68  70  56
 99 101  87
117 119 106
117 119 108
132 133 125
123 124 118
131 132 127
127 127 125
 61  61  59
 17  19  16
 75  77  74
118 122 121
129 133 132
136 138 133
114 114 112
121 121 121
134 136 135
131 135 134
 19  25  23
 15  21  17
 88  97  92
 44  56  46
 34  46  34
 65  75  66
 52  59  52
 84  90  86
 92 101 100
 93  97  98
 15  16  20
 18  20  15
 61  62  57
159 160 152
157 159 148
 31  36  30
102 107 103
105 111 109
 64  73  70
 37  46  43
 37  46  45
 58  66  68
 94 104 105
 39  49  48
 16  25  24
 24  28  27
 23  24  18
 45  43  31
100  95  76
155 144 122
110  96  70
170 156 130
135 124 102
134 126 107
144 137 118
159 151 132
167 158 141
177 168 151
147 138 121
145 138 120
145 138 120
208 199 182
185 174 154
141 129 105
144 134 109
120 113  94
 59  53  39
 37  35  22
182 178 169
161 153 150
 67  59  56
 59  52  46
 82  78  69
106 104  92
168 166 153
127 124 107
242 235 217
221 214 196
221 214 196
139 133 119
128 126 114
151 150 145
 85  85  83
  8  10   9
 15  16  18
  2   3   7
  4   5  10
 13  12  17
 19  17  22
  5   3   8
 14  14  16
  4   4   4
 44  44  44
 64  64  64
123 124 119
166 167 161
116 117 111
  5   7   2
  0   2   0
 40  43  36
136 139 132
129 132 125
138 140 135
110 113 106
107 108 100
112 112 102
144 142 129
 74  69  50
 80  73  47
151 136 103
145 127  87
148 129  87
137 119  81
138 125  91
110 101  72
 75  74  56
143 141 129
 20  21  15
  6   8   3
 22  27  21
125 130 124
 86  87  82
 28  27  22
129 126 117
182 176 164
201 193 182
201 193 182
220 214 202
185 183 170
125 123 110
170 168 155
143 143 131
176 176 166
181 181 169
153 154 140
145 146 132
162 162 150
156 157 149
172 173 165
117 118 110
102 105  96
 47  52  45
 84  91  84
140 147 140
123 130 123
115 122 115
119 126 119
109 116 108
 97 104  96
112 119 111
 87  95  84
105 116 102
116 128 114
 98 111  94
124 136 122
 92 102  91
 35  42  34
135 140 134
 88  90  85
  5   6   1
 13  13  11
 18  18  16
 12  12  10
 26  27  21
 11  10   5
 22  19  14
 42  40  28
110 108  95
 84  80  68
 20  13   3
  9   1   0
 84  77  59
115 108  89
123 115  96
144 136 115
131 124  98
134 127  98
141 134 106
149 138 116
141 135 123
131 124 116
167 162 158
131 130 126
 13  12   8
 23  24  19
 17  17  15
 19  19  19
 24  26  25
 14  14  14
 14  13  11
 44  37  31
130 118 106
 91  78  62
144 131 115
232 220 206
140 135 129
147 144 137
160 157 152
139 138 134
109 109 107
151 151 149
164 163 159
162 159 152
122 119 112
160 160 152
241 242 234
156 159 148
 37  40  29
 98 100  87
152 153 139
173 171 156
162 164 150
129 130 114
144 145 127
145 149 134
 82  88  78
  4   9   5
 35  37  32
 32  33  25
128 131 114
186 189 168
168 168 144
176 172 147
184 178 152
207 201 177
227 221 199
229 223 201
155 150 128
152 148 123
171 163 140
156 146 121
209 197 171
205 194 166
213 202 174
192 181 151
165 154 124
153 144 113
102  95  67
134 128 104
149 141 122
119 106  89
 96  80  64
101  86  67
 96  81  60
140 127 108
109 101  80
 67  59  36
104  92  66
134 120  93
179 165 139
157 146 124
142 134 113
154 143 123
147 130 110
164 144 120
191 174 146
167 152 123
134 119  90
150 136 109
189 178 146
221 212 183
198 191 163
252 247 218
218 213 184
145 140 111
217 213 186
160 158 133
161 160 140
 90  88  75
 22  21  16
109 109 109
143 145 144
123 125 124
 51  55  54
  6  10  11
  2   8   8
  3   9   9
 17  23  21
 12  16  15
 58  62  61
103 107 106
 43  45  44
 96  98  95
136 137 132
197 198 192
142 143 137
121 122 116
139 140 134
 54  55  50
 12  14   9
 74  76  71
 98 110  98
133 140 132
129 131 128
151 151 151
136 135 133
215 214 210
130 131 126
  0   4   2
 20  32  32
 44  54  55
 82  84  81
109 104  98
 53  46  38
 17  13   2
 61  55  43
148 138 126
217 211 197
127 121 109
149 145 134
 94  90  79
 61  58  43
133 128 109
132 130 109
145 143 122
148 145 126
 54  53  35
 83  81  66
 94  95  81
 90  92  79
130 132 119
120 124 109
115 119 102
 77  79  65
 91  90  72
 76  69  50
116 104  88
 23  11   0
 33  22   4
116 109  83
181 172 143
161 150 122
127 113  86
145 131 104
 91  75  49
129 113  88
 86  69  49
156 141 122
154 141 124
165 163 142
125 116  99
134 117 107
157 140 132
140 130 120
140 133 125
103  96  90
120 106 103
126 111 108
 78  64  61
  8   0   0
 99  92  82
211 203 184
211 199 175
127 112  89
128 113  92
108  95  78
 31  19   3
 17   9   0
100  93  85
113 110 105
 89  90  84
135 138 129
124 131 123
 59  66  59
 14  23  18
  9  20  14
 12  21  16
  8  14  10
 52  54  49
124 125 117
139 139 127
196 196 186
190 190 180
174 176 165
129 131 118
147 148 132
117 114  97
146 139 123
155 148 132
146 140 126
167 161 149
179 170 163
139 130 125
152 147 141
138 135 130
158 154 151
 69  65  64
 17  17  15
  9   9   7
 77  76  71
193 193 183
207 205 192
217 214 199
211 205 193
191 187 175
196 194 179
198 202 185
116 127 110
147 159 145
110 122 110
 33  41  28
 80  82  68
189 188 170
180 176 151
176 172 147
218 214 189
207 201 179
204 197 178
212 205 187
196 189 171
201 194 176
204 199 179
209 208 188
184 185 169
 85  86  78
  3   4   0
 25  25  25
 33  33  35
  5   5   7
 86  86  84
 93  93  93
  6   6   8
 19  19  17
 19  20  15
 13  14   9
 19  20  15
158 159 153
197 198 190
136 137 131
 97  97  97
137 138 140
143 143 141
137 138 130
140 140 128
182 180 167
212 214 200
141 141 131
139 136 131
137 136 131
114 113 108
 58  57  53
 10   8   9
 15  13  14
 76  74  75
 43  42  40
  0   1   0
106 107 101
 27  28  22
 17  18  12
 42  41  37
 61  60  56
 42  41  37
168 165 160
188 185 178
134 135 127
137 138 130
145 146 140
131 131 123
146 146 136
138 138 126
118 118 106
189 185 176
150 146 135
117 115 100
167 170 149
181 183 161
146 144 123
170 169 151
 87  91  76
100 112 100
103 125 113
 90 116 107
100 121 114
138 149 143
123 128 121
141 142 134
139 138 133
 42  43  38
 47  49  46
128 133 127
162 168 158
119 121 110
 70  68  56
207 206 188
212 205 186
 74  62  40
146 130 104
147 132 103
158 144 115
151 142 113
128 122  98
151 148 129
139 136 121
137 131 117
146 140 128
163 157 145
142 140 128
138 138 128
162 164 153
153 157 142
115 117 103
220 221 205
197 200 183
209 212 195
180 182 168
133 135 124
127 128 120
132 133 125
125 128 119
140 141 136
 94  94  92
  9  11   8
 12  16  15
 18  22  23
 82  86  87
102 104 103
 19  19  21
 35  34  39
 81  85  86
106 112 110
 83  89  89
 18  23  26
 68  77  76
 87  98  94
 46  57  49
 72  82  73
 76  83  75
 82  89  82
 66  73  66
 77  82  78
  0   0   0
 34  36  31
 22  23  18
 44  44  36
 45  47  34
103 108 104
104 109 105
 23  28  24
 70  76  74
 43  52  49
 63  72  71
117 125 127
143 152 151
 94 103 100
 50  56  52
 60  60  58
 67  64  59
129 122 112
 80  73  55
125 114  92
138 126 100
150 140 113
127 116  94
141 133 114
150 143 124
144 137 119
140 133 117
154 144 132
161 153 142
158 155 140
143 140 125
125 117 104
140 128 114
180 169 151
174 163 141
151 143 122
135 127 108
141 135 113
159 146 127
 68  45  31
 86  56  45
169 140 126
129 106  88
141 124 104
199 187 163
 94  83  61
225 217 196
240 233 214
216 211 192
130 124 108
137 133 121
 79  79  71
 81  82  77
 99 101  98
 91  93  92
 78  79  81
 15  16  20
 13  14  18
 84  83  88
 49  48  53
  8   8  10
  5   7   6
 42  42  42
 71  71  69
138 138 136
104 105 100
142 143 137
 33  34  28
  7   8   3
 25  27  22
117 119 114
135 137 132
117 119 114
161 166 159
143 146 137
115 117 106
120 121 107
162 161 143
 45  39  17
118 107  79
150 134  98
141 123  83
144 129  90
124 111  77
164 155 126
 95  96  80
 77  77  67
 14  15  10
  4   9   5
 67  72  66
164 166 161
 46  47  42
 62  59  54
143 140 131
198 192 180
182 174 161
216 208 195
218 212 200
184 182 169
220 221 207
211 212 198
157 161 147
136 140 126
171 175 161
164 166 153
145 147 134
156 158 147
178 181 172
117 120 111
128 129 121
142 143 135
124 127 118
 52  55  48
 75  78  69
 99 100  92
108 111 102
 97 103  93
101 107  95
100 106  94
126 132 122
113 121 110
132 143 129
113 124 108
108 119 105
132 140 129
 77  84  76
  0   2   0
 54  56  51
117 117 115
 10   9   7
 21  20  18
  9   9   9
 18  18  18
 16  18  15
 14  15  10
 24  23  18
 10   7   0
 25  23  10
105  98  88
 96  87  78
 66  56  44
116 108  89
 38  30   9
100  92  73
143 135 116
132 124 103
145 138 112
146 136 111
146 134 110
149 141 122
153 146 130
166 160 148
120 116 107
 18  13   7
 26  23  18
 30  29  27
 20  20  20
  8   9  11
 22  23  25
 26  24  25
 15  10   7
 42  33  26
133 123 113
194 184 172
225 217 204
175 172 165
181 178 173
148 147 142
157 156 152
121 121 119
135 135 133
133 134 129
151 151 143
158 155 148
110 107 100
195 195 187
235 235 225
122 123 109
107 105  90
167 166 148
145 144 126
135 136 120
112 111  93
105 106  88
133 137 123
116 123 115
 19  24  20
 19  21  18
 19  19  11
122 123 109
190 192 171
132 131 110
155 153 130
165 163 140
208 206 183
202 200 179
204 201 182
240 235 215
164 159 139
138 132 110
159 148 126
185 173 149
188 176 150
220 208 182
236 225 197
251 242 213
208 201 173
165 160 138
101  96  76
127 118 101
134 121 102
158 142 119
144 126 102
148 129  99
124 107  81
150 134 111
121 105  80
146 129 103
179 159 132
169 152 126
129 114  91
171 159 137
221 209 187
220 204 181
226 206 179
156 137 105
132 116  83
128 113  82
166 152 125
208 197 167
171 162 133
118 111  83
141 135 109
194 190 163
202 198 173
176 172 147
163 158 136
 62  59  42
 24  22  10
 83  82  78
104 106 105
 87  91  90
 43  48  44
 58  64  62
 50  56  54
  5  11   9
 24  30  28
 16  22  22
  4  10   8
 19  23  22
  2   7   3
 42  44  41
133 135 130
131 132 126
198 198 190
138 138 130
129 130 122
142 143 135
 73  74  68
 32  33  28
136 138 135
118 128 117
113 118 111
148 148 146
223 222 220
243 239 236
219 214 208
162 159 154
  9  11   8
 16  27  23
 24  34  33
 70  74  73
 40  36  33
 10   5   0
 47  43  34
 82  75  65
 86  76  66
184 178 164
123 116 108
 76  71  67
  6   1   0
 56  52  41
151 148 131
127 124 107
139 137 122
146 144 131
120 118 105
102 102  90
 34  34  22
 80  82  69
137 139 125
132 134 120
 52  53  39
  3   0   0
 48  45  30
144 139 120
123 118  99
 81  72  57
127 114  98
128 110  88
114  92  68
109  85  59
 97  76  47
123 102  73
110  89  58
134 111  80
159 135 109
147 125 102
142 121 100
142 135 107
 75  60  39
 92  71  54
 60  38  25
145 129 116
126 116 104
 93  83  73
123 109 100
 92  75  67
 26  11   4
 77  67  58
202 194 181
196 188 167
 89  77  53
113 101  79
114 101  84
 42  35  19
 52  46  32
 49  45  33
 20  17   8
129 129 121
151 152 146
136 139 132
 54  56  51
 63  68  64
 82  88  86
  0   6   3
 13  22  17
 61  66  59
 88  88  78
144 141 126
177 174 157
189 186 169
202 199 184
187 185 172
118 116 103
115 112  97
127 120 104
150 143 125
156 149 133
156 150 138
172 165 155
157 150 144
139 134 130
147 143 140
184 183 181
 68  66  67
 14  13  11
 23  23  21
  1   0   0
 73  70  65
223 221 209
197 195 182
211 208 193
242 236 222
184 178 162
177 174 155
220 223 204
156 165 148
102 114 100
 27  39  27
 55  63  50
171 175 161
208 209 195
206 205 184
169 167 146
180 177 158
207 201 185
207 201 185
213 206 190
199 192 176
201 194 178
186 183 166
200 199 181
181 182 168
123 123 113
 15  16  11
 14  14  14
 20  20  22
 15  15  17
124 124 122
101 101 101
  7   7   7
 16  16  16
 12  12  10
 15  14  12
 16  15  13
 74  73  69
 61  62  56
 17  18  13
  0   0   0
 70  70  70
148 148 146
138 139 131
150 150 140
158 158 148
189 191 178
135 135 125
131 128 121
148 145 140
123 120 115
 11   8   3
 22  18  17
 13   9  10
 43  41  42
 89  89  87
  1   2   0
 93  94  86
 27  28  22
  0   1   0
 60  59  55
 54  53  49
 60  59  57
194 193 189
169 168 163
 95  96  88
137 139 128
136 138 127
145 145 135
136 136 124
137 139 126
121 121 109
158 156 144
125 121 110
104 102  87
109 110  92
147 146 128
109 106  89
151 152 138
107 115 102
 94 111 101
127 153 142
 85 111 102
102 121 115
126 137 131
135 138 131
143 143 135
143 140 133
 54  53  49
 12  14  11
 61  66  60
115 121 111
150 152 139
168 166 154
244 242 227
220 215 196
 87  76  54
150 136 110
142 128  99
139 125  96
132 121  93
141 133 110
138 132 116
133 129 117
139 137 125
124 122 110
122 120 108
106 104  92
 49  47  34
 19  20   6
 73  74  56
138 137 119
153 154 138
147 150 131
159 163 146
135 139 124
125 127 116
117 119 108
 99 101  90
133 134 126
154 155 149
112 113 108
 21  23  20
 45  50  46
 34  38  39
 14  18  21
 19  20  22
 41  41  43
 55  55  57
 62  63  65
102 108 108
146 150 151
 88  92  95
 41  45  48
 66  72  72
 35  42  35
 33  39  29
 85  91  77
119 125 113
 85  91  81
 86  88  83
 58  57  55
123 124 119
 78  79  73
 32  32  24
114 114 104
148 154 154
 35  39  38
  5   7   6
 25  27  26
 47  51  50
 39  45  43
104 110 110
106 112 110
 43  49  45
  3   8   2
  9   8   4
 71  66  62
 84  75  70
 25  16   7
 66  57  40
134 126 103
155 149 125
145 139 117
130 123 105
143 140 123
120 117 102
144 138 126
155 148 138
159 155 144
174 172 159
139 137 124
152 146 134
169 159 147
146 134 118
178 167 147
207 195 171
138 123 100
165 150 119
171 146 116
168 131 105
 95  49  25
141  95  71
133  93  67
134 105  75
221 200 169
143 126 100
163 151 127
250 242 221
254 247 229
190 185 166
 58  55  40
 43  40  31
 52  53  47
143 144 139
121 121 119
145 145 145
 45  47  46
  2   3   5
 28  29  31
 18  19  21
  4   5   7
  7   9   8
  4   6   3
 53  53  51
 79  78  76
 19  20  15
 73  74  69
113 114 108
 23  22  17
  0   2   0
 66  68  65
134 135 130
104 106 101
139 144 137
132 138 128
129 132 121
 99 101  87
130 131 115
 73  70  51
137 130 104
159 144 111
139 124  85
127 113  76
138 127  95
111 101  74
 81  84  67
 49  51  40
  1   3   0
  6   8   5
144 146 141
153 156 149
 43  42  37
 72  69  62
146 144 132
229 225 213
176 170 156
197 191 177
174 168 154
190 188 175
187 187 175
169 171 160
173 177 163
125 129 115
142 146 132
144 147 136
128 131 122
123 126 117
128 131 120
130 133 124
131 132 124
129 128 123
141 140 135
118 115 108
 40  37  30
 99  96  87
124 124 114
128 130 119
129 133 119
105 109  95
108 111 100
127 135 122
116 127 113
 96 107  93
100 108  95
133 139 129
 54  60  50
  7  10   3
 28  29  24
 88  87  83
 27  23  22
 14  13  11
 19  18  16
 20  19  17
 14  14  14
 17  17  15
  8   7   2
 23  23  13
 38  36  24
 27  20  10
111 101  91
158 144 131
 94  81  64
 23  12   0
122 114  95
144 135 118
135 126 109
147 138 121
136 125 105
114 102  78
120 111  80
148 138 113
142 131 113
 60  50  38
 40  31  22
 29  22  16
 16  11   7
 24  23  21
 13  13  15
 19  20  24
 21  20  25
 28  23  27
 20  15  12
 48  41  35
201 194 184
225 218 208
210 210 202
214 213 208
172 173 168
147 148 143
144 145 140
 97  98  93
103 104  98
116 116 108
172 169 162
150 147 140
 58  55  48
179 176 167
184 181 166
141 138 119
159 157 136
148 147 127
148 147 127
127 126 106
143 144 128
146 149 138
114 121 114
 18  24  22
 14  16  15
 44  43  38
147 143 132
202 196 180
187 182 163
185 183 162
141 140 119
213 217 194
207 210 189
184 185 167
197 194 175
221 216 197
139 132 114
155 148 129
208 200 179
205 194 172
181 169 147
198 188 163
213 207 183
254 249 229
156 153 138
  9   5   0
 53  45  32
 89  78  60
 92  76  53
177 160 134
145 127  91
181 162 130
170 150 123
134 112  88
143 122  95
181 157 131
128 106  82
166 148 124
211 196 175
230 215 194
250 234 209
254 237 209
221 205 172
183 168 135
194 181 149
155 144 114
 88  81  53
 89  82  56
131 123 100
141 135 111
127 125 102
108 103  83
164 157 138
 87  81  65
 33  29  17
 30  27  18
 22  21  16
 45  46  41
 79  84  80
 25  31  27
 79  85  81
 74  79  75
 32  39  32
 28  34  30
 24  29  25
 26  31  27
 15  20  14
 19  24  18
 16  21  15
 42  45  38
 98  99  93
124 124 116
135 136 128
139 140 132
127 128 120
135 136 128
 46  47  42
 17  17  15
 94  99  92
108 111 104
141 140 136
240 239 234
224 219 213
243 236 230
195 188 182
  4   5   0
 18  25  18
 76  85  80
 51  56  52
  2   1   0
 27  24  17
112 108  97
 96  90  78
143 133 121
130 124 110
 80  73  67
 14   8   8
 12   8   5
 78  75  66
160 158 145
152 150 138
130 127 118
133 130 121
145 145 135
132 132 124
125 126 118
132 134 121
127 128 114
134 132 119
 48  44  33
 19   8   4
 32  23  14
123 120 103
144 143 123
128 121 103
 45  26  11
 92  61  43
113  75  56
142 102  77
129  95  68
137 108  78
160 131 101
138 109  77
129  99  71
148 121  94
200 174 151
169 155 126
 96  76  51
 66  41  19
 90  67  49
132 115  99
137 124 108
143 127 112
135 117 103
 92  74  60
 78  62  49
193 181 165
182 173 156
119 108  90
111 100  82
127 115  99
 36  24  12
 52  50  38
 67  65  52
 78  76  61
 40  38  25
 34  31  22
158 158 150
134 133 128
117 118 113
114 116 113
 38  42  43
 39  45  45
 39  45  41
150 153 142
174 173 155
209 204 182
172 166 142
171 165 143
224 217 198
168 165 150
120 116 104
123 117 105
118 111  95
151 142 125
133 126 110
156 149 139
150 146 137
125 120 114
139 136 131
129 129 127
 82  83  85
 15  15  17
 21  19  20
 15  15  13
 18  14  11
 51  46  42
140 136 127
221 217 205
224 221 204
212 205 187
169 162 143
183 181 158
176 180 157
193 200 182
 63  71  56
 17  25  14
123 129 119
147 150 139
149 151 138
174 177 158
178 179 163
130 128 115
139 137 125
184 182 170
231 227 216
215 209 197
205 199 187
143 139 127
166 164 151
191 189 177
169 166 157
 61  60  55
 14  13   9
 10   8   9
 34  32  33
143 143 141
 95  95  93
  7   7   7
 14  14  14
 13  13  13
 16  14  15
 13  11  12
  9   7   8
  0   0   0
 12  12  10
 15  16  11
 31  32  27
148 149 143
133 134 126
160 162 151
184 184 174
167 167 155
148 145 136
128 123 117
147 142 136
122 117 111
 21  18  13
  8   4   1
 11   9  10
 45  43  44
143 143 141
 15  14   9
 99  99  91
 21  21  13
 22  21  17
 73  72  68
 17  16  12
  8   8   8
 10   8   9
  9   8   6
 64  65  59
134 136 125
121 123 110
151 151 139
124 124 112
136 137 123
138 139 125
130 130 118
141 138 129
135 133 121
129 127 114
123 119 107
156 150 138
122 125 116
104 116 106
 82 105  95
 72 102  92
 83 110 101
112 131 125
111 122 116
150 153 146
195 195 185
156 153 146
122 121 119
 17  19  16
 70  72  67
106 109  98
220 220 208
115 112 103
227 224 207
243 236 218
158 147 127
131 119  93
143 132 104
135 125  98
113 105  82
133 128 109
132 130 117
122 124 113
130 131 123
131 133 122
 95  96  82
109 107  92
142 139 122
 99  94  75
 59  55  30
106 104  83
113 112  92
110 113  94
113 120 102
107 113  99
 84  90  80
 71  74  65
 75  76  68
 99 100  92
 75  76  70
 61  62  57
 21  23  20
 14  16  13
 12  14  13
 14  15  17
 94  95  97
138 138 138
112 112 112
 79  79  79
107 109 108
103 105 104
101 101 101
 41  39  42
 88  86  87
 41  40  35
 59  60  46
136 137 119
157 160 143
134 136 123
 77  78  70
 84  84  76
146 145 140
108 107 102
 83  82  77
 96  93  88
131 137 137
 16  20  21
 15  15  15
 37  37  35
 49  51  48
  8  13   9
 52  54  53
  4   6   5
  3   5   2
  4   5   0
 40  39  34
 95  92  87
 15   7   5
  9   2   0
 35  31  19
110 107  90
115 114  96
126 124 109
121 122 108
130 132 118
115 117 103
130 128 115
170 166 155
141 137 126
172 170 157
140 138 125
143 140 125
151 144 128
111 102  85
162 151 129
189 175 149
147 131 105
165 145 110
140 111  79
167 126  96
183 136 106
166 121  90
184 145 112
103  72  41
133 107  80
192 172 147
107  92  71
214 203 185
237 230 212
243 236 220
 77  71  57
 14  12   0
 51  53  42
144 145 139
167 168 162
133 135 130
 59  61  60
  3   7   8
  6   7   9
  7   8  10
 10  11  13
 14  15  17
 24  26  25
  8   8   6
 24  24  22
 30  32  29
 27  29  26
135 137 132
 92  93  87
  1   6   2
 50  52  49
133 134 129
124 127 120
135 141 131
133 139 129
126 132 120
138 142 128
138 141 124
114 113  93
 77  71  49
201 190 162
151 136 103
126 113  79
140 129 101
 73  62  42
 36  38  24
 46  47  39
 40  42  39
 74  76  75
173 175 170
 94  95  89
 23  23  15
 29  26  17
135 133 120
182 179 164
167 161 147
180 174 160
156 150 138
200 198 186
185 185 175
162 165 156
143 149 135
140 144 130
127 129 118
131 132 124
118 119 111
133 134 126
125 126 118
128 128 120
133 132 127
136 133 128
129 126 121
130 125 121
 90  83  77
 68  61  55
116 109 101
144 137 127
119 119 107
118 118 106
 99 101  88
120 124 110
121 127 115
111 119 108
113 119 109
127 133 123
113 116 107
 41  42  36
 21  20  16
 73  69  66
 16  12   9
 17  13  10
 34  33  31
 19  17  18
 21  23  22
 17  18  13
 21  20  15
 24  24  16
 53  50  41
 54  48  36
 84  74  62
134 121 105
111  98  81
103  92  72
161 153 132
133 126 108
133 125 112
145 135 123
136 125 107
172 160 136
206 193 158
198 185 151
125 111  84
 90  75  56
116  99  89
134 121 113
 70  61  54
 18  13   9
 23  21  24
 18  17  23
 19  18  24
 19  18  23
 20  18  19
 16  15  11
140 137 132
183 178 172
166 166 158
155 156 150
141 142 137
131 132 126
140 143 134
117 118 110
138 137 132
112 109 102
156 153 144
161 158 151
131 128 123
 65  60  54
219 215 203
202 199 180
178 176 153
155 153 130
130 130 106
110 109  89
142 143 129
148 151 142
137 143 139
 95 101  99
  6  10   9
 56  55  51
147 143 134
215 207 194
156 149 133
147 144 125
184 186 165
203 208 188
186 191 171
173 178 158
183 180 165
210 204 188
181 174 156
199 192 174
198 191 173
235 226 209
213 205 186
201 193 172
179 174 154
192 190 175
 76  76  66
 16  13   6
 26  22  11
 30  21   4
 98  84  58
180 163 133
182 167 126
192 174 138
176 155 124
217 193 167
173 147 122
137 111  86
143 119  93
136 118  94
145 130 107
183 168 147
210 194 169
229 212 184
206 190 157
189 176 142
188 179 148
 89  82  53
 76  72  47
101  95  73
112 106  84
119 114  94
143 142 122
 76  73  56
 62  56  42
 74  68  56
 85  81  70
 90  87  78
 98  95  88
 99  98  93
 52  55  48
  2   7   1
  0   3   0
  0   1   0
 10  15   9
 41  46  39
 15  18  11
  6   7   1
 11  12   7
 44  47  40
 48  51  44
  8  11   4
 10  11   5
 69  70  64
131 132 126
133 134 126
128 131 122
134 135 127
 95  96  90
  7   6   2
  0   1   0
 48  47  42
135 134 129
179 176 169
225 221 212
237 230 220
202 195 185
 25  22  13
 80  83  76
 36  41  35
 47  49  44
 34  35  27
107 107  95
160 158 143
 86  83  66
130 123 107
111 105  91
 15   8   0
 22  17  14
 11   8   3
 94  91  84
146 143 134
143 140 131
139 136 129
134 133 128
140 139 135
139 138 134
118 117 113
121 122 114
131 131 121
120 116 107
 16   9   3
 35  21  18
 36  27  20
109 107  94
136 139 120
 61  60  40
 63  46  30
128  91  75
149 100  83
122  74  52
 87  46  18
103  69  41
122  91  62
121  87  59
 99  65  37
112  78  51
178 146 121
135 118  88
114  90  62
108  80  56
119  94  72
126 108  88
148 131 113
133 114  99
 97  74  58
133 112  95
 86  71  52
137 124 105
160 149 131
 99  87  71
184 174 162
 45  35  25
 33  23  14
 30  26  15
 63  57  45
102  94  81
 82  76  60
 90  87  72
182 178 167
171 168 159
103 102  97
113 115 112
 73  77  78
 58  62  63
 54  56  53
192 192 182
225 224 204
211 207 180
172 167 137
183 173 146
168 160 139
163 155 142
124 117 107
139 132 122
148 142 128
147 140 124
153 145 132
155 148 138
141 137 128
130 130 122
128 129 124
 45  47  44
  4   5   7
 16  17  19
 18  18  20
 14  13  11
 15  11   8
 34  29  25
 24  21  12
169 167 152
220 215 196
179 172 153
191 185 163
220 218 193
155 157 133
157 160 139
 73  75  61
 16  19   8
135 141 131
192 198 188
143 146 135
102 106  92
165 167 156
144 146 135
 99  99  91
119 118 113
161 158 151
172 169 162
179 177 165
146 144 132
129 127 115
194 191 182
169 166 159
 66  63  56
 14  13   8
 22  21  17
 69  68  66
125 125 123
 12  12  10
 10   8   9
 15  15  15
 15  15  15
 16  16  18
 20  18  21
 17  15  20
 15  15  17
 12  12  12
  3   4   0
  5   6   0
102 103  95
145 146 138
143 143 133
154 154 142
164 162 150
172 168 157
149 145 136
144 139 133
205 202 193
137 134 127
 35  34  29
  6   5   3
 41  39  40
104 103 101
 36  35  30
111 111 103
 14  11   4
 53  52  48
 33  32  30
 15  14  12
 16  16  14
 16  16  14
  2   2   0
111 112 106
147 148 140
155 157 146
174 174 162
129 130 116
118 119 103
142 143 129
136 136 124
117 117 109
126 123 116
127 124 115
131 127 118
138 134 125
133 143 135
 82  99  91
 60  86  77
 57  87  77
 92 119 110
113 130 122
116 123 116
161 162 154
152 149 140
147 144 137
108 107 105
 22  22  22
  5   7   2
 44  45  37
221 221 209
165 163 151
205 200 181
247 240 221
174 166 143
130 123  97
144 138 112
117 112  90
140 139 121
135 138 127
122 129 121
124 133 128
115 125 117
135 141 131
178 182 167
121 120 100
139 134 112
146 138 115
143 138 109
133 129 104
109 107  86
133 136 115
 82  89  71
139 147 134
136 141 134
125 127 122
 78  79  73
 11  12   6
  3   4   0
 18  20  17
 23  25  22
 33  35  32
 25  27  24
  1   1   0
 48  50  47
145 146 141
100  99  95
 22  21  17
 42  43  38
 83  82  78
117 113 110
 77  71  71
 75  70  67
 89  84  78
128 125 110
116 114  93
 85  84  63
 56  55  37
 93  91  78
 63  61  49
121 118 109
 89  86  79
 70  67  60
 71  68  63
 45  51  51
 40  44  45
 43  45  44
 16  18  15
  0   2   0
  6   8   5
  1   3   0
 23  23  21
 14  15  10
 42  43  37
121 122 116
 42  41  37
  9   8   4
  8   7   3
 13  12   7
 64  65  57
 21  24  15
 20  26  16
 38  45  37
 89  97  86
121 127 115
152 153 139
151 149 136
153 151 136
175 173 158
149 147 132
136 133 116
140 135 116
201 195 173
184 173 151
174 162 136
157 143 117
142 119  88
159 132 103
108  77  49
137 104  73
146 115  84
146 119  89
102  78  52
113  92  71
160 141 124
157 141 125
232 221 203
197 190 172
160 153 137
 27  21   7
 72  70  58
145 145 133
149 150 142
 52  55  48
151 156 150
 56  60  59
  4   5   7
 13  14  16
 13  14  16
  5   6   8
 30  34  35
 41  43  42
  8  10   7
 21  23  18
  8  10   7
 24  26  25
134 136 133
131 133 128
 20  22  17
 11  13  10
 94  94  92
128 129 123
119 122 113
148 151 140
133 136 125
131 135 121
140 144 127
149 152 133
 69  64  44
191 180 158
177 163 136
134 120  93
137 126 104
 33  24   7
 47  49  36
  5   6   0
 64  66  65
158 162 163
102 106 105
 34  37  30
 24  24  14
 60  61  47
172 170 155
179 178 160
153 150 135
163 157 145
181 174 164
174 172 160
198 198 188
132 133 125
126 130 116
133 135 124
130 130 122
124 124 116
122 122 114
130 130 122
134 131 126
134 131 126
131 128 123
125 122 117
108 105 100
 84  79  75
 69  64  60
  7   0   0
 73  66  58
138 130 119
123 121 108
143 143 131
 96  98  85
 97  99  86
125 128 117
111 114 105
106 109 102
131 134 127
140 143 136
137 138 132
 89  85  82
 85  81  78
  9   6   1
 61  58  53
126 125 121
 28  28  28
 14  16  13
 13  14   9
 14  13   8
 27  24  19
 42  38  29
 48  42  30
137 129 116
106  97  82
 87  75  59
116 104  88
152 144 125
140 133 115
142 134 121
137 127 115
141 130 112
150 138 112
255 241 204
220 204 168
122 103  70
114  92  69
 54  32  18
113  95  83
126 112  99
 49  39  30
 21  13  11
 19  14  20
  5   4  10
 61  62  66
 84  86  85
  3   3   3
 56  55  53
161 160 156
146 146 138
142 142 134
142 142 134
143 145 134
145 147 134
138 138 128
117 113 104
183 179 170
160 157 148
149 146 137
166 163 158
 98  93  89
151 147 136
236 233 216
164 162 141
137 135 112
155 154 133
143 142 122
129 130 116
148 151 144
161 166 162
 64  70  68
  7  12   8
  3   4   0
 34  29  23
127 118 109
118 110  97
176 173 156
157 160 143
175 182 164
189 196 178
196 203 185
192 190 178
167 164 149
224 218 202
217 210 194
210 203 187
215 208 192
186 179 161
225 218 200
187 184 167
170 170 158
 62  62  54
 56  55  50
 86  83  74
 41  34  16
 71  59  35
125 110  81
169 156 114
177 161 125
135 114  83
181 155 128
231 203 179
193 167 140
155 134 105
161 144 118
171 156 133
147 132 111
159 141 119
161 144 116
189 174 143
206 195 165
175 168 139
124 119  89
 71  69  46
116 114  93
104 101  82
109 106  87
188 187 167
 83  81  66
 43  39  28
 60  56  47
 70  68  56
 98  96  84
 97  95  83
102  99  90
 84  84  76
100 101  93
 61  62  56
 65  64  59
 38  43  37
 18  19  13
 36  33  26
 39  36  31
 11  10   6
 96  97  92
179 180 174
 43  44  38
 24  25  20
 10  11   6
 41  42  36
124 125 117
128 129 121
132 133 125
100 100  92
 14  11   2
 23  22  17
 21  20  15
101  98  91
158 155 146
185 181 170
217 211 197
181 175 161
 80  78  66
 54  55  49
  0   1   0
 41  44  37
154 156 143
179 180 164
177 179 158
 90  87  68
116 111  92
 92  85  69
 12   6   0
 27  23  12
 88  84  75
135 132 123
131 128 119
138 135 128
133 132 127
133 132 128
132 131 129
126 124 125
122 121 119
128 129 124
145 144 139
111 108 103
 42  37  33
 36  28  25
 34  31  24
 88  91  80
112 121 104
 57  65  44
 97  88  71
119  90  74
102  59  42
101  56  33
 84  49  19
 75  44  15
110  78  53
111  77  52
124  88  64
119  83  57
179 145 120
123 106  78
122  98  72
113  85  61
130 106  82
103  85  63
143 126 106
143 122 105
 76  53  37
 67  44  26
 72  55  35
 61  49  27
158 147 129
135 126 111
101  91  81
 96  86  77
 57  44  36
 42  34  21
110  98  84
163 150 134
175 164 146
158 151 133
101  95  79
175 173 161
136 137 129
 60  65  61
 73  79  77
  6  10  11
 11  11   9
 48  48  40
178 177 159
194 190 165
148 143 113
176 164 138
136 125 105
138 128 116
140 131 122
148 141 131
183 177 165
167 161 147
154 148 134
155 149 137
127 124 115
139 138 133
 50  52  49
  9  11  10
 16  17  19
 15  16  18
 19  20  24
 21  20  18
 18  17  15
 26  22  19
123 123 115
245 243 230
214 209 190
150 143 124
220 213 194
211 209 186
161 161 135
119 118  97
 86  87  71
 24  27  16
 89  96  89
135 142 135
146 151 144
152 160 149
141 147 137
136 139 132
104 105  99
112 113 108
 95  96  91
117 116 111
127 127 117
113 113 101
 87  84  75
146 146 138
144 144 136
 65  62  55
  8   5   0
  6   3   0
111 110 108
140 141 136
 27  26  24
 13  11  12
 13  11  12
 11  11  11
 11  11  13
 18  16  21
 14  11  18
 16  14  19
 14  12  13
 19  20  15
 25  26  18
110 111 103
134 134 124
144 144 132
163 161 149
143 139 128
158 154 145
165 161 152
145 142 135
170 170 160
167 167 157
160 159 154
 66  65  63
 15  13  14
  8   7   5
 37  36  31
 80  80  72
 24  24  16
 44  43  39
 11  11   9
 16  16  16
 11  13  10
 15  16  11
  8   9   4
 48  49  44
 72  73  67
150 151 143
154 154 142
125 123 108
117 115 100
133 131 118
127 124 115
111 108 101
117 114 107
127 127 119
135 135 127
122 121 116
122 135 126
 67  87  76
 62  88  77
 73 103  93
122 145 135
115 128 119
139 142 133
149 147 135
170 168 156
138 138 130
 35  34  32
 19  19  19
  8  10   5
 66  67  59
233 233 221
144 140 128
192 185 166
255 249 230
205 199 177
104  98  76
151 149 128
165 168 149
119 127 114
133 144 138
114 129 126
 91 106 103
 90 101  95
163 171 158
223 227 210
253 252 231
127 123  98
159 152 124
127 120  92
102  96  70
146 144 119
151 150 129
122 126 109
112 118 106
 64  69  63
105 107 104
 97  98  93
 16  17  11
  0   1   0
 81  83  80
 77  79  78
  8  10   9
 66  68  65
 54  55  50
101 107  97
 84  87  80
 37  36  31
 15  15   7
 29  29  19
 68  65  56
148 143 137
110 102  99
 44  37  31
135 128 118
140 134 118
113 108  88
 81  79  58
 71  69  48
135 132 113
 62  59  42
107 105  93
128 125 116
172 168 159
146 141 135
 28  32  33
 34  35  37
 10  12  11
  6   8   5
 14  16  11
 15  17  12
 10  11   5
 28  27  22
 50  50  42
 95  96  90
 53  54  49
  0   2   0
  2   4   1
  9  11   8
 14  16  13
 79  84  80
 37  46  41
 42  53  49
 73  85  81
 53  64  56
 55  63  50
181 183 169
138 136 121
166 164 149
168 166 151
153 151 136
153 151 136
139 136 119
130 123 104
128 120  97
167 155 131
128 116  92
143 122  95
159 135 109
133 109  85
118  96  72
144 127 101
158 144 118
133 120 101
 95  82  66
105  89  74
202 186 170
247 236 218
153 146 128
 36  29  13
 79  73  59
220 216 204
206 204 192
 72  71  66
  6   9   2
 79  84  80
 67  71  70
 10  11  13
  9  10  12
  8   9  11
 11  15  16
  8  12  15
  9  13  14
 10  15  11
  9  11   8
 17  19  18
 26  27  29
160 161 163
135 139 138
 28  30  25
 33  35  32
 25  25  23
103 104  99
103 103  93
102 102  90
107 109  96
114 118 103
138 145 127
148 152 135
117 114  97
110 102  83
124 109  86
140 125 102
136 125 107
 25  15   3
 74  74  62
138 139 133
133 134 136
 75  76  80
 35  36  38
 25  26  21
 44  44  34
138 139 123
207 206 188
197 196 176
171 170 152
143 140 125
186 182 170
186 184 172
169 166 157
118 115 108
129 131 120
132 132 122
133 133 125
127 127 119
131 131 123
133 130 123
125 122 117
132 127 124
121 118 113
130 129 124
127 126 121
 91  90  85
 70  67  62
 55  50  44
 31  24  14
111 105  93
137 134 119
115 113 100
 84  86  73
123 125 114
129 132 123
103 106  99
 92  97  91
135 140 134
130 132 127
137 138 132
121 120 116
 57  53  50
 50  47  42
 46  43  38
 35  31  28
 12  10  11
 21  22  16
 33  34  29
 35  32  27
 49  46  41
 40  36  27
 83  79  68
 84  78  66
 28  20   9
 32  24  11
110 103  87
136 129 111
146 140 124
138 130 117
142 133 118
132 121 101
222 210 184
255 240 204
164 144 107
127 103  69
176 149 120
130 104  79
132 107  85
172 150 129
166 148 134
 20   7   1
 36  27  28
 16  14  15
 28  28  28
 33  35  34
 13  15  14
 25  26  21
133 134 128
149 146 137
133 131 119
134 130 119
134 130 118
134 130 118
137 133 122
120 116 105
169 165 154
177 174 165
146 143 136
170 169 164
157 154 149
 21  16  10
128 124 113
142 139 124
139 136 119
149 148 128
183 184 168
200 200 188
176 179 170
122 127 121
  2   7   3
 62  67  63
 81  82  77
 43  42  37
106 101  95
 50  48  36
163 164 150
180 186 172
179 187 172
158 166 151
177 183 169
200 200 190
172 168 156
235 229 215
202 195 179
201 194 178
195 188 172
210 203 187
212 206 190
148 146 133
170 172 161
 22  23  17
 26  27  21
100  97  88
 49  43  29
 86  78  59
162 150 126
154 140 103
247 231 198
228 207 178
160 136 108
176 150 123
154 131 100
170 149 120
205 189 163
229 217 193
194 182 160
184 169 146
170 154 129
146 131 102
155 144 116
168 161 133
182 176 150
 90  88  63
 89  87  66
100  99  79
104 103  83
 98  97  77
 71  68  53
 35  33  21
 32  30  18
 82  80  67
 44  42  27
 36  34  21
 38  35  26
 58  58  48
119 119 107
159 159 149
146 146 138
129 130 124
 68  67  62
 86  81  77
104  99  96
 44  40  37
 89  88  84
150 151 145
110 111 105
 11  12   7
  9  10   5
 28  29  23
118 118 108
128 128 116
139 136 127
115 112 103
 24  20  11
 37  36  31
 46  45  40
 20  19  14
 76  73  64
172 166 152
165 158 140
179 174 155
 91  89  76
  4   5   0
 25  27  22
 73  74  68
113 115 102
103 104  88
142 141 121
135 133 112
121 115  93
128 123 104
101  96  77
129 123 107
138 135 120
137 133 122
132 129 120
127 127 119
138 137 132
138 137 135
130 128 129
131 129 130
131 129 130
131 131 129
125 127 124
 90  91  86
117 116 112
 80  85  78
 15  22  15
 60  73  63
 98 116 102
 71  88  70
 55  59  42
115 104  86
101  79  56
 74  48  21
 80  55  25
 98  74  46
 96  68  44
 51  19   0
101  66  44
142 110  87
190 160 136
165 149 124
158 138 114
131 106  86
137 114  96
118 102  79
134 119  96
117 101  78
149 131 111
159 140 123
 88  72  56
 32  21   3
140 133 115
193 185 172
 64  56  43
 78  68  56
116 104  92
164 153 133
195 180 161
192 176 160
164 151 134
167 159 140
107 101  85
 56  52  41
 45  46  40
 18  23  17
  8  14  10
  7  11  10
 19  19  19
  3   2   0
 54  52  37
147 142 122
158 151 125
209 199 174
172 163 146
135 127 116
134 125 118
128 121 111
164 158 146
207 203 191
196 192 180
162 156 144
183 179 168
 92  91  86
 39  39  37
  5   7   6
 35  37  36
 22  24  23
 15  16  18
 12  11   9
 18  17  15
 30  29  25
112 111 106
121 121 111
 90  88  75
136 130 114
220 215 196
199 197 176
144 142 119
144 142 119
125 123 108
 40  43  34
133 139 135
124 133 128
141 148 141
139 149 140
137 142 136
126 126 124
161 160 158
156 156 154
129 129 127
113 114 109
138 139 133
147 147 139
130 130 122
129 129 121
142 141 136
100 100  92
 60  57  50
 50  47  42
 79  75  72
132 131 126
170 169 165
 70  66  65
  1   0   0
 20  18  19
 13  11  12
 10   8  13
 15  10  16
 15  10  14
 12  11   9
 78  77  72
103 103  95
121 121 111
 57  55  43
197 195 183
143 139 128
 87  84  75
139 134 128
137 132 126
132 129 122
105 105  95
 86  86  76
118 117 112
120 119 117
 25  23  24
 22  22  20
 48  47  42
 52  52  44
 63  63  55
 14  13   9
 18  18  18
 14  15  17
 16  21  17
 13  15  10
 24  25  20
 14  15  10
  1   3   0
 52  53  45
142 142 130
137 135 120
141 140 122
118 116 101
128 126 114
132 128 119
138 134 125
130 130 122
135 138 129
121 126 119
110 128 116
 78 100  88
 54  78  65
123 147 134
149 166 156
117 124 116
147 147 137
154 150 139
164 162 149
 63  63  53
  6   7   2
 20  20  18
 18  19  14
 45  45  37
249 247 234
183 180 165
148 143 124
231 224 205
255 250 228
177 175 154
148 150 129
120 124 109
107 117 106
107 122 117
 56  75  73
 67  83  82
125 136 128
198 204 190
239 242 223
186 185 164
189 185 160
179 172 144
176 169 141
117 110  82
127 122  93
133 129 104
175 174 154
 82  84  71
  0   2   0
  8   9   4
  5   4   0
 37  37  29
 58  59  53
 88  89  84
109 111 106
  0   2   0
 32  34  29
 82  84  79
122 128 116
103 105  94
 50  50  40
 25  26  12
 74  75  57
128 126 111
141 137 125
144 137 129
 65  58  50
 73  66  56
127 121 105
121 116  97
120 118  97
 98  96  75
182 180 159
172 169 150
160 158 143
194 190 178
133 129 118
131 127 116
 11  12  14
 13  14  16
  8   8   8
 11  11   9
  4   5   0
 75  76  70
 79  79  71
 39  39  29
106 106  96
 79  80  72
  0   1   0
 52  52  52
 34  35  37
 11  15  16
  0   4   5
 59  65  65
 94 106 104
 74  86  82
 82  97  92
 45  56  48
 56  64  51
178 180 166
126 127 111
165 163 148
130 131 117
140 141 127
142 140 128
153 149 137
135 129 115
109 102  84
159 148 128
188 176 154
147 130 104
134 114  89
155 135 111
135 118  98
 21   8   0
104  95  78
152 145 129
 74  67  49
142 130 114
228 217 199
250 242 223
233 226 208
 64  59  40
143 137 123
255 249 237
144 137 127
  7   3   0
 17  18  13
  0   3   0
 98 102 103
 77  81  82
  0   1   3
 12  13  15
  2   6   9
  8  12  15
 10  14  15
  7  11  12
 16  20  21
121 122 124
 79  80  84
139 140 144
132 133 135
 41  43  38
 19  21  18
  0   1   0
 73  72  68
145 142 133
125 121 110
126 124 111
110 112  98
132 136 121
170 174 159
 53  51  36
 80  73  57
 64  51  32
105  90  71
149 138 120
 47  40  24
115 115 105
112 113 107
 16  17  19
 47  51  54
 21  22  24
 12  12  10
 28  28  18
196 197 181
198 197 177
175 174 153
186 188 166
166 167 149
111 112  98
159 157 145
144 141 132
133 130 123
132 132 122
133 133 123
126 126 118
134 134 126
111 111 103
128 127 122
125 124 119
124 123 119
140 139 135
129 131 126
119 121 116
 82  85  78
104 104  96
152 150 138
 69  67  54
 78  76  61
133 130 113
125 123 108
136 138 127
129 132 123
115 120 113
110 115 109
108 114 110
136 141 137
136 138 133
148 149 144
 91  92  87
 22  21  17
 13  12   8
 32  29  24
 31  26  23
 30  25  22
 27  24  19
 54  51  46
 65  62  57
 51  48  41
 96  93  86
100  97  88
  4   0   0
 45  38  30
108 101  91
 82  76  64
166 162 150
138 134 122
134 128 114
126 119 101
124 116  93
179 169 142
251 232 200
193 170 138
201 175 140
138 108  72
208 178 142
176 146 110
136 107  77
212 187 165
101  83  69
 22  12   3
 28  23  19
 46  45  41
 40  40  38
 35  35  33
 40  41  35
122 122 112
164 158 144
136 129 113
142 135 117
160 151 136
151 141 129
164 156 145
133 129 117
132 128 117
146 143 134
138 138 130
152 153 147
163 164 158
107 107  99
 46  41  35
 25  21  12
154 151 142
184 185 171
177 178 164
220 222 209
195 196 188
129 132 125
 65  67  62
115 116 111
 76  77  72
 20  21  16
 55  56  50
 24  27  20
 89  94  87
204 212 201
142 152 141
 68  76  65
123 129 119
198 198 188
172 170 158
220 216 204
201 195 179
211 206 187
212 206 190
188 180 167
216 210 198
171 171 159
145 146 138
 33  36  29
 29  30  25
 44  43  38
  7   4   0
 30  22  11
 50  40  28
173 159 130
222 205 177
204 184 159
101  80  53
105  81  53
142 121  92
152 132 105
220 205 182
238 227 205
242 234 213
255 252 232
228 216 192
177 163 137
153 141 115
160 153 127
151 147 122
149 145 118
102 100  77
 87  86  65
248 246 225
207 202 182
107 102  83
 70  67  52
 53  50  35
 93  87  71
 70  67  52
 39  37  25
 41  43  32
 50  52  39
 69  71  58
142 144 133
144 145 137
131 132 124
 76  73  68
 77  71  71
 72  66  66
 48  44  41
125 124 119
129 130 124
118 119 113
 53  54  49
 41  42  37
 46  46  38
 88  85  76
135 133 120
147 143 131
121 117 106
 22  18   9
 10  10   2
  8   9   3
 13  14   9
 49  49  39
152 146 132
167 160 141
102  95  77
 60  58  45
 24  25  17
 67  69  64
 90  90  88
  7   6   1
 43  43  31
127 124 107
127 122 102
141 133 110
132 127 105
140 135 115
126 119 100
105  99  83
125 121 109
143 139 130
126 123 118
133 132 127
128 127 123
130 130 128
129 129 131
134 135 137
126 130 129
131 136 132
130 135 129
136 141 135
153 165 155
100 116 106
 65  85  76
 64  86  74
 58  79  64
 43  57  40
112 120  99
174 172 149
112 103  74
 77  63  34
114  97  71
101  79  56
118  91  72
131 102  84
125  98  79
175 153 132
134 126 105
146 133 117
142 124 112
145 127 115
153 140 123
121 113  90
162 155 129
188 177 157
229 216 200
153 141 127
 34  26  13
 87  84  69
209 206 189
196 191 172
202 195 176
220 214 192
206 201 172
196 188 165
162 151 133
220 208 192
141 134 118
 26  19   9
 53  46  40
 52  48  45
  6   8   3
 19  24  20
 18  22  21
 15  17  16
 17  18  12
 82  80  67
140 134 118
127 120 102
145 138 119
162 154 141
143 136 128
139 135 126
149 142 132
219 213 199
226 223 208
218 214 202
174 170 158
162 158 147
 85  82  75
 65  64  60
 34  34  32
 10  12   9
 11  11   9
 17  17  17
 23  22  20
 15  14  10
 34  33  29
 50  51  46
  7   8   3
  3   2   0
105 103  91
213 210 195
201 198 179
148 146 125
136 134 113
 83  81  66
 46  49  40
101 107 103
 65  74  71
110 121 115
127 140 130
142 149 142
140 140 140
136 134 135
146 146 144
142 144 141
135 137 134
134 134 132
 96  97  92
130 131 125
135 134 129
140 139 134
120 119 114
 68  65  58
142 139 132
131 126 122
145 142 135
143 140 135
 52  48  45
 21  17  16
  6   2   1
  6   4   5
 14   9  13
 16  11  15
 15  11  10
 88  84  81
195 195 187
185 185 175
159 159 147
 25  23  10
236 232 221
209 205 194
118 115 108
136 133 126
144 139 133
127 122 116
130 127 118
130 127 118
116 113 108
136 135 131
 68  67  65
 35  36  31
 80  79  74
 61  60  55
 31  30  25
 14  13   9
 42  42  40
 24  24  24
 12  18  14
 16  21  17
  6   7   2
 28  29  23
  9  10   2
 51  53  42
148 146 134
153 149 137
154 151 136
158 155 140
142 138 126
139 133 121
141 134 124
130 127 118
139 142 131
155 163 152
105 125 113
 55  77  64
101 124 108
159 177 163
157 167 156
133 136 127
141 138 129
143 139 128
136 132 121
113 110 101
 55  56  50
 10  11   6
 10   9   4
 29  26  19
238 236 224
234 230 218
178 172 156
140 135 116
205 200 180
176 173 154
 58  59  41
 21  24   7
 80  86  72
100 110 101
 85  98  91
101 114 105
123 131 118
166 167 151
228 227 209
220 217 198
197 192 170
248 242 218
248 241 212
239 232 203
190 181 150
133 126  98
187 181 159
130 126 114
 26  26  18
 23  22  17
 10   7   0
 54  50  41
141 138 131
 95  95  87
125 126 118
 36  37  29
  5   8   1
 90  92  87
140 143 132
126 128 115
161 162 148
125 126 108
112 114  93
149 148 130
153 150 135
129 125 114
135 131 122
 56  52  41
 79  75  63
101  98  81
115 112  93
 97  96  76
153 152 132
174 173 153
185 184 166
207 204 189
184 178 166
125 121 109
 13  14  16
  7   7   7
 12  12  12
  4   3   1
 44  45  40
116 117 111
137 137 127
143 143 131
143 143 131
122 122 114
 87  88  83
123 123 123
 74  74  76
  0   0   2
  6  10  11
  0   8  10
  6  17  13
 61  72  66
 48  61  52
 72  82  71
142 148 136
105 107  94
136 134 121
194 192 180
134 134 124
134 134 126
142 142 134
150 147 140
153 149 140
141 135 123
157 150 134
160 153 134
232 223 194
181 167 141
135 118  98
156 140 124
 96  84  70
119 111  98
143 137 123
201 196 177
162 157 137
161 154 135
188 181 165
 89  82  66
117 111  95
169 163 149
200 194 182
135 128 120
 21  18  13
 11  10   6
 24  26  23
112 116 117
 85  89  92
 32  36  39
 12  16  19
 51  55  58
  9  14  17
 15  19  20
  5   9  10
 39  43  44
131 135 138
131 135 138
132 136 139
 89  90  94
 13  15  12
  8  10   7
 15  17  14
 31  32  26
140 137 128
142 138 127
130 126 114
137 135 122
183 184 170
202 202 190
 14  12   0
 82  76  64
 92  80  64
 83  70  51
149 138 120
124 117  99
130 130 122
  1   2   0
 20  24  23
 62  66  67
 34  36  35
 10   9   5
112 109 100
197 195 180
194 193 172
190 190 166
190 190 166
203 205 184
157 160 143
154 156 145
137 137 129
132 129 124
134 136 125
134 135 127
129 130 122
133 136 129
 89  92  85
129 132 125
120 123 116
124 127 120
 99 104  97
104 111 104
109 118 113
 68  75  68
 22  25  16
117 119 106
125 126 110
109 112  95
136 134 119
129 130 116
137 139 128
128 133 126
123 129 125
128 137 132
117 126 121
137 143 139
125 130 124
106 108 103
 62  63  58
  5   6   1
 10   9   5
 19  15  12
 25  20  17
 60  52  50
 82  77  73
 72  67  64
 47  42  38
 45  42  35
107 104  97
 11   8   1
 64  61  56
105 100  94
 43  40  31
 25  22  13
 69  66  59
 98  95  86
175 174 156
142 137 115
131 125  99
126 119  93
194 174 147
175 151 123
158 132  99
153 121  82
171 137  92
157 120  76
179 145 107
217 187 159
234 212 189
153 137 122
 50  42  31
 16  11   5
 14  13   9
 12  13   7
 67  64  55
157 153 141
157 149 130
183 172 152
153 141 119
230 217 198
156 143 126
 96  87  72
139 133 119
 92  90  77
146 146 136
140 141 133
130 135 128
159 164 157
156 157 151
 28  27  22
 15  12   7
117 113 110
154 154 144
145 147 136
176 178 167
175 176 168
133 134 126
168 169 163
137 138 133
  3   4   0
 14  16  11
 35  40  34
 19  25  21
 45  54  49
 71  81  73
 59  69  60
 99 106  98
147 150 143
167 167 155
193 191 179
225 221 209
205 202 187
223 220 201
230 225 206
206 200 186
206 202 191
209 209 199
 56  59  50
  8  10   5
 42  44  41
 97  97  95
 97  96  92
 12   7   3
 37  29  26
153 142 120
160 145 122
187 169 147
145 125 100
122 102  75
160 143 115
230 214 189
239 227 205
225 217 198
176 169 151
172 164 145
219 208 188
216 204 182
175 165 140
136 130 104
128 124  99
107 103  76
125 123  98
118 116  93
189 184 162
145 140 118
 82  77  57
 68  63  43
114 109  90
 71  65  49
 79  76  61
 35  35  23
 46  49  38
 68  74  60
 85  93  78
120 126 114
138 143 136
127 130 121
126 127 122
164 163 161
 83  82  78
 20  19  14
114 115 109
142 143 137
133 134 129
 72  73  68
 33  34  29
 42  43  37
 35  35  25
 62  60  47
100  96  84
 85  81  70
 73  70  63
 70  67  60
 48  47  43
 90  91  86
118 120 109
 94  92  77
146 141 122
135 129 113
 90  90  78
 32  35  26
 65  67  62
 41  41  39
  2   1   0
 57  54  49
 94  90  78
 82  75  57
143 135 114
115 110  88
132 125 106
 82  75  57
 82  75  59
138 132 120
135 131 122
132 127 121
141 138 133
128 127 123
124 124 122
130 131 133
131 135 136
137 143 141
129 138 133
136 142 138
141 147 145
150 160 152
 89 102  95
 76  93  87
 80  97  89
 64  80  69
 39  56  40
 90 107  88
112 122  98
121 121  95
106  96  71
133 118  95
143 126 106
199 178 161
157 134 118
149 127 113
158 140 126
131 125 109
141 132 123
149 138 132
136 127 118
134 128 112
140 138 117
152 147 125
119 114  95
132 126 112
105  98  88
 29  26  17
 79  77  65
198 197 179
156 156 132
199 197 172
187 185 160
169 172 141
128 126 101
114 109  90
150 144 132
 79  72  64
 13   5   2
 24  16  14
 12   7   4
 21  17  14
  7   8   3
 17  22  18
 30  35  31
 52  55  48
106 106  94
144 142 129
 65  58  48
141 138 123
155 151 140
157 152 146
132 129 122
170 168 156
234 231 216
230 224 210
207 201 187
234 228 216
224 220 209
151 147 136
 15  12   5
 77  76  71
 49  50  45
 53  52  48
 12  11   7
 21  21  21
 20  20  18
 12  13   8
 56  58  53
  4   6   3
 30  32  27
 48  49  41
186 186 174
210 208 193
163 160 141
129 128 108
 68  69  53
111 114 105
119 125 123
 67  77  76
 80  92  88
114 130 120
129 138 133
154 154 154
142 140 141
137 137 137
144 148 147
124 128 129
 89  90  92
117 119 116
141 142 137
142 143 137
125 124 119
 89  86  81
 81  78  71
163 158 152
158 151 145
 81  78  73
 38  35  30
 47  43  40
 55  51  48
 65  64  60
 41  37  34
 19  15  14
 15  11  12
  8   7   5
 74  73  68
151 151 141
157 155 143
178 176 163
144 142 130
234 230 221
 85  78  70
 43  39  30
 80  75  69
139 134 128
132 128 119
126 123 114
140 137 128
154 151 144
139 138 133
120 119 114
 67  66  61
 77  76  72
 41  40  36
 15  14  10
 16  15  11
 15  14  12
  7   7   7
 17  22  18
 63  65  62
 59  60  55
  3   4   0
 33  34  26
116 116 106
142 140 128
129 125 114
149 145 134
167 163 151
172 166 152
153 147 135
146 140 128
140 140 128
148 154 142
145 157 145
 66  89  73
128 149 132
198 215 197
161 172 156
155 159 145
160 160 148
152 148 139
134 127 117
124 117 107
 96  93  84
133 133 125
 72  73  68
 36  35  31
 18  17  12
196 193 184
231 231 219
138 136 121
141 138 121
154 149 130
 37  34  15
 86  85  65
115 114  94
104 103  85
129 127 112
114 117 100
111 114  97
131 130 112
127 122 103
145 140 121
235 232 213
216 214 193
234 232 209
241 236 206
238 232 200
196 185 153
165 154 124
142 131 109
139 132 116
 52  48  39
 16  11   5
 17  10   2
 85  78  70
106 102  93
137 134 125
125 125 115
 80  82  71
 53  56  47
 51  54  47
110 111 103
154 154 142
193 194 180
111 112  96
 92  93  77
157 158 142
116 114 101
117 115 103
141 138 129
 46  43  36
 27  23  14
100  96  85
139 137 122
127 128 110
 13  15   0
 95  94  76
188 187 167
191 188 171
184 178 164
130 127 112
 23  25  24
  3   5   4
 30  30  30
 73  73  71
 19  19  17
  9  10   4
 79  81  70
130 130 120
 79  79  71
 30  29  24
119 120 115
148 148 146
 42  42  42
  3   3   5
  6  10  11
 18  24  24
 45  49  48
  7  16  11
 33  43  34
141 151 140
139 142 131
 41  41  29
161 159 147
148 145 136
138 138 130
150 149 144
134 133 129
112 111 106
148 145 138
149 146 137
133 131 118
 82  80  65
232 232 206
215 210 190
146 137 120
120 111  96
123 115 102
117 109  96
 57  50  34
 69  62  43
 70  66  41
 44  39  19
 73  67  53
 20  12   1
120 114 102
121 118 103
 80  76  65
 68  65  58
 11  11   3
 34  35  30
 37  39  36
 34  38  39
 32  37  40
 14  19  22
  9  13  16
 69  73  76
 11  17  17
  5  11   9
 26  30  29
 71  75  74
120 126 124
112 121 118
126 132 132
 79  83  84
  2   6   5
 13  17  16
  8  10   5
 16  16   6
 87  85  73
152 148 137
134 130 119
194 188 176
242 236 224
205 201 190
 14  10   1
 67  60  50
 86  77  62
 86  75  55
142 134 113
149 142 123
 83  83  75
  7   8   3
 74  76  75
136 140 139
127 129 124
110 110 100
230 226 214
229 224 205
226 222 197
211 207 180
204 200 175
157 156 136
174 176 162
189 192 181
142 145 138
127 128 123
131 137 125
125 128 119
133 136 129
120 123 116
110 115 108
 87  92  85
143 148 141
 72  78  68
  5  13   2
 39  51  41
 68  81  72
 63  74  66
 63  73  62
 87  93  79
129 132 115
111 112  96
 69  69  59
134 134 124
110 111 103
129 134 128
120 129 126
130 139 136
121 130 125
129 136 129
 57  62  56
  6   8   3
 54  55  50
 29  30  25
 48  49  44
 52  51  47
 81  77  76
 56  52  51
 16  11   8
 27  19  17
 68  60  58
104  99  95
 61  58  51
 58  58  50
 83  82  77
 21  21  13
 16  16   6
 25  25  17
  1   0   0
 60  60  52
170 169 151
172 170 145
165 160 131
125 118  92
143 123  98
162 141 112
194 170 136
212 180 139
154 116  69
167 124  79
176 137  96
138 105  72
206 182 156
225 208 190
132 120 108
 17  10   4
 30  29  24
 23  23  15
107 103  92
200 192 181
189 178 160
229 217 195
187 171 146
197 181 156
195 183 159
125 117  96
155 148 132
116 112 100
 65  65  55
101 104  97
130 135 129
124 129 123
159 161 156
177 178 173
 54  53  49
  6   5   1
 93  94  88
 74  75  69
 81  82  74
117 120 113
 99 100  94
198 199 193
164 165 160
 28  30  25
  5  10   4
 40  46  42
  5  14  11
  3  14  10
 28  39  33
 38  48  40
 85  90  83
151 152 144
149 147 134
228 226 213
198 194 183
203 200 185
209 206 187
229 226 207
202 201 183
165 163 150
188 188 178
 58  59  51
 20  22  17
 25  29  28
131 132 134
 52  52  54
  3   0   0
 49  45  44
132 125 109
101  92  75
133 120 101
178 163 142
170 154 129
156 142 116
190 178 156
207 199 180
173 166 150
142 135 119
110 101  84
100  89  71
187 176 156
197 189 168
189 183 159
106 105  77
120 118  93
129 127 102
 93  88  66
150 145 123
182 177 155
 96  91  69
109 103  81
116 110  88
 80  75  56
 29  27  14
 17  19   8
 69  77  64
 87 100  83
 87 100  83
104 116 102
114 124 115
116 123 115
134 141 134
131 136 130
102 104  99
 76  77  71
 93  94  88
138 139 134
132 132 130
138 140 137
 83  85  82
  2   4   0
 14  15   9
 33  33  23
 69  69  57
 27  24  15
 31  30  25
 40  37  32
 52  51  47
 57  56  51
 24  26  15
 70  71  57
163 161 146
172 170 155
 39  39  27
 52  53  45
 60  61  56
  7   3   0
 28  23  20
106 101  95
 19  12   2
100  94  80
134 127 111
136 129 111
133 126 110
 85  77  64
 37  28  19
125 118 110
134 129 123
134 129 123
140 137 132
131 130 126
139 139 139
137 141 140
140 146 144
124 133 130
140 151 147
136 145 142
111 117 117
 97  99  96
126 130 129
 99 103 102
 42  47  41
136 142 132
116 128 114
116 133 115
126 138 118
119 121  99
111 105  83
173 162 142
185 172 155
217 201 185
142 123 109
155 137 125
149 135 124
129 123 111
151 144 136
155 148 142
125 122 113
132 135 118
142 145 126
 61  60  42
 34  31  16
 71  69  56
 69  69  57
 34  34  26
 66  66  56
140 138 125
103 105  83
137 140 113
 92  95  68
116 122  94
125 129 106
195 193 178
131 127 118
  4   0   0
 16   8   6
 91  83  80
 68  61  55
 15  10   6
 77  73  70
 37  38  33
 61  63  58
 98 101  94
106 107  99
128 128 120
100  97  90
106 104  92
161 157 148
159 154 148
208 205 198
187 187 175
231 229 214
234 228 212
189 183 169
218 212 198
229 225 213
247 245 232
106 104  92
 21  18   9
102 102  94
 56  55  50
 10   9   5
 15  17  16
 11  11   9
 14  16  11
 86  89  82
 63  64  58
 83  84  78
 75  76  70
 65  65  57
177 175 163
204 202 187
151 150 132
137 138 122
 69  72  63
125 131 127
130 140 139
 74  86  84
119 131 127
126 135 130
132 137 133
141 143 140
148 150 149
123 127 128
 26  30  31
 90  94  93
151 153 150
121 123 118
147 148 142
114 113 108
 77  74  67
125 120 114
135 131 122
130 123 115
 28  25  20
  4   0   0
 13   9   6
 12   9   4
 36  36  28
 73  72  67
 72  68  65
 48  47  45
 18  18  16
 20  21  15
153 153 143
138 136 124
198 194 183
159 155 144
169 162 154
 28  21  13
 14   7   0
 31  24  16
141 137 128
134 131 122
124 124 112
135 135 123
141 141 129
128 128 118
108 108 100
131 130 125
 56  55  51
 12  11   9
 15  14  12
 11  11   9
 17  16  14
  6   4   5
 61  63  58
144 147 140
132 133 127
 82  83  77
 89  90  84
 52  52  44
146 146 136
131 128 119
144 137 129
137 130 120
164 158 146
166 160 148
133 131 119
143 146 137
163 173 164
 96 112  99
 76  97  80
200 217 199
204 215 198
191 195 178
164 165 149
148 144 132
169 162 152
 99  90  81
 38  31  21
 22  18   9
 12  11   6
 30  30  28
 70  70  70
 75  76  71
129 130 124
167 168 160
150 151 135
137 136 118
150 145 125
146 141 119
139 134 114
127 122 102
148 140 119
134 123 101
127 115  91
124 112  86
109  97  73
129 117  95
146 138 117
169 162 143
152 150 129
171 169 148
193 189 162
148 141 112
141 131  96
214 201 169
142 130 106
131 122 107
118 109 100
 71  64  56
  8   1   0
122 115 107
 95  88  78
108 104  92
122 122 110
 37  38  30
 23  26  19
 22  25  18
122 123 115
163 164 156
230 230 220
149 151 140
175 177 166
 91  93  82
 99  99  89
114 114 104
113 113 105
 63  62  57
 65  61  58
134 131 126
156 156 146
124 127 110
101 102  84
132 134 113
138 137 116
175 174 156
177 174 159
147 145 132
 23  25  22
  8  10   7
 17  17  15
 27  27  25
 17  18  13
 43  44  39
 40  41  35
 10  11   5
  7   8   3
 28  29  24
 58  59  54
137 137 135
 78  80  77
  6   8   7
 15  19  18
 35  39  40
 10  14  15
  5  11   9
 32  39  32
110 118 107
 58  61  50
 59  59  47
 79  76  67
129 126 119
151 150 145
150 149 145
144 143 139
141 138 133
148 145 138
155 152 143
 86  86  74
 48  50  37
 56  59  38
 37  38  22
 32  30  17
 85  82  65
 58  51  33
130 119  99
130 117  98
 85  70  47
109  99  72
 61  54  28
142 134 115
 74  64  52
 96  86  74
107 101  89
 18  15   6
 28  27  22
  9  12   5
 16  18  13
 34  36  33
  0   4   2
  5  14  13
 53  58  61
 52  56  59
 10  14  15
 23  29  27
 61  70  65
 83  89  85
 76  82  78
135 145 137
135 144 139
129 138 135
125 129 128
 12  18  18
  3   7   6
 11  12   7
 18  18   8
 64  64  52
110 108  96
152 148 137
230 222 211
235 225 215
231 221 211
 35  26  19
 63  56  48
102  95  79
 95  87  68
147 140 121
129 124 105
 35  36  28
 35  36  31
127 129 126
154 159 153
139 142 131
231 229 214
188 183 164
219 211 188
202 195 167
190 183 154
203 196 170
154 147 128
152 153 139
193 199 187
113 120 112
123 128 122
141 149 136
116 122 112
143 144 138
 73  76  67
 84  90  80
 81  86  79
137 143 133
 92  98  84
 52  61  44
 58  71  54
 50  66  53
 63  80  70
 78  92  79
121 129 114
133 135 121
117 115 102
 66  66  58
114 114 106
113 114 106
126 131 127
126 135 134
 85  94  93
 59  65  61
 48  53  46
 38  41  34
 38  39  33
 38  38  30
 46  46  38
 44  45  39
 25  25  23
 16  16  16
 14  14  14
  7   3   0
 46  40  40
118 112 112
144 141 136
124 124 116
128 129 123
 63  64  58
 52  51  46
 44  44  36
 20  19  15
 25  24  22
 25  22  17
112 109  94
168 164 139
191 185 159
192 185 159
135 118  92
149 130  98
181 159 122
159 130  88
176 138  93
208 165 122
154 112  72
143 110  77
145 124  97
113  98  79
 29  19   9
 23  16  10
 19  18  13
 26  25  20
 10   6   0
162 153 144
213 206 187
180 168 146
217 201 176
177 162 133
218 207 179
196 186 161
125 118 100
157 153 141
119 119 109
127 130 123
144 149 143
100 102  97
154 156 151
188 191 184
229 230 224
111 110 105
  4   5   0
 13  14   8
 24  26  21
 33  35  30
 41  44  37
128 133 126
112 117 111
 91  96  90
 57  62  58
 32  38  34
 23  34  30
 20  32  28
 54  65  61
  5  12   5
111 114 105
142 142 130
158 157 139
196 194 181
183 181 169
180 176 164
215 212 195
223 221 200
218 217 196
181 180 162
198 196 184
 89  89  81
 16  18  13
 23  29  27
 20  24  25
 15  16  18
 15  15  17
  3   3   1
 82  82  72
134 130 119
118 110  97
142 133 116
139 128 110
158 147 129
158 150 131
156 150 134
137 131 119
142 136 124
122 115  99
117 108  91
164 156 137
180 174 152
185 180 158
177 173 148
140 139 118
166 164 143
233 228 208
224 219 199
255 252 230
195 190 168
 83  79  54
131 126 104
152 149 130
 88  89  73
 60  64  50
 70  78  63
 87 100  83
139 153 136
 79  92  75
 81  93  79
122 132 123
124 131 123
133 138 131
139 142 135
106 107 102
 94  94  92
121 121 119
127 129 126
137 139 136
144 146 143
 51  56  52
 55  57  52
113 116 109
 21  22  14
  7   6   1
 13  12   8
 21  17  16
 47  43  40
 40  37  30
 18  18   8
 99  99  87
192 193 179
133 131 118
106 103  94
 62  59  52
 32  29  24
 22  17  11
 71  64  56
 54  47  39
106 102  91
120 116 105
 61  57  45
 90  84  72
134 130 119
141 137 128
 32  27  23
 27  24  19
132 129 124
133 130 125
123 119 116
132 131 129
134 136 133
130 136 132
133 142 139
138 150 146
132 144 140
105 115 114
 92 101 100
136 134 135
122 120 121
119 115 112
139 134 128
142 140 128
 81  85  70
 62  73  56
107 116  99
120 123 106
166 163 144
187 180 161
224 216 197
222 209 193
166 150 137
157 141 128
135 121 110
143 135 124
155 146 137
133 126 116
131 129 116
140 143 124
126 129 110
 51  52  36
131 128 113
162 160 145
155 156 140
 64  65  51
 27  25  13
 73  71  59
171 172 156
105 107  85
152 154 130
144 149 126
187 190 171
134 132 119
105 100  94
 66  61  55
159 152 144
233 225 214
197 189 176
 85  77  66
 90  83  75
 91  88  81
109 108 103
115 114 109
 84  83  78
162 161 156
150 150 142
 95  92  83
165 161 152
173 166 156
228 224 213
229 226 211
209 206 191
221 215 199
182 176 160
200 194 178
216 214 199
225 226 212
221 222 208
 43  41  29
 25  22  13
 56  55  50
 10   9   5
  8   8   8
 28  28  26
121 122 116
153 153 141
159 157 144
172 170 158
 98  95  88
  3   2   0
 23  23  15
137 137 125
156 157 141
138 140 126
 65  68  59
135 140 134
149 158 153
126 137 133
107 117 116
127 136 131
136 146 138
143 149 145
142 146 145
 83  87  86
 14  18  17
 90  95  91
148 150 145
122 125 118
136 137 131
119 119 111
118 118 110
145 142 133
137 133 124
103  98  92
 63  60  55
 48  45  40
 32  29  24
 25  25  17
 18  18   8
 10   7   0
 20  19  14
 45  45  43
 42  44  41
 43  44  39
 55  55  47
209 205 196
180 173 163
 10   3   0
 52  45  35
129 120 111
 92  83  74
 32  25  17
156 152 143
146 146 134
136 137 121
136 137 121
106 107  91
135 135 123
 99  99  91
120 119 115
 59  57  58
 40  38  39
 14  14  12
 17  17  15
  9   9   9
 40  38  39
 99  98  93
130 131 123
122 123 115
143 144 138
 51  52  47
 19  19  17
137 136 132
137 134 129
136 131 125
137 130 122
140 133 123
150 148 136
132 135 126
137 147 139
117 133 123
 74  92  80
116 135 115
201 214 196
211 218 200
198 199 181
184 183 165
145 142 127
150 143 133
 57  50  40
 14  10   1
 27  24  17
 14  14  12
 10  11  13
  0   3   4
 85  91  89
129 136 129
102 107 100
113 116  99
162 161 141
169 163 141
117 109  86
 68  60  37
121 113  94
141 128 109
132 114  90
109  85  57
140 113  83
148 123  93
154 134 107
140 124  99
138 128 103
142 137 115
126 124 103
125 125 101
125 119  93
188 179 148
242 231 203
167 156 134
 93  84  67
122 112 102
130 120 111
 24  15   6
137 129 118
147 139 126
 64  61  46
119 119 107
 24  27  18
 15  18  11
 22  24  19
 81  84  77
138 139 133
112 113 107
160 161 155
130 131 125
 27  28  22
 84  85  79
 77  78  72
 77  78  72
 99  98  94
 51  47  46
134 130 127
 97  94  87
 90  90  78
138 139 123
170 171 153
179 180 162
184 185 167
180 178 163
198 199 185
  6   8   5
  8   8   6
 29  30  25
 94  95  90
115 117 112
121 123 118
 77  78  73
 59  61  56
 11  16  12
 39  44  40
 20  22  21
 50  52  51
 30  35  31
  9  15  11
 29  33  32
 13  15  14
 25  34  33
 22  31  30
  7  12   8
 81  84  77
 63  65  54
 75  75  63
 81  81  71
120 120 112
134 133 128
 67  66  61
110 107 102
106 101  97
 41  36  30
 37  35  23
 24  22   9
 79  77  64
 74  75  59
108 109  93
123 122 104
174 169 149
131 121  96
158 141 115
161 137 109
160 135 105
125 102  71
163 142 113
145 125 100
150 133 113
129 113  98
139 129 119
 23  16  10
 29  25  22
  2   4   3
 15  19  18
  4  10   8
  9  15  13
 14  20  18
 58  62  61
 55  57  56
 74  76  73
 34  41  34
 62  72  63
 77  87  78
118 125 117
226 233 226
185 192 185
131 137 133
129 133 132
 30  35  38
  9  13  14
 23  23  23
 24  23  18
 59  59  49
 61  61  49
 94  92  80
239 231 220
249 237 225
221 208 199
 30  19  13
 67  58  49
109 102  86
104  99  79
125 122 103
126 124 109
 91  93  82
 45  48  41
 97  99  94
140 141 133
156 157 143
207 202 182
223 215 192
214 204 177
172 161 131
177 166 136
149 137 111
127 119  98
147 146 128
199 205 191
149 159 148
138 145 137
154 158 144
138 142 128
147 149 136
157 159 146
121 123 112
128 130 119
119 121 108
137 140 123
136 141 119
 68  80  58
 37  54  36
 60  81  66
 98 115  99
126 137 120
128 130 116
130 128 115
140 140 128
 98  98  88
127 128 122
108 113 109
 86  95  94
 43  52  49
 47  54  47
 36  39  32
 49  50  42
 35  35  27
 35  35  25
 13  13   3
  4   5   0
 18  18  16
 16  16  16
 22  22  22
 29  26  21
115 111 108
129 125 122
129 130 125
129 131 126
142 144 139
128 129 124
106 107 102
 91  90  86
 68  67  65
 55  51  50
 29  24  21
 71  64  54
168 162 146
192 186 164
255 249 226
209 194 165
134 118  84
164 145 105
179 151 111
161 128  87
201 163 124
191 155 119
165 138 108
146 130 107
 54  45  30
 69  65  56
 32  29  24
 17  17  15
 15  15  13
 17  16  12
 49  44  38
144 141 122
193 185 164
170 154 129
206 191 162
215 201 172
183 173 148
151 144 125
154 150 138
165 167 156
102 105  98
126 127 121
148 147 142
150 149 144
154 156 145
223 225 214
255 255 245
143 145 134
 12  13   7
 12  14  11
 21  26  22
  1   8   1
 33  40  32
 42  49  42
  4   9   5
 43  47  46
 57  63  61
 69  80  76
 75  87  83
 86  97  91
 25  30  23
 89  91  80
154 152 139
104 106  85
 73  74  60
189 186 179
170 167 158
159 156 141
186 184 161
217 217 191
210 209 188
196 194 179
162 162 154
 14  16  11
 10  16  12
 44  50  48
 86  90  91
 45  49  50
 29  33  34
 43  45  40
146 147 142
141 138 133
159 152 142
161 155 141
158 152 138
147 141 127
131 125 113
142 138 127
147 143 132
143 137 125
147 141 127
137 132 113
134 129 109
143 138 118
134 129 109
137 136 118
138 137 119
166 163 146
205 202 185
217 214 195
231 226 206
218 213 193
188 183 161
136 134 113
 56  57  39
 61  63  49
 97 103  89
114 125 109
121 134 116
 92 103  86
106 117 100
121 127 117
123 129 119
142 145 136
139 140 135
126 126 124
106 106 106
101 103 102
136 141 137
122 127 121
139 141 136
104 109 103
 78  80  75
136 138 133
 28  29  24
 14  13   9
 13  12  10
 10   9   7
  4   0   0
 28  23  17
 75  72  63
 68  68  58
159 157 145
161 157 146
103  99  90
 22  19  14
  5   0   0
 38  31  23
 91  84  74
114 107  97
107 103  94
 41  38  31
 39  39  31
 24  24  16
 56  55  50
103 102  98
114 114 112
 18  17  15
 37  36  34
142 142 140
140 140 138
129 131 128
125 130 126
122 131 126
137 148 142
183 196 189
 73  86  79
 92 103  99
140 149 146
132 132 132
135 134 130
110 107  98
173 169 157
166 163 148
127 128 110
100 104  87
 49  53  38
131 133 119
124 125 109
232 227 208
235 227 206
220 209 191
197 184 168
168 156 140
141 129 113
122 115  99
130 123 107
166 161 142
127 124 105
158 160 139
114 116  94
121 120  99
182 180 159
139 137 116
154 152 129
 86  81  59
135 130 110
 68  67  49
 52  50  35
 76  75  55
134 132 109
 67  66  46
 43  42  24
 58  54  42
 41  37  26
168 165 150
180 175 156
205 197 176
171 160 140
 60  49  31
100  90  78
153 146 136
130 125 119
122 119 112
 84  81  76
173 170 163
158 155 146
117 113 102
154 148 136
191 185 171
235 228 212
236 229 211
207 202 183
205 200 181
183 178 159
159 154 135
185 182 165
198 196 183
237 237 225
171 171 161
 17  17   9
 45  46  41
 61  61  59
 49  49  47
128 127 123
149 145 136
132 126 112
123 116 100
159 151 140
 74  69  63
 18  14  11
 21  22  17
 11  12   4
116 118 107
126 128 117
127 129 118
129 132 123
125 130 123
156 163 156
131 137 133
 81  90  85
145 154 149
134 143 138
141 147 145
 85  90  86
 37  39  34
 54  56  51
146 149 142
137 140 133
129 130 124
137 138 130
141 143 132
130 130 120
133 133 125
 50  47  40
 63  63  55
 67  67  59
 59  59  49
 91  89  77
125 123 111
129 126 117
 21  20  15
 14  15  10
 17  18  13
 24  25  19
 76  75  70
139 134 128
 69  62  52
 32  24  11
145 137 124
247 239 228
141 135 123
 21  14   4
 57  53  42
 91  89  76
158 159 141
196 198 177
180 181 163
167 168 154
106 106  98
 17  16  14
 60  58  61
 61  61  63
  1   1   1
 19  19  17
 28  28  28
 59  57  60
151 150 145
131 131 123
129 130 122
127 130 123
 61  63  60
  7   7   9
111 109 112
134 130 131
150 146 143
142 137 131
153 150 141
147 148 140
132 142 134
118 133 126
 70  85  78
109 125 115
134 149 130
200 209 190
219 222 203
194 193 175
182 181 163
157 155 140
122 120 108
 29  26  17
 13  13   5
 14  15   9
 13  18  14
  6  10  11
 11  16  19
 13  22  21
 93 102  97
121 131 123
116 120 103
144 143 123
175 167 144
116 106  81
 87  79  56
154 147 129
127 114  98
131 109  88
 98  68  40
121  86  54
130  97  66
120  93  63
141 120  91
137 123  96
120 114  90
128 125 106
126 125 104
113 108  88
237 231 209
243 235 214
186 179 160
 89  82  64
174 164 152
179 169 157
106  97  82
 94  85  68
203 196 178
204 198 182
109 107  95
 15  16   8
 11  13   8
  5   7   4
 29  30  24
136 137 131
112 113 107
122 123 115
112 113 105
103 104  96
 73  76  69
 53  54  48
117 118 113
 89  85  82
 95  91  88
137 134 129
115 112 107
112 109 100
108 106  94
129 127 115
131 133 119
145 146 132
136 137 123
129 129 117
 11  11   9
  1   0   0
 51  50  46
145 146 140
133 135 130
122 124 121
110 112 109
113 118 114
 85  91  87
 93  99  97
 28  32  33
  0   0   2
 22  26  25
 42  48  44
  6  12   8
  7   9   8
 48  60  58
 29  35  33
  6   8   5
 12  11   6
 38  38  28
 28  28  18
 67  67  59
 52  51  46
 44  43  38
  5   2   0
 21  16  12
 42  34  31
 73  66  60
123 119 108
125 119 105
150 143 127
230 227 208
248 246 225
242 237 215
239 229 204
153 136 108
128 103  73
133 102  71
142 107  75
179 144 112
162 129  96
 98  69  37
203 177 150
179 157 136
 45  27  15
 75  64  58
 35  30  27
 12  12  14
 18  22  25
 28  33  36
 52  58  58
 26  31  27
 27  28  23
 50  49  44
102 103  97
 44  50  40
 37  45  34
179 186 178
150 155 148
150 155 149
126 131 127
130 132 131
136 138 137
 45  50  53
 10  11  15
 23  23  25
 24  23  21
 11  12   6
 81  83  72
154 154 142
240 237 222
171 161 149
146 133 124
 98  87  81
 33  24  15
115 109  93
119 118  98
104 107  88
109 113  99
100 103  92
122 125 118
 97 100  93
136 136 126
179 176 159
178 170 147
241 231 204
191 180 152
198 187 157
182 171 143
142 132 107
184 178 156
179 178 158
168 172 155
105 111  97
151 157 145
175 173 158
178 179 161
211 210 190
206 205 185
149 148 130
131 129 114
126 125 107
109 108  88
150 152 130
198 206 183
 95 110  91
 63  81  65
 77  91  76
130 139 122
132 134 120
123 123 111
135 133 120
135 133 121
 92  93  87
 88  93  89
 62  71  68
 31  40  35
 40  47  40
 38  41  34
 73  74  66
101 101  91
111 111  99
 22  22  12
 15  16  10
 13  13  11
 16  16  14
  5   6   1
 60  57  50
118 115 110
118 119 113
126 128 123
137 142 136
138 143 139
128 130 129
130 130 130
137 135 138
112 110 111
119 115 114
108 103 100
146 138 135
152 145 135
171 166 147
205 200 178
220 209 179
143 130  96
142 126  90
171 152 112
213 189 151
152 126  91
132 107  76
186 168 144
 35  28  10
 29  27  15
 45  46  40
 49  51  48
 25  29  28
  4   8   9
 12  14  13
 12  13   8
 30  31  15
127 120 101
176 161 138
231 214 186
254 239 210
234 224 199
170 163 144
163 160 143
145 143 131
144 144 134
 64  64  56
112 109 102
108 105  96
171 169 157
230 231 217
221 222 208
233 235 222
155 158 151
 41  45  44
  2   8   4
 44  54  46
 79  86  79
 45  50  46
 19  21  20
 83  87  86
 15  21  19
 30  41  37
 45  56  52
162 172 164
114 117 106
 56  57  43
144 141 126
 38  41  22
 27  27  17
 55  54  50
 68  67  62
127 125 112
169 168 147
165 163 138
198 196 173
180 178 163
139 140 132
 29  31  26
 14  19  15
 44  50  48
 78  84  82
 56  62  62
 22  27  30
  9  13  12
107 109 108
153 152 150
145 142 137
176 174 162
148 146 134
134 130 121
146 142 133
123 119 110
131 129 117
147 145 133
138 134 122
131 128 111
139 136 117
139 133 117
141 135 121
122 122 110
139 139 127
126 124 112
116 114 101
110 108  93
214 211 196
186 183 166
 66  63  44
 57  56  36
 51  52  34
 25  27  13
 60  64  50
 93  99  85
102 111  94
101 110  91
119 126 110
127 131 117
151 153 142
153 152 147
121 120 116
139 139 137
123 125 122
 97 102  98
107 112 106
136 139 130
125 128 117
120 121 113
142 143 135
 73  74  69
 15  14  10
 14  13  11
 39  38  36
 37  36  34
 27  23  20
 72  67  63
 93  88  82
  9   6   0
 14  11   2
 65  60  54
 31  26  20
 16  11   7
  9   6   1
 84  79  73
126 119 111
 67  63  54
 39  36  29
 49  50  44
  9  10   5
 22  23  18
 12  14  11
  6   8   7
 42  43  45
 47  49  48
  7   8  10
 49  50  52
 82  86  87
112 117 113
121 127 123
113 122 117
128 139 135
105 117 113
 24  35  29
 68  78  70
161 171 163
124 126 121
142 143 135
107 108  94
 24  25   7
123 122 102
141 140 120
118 119 101
 86  88  74
149 153 138
 53  54  38
158 153 134
236 228 207
231 220 198
214 206 183
179 171 150
145 137 116
110 102  83
177 170 151
208 203 183
147 142 123
167 162 142
141 137 112
154 150 121
170 167 136
157 152 122
115 109  77
115 106  73
129 123  91
162 156 130
 65  63  40
105 100  78
204 200 173
140 136 111
104  99  79
135 129 113
131 125 109
142 137 117
142 136 112
126 116  89
 99  87  61
141 129 105
169 158 138
157 147 135
140 133 125
140 135 129
 82  79  70
110 107  98
153 149 140
133 129 117
147 141 127
212 205 189
227 219 200
238 230 209
214 207 188
223 218 199
207 204 185
137 135 114
152 149 130
171 168 153
217 215 203
201 201 193
176 175 170
132 132 130
140 140 140
153 152 150
150 147 140
132 126 114
133 126 110
140 131 116
149 141 130
 90  83  77
 10   6   3
 21  21  19
 19  21  16
 75  76  70
141 142 134
153 153 145
122 123 115
 99 102  93
154 159 152
143 150 143
134 140 136
 85  94  91
108 117 114
139 148 143
116 121 115
 79  81  76
 34  35  29
102 105  98
138 141 134
140 141 133
116 117 109
106 107  99
153 154 146
124 125 117
 13  12   7
  9   9   1
  9   9   1
 12  12   2
 20  20  10
 73  70  61
139 136 129
 45  45  37
 40  40  32
 26  27  21
 22  21  16
 20  19  15
 30  27  22
 87  80  70
 98  92  76
 76  69  51
207 200 184
214 208 194
 46  40  26
 18  12   0
 74  71  54
166 163 144
170 169 148
184 183 165
126 124 111
 22  21  16
  1   0   0
 83  81  84
 93  91  94
  1   1   1
 22  22  22
 11  11  11
 19  17  20
117 116 112
147 146 141
118 119 111
139 142 135
129 134 128
  4   5   7
 31  28  35
 51  49  54
 99  97  98
152 151 146
130 133 124
134 141 134
139 151 147
 77  92  89
112 124 120
122 131 126
146 153 137
197 201 184
215 216 198
201 202 184
171 172 156
141 143 129
117 119 108
 61  62  54
 11  14   7
 10  15   8
 16  23  16
 44  53  48
 21  30  27
 38  47  46
 94 103 100
 95 104  99
 96 100  85
168 165 148
 94  86  65
158 147 125
182 175 156
146 140 126
136 126 116
120 101  86
 78  48  24
 92  57  29
103  68  38
 66  35   6
134 111  80
150 136 109
155 149 127
140 137 122
157 159 138
181 178 163
190 184 172
229 223 211
222 219 204
138 132 116
209 202 186
191 183 164
137 129 106
 58  51  25
150 142 119
222 215 196
159 156 141
 18  18   8
 16  17  12
  2   2   0
 43  42  37
138 139 131
148 150 139
147 147 135
168 169 155
209 211 197
102 104  93
103 104  98
113 112 108
 76  72  69
 85  82  77
145 142 135
150 147 140
152 147 141
148 143 137
139 136 129
126 126 116
123 123 113
140 138 126
126 126 114
 12  12  10
 53  53  51
 83  84  79
 93  93  91
 94  96  93
110 112 111
100 104 103
121 125 124
101 107 107
 68  73  76
  3   8  11
 34  38  39
 55  60  56
 88  93  87
 20  25  21
 14  19  15
  4  13  10
 73  78  72
 62  62  54
 39  35  26
  5   1   0
 20  17  10
 18  15  10
 44  41  36
136 133 128
146 141 137
131 124 118
127 120 114
149 142 136
144 137 127
117 109  96
134 125 108
231 226 204
237 231 209
244 237 211
207 193 166
130 111  81
156 129 100
132  98  70
149 114  86
160 123  94
120  84  52
194 159 127
159 125  97
141 110  90
 72  48  36
182 167 162
 30  20  18
 15  13  14
  8   7  12
  7  10  15
 18  22  25
 41  43  40
 39  36  29
 63  59  50
 40  37  28
 12  14   3
 92  95  86
215 218 211
156 157 152
130 130 128
137 137 135
136 136 136
109 109 111
  7  10  15
 10  11  15
 23  23  25
 50  50  50
 10  12   7
 57  60  53
102 104  93
153 151 136
 47  41  27
 48  39  30
 54  44  42
 57  50  44
136 132 120
134 137 118
116 123 105
 92 103  89
 97 103  93
147 152 145
113 116 107
150 150 138
184 179 159
174 167 141
226 217 188
208 201 172
216 209 183
136 128 105
177 170 151
249 244 225
218 215 196
182 181 161
123 122 104
183 182 164
175 173 152
201 196 174
214 210 183
149 145 116
132 128 101
140 135 113
120 115  95
122 117  97
194 192 169
158 161 140
 95 103  88
 92 104  94
101 111 100
127 133 119
129 129 117
133 130 121
137 133 122
154 150 141
 62  62  54
 73  76  69
 65  72  65
 56  62  58
 73  80  73
 94  99  92
109 110 102
119 119 109
 41  41  31
 21  21  13
 22  23  17
 10  12   7
 12  13   8
 77  78  72
100  97  90
117 117 109
138 139 131
118 121 114
120 125 118
130 135 131
142 143 145
134 133 138
143 141 146
150 148 151
147 143 144
169 165 164
173 169 166
244 241 232
180 178 163
122 121 100
188 181 153
187 178 149
149 136 104
156 141 108
148 133 100
169 154 125
147 137 112
134 129 110
 82  84  71
 71  77  67
 65  75  67
 55  64  61
 64  74  73
 31  41  40
 42  48  48
 61  65  64
 91  93  79
110 105  86
160 148 124
153 136 108
213 198 169
253 241 215
202 194 173
183 176 157
148 141 125
130 124 110
 85  81  70
 37  34  25
176 174 162
211 209 196
221 219 206
219 220 206
215 217 204
236 239 232
174 178 177
 41  47  45
 73  79  75
 23  28  22
  2   4   1
 32  34  33
118 124 124
 35  44  43
 50  59  58
 16  21  17
 87  90  81
151 152 138
144 142 127
145 142 125
124 125 111
 29  29  21
  2   1   0
 15  14  12
 13  13   5
 99 100  84
130 129 108
148 147 127
206 204 191
 80  81  75
 12  14  11
 47  52  48
  9  15  11
 80  86  84
111 117 117
 11  17  17
 10  14  13
 38  40  37
134 133 129
159 158 153
139 139 131
158 158 148
126 123 116
140 137 130
139 136 127
126 123 114
132 129 120
132 128 117
134 131 116
141 138 121
126 123 108
122 120 107
134 136 123
128 128 118
115 115 105
122 122 112
119 117 105
187 185 173
181 179 167
109 107  95
 49  49  37
 36  36  26
 19  19   9
 67  69  58
 95 101  87
118 125 109
127 133 119
 87  91  77
 72  74  63
184 184 176
145 142 137
134 130 127
134 133 131
132 134 131
 88  90  85
111 114 107
137 139 128
125 125 113
168 166 153
178 176 164
 65  62  57
 54  50  47
 19  15  12
 34  31  26
 25  21  18
 24  21  16
 78  73  69
 20  17  10
  5   2   0
 57  54  49
 66  63  58
 14  11   6
  7   4   0
 49  46  41
119 114 110
 43  40  35
 35  35  27
 54  55  49
 10  12   7
 32  32  32
 15  15  15
  0   0   2
 15  16  18
  5   6  10
  2   6   9
 21  25  28
 10  15  18
 10  16  16
 10  16  14
 16  22  20
 55  64  61
117 127 126
 70  79  78
 26  32  30
 11  17  13
118 123 117
152 155 148
130 133 122
109 111  97
 86  87  69
162 161 141
135 134 114
127 126 108
 93  94  78
 99 100  86
 83  81  66
155 150 131
235 227 206
225 218 192
225 218 190
168 161 133
129 122  96
139 131 110
175 168 149
153 148 129
164 158 142
168 161 143
139 131 108
129 120  89
163 153 117
161 152 111
 92  80  38
116 105  60
127 115  73
159 151 114
145 139 105
123 118  86
216 211 179
184 179 147
170 164 138
141 136 116
150 145 126
122 116  94
100  92  69
136 126  99
123 111  85
173 159 133
205 193 171
213 204 189
135 128 118
144 141 134
107 104  97
 99  96  87
196 192 183
136 132 120
131 125 111
166 157 142
228 220 201
237 230 211
206 199 180
184 179 159
236 231 209
207 205 182
113 111  90
144 141 124
227 223 212
218 218 208
199 200 194
130 129 127
131 129 130
137 136 132
141 138 129
138 135 120
140 135 116
163 156 140
182 173 164
141 133 130
 98  94  93
129 128 126
113 113 111
 37  37  35
 86  87  82
127 128 122
100 103  96
153 156 149
160 162 157
150 155 151
138 143 139
113 117 116
 93  99  95
123 129 125
129 134 128
 59  61  56
 75  78  71
139 142 133
121 124 115
156 159 150
127 128 120
102 103  95
 91  92  84
 63  64  58
 22  23  17
 37  38  33
 44  45  40
 13  14   8
 12  11   6
124 123 118
115 114 109
 36  35  30
 43  43  35
 27  28  22
 35  36  31
 56  57  52
 23  22  17
 53  51  39
 89  86  71
 87  82  63
111 104  86
177 172 153
 99  94  75
 81  75  59
175 170 151
144 142 121
124 123 103
123 122 104
167 165 153
113 110 103
 18  14  13
 35  33  34
111 109 112
 49  49  51
 35  35  35
  6   6   6
 19  19  19
 33  32  28
124 123 119
132 133 127
136 139 132
133 138 132
 47  49  48
 19  18  23
  4   2   7
 72  70  71
137 139 134
122 129 122
130 141 137
 92 104 104
100 111 113
148 156 158
134 140 138
128 130 117
196 197 183
228 229 213
187 191 174
171 178 162
167 175 162
130 135 128
 72  77  71
 21  26  20
 25  32  25
 80  90  81
132 142 133
135 144 139
117 126 123
 75  84  81
 47  56  51
 45  46  38
120 118 106
135 128 112
215 208 190
175 172 157
126 123 114
134 127 121
149 132 124
125  99  84
130 100  76
123  92  64
117  90  61
109  89  62
107  95  73
 65  59  43
 81  79  67
173 175 161
243 243 231
191 188 181
195 192 185
102 102  92
 96  94  81
161 158 139
170 164 140
184 179 150
 37  31   0
103  96  67
179 173 149
192 189 172
 52  50  38
 13  12   7
  2   1   0
 85  84  79
135 135 125
143 141 128
204 203 185
203 202 184
207 206 188
193 191 178
133 130 123
110 106 103
 99  98  96
 54  53  49
141 141 133
122 122 114
117 114 107
117 114 107
122 117 111
134 131 122
130 126 117
134 130 121
125 122 113
 14  14  12
 93  93  91
108 108 106
 71  71  71
 75  75  75
 84  86  85
 77  83  81
 62  68  68
104 108 111
108 111 116
 62  67  70
 44  50  48
 62  67  61
143 145 140
 82  84  79
  7  12   8
  8  10   9
 42  43  35
139 135 123
147 141 129
 71  64  56
 17  12   8
 15  11   8
 30  25  22
 56  48  45
100  92  89
131 123 120
148 141 135
136 129 121
123 116 106
135 127 114
191 182 165
231 227 202
228 222 198
219 208 186
211 197 171
209 190 160
233 207 180
174 144 120
 95  61  36
104  70  43
167 132 102
169 132 103
148 111  85
 89  52  34
129 101  89
106  89  82
 19   9   7
 45  42  37
 67  67  69
 58  58  66
  5   8  13
 15  15  13
 26  22  13
 60  52  41
 65  59  47
 93  90  81
 23  23  15
149 148 144
170 166 165
135 131 130
142 141 139
151 151 151
 30  30  32
 10  11  16
 18  19  23
  5   5   5
 47  49  48
 56  61  57
 40  45  39
132 135 126
116 117 103
 99  95  83
 63  56  48
  7   0   0
 49  44  40
143 141 129
127 131 114
 87  99  79
 88 102  87
 90  98  87
103 110 102
149 152 143
159 160 146
213 208 188
203 196 168
200 193 164
143 138 109
133 128 106
119 113  97
135 129 115
163 157 143
175 172 155
161 156 137
163 156 137
170 162 143
143 139 112
227 221 195
186 179 150
 93  89  54
118 115  80
143 139 110
138 130 109
168 160 139
153 151 128
112 115  94
113 119 107
135 142 135
134 139 133
119 122 113
123 123 113
128 123 117
135 130 124
110 105  99
 88  85  76
 71  72  64
 57  62  55
 60  67  60
 57  62  56
 18  23  16
  6   9   0
 16  17   9
 14  14   6
 14  13   8
 10  11   6
 17  20  13
 87  90  83
 90  91  83
 27  24  15
 88  85  78
147 147 139
136 137 129
129 132 123
112 114 109
127 128 130
142 141 147
143 141 146
138 136 139
131 129 132
151 149 150
151 150 146
157 157 147
133 134 118
127 129 108
184 180 155
249 243 217
196 186 159
189 180 149
179 172 143
120 114  90
155 154 136
153 157 143
101 109  96
115 127 117
 80  91  85
 95 107 105
 83  98  95
 77  92  89
 63  73  72
 39  44  47
126 128 117
154 148 132
123 111  87
148 133 102
223 208 179
252 238 212
194 182 160
142 129 110
153 142 122
135 126 109
118 112 100
 35  31  20
192 190 178
221 219 206
217 215 202
217 215 202
217 220 209
167 172 165
113 117 116
121 127 125
 49  54  50
  9  11   8
 58  58  56
 79  83  82
 83  92  91
 56  66  67
 18  24  24
  0   1   0
 44  41  32
160 157 142
128 125 108
153 147 131
 88  85  76
 61  58  51
 45  44  40
 29  28  26
 15  16  11
 44  46  33
135 136 118
150 149 131
218 216 204
 96  97  91
  4   6   3
 48  54  50
 47  53  51
 88  94  92
140 144 143
 20  22  21
 12  14  11
 33  34  29
155 154 149
128 128 120
120 120 112
127 127 119
141 141 133
133 133 125
128 128 120
127 124 115
133 129 118
139 133 121
139 133 119
142 139 124
136 134 121
123 123 111
116 118 107
143 145 134
129 131 120
126 128 117
151 151 141
148 148 138
208 208 200
205 206 198
 64  65  59
 15  14  10
 85  84  79
107 110 101
111 117 103
140 148 133
137 140 129
108 109 101
133 136 127
195 195 187
133 129 126
147 143 140
133 132 128
127 128 123
132 133 127
129 128 123
135 135 125
201 199 186
254 251 234
179 173 161
  8   1   0
 34  29  26
113 108 104
 30  26  17
  7   4   0
 77  74  69
 29  24  20
  6   3   0
 33  32  27
 67  66  62
  2   1   0
 22  21  16
 64  61  56
 97  94  89
 25  21  18
 26  25  21
 73  76  69
 34  39  32
 28  30  27
103 103 105
 87  86  91
 67  66  71
 32  31  36
  4   5   9
 10  14  17
  4   9  12
  2   7  10
 18  24  24
 40  44  45
 63  69  69
 52  61  60
 89  97  99
 21  26  29
 14  18  19
  7   9   8
 76  78  73
122 125 118
137 139 128
105 106  92
119 118 100
119 118  98
131 130 110
126 125 105
 88  87  69
 30  29  11
109 103  87
128 121 103
189 181 160
241 234 206
213 206 177
130 123  94
138 128 101
134 126 103
140 133 115
160 154 142
130 124 112
165 158 140
145 134 112
140 125  96
148 133  94
162 149 104
135 123  73
142 128  79
136 122  75
154 141  97
152 143 102
132 127  87
167 161 125
161 157 119
166 161 131
160 153 134
139 132 114
100  92  73
131 123 102
161 151 126
113 101  75
171 157 131
163 151 127
155 146 129
 96  89  81
139 136 131
112 111 106
 76  73  64
169 166 157
185 183 171
150 142 131
216 207 192
233 224 207
227 220 202
224 219 200
196 191 169
233 229 204
245 243 220
232 230 209
158 155 138
187 183 171
223 221 209
161 161 153
121 120 116
147 141 141
146 145 140
113 113 103
144 145 127
155 154 133
173 168 149
152 145 135
151 143 140
147 143 142
158 157 155
115 114 112
 56  55  53
 66  66  64
106 108 103
115 120 114
125 130 126
119 121 120
129 133 132
149 154 150
124 129 125
131 136 130
109 114 108
111 116 112
 44  46  43
 74  77  70
155 158 149
123 126 115
147 150 141
136 139 130
 82  83  75
 90  91  83
 38  39  33
 22  23  17
 20  22  21
 24  24  24
 13  13  11
 23  23  21
 64  66  61
 69  70  64
137 136 131
 21  20  15
 24  25  20
 27  29  24
  9  11   6
 13  14   8
 24  24  16
125 123 110
116 113  96
118 113  94
111 106  84
117 112  92
146 141 122
160 155 136
150 149 129
131 130 112
167 165 150
128 126 114
111 108 101
 63  59  56
  3   0   0
 30  28  29
 27  27  29
 24  24  24
 52  52  50
 29  29  27
 68  67  63
 90  89  85
 91  92  86
155 158 151
136 141 135
130 132 129
 29  29  31
 43  41  44
 94  92  93
 86  88  85
 94 103  98
113 125 123
 81  92  94
135 144 149
133 138 142
132 136 139
129 129 119
204 205 191
203 206 189
181 190 173
209 221 207
139 149 140
133 140 133
 26  31  27
 29  35  31
117 127 118
126 136 125
113 123 112
146 156 147
128 137 132
110 116 114
 53  59  57
 39  39  37
139 136 129
171 164 154
168 162 150
128 125 116
135 134 129
136 133 128
146 133 127
141 119 108
159 132 113
151 125 100
129 108  81
136 118  94
145 134 116
 31  25  13
  1   1   0
 25  28  17
 86  87  79
186 187 181
135 136 131
 12  13   7
 87  87  75
132 131 111
127 123  98
156 153 122
116 111  79
145 140 108
131 125  99
197 192 173
 74  70  59
 15  10   6
 58  53  50
176 175 170
134 131 122
131 128 113
193 192 172
193 192 171
169 166 147
157 154 139
122 118 109
 81  80  76
 55  53  54
 73  73  71
133 134 128
119 120 112
118 118 110
119 116 109
115 110 104
136 132 121
127 123 114
156 149 141
177 173 164
 40  41  36
 97  98  93
140 140 138
152 152 152
133 133 135
131 132 136
128 133 136
 61  66  69
 47  50  55
 32  35  40
 72  73  77
 76  76  76
 53  49  48
103  98  95
112 109 104
 20  21  15
  9   9   7
  8   3   0
 88  78  69
141 128 119
148 138 129
 55  46  41
 13   5   2
 22  17  14
 47  41  41
 10   4   4
 34  28  28
 90  85  82
108 103  99
116 109 103
164 157 149
237 230 220
233 231 216
224 220 208
167 163 152
151 143 132
 99  87  75
 75  59  46
127 109  99
 37  19   9
 56  38  26
 71  52  35
118  93  73
121  94  77
138 111 100
150 130 123
116 101  96
 56  45  39
142 139 132
 87  83  80
 10   8   9
 27  26  24
 27  24  19
 12   5   0
123 114 105
131 124 116
119 116 109
 43  42  37
 39  38  33
134 133 128
131 130 125
130 129 124
144 143 138
 11  10   6
 19  20  22
 15  17  16
 20  22  21
 10  12  11
 18  22  21
 55  60  54
 80  86  74
 88  92  75
119 122 103
 56  54  41
  8   5   0
 75  73  60
146 149 128
 91 100  73
 69  82  56
104 119  98
105 119  96
 95 104  85
140 142 128
191 188 171
222 216 194
192 185 157
123 116  88
148 143 121
201 199 184
138 138 126
138 139 125
137 136 118
181 179 158
166 160 138
195 183 161
216 199 179
190 181 152
207 198 167
171 161 126
133 124  85
119 111  72
147 141 105
163 156 127
191 184 156
134 128 104
 86  83  64
122 122 110
116 117 111
 92  93  87
126 126 118
145 142 135
126 121 117
 40  40  32
  7   4   0
 20  17  12
 15  16  10
  0   4   0
  4   9   3
 34  39  35
 38  40  37
 80  82  77
 17  18  12
 19  18  13
 11  10   5
 29  31  26
 82  87  83
 62  64  61
  2   1   0
 14  15   7
 79  79  71
138 135 128
129 126 121
141 140 138
121 121 121
121 121 119
136 135 131
139 136 131
140 137 132
139 138 134
130 131 126
137 140 133
128 131 122
111 114 103
148 151 140
169 172 155
205 207 186
225 223 200
122 117  95
162 159 140
147 148 132
 79  83  68
118 127 110
 98 109  93
 84  94  83
 67  77  68
125 135 127
118 129 123
 27  36  31
 51  57  53
 36  38  35
147 144 135
158 149 132
144 128 102
152 131 100
164 143 112
249 230 200
200 178 154
126 106  81
195 177 153
134 122 100
 94  87  69
 81  77  65
106 102  91
208 206 194
208 206 194
231 229 217
194 195 187
120 122 117
126 132 130
141 147 147
 93  99  99
 85  89  90
133 137 138
162 168 168
 77  86  83
 11  17  13
  4   6   1
 52  49  40
 96  88  75
135 127 108
133 125 106
149 140 123
 94  95  87
 73  74  69
117 117 115
 42  44  41
  4   5   0
 72  72  64
 72  72  64
 76  76  68
227 228 220
130 131 125
 10  11   6
 22  22  22
 57  58  60
107 111 112
127 129 128
 29  28  24
  8   9   4
 88  89  84
151 152 146
132 133 127
132 133 127
132 133 127
125 126 120
131 132 126
133 133 125
131 128 119
137 135 123
143 141 129
135 133 120
130 131 117
135 133 121
129 127 115
126 126 118
135 136 130
107 108 102
118 121 114
125 127 122
138 138 136
137 137 135
197 197 195
151 152 147
 15  14   9
120 119 115
138 137 133
115 114 109
124 125 117
139 141 130
195 198 187
209 210 202
122 121 116
140 135 131
132 128 125
130 129 125
129 130 125
107 107  99
118 114 102
179 174 155
223 217 195
240 229 207
114 101  82
 44  32  16
108  99  84
159 151 138
 31  23  12
 78  75  68
 47  44  39
 10   9   7
 24  23  21
 60  57  52
 13   8   4
 59  54  50
 94  91  86
105 104 100
 33  32  28
 29  25  22
 56  55  53
 16  16  16
 14  16  15
 21  21  23
 14  12  17
 78  79  81
156 157 161
122 125 130
 40  43  48
  8  13  19
 20  25  29
 46  54  56
 60  65  68
 67  72  75
 85  91  91
 40  46  44
 11  17  15
 12  13  15
  9   9  11
 17  17  17
 10  10   8
 13  16   9
 69  72  63
 52  53  45
  8  10   0
 53  53  43
148 145 136
130 128 116
 49  47  35
 53  50  41
118 114 105
137 131 119
179 172 154
222 214 193
149 143 121
130 124 102
162 157 135
141 138 119
123 117 105
163 156 150
139 131 128
149 140 133
161 149 133
122 106  80
169 153 117
170 157 113
150 138  90
176 164 116
141 126  83
181 167 130
145 134 102
128 122  90
162 157 125
199 194 162
140 134 108
158 150 131
142 133 118
145 133 119
173 159 146
188 175 159
115 103  81
236 226 199
143 133 106
127 115  99
145 135 126
153 146 140
147 142 136
 96  92  83
200 193 183
203 199 187
124 118 104
198 193 174
230 225 205
229 224 202
239 231 212
221 213 194
241 235 213
167 165 140
103 103  79
211 210 192
152 150 138
208 208 198
166 167 159
131 132 126
144 145 140
128 128 120
 95  95  83
110 109  91
134 133 113
121 118 103
149 144 138
147 143 142
151 147 148
111 109 110
147 145 146
123 123 125
 41  43  42
 42  47  43
 75  80  76
131 133 132
162 161 166
 96  96  94
 97  96  92
134 133 129
149 148 143
154 153 148
 95  96  90
 36  37  31
 29  32  25
111 117 107
142 145 136
128 129 121
148 149 141
136 137 129
105 108 101
 25  27  22
 75  75  73
 22  28  26
 16  18  17
 21  21  19
 12  11   9
  9  10   5
 59  58  53
 91  90  85
 92  88  85
178 177 173
 53  53  53
  8   9  11
 20  22  21
 41  41  39
127 126 121
 61  58  51
 81  78  71
 54  47  37
 44  36  25
136 130 118
102  98  86
113 111  99
102  98  87
 98  94  83
 85  81  70
 50  50  42
  7   7   5
 49  49  49
  9   7   8
 13  12  10
 19  19  17
 61  61  59
  4   4   4
 85  86  81
 57  56  52
 11  10   8
 72  71  67
 95  94  90
133 134 129
 17  17  15
  6   6   6
 59  61  60
 54  58  57
 99 108 105
 92 106 106
116 132 132
127 139 139
136 142 142
128 128 128
165 162 153
208 205 196
198 200 187
206 212 200
147 154 146
 89  94  90
120 122 119
 23  23  21
 28  30  25
130 135 129
127 129 124
131 132 126
124 125 117
144 145 139
154 154 152
101 101 103
125 126 130
125 123 124
140 136 133
131 127 124
139 140 135
135 136 131
143 142 137
134 127 119
148 138 129
150 137 128
130 118 106
137 127 115
 96  90  76
116 114 101
107 109  95
 64  68  54
 41  46  39
 24  31  23
 85  95  86
 87  98  90
 35  45  36
115 121 109
121 122 108
133 130 111
143 142 114
152 149 116
147 142 110
151 145 121
 70  66  57
 21  17  18
 10   6   7
 57  52  48
197 191 179
116 112 100
128 125 110
145 142 125
156 153 136
117 114  99
 82  78  67
117 113 104
 64  62  50
 41  39  27
101  98  89
129 129 121
121 122 114
113 114 106
124 125 119
 95  94  90
 81  81  71
 90  87  80
 69  62  56
 93  88  82
 58  59  54
 98  98  96
 92  92  90
131 131 131
128 128 130
136 137 139
140 144 145
129 133 134
124 128 131
 82  86  89
 16  17  21
 26  26  26
 64  60  57
 54  49  45
 45  40  37
 19  13  13
 15  14  10
  8   0   0
 62  51  45
134 119 112
145 132 123
118 109 100
 21  14   8
 25  20  17
 58  54  53
 15  11  10
 14  10   9
  4   0   0
 22  18  15
 22  19  14
 38  35  30
132 129 124
106 108  97
 83  84  76
 25  26  20
  0   1   0
  9   6   0
 12   3   0
 34  23  19
 77  66  62
 49  40  31
 53  41  29
 92  74  62
 84  64  53
 55  37  27
 41  28  20
 93  84  77
128 121 115
105 101  92
 53  50  43
 16  13   8
 11   8   3
 36  31  27
 32  25  19
115 108 100
147 143 134
135 135 127
 83  84  78
 25  26  20
105 106  98
141 143 132
141 145 131
163 164 156
 64  65  59
  9   9   7
 32  31  29
 30  29  27
 30  30  28
 36  38  35
 38  43  37
 74  82  71
 30  37  21
121 124 105
 87  85  70
 16  14   0
116 115  97
122 126 103
 84  95  65
 89 102  74
105 119  94
103 112  93
141 148 130
140 141 123
172 167 147
134 128 104
100  93  67
209 201 178
179 174 155
166 167 151
126 128 115
154 155 141
170 167 152
210 203 184
203 192 170
209 194 171
228 210 186
222 211 183
227 216 184
184 175 136
179 170 129
181 171 135
162 153 120
132 125  96
154 147 119
149 143 119
139 134 114
139 136 121
120 117 108
109 108 103
 98  97  92
119 116 111
 47  44  39
 34  31  26
 94  91  86
 18  15  10
 25  24  19
 17  18  12
 22  24  19
 38  43  39
 14  19  15
 73  76  69
 47  48  40
 12  12   4
 39  38  33
 81  82  77
 34  36  33
 21  21  19
 82  81  79
124 123 119
148 147 143
125 124 122
126 125 123
136 136 134
137 138 133
128 129 123
138 138 130
135 132 123
134 131 122
130 129 124
131 132 127
125 127 122
135 138 129
148 151 140
121 125 111
120 124 110
161 164 147
164 163 143
199 196 177
135 134 116
149 152 135
128 132 115
118 125 107
167 174 156
154 161 145
100 103  92
102 105  96
 98 101  94
 35  38  31
 15  16  11
 51  52  47
132 129 114
168 157 139
134 116  92
105  82  51
166 143 112
230 209 182
176 156 131
123 103  78
159 143 118
158 147 127
103  97  83
 87  85  73
 66  64  52
229 227 215
230 228 216
177 175 163
101 104  95
126 128 123
146 150 149
148 154 154
149 158 157
137 143 143
139 145 145
123 132 129
 65  74  69
 58  65  58
105 106  98
167 163 151
155 148 130
133 126 107
196 189 170
130 123 107
 48  49  43
150 151 146
115 115 113
  1   2   0
 31  30  26
138 137 132
 24  23  18
  3   3   0
201 200 195
109 110 105
  9   9   7
 23  24  26
 20  21  23
 87  89  88
143 143 141
 65  65  63
  3   4   0
 80  81  76
147 148 143
141 142 137
142 143 138
130 131 126
128 129 123
148 149 141
128 128 118
133 133 121
135 133 121
136 134 122
134 132 119
136 134 122
138 135 126
130 127 120
129 129 121
127 127 119
113 114 108
126 127 121
128 129 124
143 143 141
127 126 124
121 121 119
124 125 120
 35  36  31
113 112 110
144 143 139
133 132 127
133 135 124
134 136 125
217 219 208
169 171 160
142 139 132
162 154 151
132 127 124
127 124 119
135 136 128
 97  97  85
187 184 169
236 231 212
213 205 184
225 215 190
172 162 137
117 106  86
140 131 114
 99  91  78
 64  58  46
 64  61  52
  7   4   0
 11   7   4
 56  52  49
 68  65  60
 78  75  70
 68  65  60
 64  63  58
 41  40  35
 29  28  24
 46  45  43
 17  17  17
 16  18  17
 20  24  25
 15  16  20
 11  10  16
 18  19  23
 78  79  83
 89  92  97
 99 102 107
 36  41  45
 55  63  66
 58  66  69
 17  25  27
  5  13  15
  0   3   6
  5   9  10
 14  16  15
 11  13  12
 39  39  39
 43  43  43
  2   2   2
 11  11   9
  7   8   3
 20  21  16
 21  22  16
 42  41  37
 48  47  43
 98  97  93
132 129 124
140 137 132
135 130 124
131 124 114
139 131 118
159 152 136
143 136 118
140 135 116
147 144 125
133 130 115
128 124 115
131 123 120
135 127 125
161 152 147
139 129 117
143 130 111
149 135 108
135 122  87
139 127  89
204 192 154
179 166 132
162 148 121
117 107  82
107  99  76
108 102  78
147 143 118
140 134 112
135 126 109
136 126 114
182 169 160
189 175 166
132 118 105
173 160 141
223 213 186
191 181 156
163 151 135
146 136 127
195 188 180
143 139 130
 65  61  52
198 194 185
204 200 188
206 203 188
136 130 114
214 209 190
239 232 214
230 223 205
240 232 213
219 212 193
204 199 177
121 119  98
193 192 172
178 179 165
145 147 136
138 139 133
137 138 132
149 150 145
134 135 127
129 131 118
138 139 123
103 101  86
130 128 115
127 122 116
136 131 128
155 149 149
100  96  95
123 121 122
124 124 124
 32  34  33
 11  13  10
  2   4   1
 12  14  11
108 110 109
135 135 133
104 103 101
 59  55  52
109 105 102
138 137 133
133 134 129
 65  66  60
 87  90  83
135 138 129
144 147 138
103 104  96
147 148 140
121 124 115
105 108 101
 56  58  55
 61  63  62
 27  31  32
 25  27  26
 10  11   6
 19  20  14
  9  10   4
 80  81  75
 75  74  69
 78  77  72
 72  73  68
  3   3   3
  8   9  13
 29  30  34
139 140 142
154 154 152
120 119 114
 10   5   0
 21  16  10
 77  72  66
 78  74  65
 51  48  39
 11   8   1
 10   5   0
  8   3   0
 50  45  39
 96  93  86
107 106 102
145 143 144
 69  67  68
 17  16  14
 31  32  27
 19  19  17
 26  26  24
113 114 109
 22  21  19
 37  35  36
  9   9   7
 23  24  19
130 131 126
100 100  98
 67  67  65
106 110 109
  7  16  13
 71  81  80
123 135 135
131 145 146
118 130 130
155 161 161
168 169 171
200 197 188
219 217 205
208 208 196
141 144 133
 99 104  97
168 170 165
 98  98  96
  4   4   2
 25  26  21
117 118 113
145 144 140
181 177 174
119 116 111
146 145 140
127 126 124
 91  89  92
113 114 116
129 127 128
141 137 136
138 134 131
136 137 132
147 148 143
151 150 146
131 126 122
105  98  90
 76  67  58
 35  26  17
 39  32  24
 15  12   3
 18  18   8
 86  89  78
123 126 115
 98 106  95
 82  92  81
 81  91  80
 74  86  76
 90 100  91
 87  93  83
103 105  92
138 137 119
111 109  86
 66  62  35
104 100  75
 91  85  69
  3   0   0
 18  17  15
 17  16  12
 15  12   5
 74  71  54
127 124 109
146 142 130
134 130 118
127 123 112
117 113 104
110 106  95
140 136 124
 86  84  69
 86  87  71
106 106  94
107 107  97
115 116 108
127 128 120
108 109 103
 14  13   9
 30  30  22
 74  71  66
107 102  99
129 124 120
 10  10   8
 14  14  12
 11  11   9
 29  29  29
 28  30  29
 79  80  82
109 111 110
150 152 151
136 140 139
134 138 139
 91  91  93
 21  19  20
  5   4   0
 29  25  22
 40  34  34
 15   4   8
 11  10   6
 16  11   8
 21  10   8
 88  75  69
116 103  94
147 137 127
 84  77  69
 33  29  26
  7   6   4
 15  13  14
 12  11   9
 10   9   7
 19  18  16
 10  10   8
 10  10   8
  9   7   8
  0   2   1
  1   7   5
  6  15  12
 13  22  19
 13  19  15
 11  11   9
 20  16  17
 15  14  12
 21  22  16
 39  39  31
 45  38  32
 82  71  67
 44  37  29
 12   9   0
 24  21  12
 30  27  20
 49  45  36
 69  65  54
 80  76  65
 62  55  47
 13   4   0
 40  31  26
 61  54  46
121 118 109
 93  94  88
 89  91  86
113 115 110
 22  25  16
 87  91  76
228 232 215
203 207 193
184 187 176
121 120 116
 92  88  85
 93  89  86
 64  60  57
 39  40  35
 37  42  35
 66  72  60
 81  88  72
110 113  94
 51  50  30
 79  76  57
134 136 114
 91  97  69
 95 104  75
113 122  95
121 129 106
 70  74  57
144 147 130
118 117  99
192 187 165
175 169 145
134 126 103
195 188 169
116 113  96
112 113  99
145 147 133
135 136 122
132 126 112
112 104  85
210 198 174
223 207 181
211 195 169
220 206 177
211 198 164
189 177 137
192 183 144
177 167 132
141 130 100
145 135 108
216 209 181
217 211 185
202 196 172
201 194 176
194 188 176
166 163 156
159 158 154
150 149 147
 28  27  23
 22  18  17
 63  62  58
 23  22  18
  9   8   3
 16  15  10
 14  16  11
 54  59  55
 13  18  12
  9  12   5
 40  41  33
 88  89  81
126 127 121
 19  19  17
  0   0   0
 80  79  77
147 146 144
137 133 134
125 123 126
141 141 143
136 136 138
135 135 133
126 127 121
126 126 116
132 130 117
127 126 108
123 121 106
126 123 114
142 141 136
146 147 142
152 153 145
149 151 140
127 129 116
167 170 159
152 154 141
161 159 147
196 194 181
183 181 168
143 144 130
161 164 147
177 180 161
123 125 104
140 139 119
180 178 163
176 172 160
 88  84  75
 58  53  47
 33  30  23
 39  36  29
160 153 137
144 131 112
 81  61  37
116  92  66
172 148 122
206 186 161
113  95  73
132 116  93
102  90  68
121 114  96
 58  56  44
 32  32  24
 36  36  26
170 168 156
171 169 157
146 146 134
146 149 140
152 154 149
134 136 135
145 150 153
123 131 133
129 139 140
 74  84  83
 74  85  79
105 117 107
147 153 139
155 153 138
149 142 124
134 126 107
139 134 112
236 233 214
214 211 194
 48  49  43
113 114 108
133 134 129
 74  73  69
119 118 114
 82  81  77
 21  22  17
 23  22  18
143 142 138
 62  62  60
 12  14  13
 31  32  34
  8   8   8
102 101  99
165 164 162
106 105 103
 13  14   9
 24  24  22
 47  47  45
 46  46  44
 98  98  96
134 134 132
138 139 134
 99 100  94
137 137 127
134 134 122
131 131 119
133 133 121
140 138 126
143 141 129
145 141 132
140 137 130
133 130 121
132 129 120
118 115 108
123 123 115
128 127 122
146 145 141
144 143 141
141 140 138
107 107 105
 66  66  64
150 149 147
145 141 138
151 151 143
160 162 151
218 218 206
184 184 174
135 136 122
125 121 110
143 134 129
187 180 174
187 184 177
106 108  97
176 177 163
242 239 222
221 214 195
238 227 205
244 232 206
165 154 126
137 127 102
144 136 115
107 100  84
 72  66  54
 32  28  17
 24  21  12
 71  68  61
 66  63  58
 67  63  60
 14  10   7
 44  40  37
 63  62  57
 44  43  38
 43  42  38
 20  19  17
 24  24  26
 17  18  20
  3   7   8
 15  19  22
 14  17  22
 15  16  20
  0   1   6
 11  14  19
 36  44  47
 61  69  72
 52  60  62
 37  45  47
  8  16  18
  8  16  18
 12  18  18
 12  13  15
 11  11  11
 11  11   9
 12  12  10
 17  17  17
 63  61  62
 91  86  90
 40  38  41
 11  11  11
 33  33  33
 21  21  21
  1   0   2
 75  73  76
164 162 165
127 121 121
123 115 112
131 122 115
162 153 144
143 137 125
128 122 110
131 127 115
121 119 106
124 120 111
128 123 117
136 131 127
151 146 143
185 177 174
102  95  87
147 139 128
164 157 139
135 127 106
128 117  95
141 130 108
138 130 111
 42  33  18
 35  27  14
 70  62  49
132 126 112
 96  97  79
108 107  89
138 132 116
138 130 117
182 172 163
158 145 139
 44  30  21
156 143 126
160 150 125
220 209 187
168 156 140
148 138 128
167 158 149
164 160 149
107 104  95
161 158 151
211 209 196
207 203 191
190 186 174
179 173 159
156 148 135
146 138 125
225 218 202
235 228 209
210 205 185
167 165 144
152 151 131
161 162 146
122 122 110
137 138 130
144 145 139
129 130 125
131 134 123
136 140 126
152 154 140
150 151 137
138 138 126
160 157 150
168 163 160
132 127 124
121 116 113
136 135 131
110 110 108
 97  97  95
  7   7   5
 13  14   9
 16  16  14
  3   3   1
 28  27  25
140 139 137
101  97  96
 24  20  17
 73  72  68
 50  51  46
 26  27  21
120 121 115
147 148 140
149 150 142
121 124 117
112 115 108
117 120 113
 36  39  32
 38  43  39
 12  18  16
 18  19  21
 30  32  29
 18  21  14
 15  18  11
 27  30  23
 93  95  90
 68  69  63
 43  44  38
  0   1   0
  7   8  10
 11  12  17
  8   9  14
 64  68  71
140 142 141
138 137 133
 35  30  26
106 102  99
139 138 134
136 135 130
 61  60  55
 10   6   3
 16  12   9
 23  18  15
118 113 109
142 139 134
140 137 132
123 122 120
146 146 146
107 107 105
 73  74  69
 10  11   6
 60  61  56
 80  81  76
 22  20  21
 65  63  66
 87  87  87
 59  61  58
 51  52  47
125 126 121
134 136 133
 43  49  47
 51  61  60
 52  64  64
121 131 133
134 145 147
129 141 141
162 172 171
185 194 191
204 204 192
180 180 168
154 154 142
155 157 144
160 161 153
153 154 149
 38  37  35
 10   9   7
 72  71  67
138 137 133
135 131 128
160 155 152
106 101  98
114 110 107
101 100  98
114 112 115
139 143 144
154 154 156
143 141 142
135 134 132
135 136 131
135 136 131
 88  88  86
 16  15  11
 32  29  24
 31  26  20
  4   1   0
 10   9   5
 18  17  13
 17  18  12
  7   9   0
 23  26  15
 55  63  48
 70  78  63
 89 100  86
116 126 115
118 126 115
125 131 121
135 137 126
136 134 121
 62  56  40
 27  22   3
  7   1   0
 53  50  41
 40  39  35
  7   8   3
 11  14   7
 20  21  13
166 165 145
151 150 132
118 114 102
115 111 102
130 127 122
114 109 105
103  96  86
180 174 158
129 127 106
 79  78  58
118 119 105
 87  87  77
145 145 137
119 119 111
118 117 112
110 109 105
125 124 119
132 128 125
128 122 122
126 122 119
  7   9   8
 14  14  14
 14  14  14
  0   1   0
  0   2   1
 32  34  31
 95  97  94
133 135 130
134 139 133
133 138 134
126 128 127
 96  96  96
 32  32  30
 29  29  27
  7   6   4
 20  14  16
  2   4   3
 16  15  13
 18  13  10
  9   0   0
 34  25  16
126 117 108
143 138 132
132 128 125
 30  29  27
  4   4   4
  2   2   2
 18  18  18
  8   8   8
 11  13  10
 13  15  14
 12  13  15
 13  19  19
 13  19  19
  3  12  11
  6  16  15
  4  13  10
  5   9   8
 11  13  12
 38  40  39
 97 102  98
112 117 111
 80  81  76
 46  45  40
 43  42  37
 39  40  32
 49  49  41
  8   7   2
 60  57  48
 53  49  40
 41  34  24
123 113 104
112 102  93
 78  68  59
 38  31  21
 55  52  43
120 120 112
140 141 136
161 162 157
109 112 103
 65  69  55
219 223 208
200 204 189
199 203 189
132 133 125
 88  87  82
 32  28  25
 13  10   5
  9  10   4
 29  32  23
 31  34  23
 88  90  76
125 124 104
 79  78  57
142 144 120
101 105  78
 94  98  71
112 116  91
144 146 125
119 120 104
 47  45  33
121 119 107
181 179 166
 97  94  77
 71  66  47
176 169 151
180 174 158
141 138 123
124 122 109
 93  94  80
132 130 115
107 101  85
129 121 100
235 225 198
209 198 170
205 191 164
200 187 155
149 136 102
135 122  87
127 114  80
132 121  91
140 130 103
136 129 101
194 189 160
192 187 157
215 210 181
217 209 188
194 186 173
168 161 153
106 102  99
 69  69  67
 20  20  20
  2   2   2
 11  11  11
 12  12  10
 20  21  16
 22  23  17
 20  23  16
 70  75  69
 21  26  20
 46  51  44
 86  89  82
 64  65  59
 50  51  45
 35  36  31
 70  71  66
 97  96  92
130 126 123
128 126 129
132 130 133
134 134 136
139 139 141
141 141 139
128 127 122
130 130 120
128 125 108
135 130 110
120 115  96
109 103  91
104 101  92
 92  92  84
 82  84  73
 80  80  70
124 124 114
160 162 151
158 158 148
155 152 143
163 160 151
212 210 198
173 173 161
158 159 145
175 173 158
133 130 111
150 145 125
210 203 185
161 151 139
 30  20  11
 91  82  75
 70  63  57
 66  61  55
144 135 120
150 137 120
137 119  97
121  99  76
129 109  85
207 190 170
 97  84  67
113 104  87
 91  84  68
 33  31  19
 44  45  37
 65  66  60
 77  78  70
137 137 127
190 190 178
207 209 196
145 148 137
152 153 147
144 144 142
143 147 148
146 156 157
139 151 151
 80  95  92
 69  82  73
116 127 111
147 150 131
146 139 120
138 125 106
137 126 104
161 155 133
126 125 105
138 139 123
137 140 133
133 136 129
146 147 141
173 174 168
 98  99  94
  6   6   4
 18  16  17
 13  12  10
 53  53  51
 44  46  45
 17  18  20
 20  21  23
 16  16  16
128 127 123
 94  90  87
 46  42  41
 40  41  36
 89  89  87
 10  12  11
  9   9   9
  9   9   7
 47  47  45
 64  64  62
 56  57  52
158 159 151
133 135 124
123 125 114
129 129 119
139 139 129
138 136 124
 89  85  74
102  98  87
159 157 144
126 122 110
143 139 128
131 128 119
123 123 115
131 130 125
145 144 140
145 144 142
 96  96  94
 71  71  69
146 145 141
145 142 135
191 188 179
161 161 149
176 176 164
141 139 127
131 132 116
129 125 113
148 139 130
227 220 212
168 165 156
 36  36  24
219 220 204
225 222 203
223 217 195
244 234 209
206 194 168
112  98  71
149 137 113
137 129 108
 42  35  17
 30  24  10
 71  69  57
 84  81  72
 80  77  70
 51  48  43
 23  19  16
 32  26  26
 75  70  67
 54  51  46
 43  42  37
 10   9   4
  9   9   7
 11  11  13
 35  36  38
 77  81  82
 15  19  20
 10  15  18
 12  17  20
 12  17  21
 39  47  50
 49  59  61
 32  44  44
 19  29  28
  6  15  14
  5  11  11
 12  18  18
  7  11  10
  9  11   8
  8   8   6
 11  11   9
 35  35  33
102 101  99
143 139 140
 77  72  76
 21  19  22
  5   3   6
 14  14  16
 12  12  14
  3   2   7
 37  36  41
145 143 146
139 135 134
129 124 118
137 130 120
143 137 125
123 116 106
124 120 109
129 125 116
118 115 108
135 132 125
131 128 121
142 139 132
145 140 134
145 140 134
139 136 129
 81  81  73
 77  77  69
 70  66  57
127 120 112
 44  37  29
  6   2   0
 23  20  13
 14  11   6
 76  76  68
 86  86  78
 72  80  67
 28  32  17
106 105  87
124 118 102
159 151 138
 84  74  65
 72  60  48
125 114  96
111 100  78
146 135 113
157 145 129
144 132 120
154 144 134
196 189 179
135 132 123
107 104  97
191 188 179
183 181 169
212 208 197
131 125 113
130 121 112
131 122 113
151 145 133
228 222 206
166 164 143
187 187 163
186 185 164
178 177 159
155 156 142
149 149 139
154 155 149
152 153 148
130 136 126
114 117 106
 68  72  58
119 121 107
156 158 145
139 138 133
157 151 151
110 104 104
 95  90  86
140 140 132
139 140 134
143 144 138
 46  47  41
 55  56  50
 22  23  18
 14  14  12
 20  19  17
 18  17  15
133 129 128
117 113 112
143 139 136
 72  71  67
 70  71  65
 43  43  35
 44  44  34
 78  79  71
 95  98  91
 51  54  47
 99 102  95
 79  82  75
 39  44  38
 13  19  15
 12  12  10
 26  27  22
 64  65  59
 22  25  18
 44  49  42
104 106 101
165 166 161
120 121 116
 15  17  14
 42  43  45
 22  23  27
 14  15  19
100 101 103
148 150 149
 52  51  47
 79  76  71
152 151 146
122 123 118
144 145 140
113 112 108
  9   5   2
 18  14  13
126 122 121
163 159 156
127 124 119
143 139 136
146 145 143
136 136 134
150 151 146
147 148 143
 47  48  43
 69  71  66
 51  52  47
  8   6   7
 76  74  77
147 147 149
145 145 143
 73  74  68
 83  84  78
 97 102  98
 72  81  80
 37  47  48
  8  16  18
 49  57  59
136 146 148
136 150 150
163 175 171
138 149 143
134 141 125
176 178 165
174 174 162
191 191 179
154 156 145
 96  97  91
  2   3   0
 59  58  54
151 150 145
135 132 127
109 106 101
123 119 116
137 133 132
132 131 129
135 133 134
 82  82  82
 76  80  81
 95  96 100
 60  60  62
 50  50  48
 48  49  43
 14  13   8
  5   4   0
 58  55  50
 75  72  67
 79  78  73
 92  91  89
 68  66  67
  4   3   0
 20  20  10
 45  46  32
 90  91  77
136 139 122
135 137 123
136 139 128
 99 105  95
 58  64  54
127 130 121
130 130 120
139 135 123
136 130 116
125 119 107
 43  39  30
 11   8   3
 53  54  49
 61  64  57
 12  17  10
 67  72  65
193 196 177
171 172 156
160 160 148
163 160 153
109 106  99
116 111 105
 79  72  62
 58  52  36
 86  81  61
 98  96  75
 64  61  46
 66  64  52
118 118 110
121 121 113
116 113 108
123 119 116
114 113 109
121 117 114
127 123 122
115 114 110
 17  22  18
  2   4   3
  7   7   7
 27  29  26
107 109 104
142 144 139
133 136 129
126 129 120
111 114 105
 97 102  95
134 139 133
103 105 104
 66  68  67
 38  40  37
 16  18  17
  4   5   7
 11  16  19
  0   3   4
 13  13  11
 20  17  12
 15  12   5
 22  19  14
 97  93  90
143 139 138
 95  94  92
 37  37  37
 50  50  50
  6   7   9
 12  14  13
 18  20  19
 12  14  13
  9   9  11
  9  13  12
  6  10   9
  9  14  10
 12  17  13
 56  58  53
 52  53  48
  0   1   0
 46  47  42
161 163 158
 39  42  35
 23  26  19
 65  66  58
100 101  93
121 120 115
157 156 151
 70  69  64
 18  17  12
 21  16  12
 25  18  12
 16   6   0
105  93  81
157 145 131
107  98  83
 40  34  22
 54  51  42
120 119 114
 85  84  79
 49  49  41
 92  92  82
180 180 168
122 124 111
 49  51  38
 32  34  21
 11  11   3
 32  29  24
  7   6   1
 57  60  49
 45  51  39
 53  57  43
 86  87  71
148 146 125
156 156 132
130 136 110
 83  91  67
113 118  95
132 134 112
121 118 103
101  97  88
  9   4   0
 78  73  69
194 191 186
 34  31  24
 74  70  58
209 203 189
178 172 160
130 126 114
133 129 117
109 106  91
132 126 110
121 116  96
168 164 139
241 236 207
235 225 198
242 230 206
255 243 211
189 178 148
136 125  95
197 186 158
175 165 140
144 133 111
135 127 104
129 124  95
142 137 105
121 116  86
 80  72  51
149 141 128
143 136 128
 41  38  33
  5   5   3
 26  28  27
 58  59  61
 29  29  31
  8   8   8
 25  26  21
 33  36  29
 12  15   8
 47  50  43
 76  78  73
 78  80  75
 30  32  27
 17  18  13
  9  10   5
111 114 107
146 147 141
142 141 136
142 137 133
134 134 134
131 131 131
132 132 132
142 142 142
114 113 111
131 130 126
133 130 123
125 121 109
136 129 113
145 138 122
134 126 115
136 132 121
145 145 135
104 104  94
 78  78  68
 86  83  76
138 135 126
130 127 118
132 129 120
164 161 152
169 166 157
167 164 155
207 204 195
 77  73  61
107 100  84
154 146 127
116 105  87
 75  63  49
 56  46  36
 29  20  13
 58  51  43
 99  95  86
163 155 142
151 139 123
165 148 130
169 151 131
222 207 188
190 181 166
157 153 142
140 140 132
 84  85  79
  4   9   2
 32  37  31
112 115 108
167 168 162
226 226 216
215 215 203
158 160 146
139 141 128
137 138 130
160 160 158
176 180 181
133 144 146
 86 102 102
 84 103  97
109 125 112
115 127 105
129 129 105
130 119  97
138 122  99
152 137 114
150 144 122
136 135 117
145 147 133
114 120 108
121 124 113
139 141 130
118 119 111
 81  82  76
 13  13  11
 19  17  18
 13  11  14
 18  18  20
 15  16  18
 12  13  15
 34  34  36
  4   4   4
 48  49  44
 31  30  26
 22  17  14
 52  53  47
 45  45  43
 15  17  16
 21  23  22
 50  52  49
 44  44  42
  6   4   5
 72  72  70
 94  95  89
121 122 114
133 134 126
148 149 143
134 134 126
 79  79  69
 54  52  40
 79  75  64
219 216 201
152 149 134
143 137 125
147 143 132
125 122 113
133 133 125
135 132 127
142 138 135
 82  78  77
 70  69  65
156 153 148
141 138 129
187 185 173
221 219 207
166 164 151
168 166 153
135 133 118
138 132 118
226 218 207
238 231 221
 86  83  74
 21  21   9
177 175 162
213 210 191
231 225 201
242 232 207
159 145 119
144 129 106
145 133 111
143 135 114
 63  56  38
 56  50  34
 83  83  71
 44  41  32
 12   9   2
 11   8   3
 46  42  39
108 102 102
 63  58  55
 53  50  45
 24  23  18
 24  25  20
 62  62  60
 89  89  91
125 126 128
140 144 145
 69  73  74
  2   8   8
 15  23  25
 48  56  59
 72  82  84
 90 102 102
 84  96  92
 17  26  23
  6  10   9
 13  15  14
  7   9   8
 12  14  11
  8  10   5
 13  14   9
  3   4   0
 59  60  55
 71  70  66
 21  15  15
  4   0   0
 24  20  19
  8   6   9
 13  13  15
 11  11  13
 19  21  20
  4   6   5
 47  47  45
167 166 161
125 123 111
142 136 122
144 137 121
139 133 119
134 130 119
137 132 126
129 126 121
132 129 122
136 133 124
135 133 121
169 167 155
166 164 152
125 127 116
 55  58  51
 10  12   7
 25  25  25
 86  82  83
 48  44  43
 22  21  19
 30  30  28
  6   8   5
 54  59  55
113 118 112
 65  73  62
 30  34  19
102 104  83
186 184 161
170 164 142
118 110  91
175 164 146
201 190 168
197 187 162
223 211 187
208 195 178
169 155 142
158 148 136
166 158 147
120 116 105
 95  91  82
135 132 125
139 135 126
203 196 186
213 204 195
166 157 148
131 122 115
123 116 108
255 255 240
148 147 127
103 103  79
168 170 148
214 213 195
181 182 168
122 122 112
182 185 178
159 161 156
147 153 143
 98 104  94
 88  92  78
123 127 112
109 111  98
128 127 122
117 113 112
 93  87  87
136 133 128
152 149 140
161 161 149
142 142 132
160 160 150
134 135 127
 25  26  20
 36  37  32
 23  24  19
 17  17  15
 30  29  27
154 153 151
134 133 129
 82  81  76
164 165 157
124 124 116
141 141 131
102 103  95
 87  90  83
 38  43  37
 54  59  53
 68  73  67
 64  69  63
 11  16  10
 15  16  10
 13  12   7
124 125 117
147 150 141
130 133 126
159 162 155
126 127 121
 82  83  78
 70  72  69
 94  98  99
 51  55  56
  0   0   2
 71  73  72
126 126 124
 56  57  52
104 105 100
136 137 129
154 155 149
139 140 135
123 122 120
 11  10   8
 17  16  14
 71  70  68
113 112 110
 76  75  71
 53  52  48
 35  34  30
 59  58  54
 97  98  93
 77  78  72
 37  38  32
 73  76  69
 41  42  36
 20  19  17
 14  12  15
105 103 106
137 137 135
139 140 132
115 118 109
 43  49  45
 70  80  79
 37  45  47
  3   7  10
 45  49  52
147 157 158
113 128 125
 99 114 107
 94 107  97
155 166 150
203 209 195
209 209 197
183 183 171
122 123 115
 32  35  28
 10  12   7
131 132 127
112 111 107
 74  73  68
 87  88  83
 70  71  66
 61  63  60
 53  53  53
 27  27  27
 11  13  12
  9  10  14
  3   4   8
  3   4   6
  0   1   0
  2   3   0
 36  36  28
 89  84  78
141 136 130
165 162 155
127 126 121
 96  95  93
 44  40  37
 31  27  18
 96  90  76
145 139 123
143 137 123
141 135 121
130 123 113
139 136 129
 92  93  87
 18  21  12
102 102  92
135 131 120
128 120 109
150 142 131
114 107  97
 74  69  63
 68  65  60
  5   6   0
 86  91  84
 57  64  56
 17  24  17
 64  68  54
 69  72  61
 80  82  71
110 112 101
107 107  95
128 124 112
136 130 118
 47  41  27
 94  88  74
146 140 126
 82  74  63
 86  79  69
 79  75  66
 73  70  63
134 131 124
114 109 105
111 110 106
124 123 119
 95  94  90
 27  26  24
  8  10   7
  9   9   7
  5   6   1
127 128 122
172 175 166
121 124 115
132 135 126
132 135 126
123 126 115
102 108  98
145 152 145
116 120 119
 21  23  20
 77  79  76
 43  47  46
 28  33  36
 44  52  55
 48  53  56
 30  32  31
 12  14   9
 15  16  10
 10  11   6
  7   7   5
 50  49  47
111 111 109
114 114 112
131 133 132
 34  36  35
  0   1   0
 12  14  13
  5   5   5
 17  17  19
 12  14  13
 14  14  12
 20  21  15
 28  28  20
151 149 137
222 220 207
139 137 125
162 160 148
141 138 129
  1   1   0
 63  65  54
143 145 134
110 110 102
104 101  96
160 157 152
123 119 116
 28  27  23
 31  28  23
 68  61  55
117 109  98
119 107  91
137 124 105
153 142 122
147 138 121
105  97  86
101  94  84
 29  25  16
 25  21  12
 54  50  41
 30  28  16
 38  36  24
 37  35  22
 50  47  32
 56  52  41
 66  59  53
110 107 100
150 156 144
106 119 102
 86  97  80
128 133 111
129 131 107
115 121  95
106 118  94
 91 105  82
106 115  94
125 126 108
125 123 110
104 101  92
  6   1   0
 42  38  37
 90  86  85
  4   0   0
109 106  99
178 174 163
146 142 131
139 135 124
135 128 118
146 140 128
135 129 113
132 130 107
124 122  97
211 207 180
227 217 192
195 180 157
179 165 136
201 190 162
235 225 200
215 207 184
137 130 111
123 116  98
126 119 100
135 129 105
155 148 120
118 111  85
106  97  80
116 109  99
 52  47  43
 56  55  51
 35  36  31
 18  19  14
 61  66  62
 36  36  34
  8   7   5
 11  10   6
 19  20  14
 66  69  62
 96  98  93
 45  47  42
  8  10   5
 11  13   8
 32  33  28
  8   9   4
 83  84  78
148 148 140
104 101  92
 93  90  81
 95  96  90
104 105  99
105 106 101
106 106 104
 92  91  89
157 153 152
160 155 151
151 147 138
136 129 119
173 166 156
244 237 229
222 217 211
167 167 159
142 142 134
153 153 145
158 155 148
144 141 134
148 143 137
169 166 159
112 109 102
 88  88  80
112 109 102
129 124 118
 47  40  30
 49  42  26
 72  64  43
 91  80  60
139 126 109
118 106  92
 36  26  14
 32  24  11
147 141 129
156 150 138
161 152 137
156 143 126
212 199 182
129 120 105
 44  42  30
110 112 107
 58  67  64
  0   8   7
 14  26  22
 50  61  55
102 109 101
197 198 190
210 210 198
196 194 181
156 154 139
135 137 124
137 140 131
162 167 161
150 159 158
120 134 135
 55  75  73
 92 113 104
 99 116 100
116 124 101
135 133 108
129 117  93
146 130 107
152 137 116
139 131 112
135 133 118
135 139 125
140 144 129
124 126 112
130 128 116
168 165 156
116 113 108
 36  35  33
 14  12  15
 25  23  28
 36  35  40
 14  14  16
 19  19  21
 20  20  20
 62  62  62
 35  35  33
 11  10   8
 21  17  16
 15  16  11
 49  50  45
 36  38  35
  6   8   5
 61  63  60
 50  49  47
 53  49  46
 47  46  41
 15  16  10
 38  41  34
104 105 100
 86  87  82
 74  76  71
  0   1   0
 15  14   9
 39  36  29
145 139 127
173 167 153
148 142 128
144 137 127
137 132 126
134 129 125
133 130 125
157 152 148
 73  68  64
 84  81  76
135 132 125
144 141 132
200 198 186
220 216 205
223 221 208
171 169 154
122 119 104
144 138 124
178 168 156
176 168 157
 55  51  40
 96  93  84
135 131 119
157 151 135
172 166 144
159 151 128
128 117  95
146 135 113
168 160 139
222 215 197
190 184 168
 61  55  41
 28  28  16
  3   0   0
 15  12   5
 30  27  22
 92  91  86
 44  43  39
  4   0   0
 29  28  24
 63  64  58
 92  97  91
135 140 136
132 136 135
115 121 121
130 136 136
109 115 115
 34  40  40
 68  77  76
 91  99 101
121 131 132
130 140 139
141 150 145
 46  51  47
 16  18  17
 14  14  14
  6   7   2
  6   7   2
 15  16  11
  4   5   0
 27  28  23
 49  50  44
 14  13   8
 86  81  78
 21  18  13
 18  14  11
 18  14  13
 13  12  10
  8  10   7
 10  12   9
 19  21  18
  1   4   0
 87  90  79
132 130 115
142 136 120
150 143 125
142 134 121
134 130 119
132 129 122
125 122 117
125 125 115
130 131 117
139 138 120
195 194 176
209 210 196
102 105  94
 80  83  76
 25  27  22
 26  26  26
 74  74  74
 36  36  36
 58  60  59
112 114 113
 14  16  15
 16  18  15
104 106 101
 38  40  29
113 114  98
167 166 145
203 199 172
243 236 208
238 226 202
249 235 209
246 234 208
243 232 204
242 230 204
239 224 203
224 208 192
189 177 163
160 150 138
162 156 144
 48  44  33
 83  79  70
144 137 129
136 127 120
203 192 186
170 161 154
194 185 178
175 166 159
171 165 153
211 208 189
168 170 148
196 198 176
133 134 118
 74  76  63
102 105  94
151 156 149
174 179 173
187 192 185
162 168 158
 93  99  87
165 169 155
167 167 157
176 173 166
109 106 101
 85  82  77
157 154 145
153 151 139
146 143 128
155 152 137
170 168 153
202 202 190
 66  68  57
 34  35  27
111 117 107
 41  43  38
  0   0   0
 79  79  79
120 120 118
 50  52  47
141 142 136
140 141 135
156 157 149
140 141 133
117 120 113
 69  75  71
 73  82  77
 24  35  27
  4  11   4
 21  26  20
 19  20  14
 35  36  30
188 189 181
172 174 163
144 146 133
195 198 187
115 118 109
 75  77  72
141 143 140
 53  59  57
  5  11  11
 13  19  17
 71  73  72
 85  85  83
 26  28  23
 74  76  71
147 150 141
 91  93  88
 87  89  86
128 130 129
 51  53  52
 13  15  12
 12  12  10
  2   1   0
  2   1   0
  8   7   3
 10   9   4
  4   3   0
  6   5   1
  5   6   1
  9  10   4
 74  75  67
 15  16  10
 15  14  12
 11   9  10
 21  21  21
 76  79  72
138 144 134
 99 107  96
 52  62  54
 41  52  48
 98 107 106
 48  52  53
 24  28  29
 99 108 107
120 132 130
105 118 111
 91 103  91
123 134 120
218 224 210
208 210 197
196 196 186
130 133 126
 16  21  15
 23  28  22
110 111 106
 27  27  25
  1   3   0
  0   4   3
  8  12  11
 23  27  26
 11  12  14
 10  11  13
 13  14  16
  9   9  11
 60  60  62
104 104 106
 78  79  74
106 107  99
125 122 113
136 129 119
150 143 133
149 145 136
 68  65  58
  5   0   0
 62  55  47
127 119 106
143 134 117
128 119 104
132 122 112
128 118 109
133 124 119
140 132 129
121 118 113
 39  39  31
 48  45  36
119 112 104
138 129 120
143 134 125
110 106  97
 78  75  68
 63  62  57
 43  48  41
 16  23  15
 61  68  60
 29  34  28
 17  20  13
 53  56  49
 52  55  46
 57  59  48
169 169 157
129 125 113
108 102  90
 85  78  68
162 157 151
168 161 155
 68  59  52
183 174 165
145 138 128
 45  41  30
 89  86  77
133 130 121
126 127 122
 88  89  84
 37  38  33
 79  79  77
 11  12   7
  2   1   0
106 106  98
164 166 153
139 141 128
135 137 124
143 145 134
145 147 136
118 121 110
126 132 122
122 127 121
 50  55  51
 91  93  90
105 107 104
 18  19  21
 20  23  28
 43  48  51
 41  45  46
 33  37  36
 22  24  21
 13  15  10
 11  13   8
 16  16  14
  0   1   0
 85  86  81
135 136 131
128 129 124
104 106 103
 38  43  39
 39  43  42
 39  40  42
  9   9  11
 20  20  20
 20  21  16
  5   5   0
 99  97  85
252 249 232
244 239 220
253 248 229
220 214 198
 31  25  11
 19  15   3
136 134 122
138 135 126
 66  63  56
 94  91  86
119 115 112
 79  76  71
 27  24  19
 15  12   5
 64  60  49
140 134 118
128 121 102
126 115  93
152 140 118
111 100  82
 75  66  51
112 104  91
123 115 102
141 133 120
155 149 135
116 110  96
 74  68  52
 79  73  57
118 109  92
 97  85  71
165 152 143
148 144 133
 88  96  81
109 128 108
 89 111  88
114 130 104
 97 107  80
 95 105  80
 93 107  84
 87 102  81
 91 103  83
120 125 105
144 145 129
110 108  95
  6   2   0
 17  16  14
 11  10   8
 51  47  44
124 120 111
150 148 136
152 152 140
152 149 140
143 138 132
140 131 122
130 124 108
108 108  84
142 145 118
150 149 121
123 113  88
135 117  95
140 123  97
191 179 155
212 206 184
148 143 124
121 115  99
129 123 109
132 126 112
126 119 101
124 116  95
141 130 112
132 122 110
 31  24  18
  3   0   0
 57  56  52
 33  33  25
 15  17   6
 33  34  28
 86  85  80
 38  35  30
 50  47  42
 99  96  91
 95  94  90
 33  33  31
  6   8   5
 15  17  14
 15  17  14
 22  24  19
 46  47  42
111 110 105
138 138 128
112 110  98
 75  73  60
101 101  91
 84  85  77
 16  17  11
 63  64  59
 41  40  36
 67  63  60
 94  89  86
 98  93  90
120 115 111
 96  91  87
 72  69  64
126 125 121
132 133 128
122 123 118
140 139 134
132 129 122
 96  93  88
108 103  99
 86  81  77
 24  21  16
 16  15  10
 23  20  15
 79  74  68
 74  67  57
 22  15   0
 81  73  54
135 124 104
147 135 113
156 145 123
123 115  94
102  94  75
160 151 134
102  96  80
103  94  77
141 130 112
105  97  78
 33  27  13
 45  47  36
 38  44  40
  3  18  15
  8  27  25
 40  59  55
 63  78  73
 62  69  61
179 181 170
224 222 207
217 214 199
158 155 140
131 135 121
143 151 140
185 196 190
125 140 137
 61  80  76
 84 105  98
136 156 145
 87  99  85
105 108  89
136 130 106
153 143 118
160 148 126
135 122 105
146 137 122
135 131 119
138 140 127
128 130 109
125 122 105
167 159 146
175 165 156
144 135 130
 99  93  93
 16  14  17
 12  11  16
 26  24  29
 13  11  14
 12  10  13
 22  22  22
 28  28  28
 40  40  40
 35  35  35
 10   9   7
  9   9   7
 25  24  22
 88  89  84
 39  41  36
  0   1   0
 54  53  49
 96  93  86
 29  26  17
 15  16   8
 77  80  73
 29  31  28
  0   2   1
  8  14  12
 36  42  40
 34  38  37
  1   0   0
 73  66  56
219 212 202
139 135 123
141 134 126
143 135 132
145 137 135
131 126 123
119 114 110
 48  43  37
 97  93  84
143 140 131
133 133 123
154 154 142
194 192 180
153 149 137
155 152 137
136 133 116
123 115 102
141 129 117
117 107  97
 80  74  62
143 139 128
124 120 108
190 184 170
165 160 141
197 190 171
170 163 144
170 163 144
215 208 190
225 219 203
225 222 207
227 223 211
 90  88  76
 51  48  39
 63  59  50
 60  57  50
 30  30  22
 12  13   7
 17  19  14
 60  65  59
119 126 119
121 131 123
115 126 120
142 154 152
136 148 146
120 130 129
 94 103 102
 92  98  98
133 137 136
136 140 139
132 136 135
128 132 131
134 136 133
 83  83  81
 52  52  50
 75  75  73
 27  28  23
 20  21  16
  6   5   1
 13  12  10
 24  23  19
 24  25  19
  8   7   2
 69  65  62
108 105 100
 17  13  10
 20  16  13
  6   7   2
 10  12   7
 13  15  10
  9  11   6
  7  10   3
 86  89  78
129 130 116
140 134 120
166 158 145
137 131 119
131 129 117
121 121 113
121 120 115
109 111  98
134 135 121
141 140 122
202 204 183
219 222 205
103 107  93
 55  58  49
 35  36  30
 36  35  30
 91  92  87
 81  83  80
 15  17  16
 89  91  90
 85  85  83
  8   7   5
 48  47  43
 50  48  36
169 166 151
175 172 153
169 165 140
218 211 183
239 228 200
241 226 197
252 237 208
218 204 175
150 139 111
180 165 142
231 216 195
181 168 149
182 174 155
176 170 156
147 143 131
109 107  94
137 130 120
134 125 120
140 131 126
135 128 122
192 185 179
169 160 153
104  95  86
179 173 159
204 203 185
108 111  92
192 196 181
110 116 104
167 175 164
140 148 137
130 137 129
187 194 186
163 171 160
131 139 128
195 198 189
154 153 148
 74  71  64
 90  87  78
172 169 160
154 152 140
162 159 144
180 174 158
185 178 160
204 199 180
205 204 186
163 164 150
141 143 130
148 154 142
100 102  97
 11  12  14
  4   5   7
 21  25  24
 74  79  75
118 120 117
 68  70  65
 59  62  55
129 130 124
112 114 109
 16  22  18
 67  80  73
 63  78  71
 22  33  27
 16  22  18
 30  32  27
  0   2   0
 71  73  62
150 151 137
143 144 128
142 144 130
143 146 135
153 158 151
127 133 129
 57  63  61
 47  55  57
 71  79  81
 59  65  63
 42  47  43
 99 104 100
112 117 113
 45  50  46
  0   2   1
 40  41  43
 86  90  91
 65  71  71
 34  38  39
 10  12  11
 11  11  11
  7   7   5
 12  13   8
 23  22  17
 18  17  12
 18  17  13
 12  13   8
  9  12   5
 55  58  49
 19  21  16
  9  10   5
 20  20  18
 16  18  13
113 119 109
122 133 119
103 113 102
 79  91  81
 25  38  31
 47  58  54
 66  75  72
 46  50  51
 31  35  36
115 121 121
138 144 140
 31  38  31
 31  36  29
166 169 160
170 172 161
185 186 178
149 152 145
  4   6   3
 62  64  61
 86  88  85
  0   1   0
 21  22  24
 20  24  27
  8  12  13
  8  12  13
 14  16  15
 37  38  40
106 106 108
118 113 117
129 124 128
151 147 148
139 138 133
134 134 124
142 140 128
116 112 101
134 130 119
 60  56  47
 33  29  20
 74  67  57
131 123 112
149 140 125
136 126 114
138 125 117
127 113 110
134 125 120
135 125 123
149 141 139
155 150 146
 75  72  65
 19  14   8
 28  20  17
 29  21  18
 34  29  23
 33  30  23
 45  44  39
 46  48  43
 58  65  57
 70  78  67
 57  65  54
 67  70  63
 89  90  84
 69  70  64
126 127 121
 33  34  26
165 165 157
180 176 165
142 135 125
131 126 120
135 131 130
 68  62  62
 45  38  32
216 208 197
202 194 181
 76  72  60
 62  62  50
136 138 127
 88  90  85
 33  34  29
 49  49  47
 17  19  16
 23  22  18
 52  51  46
125 125 115
157 158 144
113 115 101
110 112  98
117 119 106
127 129 118
117 120 109
104 107  98
147 150 143
 76  77  72
 34  35  30
 26  28  25
 14  15  17
 13  12  17
 40  41  43
 42  43  45
 24  25  27
 15  17  16
 12  14  13
 14  16  13
 14  14  12
 28  29  24
112 111 107
143 144 139
117 118 113
131 133 128
135 137 134
137 141 140
118 122 123
 16  17  19
  7   9   8
  2   3   0
 59  59  49
229 227 214
240 234 218
234 227 208
214 206 185
220 212 193
174 167 149
102  96  80
136 130 118
 98  94  85
 41  36  32
142 137 134
 39  36  31
 42  37  31
 73  68  62
 73  69  60
 41  37  26
108 105  90
171 168 149
160 155 135
142 133 116
 77  68  53
 52  44  31
 17   9   0
 41  34  16
 76  68  49
 94  86  65
123 115  94
114 106  85
150 142 121
146 134 112
123 108  89
160 144 128
129 122 106
114 121 103
 78  97  75
 71  95  71
 83 103  78
 91 105  80
120 134 109
100 114  91
 74  88  65
 82  92  68
129 133 110
150 149 128
132 129 110
 65  65  55
 10  10   2
 12   8   5
 96  91  85
199 192 182
106 104  89
 96  98  84
157 159 148
132 127 121
154 145 136
139 133 117
122 124 100
118 122  95
161 161 135
188 178 153
142 126 103
199 183 160
204 192 170
187 180 161
123 120 103
132 128 116
141 137 126
147 143 132
127 121 107
105  96  79
108  96  82
 64  54  45
 64  55  50
 47  42  36
 38  35  26
 47  45  33
 61  61  49
 60  57  48
 52  49  42
 83  80  75
101  96  92
 42  37  34
 33  32  30
 28  28  28
 11  15  14
 16  20  19
 52  57  53
 72  77  71
109 111 106
125 126 120
119 119 109
124 124 112
 63  64  50
151 151 139
118 120 109
 86  87  79
109 110 104
 79  80  75
 93  89  86
 50  46  43
 51  47  44
 31  27  24
 14  13   9
 17  16  12
 28  29  24
 31  33  28
 52  53  48
101  98  91
 32  25  17
  6   1   0
  8   1   0
 14   5   0
 36  29  23
 43  35  32
 32  25  19
 26  17  10
 57  48  39
128 120 107
115 108  92
115 106  89
 93  82  62
133 123  98
157 147 122
143 135 112
154 146 123
133 127 103
127 119  98
134 126 105
 96  89  70
 63  60  43
 91  93  82
 63  73  65
 25  42  36
 57  78  73
 68  89  84
 13  28  23
 49  54  48
217 217 205
230 227 210
219 216 201
169 165 153
170 178 167
102 113 105
103 120 114
117 136 130
 95 115 106
 78  95  85
134 148 135
123 131 116
144 143 125
137 131 109
160 150 125
139 128 106
142 131 113
148 139 124
134 131 116
144 142 127
143 138 116
138 130 111
163 150 134
145 131 122
164 153 147
104  99  96
  9   9   9
 32  31  36
 14  13  19
 29  27  32
 66  66  68
 13  13  15
 19  18  23
  6   5  10
 69  69  71
 76  78  77
 19  17  18
 11  10   8
 21  20  15
 84  85  79
 70  71  65
 69  66  59
206 202 191
128 124 113
 51  51  41
 39  40  34
  8  10   5
 17  21  20
 10  19  18
 66  75  74
 42  48  46
 35  37  34
116 113 104
236 233 224
168 165 156
131 128 121
136 132 129
136 130 130
134 129 126
115 110 104
 42  38  29
124 122 110
137 137 125
127 127 115
144 144 132
172 172 160
125 123 110
134 131 116
159 153 137
156 148 135
182 172 160
117 107  95
 26  18   5
 37  31  17
 95  89  77
159 152 142
167 161 149
118 112  98
119 113  97
 88  82  66
 93  87  73
 97  91  77
132 128 116
188 186 174
236 236 226
231 228 221
208 205 198
 82  79  72
 77  77  69
 92  95  88
 89  94  90
110 119 114
121 132 124
116 132 122
116 133 125
128 147 143
 95 111 108
 82  94  92
125 134 133
 69  73  74
 44  46  43
 77  79  78
 96  96  96
136 136 134
136 137 132
100 101  96
  8   8   6
 21  23  20
 27  29  24
 63  64  59
 31  30  28
  9   5   4
  6   5   1
  7   6   2
 16  15  11
  3   2   0
 81  77  74
 84  80  77
  3   0   0
 12  13   8
 13  15  10
  0   2   0
 24  24  22
 97  99  94
103 106  99
 60  60  52
156 152 141
156 149 139
124 122 110
114 116 105
117 120 111
116 117 109
124 127 116
138 140 127
175 176 160
216 219 202
163 165 151
200 204 190
155 157 146
111 113 102
132 132 122
158 158 150
 31  30  26
  0   0   0
 44  45  40
149 148 144
  7   6   2
 22  18  15
115 116 102
172 173 159
185 183 170
169 166 147
236 232 207
235 225 198
228 214 185
170 154 128
173 157 132
135 121  95
156 142 116
219 205 179
227 217 192
156 150 128
 84  81  62
143 141 126
136 137 123
126 124 112
142 137 133
132 127 124
132 128 127
124 120 117
155 150 146
198 191 183
104  97  87
212 210 197
184 186 172
118 124 110
 76  87  73
117 127 116
160 170 159
190 198 187
136 147 139
100 111 103
183 194 186
135 142 135
 53  56  49
105 105  97
212 209 200
220 218 205
168 165 150
151 146 127
197 190 172
195 188 169
127 120 101
130 125 106
186 185 167
175 176 162
 98  98  86
 78  77  72
  0   0   0
 52  53  55
 37  41  40
 23  25  24
 34  36  35
 20  20  18
 60  61  55
 98  97  92
 36  37  32
 23  28  24
 36  47  41
 81  96  89
 55  68  61
 25  34  31
 23  28  24
 94  97  90
121 123 112
165 166 152
137 138 122
115 116 102
 93  96  85
109 114 107
136 142 138
 74  80  80
 41  49  51
 31  39  41
 25  34  33
120 126 124
134 139 135
  0   5   1
 16  20  19
 77  78  80
158 159 163
142 146 149
136 141 144
126 131 134
 11  15  18
 15  16  18
 24  26  25
 94  96  93
 74  74  72
 10  10   8
 11  11  11
 13  15  14
 10  15  11
 49  54  50
 10  16  12
 11  16  10
 12  17  11
 11  18  10
109 119 110
119 131 119
 93 105  95
105 115 107
 48  59  55
 40  50  49
 34  43  42
  7  13  13
  6  10  11
  1   2   4
 64  66  65
 55  57  56
 25  26  21
 20  21  15
 42  43  35
161 162 156
 37  39  34
  3   5   2
 74  76  73
 54  56  53
  3   4   6
 16  17  21
 13  14  18
 16  17  19
 52  54  53
 82  84  83
149 149 149
150 145 149
134 130 131
134 128 128
139 134 131
136 131 125
138 136 124
121 117 105
 75  71  60
116 112 103
 67  63  54
112 108  99
167 161 149
138 130 119
134 126 115
137 128 119
137 127 125
130 118 118
125 120 116
128 123 120
124 118 118
140 135 131
142 137 131
 62  57  53
 47  43  40
 63  59  58
 66  65  61
 65  66  61
 66  68  65
 68  73  69
 39  46  39
 32  37  30
 67  70  63
 71  72  67
 76  77  71
 40  41  35
 96  97  92
105 106 100
 39  36  29
 87  83  74
 47  43  34
 41  38  33
 31  27  24
  3   0   0
101  94  86
232 224 211
239 231 218
192 188 176
122 122 112
105 105  97
 93  94  89
 52  51  47
  5   4   0
 47  46  41
 80  80  78
 43  42  37
 76  76  66
202 204 190
153 156 139
137 140 123
132 135 118
117 119 105
129 132 121
133 135 124
145 145 135
141 141 133
 47  48  42
  3   5   2
 13  15  14
 10  10  10
  4   5   7
 21  22  24
 36  36  38
 19  20  22
 22  23  25
  8   9  11
  5   3   4
 19  15  14
 48  44  41
117 116 112
144 145 140
137 138 133
130 132 129
130 132 129
159 163 162
149 153 152
 52  54  51
 61  62  57
230 230 220
242 238 226
233 227 211
229 222 204
231 223 204
238 230 211
228 221 202
142 135 117
 81  73  62
100  91  86
 68  60  57
 26  18  15
 12   5   0
 52  45  35
144 141 132
133 129 120
136 129 121
186 184 172
131 132 118
163 164 150
 60  56  45
 36  29  21
 88  81  73
 98  92  80
 81  74  56
 77  69  46
 79  68  46
 99  87  63
 48  38  13
 54  44  17
 93  81  55
111  97  71
142 126 103
144 133 111
132 136 111
 99 113  88
 62  81  59
 72  87  66
100 112  92
146 155 136
104 113  92
100 108  84
122 125  96
146 142 113
151 146 117
144 138 112
154 151 132
 67  65  52
 13   9   0
 47  40  32
 82  74  61
122 119 100
 90  91  75
141 143 130
140 136 127
160 151 142
156 153 136
111 115  90
125 131 103
100 103  76
166 161 139
149 141 120
249 236 217
220 212 193
239 232 216
167 161 149
126 122 113
149 146 139
139 135 126
115 111  99
 53  45  32
 96  86  74
 95  85  76
 56  43  35
 81  72  57
115 108  89
135 132 115
 82  80  68
 35  32  23
 78  73  67
 85  81  78
 27  23  22
 11  10   8
 26  26  26
 14  16  15
  6  12  12
 22  31  28
 47  56  53
134 140 136
105 110 103
101 107  97
118 122 108
107 109  95
149 147 134
213 213 201
119 119 107
 46  48  37
 18  19  11
133 132 127
146 143 138
143 140 135
156 152 149
142 141 136
 96  95  90
 17  16  11
 40  41  35
 47  48  40
109 109  99
 60  53  43
 61  48  39
 74  62  50
 66  52  41
 58  44  33
 34  19  12
 92  79  71
101  90  84
117 107  98
145 135 126
110 101  92
 26  18   7
 23  17   3
 85  78  60
138 130 109
153 145 122
180 172 149
115 107  84
109  97  71
143 133 108
164 156 133
124 116  95
124 119 100
107 108  92
114 122 109
 77  93  82
 57  77  66
 35  54  48
 23  35  31
 17  19  14
187 185 173
233 227 213
196 192 180
132 130 118
161 171 162
128 141 134
 77  94  88
108 127 121
135 152 142
118 132 119
131 139 124
139 141 127
146 141 122
128 117  95
134 122  98
136 126 101
155 147 128
143 134 117
144 137 119
161 156 137
133 125 102
137 126 106
171 155 139
164 150 139
167 158 149
131 128 123
110 110 110
149 150 155
 55  55  63
 25  25  33
 81  82  87
 37  36  41
 21  20  26
 33  32  38
150 150 152
150 152 151
110 108 109
 23  22  20
  7   6   1
 47  47  39
110 110 100
 68  66  54
163 159 148
172 168 157
120 117 108
 19  20  12
 34  37  30
 19  24  18
 26  32  30
 32  41  38
 63  70  63
160 168 157
126 129 118
226 228 217
196 197 189
123 124 118
131 133 128
126 127 122
139 136 131
124 121 112
 62  60  48
129 130 116
129 129 117
120 120 108
139 141 128
137 139 126
141 142 128
175 172 157
221 213 200
215 207 194
240 232 219
138 132 116
 43  37  21
 82  78  66
 95  91  80
 89  85  76
 60  57  48
 86  82  73
104 100  89
119 112 102
124 115 106
123 116 106
106 102  93
 52  49  40
 71  72  66
186 187 181
196 195 190
164 163 158
127 128 122
136 138 133
115 121 117
121 132 126
116 131 124
112 132 123
110 131 124
 82 101  95
 76  93  87
129 141 137
127 133 131
117 118 120
104 104 102
 68  68  68
 19  17  20
 66  66  66
 59  60  55
118 120 115
110 112 107
 64  66  61
 23  25  20
 45  46  41
 94  95  90
 34  33  29
 37  36  32
 77  76  72
  9   8   6
 24  23  21
  3   2   0
 58  54  51
 60  59  55
  3   4   0
  4   5   0
 49  50  45
 99 100  95
 53  53  51
  2   2   0
 17  18  13
 84  85  77
144 144 134
141 143 132
122 128 116
138 146 135
120 127 119
131 137 127
138 144 134
178 184 174
172 175 164
144 148 134
201 205 191
171 175 161
157 159 148
122 122 112
135 132 125
 59  54  50
 53  50  45
112 109 104
131 131 123
 62  63  57
  7  10   3
 60  71  57
174 185 171
141 149 136
 90  94  80
146 145 125
189 183 159
167 155 129
161 146 123
209 192 174
111  96  77
124 109  86
168 156 130
175 165 138
148 142 120
122 119 100
137 136 118
138 141 130
113 114 106
125 126 121
135 135 135
127 127 129
119 119 119
137 136 134
201 196 192
120 116 107
183 180 171
219 223 209
145 153 138
 65  76  60
 95 106  92
178 186 175
151 158 150
 65  80  73
 94 109 104
112 127 122
 89 102  95
164 174 165
227 233 223
188 190 179
204 202 189
207 202 183
139 132 113
145 138 119
170 163 144
147 140 121
186 179 160
157 152 133
149 146 131
130 126 114
 74  70  61
 75  71  68
161 160 158
109 108 106
103 102  98
105 101  98
 25  21  18
  8   3   0
 26  21  15
 21  18  13
 47  48  43
 54  59  53
 30  40  32
 51  60  55
 70  79  76
 61  66  62
115 118 111
162 164 153
134 134 122
 39  39  27
 50  50  40
 71  72  64
 67  69  64
 56  60  59
 12  17  20
 22  27  30
 13  18  21
 18  24  24
 71  77  75
 56  61  57
  9  11   8
 31  35  34
118 118 120
 43  43  45
 60  61  63
134 138 139
120 125 128
 54  59  62
115 119 122
129 133 134
143 147 148
129 133 136
 82  83  87
  5   9  12
 11  16  19
  3  11  13
 51  61  62
 17  32  27
 24  37  30
 21  32  24
 51  62  54
 76  87  79
 52  62  54
106 115 110
118 124 122
119 123 126
 30  33  38
 21  26  30
  9  14  17
 15  19  20
 15  16  18
 10  10  10
 31  31  33
 56  58  53
 11  12   7
 22  23  18
 69  70  65
 11  13   8
 23  24  19
 66  66  64
 15  15  15
 10  12  11
 13  13  15
 14  12  13
 38  36  37
130 130 128
145 145 143
142 141 139
131 127 126
130 126 125
137 133 130
138 135 130
138 135 126
136 134 122
101  99  87
115 112 103
100  97  88
103 100  91
142 138 129
148 141 131
152 145 135
135 128 120
136 129 123
141 136 133
153 147 147
137 133 130
124 120 119
124 120 119
117 113 110
160 157 152
137 133 130
 70  66  65
 28  26  27
 30  30  28
 19  19  17
 12  14  13
  7   9   8
  0   2   0
  8  10   5
  6   7   2
 18  17  15
 71  72  66
 86  87  82
115 117 114
121 122 116
 44  41  32
 28  24  13
 29  22  12
  5   1   0
 33  29  20
113 109  98
186 178 165
226 218 205
239 233 221
184 180 171
 42  37  33
 11   6   3
 14  10   7
 43  38  34
 36  29  23
 91  82  75
  9   9   9
  0   0   0
 64  65  57
208 210 197
175 178 161
140 143 124
114 117  98
130 133 116
127 129 115
170 171 157
146 146 134
139 141 130
120 123 116
  0   2   0
  9  11   8
  9   9   7
  4   5   7
  0   0   2
  6   6   8
  0   1   3
 34  35  37
 84  85  87
 82  80  83
 96  92  93
 54  50  49
 60  59  55
 80  81  76
109 109 107
125 125 123
123 125 122
131 136 130
180 187 180
 89  92  85
172 173 167
200 197 190
219 213 201
229 221 208
233 225 212
214 206 193
175 167 154
211 204 188
 82  73  58
 32  22  12
 29  18  12
 21  10   4
 20  10   1
 89  79  67
148 138 126
137 133 121
154 150 141
169 161 158
122 119 114
 11  12   4
 32  33  25
 46  47  42
 59  55  54
 65  60  57
 84  80  69
 96  89  71
128 120  99
151 139 117
 86  74  50
 91  81  54
174 165 136
132 123  92
164 153 125
157 141 115
147 133 106
135 130 101
127 131 106
 60  69  48
 89  98  81
121 125 110
135 138 121
131 133 112
109 107  82
116 110  78
133 122  90
161 147 118
143 132 104
163 157 133
130 125 106
 13   7   0
 84  76  63
116 107  90
146 141 121
157 156 136
142 140 127
144 140 129
151 144 134
127 124 107
 79  82  61
 78  83  60
117 122  99
 80  82  61
145 144 126
236 231 209
172 166 150
237 231 219
189 182 174
131 126 120
123 118 112
136 133 126
 83  80  71
 14  12   0
 33  27  13
 83  74  59
 26  13   0
125 113  87
130 123  95
 95  90  70
125 121 110
 70  67  60
 42  39  34
  3   0   0
 10   8   9
 21  21  21
 31  32  34
  9  13  14
  0   8   7
 59  69  68
126 137 133
 99 106  99
123 128 121
110 116 104
106 112  98
143 145 131
143 139 127
100  98  83
 14  15   0
 26  27  11
 13  13   1
 77  74  65
129 126 117
141 138 131
140 140 132
144 143 138
150 150 142
131 128 119
146 146 134
141 141 129
144 140 129
155 143 131
128 110  96
102  80  59
152 131 112
 99  77  63
122 103  89
150 132 122
143 129 120
116 103  94
132 122 113
 14   5   0
 15   8   0
 37  33  21
161 158 143
134 131 114
 95  90  71
171 164 145
148 142 120
120 106  79
128 116  90
161 151 126
119 108  86
 95  89  67
 75  74  54
 80  84  67
101 114  97
 62  76  63
 29  42  32
 25  35  27
 24  27  20
207 205 193
192 188 176
138 136 124
143 143 135
128 139 131
138 151 144
112 127 124
101 116 111
117 130 121
135 143 130
136 140 125
138 135 118
149 141 122
143 131 107
131 119  93
146 136 111
158 150 129
142 135 116
152 144 125
135 127 106
163 152 130
176 164 142
177 164 147
121 109  95
154 150 139
143 142 137
148 150 149
157 160 165
 93  98 104
  6  11  17
  7  10  15
 69  70  75
 62  61  67
 13  12  18
 94  93  98
158 158 158
137 136 134
 35  34  32
 39  38  34
 59  58  53
 35  33  21
124 122 109
153 149 137
180 176 165
151 149 137
135 135 125
118 120 109
 58  61  54
142 144 139
103 108 102
143 148 141
168 176 165
103 114 100
188 196 183
185 190 183
125 130 123
135 140 134
132 133 127
137 137 129
109 107  95
124 125 111
120 121 107
130 131 117
127 127 115
125 127 114
138 140 127
156 156 144
179 175 163
177 171 157
221 215 201
226 220 206
 90  87  72
 81  79  66
 85  82  73
 29  26  19
  7   6   1
 40  39  34
100 100  92
120 115 111
121 114 108
147 140 134
140 133 127
140 137 130
136 133 128
 96  98  95
 75  77  74
134 134 132
115 115 113
 67  69  66
139 144 140
135 141 139
127 138 134
127 144 138
 99 118 112
 83 102  96
 72  89  83
129 144 139
163 174 168
133 139 137
136 137 139
141 141 141
108 108 108
 98  98 100
130 130 130
 55  57  52
 16  21  14
 64  69  62
 33  35  30
 15  17  12
 30  32  27
 60  61  56
104 105 100
 47  48  43
 37  38  33
  7   8   3
 10  10   8
 18  17  12
 25  24  19
 37  33  30
 21  20  16
 76  77  72
 87  88  83
 32  31  27
  1   0   0
 13  13  13
 10  12   9
  6   9   2
 98 101  90
131 137 125
123 131 120
139 149 140
116 127 119
112 123 115
159 170 164
184 195 189
 66  75  70
 76  83  75
 64  72  59
 36  42  30
 22  25  16
  1   1   0
103 100  93
118 111 105
 89  82  74
147 143 134
121 123 112
114 120 110
 52  62  51
 58  74  61
 63  81  69
 48  66  54
 62  74  60
 66  70  53
100  98  77
141 133 112
149 136 119
177 163 150
121 108  92
 74  61  42
118 108  83
200 192 169
144 137 118
120 114  98
109 106  89
151 152 144
129 130 124
 81  81  79
153 153 153
135 135 137
128 126 127
136 132 129
178 173 167
 45  41  32
116 114 102
221 225 211
183 189 175
108 117 100
 80  88  73
132 140 129
101 108 101
 72  87  82
 91 107 104
 91 107 104
 86 101  94
210 223 213
218 228 217
196 199 188
152 150 138
177 170 154
193 186 168
222 217 198
201 198 181
201 198 179
210 205 185
183 178 159
141 135 121
140 134 120
137 130 120
148 141 135
150 142 139
106 101  95
126 121 115
177 170 164
108 101  95
 81  72  65
 25  16  11
 22  14  11
 77  73  70
127 128 122
102 105  98
 26  31  25
 21  25  24
 44  49  43
 32  35  28
120 123 116
107 108 100
 74  75  69
 71  72  66
 47  48  43
 31  31  29
  9  10  12
 64  68  69
140 144 145
 72  76  75
 13  17  16
 39  44  40
  6   8   5
 12  14   9
 29  30  25
 73  73  71
 41  40  38
 43  43  43
 24  26  25
106 110 111
139 143 146
128 132 135
115 119 122
130 133 138
140 143 150
130 135 141
 17  22  26
 44  52  54
 19  29  30
 53  64  66
 45  64  58
 41  58  52
 44  59  54
 64  77  70
 81  90  85
  2   8   6
 39  43  44
127 128 133
114 114 122
114 113 121
 23  23  31
 12  15  20
  9  14  17
 14  18  19
  5   6   8
 15  15  17
  0   4   0
 17  19  18
 25  25  25
  4   4   4
 20  21  16
 20  19  15
 29  25  24
 14  10   9
 26  25  23
 92  91  89
108 107 103
103  99  96
143 142 137
143 144 138
131 130 125
141 137 134
138 135 128
128 128 120
134 134 126
137 137 127
129 126 117
153 150 143
 96  93  86
 80  77  70
140 137 128
139 136 129
127 124 117
146 143 136
145 142 135
136 133 128
112 108 107
 97  95  96
 64  63  61
 35  33  34
 35  33  34
 31  30  28
 38  39  34
 46  45  43
 43  42  40
 17  15  16
  8   8   8
  6   6   6
 14  14  14
 17  17  19
 15  15  17
 13  13  13
 12  12  14
 15  13  16
  0   0   0
 22  24  23
 66  70  69
 97 100  93
 83  81  68
174 167 151
152 140 126
122 113  98
204 197 179
254 247 228
108 101  83
171 164 148
169 163 151
107 100  92
 18   8   6
 54  42  44
 41  32  27
 65  55  46
115 103  91
120 106  93
 11  12  14
  4   6   3
 67  68  60
218 219 205
184 185 167
165 166 148
116 117  99
137 136 118
170 169 151
177 178 162
134 136 122
128 132 118
120 123 114
 34  35  29
  4   5   0
 49  49  47
 89  89  91
 83  83  85
 44  44  46
 44  46  45
 98 100  99
142 143 145
129 129 131
139 137 138
145 144 140
129 128 124
112 113 108
106 106 104
129 129 127
116 118 115
126 131 124
163 168 161
 52  55  44
151 152 144
157 157 149
227 223 212
234 226 213
161 152 143
 62  55  49
 21  14   6
 68  60  49
 19   9   0
 13   0   0
 33  20  12
 68  56  44
177 164 145
168 155 136
145 132 115
146 143 124
226 222 210
180 175 171
 35  31  28
 55  54  49
 32  33  27
  8   8   6
 20  18  19
 54  50  49
 76  71  65
 79  73  59
129 121 102
168 157 135
 91  80  58
194 184 159
172 165 137
142 135 106
242 231 203
255 245 216
214 197 167
124 111  79
146 141 112
 90  90  66
117 118 100
153 151 138
152 149 134
140 135 116
134 127 101
127 114  82
116 102  67
152 137 104
142 128  99
157 147 122
109 101  80
 97  90  72
149 140 123
155 147 128
163 156 137
 84  78  62
 98  94  82
167 163 154
173 166 156
119 115 103
 44  45  29
 47  52  32
 93  97  80
 83  87  70
113 115 101
224 226 204
160 161 143
217 215 202
181 177 168
134 127 121
131 123 120
156 151 147
 68  68  60
 10  12   0
 47  46  26
 58  51  23
127 117  82
178 168 132
108  99  70
121 114  95
135 128 118
112 113 107
112 111 107
 64  63  61
 19  19  19
 10  12  11
 29  33  34
  7  13  13
 21  30  29
122 131 128
 98 105  98
116 119 112
133 135 124
167 171 157
120 124 109
 54  55  39
138 135 120
104 101  84
127 124 107
197 196 178
130 128 113
 77  75  62
135 133 120
125 123 110
138 138 126
140 140 130
142 142 132
150 148 135
132 130 117
148 144 132
142 134 123
156 143 127
 90  72  52
115  87  63
179 153 130
197 172 152
203 180 164
 93  74  60
133 119 108
163 153 143
140 133 123
 62  58  47
 13  11   0
 64  65  51
139 141 128
147 149 136
 91  91  79
 70  67  52
190 183 165
199 184 161
 88  76  52
 85  73  49
110  98  74
 93  85  62
113 111  90
 90  93  74
 96 103  87
131 139 124
104 112  99
 42  48  38
 46  47  39
208 208 196
149 147 134
136 133 124
132 132 124
152 161 156
120 131 127
 99 110 106
123 132 127
131 138 130
 91  94  83
 49  47  32
110 103  85
150 139 117
147 132 109
139 125  99
150 140 115
149 143 119
118 112  90
141 133 112
143 132 112
127 116  94
131 118  99
141 128 112
148 138 126
129 125 114
119 118 114
129 133 134
149 154 158
 92 100 103
  1   9  12
 14  17  22
  7   8  13
  6   7  12
  9  10  14
 44  43  48
101 100 105
138 137 133
 87  85  86
 40  38  39
 25  24  20
 52  49  40
 60  58  46
 71  69  56
152 150 137
138 136 123
118 119 105
 42  42  30
116 116 106
152 152 142
127 128 120
138 141 132
101 106  99
 77  88  74
 99 109  98
126 133 125
140 143 136
139 140 134
141 141 133
128 125 116
 75  73  61
138 136 123
155 153 140
127 128 114
143 143 131
165 165 155
134 134 124
191 188 179
201 197 188
215 213 200
185 181 169
182 175 165
138 134 125
 38  37  32
  1   0   0
  1   0   0
 74  75  70
138 140 135
130 131 126
116 115 111
139 134 131
153 148 144
 91  88  83
 90  86  83
143 139 138
138 143 139
129 131 130
 80  81  83
 62  64  63
 17  21  20
 47  53  51
 66  76  75
112 124 122
 89 105 102
 43  60  54
 55  70  65
 78  90  86
156 169 162
 73  82  77
 83  87  86
 91  91  93
140 140 140
102 102 102
 87  87  87
172 172 172
134 136 133
 11  13   8
  0   3   0
  9  14   8
  9  11   6
 10  12   7
 27  28  23
 98  99  94
 63  64  58
 10  11   5
 10  11   5
 20  21  15
 13  13   5
 16  13   8
 36  32  29
 99  98  94
 65  67  62
  6   8   3
  6   7   2
 16  16  14
  7   7   7
 38  40  35
127 130 121
130 132 121
130 133 122
136 143 135
119 130 122
101 116 109
113 130 122
 94 110 107
 89 107 107
 68  87  85
 62  77  70
 44  54  45
  0   3   0
 25  26  21
 11  10   5
119 116 109
112 108  99
 61  54  46
192 188 177
160 160 150
112 118 106
122 132 123
 42  55  45
 68  86  74
 82 100  88
 60  76  63
 98 105  89
 95  92  75
108  99  82
 67  58  43
140 132 119
144 138 124
 43  37  21
106  99  81
207 202 183
125 120 101
108 102  88
125 117 104
154 150 139
139 134 128
124 120 117
 78  77  75
143 140 135
142 133 128
134 121 113
162 148 139
 82  72  60
103 100  85
189 190 176
180 187 171
207 216 199
145 153 138
100 106  96
 89  94  88
102 115 108
 98 111 104
113 128 121
110 126 115
164 180 167
204 218 203
200 208 195
157 157 147
209 202 192
239 233 221
183 179 167
210 211 197
128 129 113
170 169 151
185 182 167
170 167 152
160 158 145
163 159 150
139 132 126
144 135 130
133 126 118
134 127 117
162 158 147
166 159 149
154 145 136
 88  79  72
 11   3   0
  6   3   0
 57  56  51
 40  41  35
 14  15  10
 85  85  83
115 120 116
 65  70  64
 74  76  71
 60  65  59
 13  18  12
 27  29  24
  7   9   6
  1   1   1
  5   6   8
 69  70  72
158 160 159
115 117 116
  9  11  10
 10  10   8
 16  16  14
  3   5   0
 37  36  32
163 164 159
111 112 107
 21  22  17
120 121 116
105 105 103
 68  66  67
 80  78  79
 76  76  78
133 134 138
142 145 150
139 144 148
 88  93  96
116 122 120
 84  93  90
 89  99  98
108 125 117
 76  91  84
 36  49  42
 30  41  35
103 112 107
 28  34  32
 21  25  28
 92  93  98
107 107 115
142 142 150
141 141 149
 55  58  63
 14  18  21
  8  12  13
 27  28  30
 26  26  28
 11  15  14
 11  12  14
 11  11  13
 29  29  29
 26  25  23
 18  14  11
 23  18  15
107 102  99
125 121 118
153 150 145
136 133 128
165 162 157
161 158 151
146 143 134
138 138 128
130 130 122
133 133 121
137 137 125
135 137 126
139 140 132
125 126 118
 52  51  46
 19  18  13
121 120 115
142 142 134
137 138 132
149 148 144
147 146 142
 96  95  91
 46  45  41
 11   9  10
 11   9  12
  9  10  14
 15  15  17
  1   0   0
  4   4   2
  0   2   0
 14  16  13
 37  36  34
 40  39  37
 22  21  19
 33  33  33
 19  19  19
  5   5   7
  9   9  11
 15  16  18
 14  13  18
  8   6  11
 14  15  19
  9  13  16
  2   6   7
 37  40  33
119 117 104
214 206 187
192 176 153
139 123  98
188 176 150
238 231 205
200 195 175
128 122 106
129 123 109
 81  73  62
143 132 126
120 106 103
 86  72  63
120 104  89
125 108  88
 99  81  59
 12  13  15
  4   6   3
101 102  96
214 215 201
193 192 174
205 204 184
151 149 128
114 112  91
186 183 164
154 153 135
116 118 104
119 123 109
140 142 129
 94  94  84
 67  66  61
136 136 134
138 138 136
135 135 135
129 129 129
133 133 131
139 141 138
127 129 128
122 122 122
137 137 135
127 126 122
132 131 126
139 138 134
127 127 125
135 135 133
128 130 127
119 121 116
174 177 170
 74  76  62
133 135 124
114 114 106
221 217 208
186 182 171
 47  43  34
  4   0   0
  6   2   0
 42  36  24
144 136 123
159 149 137
128 116 102
222 210 188
225 211 184
214 200 173
209 195 169
211 205 181
255 252 233
155 151 142
  3   0   0
 24  21  14
 93  90  83
 82  78  75
 44  40  39
 21  17  16
  6   1   0
 74  68  56
191 186 167
125 119  97
114 108  86
160 154 130
128 120  97
151 144 118
184 172 146
166 149 121
163 144 112
136 117  84
157 146 114
131 126  97
126 124 101
144 141 122
131 126 107
137 129 110
139 127 103
159 144 113
126 111  78
123 110  78
134 123  93
157 149 126
140 133 114
148 141 123
147 140 122
115 108  90
 59  52  36
 83  75  64
166 162 153
120 117 110
 94  89  83
132 125 115
 82  76  64
 35  33  20
101 102  88
132 134 120
131 133 119
122 125 106
118 121 104
248 246 233
183 179 170
128 121 115
144 136 133
105 100  97
 26  27  22
 65  68  59
 61  63  42
107 105  67
166 159 115
140 132  93
115 110  81
132 129 112
132 130 118
131 133 128
139 141 138
134 136 133
 61  63  60
 14  19  15
 24  29  25
  9  15  11
 30  35  29
123 128 121
153 155 142
189 187 174
150 148 133
208 206 191
173 174 158
153 151 136
152 149 134
178 175 158
251 248 231
234 231 214
177 176 158
102 101  83
165 164 146
143 142 124
136 134 119
133 134 120
127 128 114
130 128 115
160 158 145
147 141 129
144 134 122
155 139 123
115  94  73
162 132 108
182 152 128
185 158 137
108  85  67
109  92  76
155 143 129
147 139 126
151 147 135
148 149 135
106 108  94
117 121 107
117 123 111
143 151 140
102 108  98
148 148 136
154 151 136
157 146 128
109  96  79
110  97  78
149 137 115
142 134 113
128 123 103
136 135 117
156 158 144
140 144 129
130 134 120
 80  82  69
 80  80  68
166 164 151
128 129 115
126 126 114
140 140 132
133 142 137
102 111 108
113 122 117
132 137 131
142 143 135
 31  27  15
 35  29  13
130 122 103
127 116  94
149 137 111
156 144 120
138 130 107
183 177 153
158 153 131
153 146 127
142 134 115
 74  61  42
133 122 104
190 181 166
137 129 118
138 134 125
 81  80  76
 89  93  94
164 169 173
114 122 125
 45  50  53
 49  53  56
 92  93  97
 30  31  35
  9  10  12
 12  13  15
 24  24  26
131 131 129
144 144 144
 42  40  41
 37  36  34
 94  91  86
 54  51  42
 83  81  69
132 133 119
133 134 118
105 106  92
 72  70  57
133 134 120
125 125 113
130 130 120
144 145 139
132 134 131
151 156 149
199 204 197
137 140 133
125 124 119
134 129 125
148 141 135
128 121 113
 86  82  71
194 190 178
180 178 165
169 167 155
139 139 129
142 142 132
135 135 125
187 184 175
185 182 175
196 196 184
167 165 153
220 216 207
202 197 193
 27  26  24
 63  63  63
105 106 108
138 140 137
124 129 123
127 132 128
132 134 133
132 132 132
152 151 149
132 132 130
 18  18  16
108 108 108
148 152 151
132 136 137
138 139 143
109 113 114
 80  86  86
 26  35  34
 42  52  51
 55  70  67
 22  38  35
 12  27  22
 15  27  23
 18  29  25
 25  34  31
 12  18  16
  1   3   2
  0   0   2
 71  71  71
106 106 106
113 113 113
131 131 131
158 158 156
 97  97  95
  6   8   3
 17  19  14
  8  10   5
 33  34  29
 69  70  65
 13  14   9
  4   5   0
 18  19  13
 12  13   7
  6   7   1
 29  29  21
 88  85  80
 83  79  76
 23  22  18
 11  13  10
 19  21  16
 10  10   8
  7   7   7
  8   8   8
 31  30  26
141 138 131
132 128 119
106 106  98
109 114 107
 71  82  76
 52  64  60
 68  89  82
 57  79  77
 51  75  75
 74  99  96
 95 114 108
 42  53  47
 90  92  87
141 140 136
 28  27  22
 64  64  56
 39  34  28
 30  25  19
136 132 123
175 175 163
114 117 106
137 142 135
 33  40  32
 15  25  16
 75  88  78
103 115 103
113 120 104
122 121 103
167 160 142
 70  64  48
 53  51  38
 74  76  63
 44  48  34
 60  62  49
 85  86  72
 94  92  77
 93  87  73
121 113 100
143 136 120
143 135 124
146 139 131
 67  60  52
109  99  87
158 140 126
144 121 105
106  80  65
136 117 100
160 152 133
161 160 140
138 142 125
164 172 157
183 194 180
105 111 101
 94  97  88
112 118 106
 81  87  75
 90 101  87
143 155 141
 94 111  95
109 123 108
120 131 117
139 142 133
165 162 157
164 161 154
163 163 155
157 160 149
 98 101  90
102 104  91
136 136 124
133 134 120
 77  77  67
105 102  95
124 119 116
119 114 110
118 113 107
107 105  93
 84  82  70
136 134 121
 94  90  79
106 102  93
 86  81  75
 68  65  60
 80  79  74
 70  71  65
 47  48  42
 71  72  67
 51  57  55
 26  31  27
 19  24  20
  6  11   5
  7  12   6
 91  96  92
124 128 127
 68  70  69
 38  39  41
129 131 130
227 229 228
138 140 139
 31  31  29
  8   8   6
 14  14  12
 10  10  10
 22  21  17
 82  83  78
157 158 153
193 194 189
248 247 242
112 109 104
 43  38  34
103  98  95
112 108 107
190 188 189
153 154 156
122 126 127
141 145 144
134 139 133
142 147 141
117 122 115
 90 100  89
 82  92  83
 29  36  28
 22  29  21
 89  96  89
 79  85  81
 37  43  41
 64  69  72
 50  55  58
 33  38  41
141 146 150
 92  95 100
  7   8  12
 12  13  17
 17  18  20
102 103 105
 82  83  85
 33  33  35
 41  41  43
 14  14  16
 24  22  23
 23  19  18
 71  66  63
133 128 125
137 132 128
147 144 137
128 125 118
162 159 150
152 148 139
132 130 118
133 131 119
132 132 120
134 135 121
124 124 112
141 143 132
 92  95  86
  8  11   4
 26  27  22
106 105 101
159 160 155
142 143 138
121 123 118
 97  98  93
 53  53  51
  5   5   3
 12  12  12
 18  17  22
 11  10  16
  0   1   6
 24  25  29
 63  61  62
 83  83  81
 95  97  94
126 128 125
154 156 151
135 136 131
120 121 116
129 129 127
121 121 119
 68  68  68
 38  38  38
 12  12  14
 14  14  16
 12  10  13
 14  17  22
  9  13  16
 13  17  18
  5   7   2
 30  28  16
168 160 141
196 180 154
154 138 105
152 137 106
176 166 139
174 169 149
147 141 125
 92  85  69
132 123 106
100  88  72
118 104  91
153 136 118
127 109  87
128 108  83
168 149 119
 17  17  17
  2   2   0
 80  79  74
223 221 208
199 196 177
208 203 181
192 186 162
142 136 112
134 128 106
122 117  98
113 111  96
126 128 115
133 133 121
126 126 116
122 122 114
126 127 121
130 131 126
129 130 125
139 138 134
132 131 127
135 135 133
121 121 121
130 130 130
115 114 112
124 123 119
100  99  94
 97  96  92
128 127 125
134 134 132
134 136 133
113 115 110
189 191 186
 70  74  60
115 117 106
 31  31  23
 66  63  56
 36  33  24
  4   0   0
100  96  85
 93  87  75
107 101  85
198 192 176
123 116  98
184 173 153
217 206 178
196 183 151
211 196 165
243 228 199
243 236 208
247 241 219
195 192 177
 39  37  25
 10   6   0
 75  71  62
 74  69  65
116 110 110
 70  64  64
 12   7   3
 90  83  73
127 121 105
 36  31   9
108 104  79
 92  86  62
106 100  78
 90  79  57
129 115  89
104  87  59
119 100  67
142 126  90
156 143 108
133 122  90
150 143 114
177 171 145
176 170 148
160 152 131
159 149 124
218 204 175
126 111  80
129 118  88
131 122  93
146 141 121
144 139 120
186 180 164
104  98  84
 21  15   1
 34  25  16
 39  32  26
110 107 102
134 133 128
 94  91  84
 95  86  77
125 111 102
130 118 104
 78  71  55
140 139 121
164 165 149
198 201 184
152 153 137
185 183 170
177 173 164
134 126 123
132 124 121
 21  17  14
  7   7   5
 54  57  50
 37  40  19
121 123  84
155 154 108
123 121  82
 81  81  57
155 157 144
120 123 114
132 141 136
132 138 134
138 144 142
 57  63  59
 30  39  34
 28  38  30
 56  63  55
141 144 133
200 201 187
232 229 210
212 207 187
161 156 136
179 177 156
208 207 189
105 103  88
111 109  96
174 172 160
182 180 167
162 159 142
176 173 154
148 147 126
123 122 101
128 126 105
148 143 124
140 137 120
147 144 127
139 136 121
156 152 140
172 166 154
190 180 168
153 137 121
171 153 133
153 125 103
172 144 122
107  80  59
193 172 153
251 235 219
173 164 149
150 144 130
144 142 127
141 142 128
151 155 141
144 150 140
179 186 178
153 163 155
135 142 134
128 131 122
118 118 108
 96  88  75
168 159 144
169 158 140
153 142 124
160 151 134
140 134 118
122 120 105
125 127 113
133 135 122
154 156 143
142 140 127
137 131 117
144 138 124
116 114  99
 79  81  68
114 120 108
115 125 117
122 131 126
120 125 119
141 143 132
132 128 116
121 114  98
155 146 129
165 154 134
139 129 104
205 195 168
157 147 122
191 183 160
198 192 170
154 149 129
141 134 116
149 142 126
122 111  93
126 117 102
201 195 181
137 133 122
153 150 141
139 138 134
102 102 102
125 129 132
133 137 140
130 134 135
130 134 133
147 149 148
125 127 126
 47  49  46
  0   0   0
 92  92  90
141 141 139
128 128 128
100  98  99
 66  62  63
 10   6   5
 35  34  29
161 161 153
150 150 138
129 130 116
118 116 101
128 126 111
136 137 123
139 139 127
138 140 129
127 128 120
131 132 126
 99 101  96
113 114 108
234 234 226
181 176 170
192 185 179
193 184 179
108 101  93
142 135 125
177 173 161
156 154 142
180 177 168
128 128 118
141 141 131
158 158 148
182 182 174
193 192 187
208 208 198
212 209 202
218 215 208
204 203 198
187 187 185
175 177 176
146 150 151
126 130 129
125 131 129
127 133 131
128 132 133
127 128 130
137 138 140
142 146 145
 86  90  89
  7  11  12
101 107 105
136 142 142
133 138 141
122 126 127
122 126 125
 84  90  90
 75  84  83
 66  78  76
 29  41  39
 21  33  29
  9  20  16
  9  18  15
 11  17  15
 16  18  17
 17  17  17
 13  11  12
 43  43  43
118 118 118
109 111 110
174 176 175
140 140 138
 16  16  14
 13  14   9
 12  13   8
 15  14  10
 47  46  42
 28  27  23
  8   7   3
 18  17  13
  2   1   0
 30  29  24
 57  58  52
 98  97  92
 65  61  58
  7   3   0
  1   0   0
 26  26  24
 39  39  37
  6   6   4
  7   7   7
 12  12  12
 23  19  16
120 112 109
128 119 114
 66  61  55
 21  22  16
 15  22  15
101 110 105
 46  63  57
 37  59  56
 69  95  92
 80 106 103
 95 114 108
 71  81  73
216 217 211
183 183 175
 20  20  12
  8   7   2
 11   7   4
  8   3   0
 23  20  13
 93  93  83
155 155 147
158 157 152
128 129 123
  9  11   6
 16  21  15
 78  83  76
136 138 124
113 112  92
109 106  87
155 154 136
 31  33  19
 15  23  12
 62  74  64
 97 109  97
 73  81  68
 65  67  53
 71  68  53
145 139 123
159 150 133
141 132 117
134 124 112
148 136 122
104  88  72
127 102  82
133 100  81
101  68  49
170 145 125
181 166 145
138 133 113
169 173 156
 71  82  66
 93 105  91
 80  88  73
116 118 104
129 126 107
125 124 104
128 133 113
102 111  92
 84  95  78
 65  78  61
106 116 105
106 111 104
122 123 118
138 139 134
131 132 126
 66  69  60
 39  42  33
 39  42  33
149 150 142
162 164 153
 81  81  73
 41  40  35
 18  17  15
 38  37  33
 35  36  30
115 117 106
 52  54  41
103 103  91
101 101  89
100 100  90
129 126 119
138 135 128
143 140 133
 87  87  79
137 138 130
 98  99  91
 51  55  54
 17  21  20
 27  31  30
 23  28  24
 10  17  10
 21  27  23
 65  71  67
131 135 134
139 143 142
177 181 180
205 207 206
 92  94  93
 21  21  19
  9   9   7
 17  17  17
 12  12  14
 29  29  27
 58  58  56
 68  68  66
207 208 203
228 227 222
209 206 197
179 175 166
189 184 178
191 186 182
188 187 185
181 181 179
121 126 122
121 126 120
116 121 114
150 151 143
124 124 114
100 103  86
161 163 149
 42  44  30
 27  31  17
 45  51  41
140 147 139
 27  36  31
  5  14  11
 21  32  28
 27  37  36
117 123 123
103 107 110
  0   0   4
 25  26  28
  2   3   5
 52  53  55
116 114 115
120 120 120
127 127 127
 20  20  20
 18  16  17
 15  11  10
 34  30  27
131 128 123
144 139 135
151 146 140
145 142 133
148 146 134
178 176 164
146 143 134
139 137 125
145 145 133
142 144 133
151 153 142
111 112 104
 60  61  55
 67  70  63
126 127 122
117 117 115
 54  54  52
 42  44  41
 21  23  20
  7   9   6
 10  12   9
 16  18  17
 11  15  16
  7  10  15
 30  30  38
 70  73  78
129 128 133
146 146 146
149 149 147
142 144 139
143 148 141
148 153 146
158 161 154
134 137 130
145 148 141
145 146 140
149 150 145
140 139 137
 95  94  92
 23  22  20
  5   4   2
 14  15  19
 10  14  15
 10  14  15
 23  25  22
  5   5   0
 99  92  76
211 199 173
165 150 117
160 145 112
199 187 161
 71  62  45
 49  42  26
107 100  81
126 118  95
127 117  92
147 135 113
141 125  99
141 124  96
166 147 117
213 197 164
  7   7   5
 22  23  18
166 163 154
223 220 205
211 206 186
212 206 180
217 207 180
201 189 163
115 103  79
121 113  94
116 113  98
142 139 130
132 129 120
132 129 120
125 125 117
137 138 130
139 140 132
143 143 135
146 143 136
145 144 139
139 139 137
146 146 146
138 136 139
 70  66  65
 56  52  49
 29  26  21
 28  24  21
 99  98  96
 94  93  91
121 121 119
 62  64  61
 96  98  95
 67  70  59
 69  71  60
 16  13   6
 13  10   1
117 114 105
138 136 123
222 216 202
218 212 196
196 193 174
110 107  88
 92  90  69
148 142 116
184 173 145
212 198 169
231 216 187
250 234 208
218 208 181
220 212 191
230 224 208
191 187 175
 56  54  41
 92  88  77
 35  27  24
  8   0   0
 50  41  42
 63  56  50
133 127 115
159 152 134
123 117  93
143 136 108
123 116  88
112 105  77
 83  71  45
 94  80  53
140 125  94
120 106  71
126 114  76
138 126  88
149 136 102
156 145 115
194 187 158
191 185 159
154 148 124
172 162 137
149 135 108
137 123  94
161 150 122
147 140 112
172 169 150
141 138 121
150 146 134
159 155 144
129 125 114
 77  73  64
 12   7   3
 32  31  27
 58  58  50
160 156 145
197 183 172
160 134 121
148 121 104
134 113  92
131 120  98
147 142 122
139 140 124
234 232 217
174 170 158
195 191 182
130 125 121
 86  83  78
 56  55  51
 54  54  52
 41  43  38
 38  42  27
148 153 123
122 128  92
123 130  97
 93 101  80
 72  84  72
 99 112 103
114 129 124
 88 103  98
 88 103 100
 57  72  67
 58  74  64
102 115 105
133 144 130
219 223 208
187 186 166
192 190 167
238 234 209
235 231 206
203 201 180
227 226 208
104 105  91
105 105  95
 41  42  34
 47  44  35
 51  48  33
164 161 142
132 131 110
 98  96  73
135 130 108
123 117  95
148 142 120
140 133 115
143 137 123
154 150 138
142 138 127
162 156 142
220 208 194
230 214 199
155 133 112
128 105  87
175 154 137
215 198 182
148 135 119
182 173 158
179 172 156
194 191 176
145 143 130
142 144 133
141 144 137
119 124 118
 95 102  95
 82  89  82
 62  67  60
 69  70  62
 60  54  42
148 142 128
176 169 151
159 152 134
135 129 113
132 129 114
135 133 118
142 143 127
104 106  92
112 113  99
141 135 121
185 178 160
136 129 111
136 134 119
147 151 137
 77  88  74
103 113 104
 89  96  88
126 129 118
143 141 126
148 141 123
118 107  87
145 134 114
146 135 113
205 195 170
173 166 140
142 135 109
170 164 142
134 127 108
141 136 117
149 143 127
146 140 126
142 133 118
170 164 152
186 186 174
123 125 114
159 161 150
203 203 195
130 126 123
103 101 102
145 147 144
160 162 157
131 133 128
143 144 139
134 135 130
 54  55  50
 39  40  34
143 144 138
134 136 131
109 109 107
 46  46  48
  8   6   9
 19  17  18
 26  25  23
 78  77  73
132 133 127
142 142 132
 38  39  25
116 114 101
139 140 126
140 142 129
123 126 115
129 130 122
137 139 128
158 161 154
 92  91  86
201 198 191
238 234 225
218 213 207
229 222 216
106  99  93
117 113 104
187 185 173
149 149 139
140 140 130
131 131 121
150 150 140
189 189 179
212 213 205
208 209 203
195 195 187
194 193 188
195 196 190
193 194 188
191 193 188
126 130 129
126 130 131
130 136 136
130 136 134
126 132 130
124 130 130
132 137 140
131 136 139
129 138 137
141 150 149
 78  86  88
 32  42  41
113 123 122
116 125 124
104 108 107
130 132 131
137 139 138
 95  99 100
142 148 148
 23  32  29
 13  22  19
 28  34  32
 16  20  19
 19  21  20
 11  11  11
 11   9  10
 32  28  29
159 159 159
 92  92  92
 80  82  81
176 178 177
 61  61  59
 17  16  12
 16  12   9
 15  10   7
 17  13  10
 22  18  15
 61  60  56
 34  33  29
 67  66  64
 96  95  93
 63  62  58
 57  58  53
 27  28  23
 17  16  14
 28  27  25
 38  37  35
 51  51  49
 76  76  74
 37  37  35
 42  42  40
 56  56  54
 64  60  59
122 114 112
132 122 120
 58  51  45
 64  64  56
 68  69  63
189 192 185
191 200 195
 97 114 108
 53  76  70
 52  75  69
 80  95  88
170 175 168
111 111 103
171 171 163
 15  14   9
 15  11   8
 11   7   6
 46  42  39
 65  64  59
 20  21  15
 88  87  82
132 129 124
114 111 106
 17  16  14
 26  26  24
 25  26  20
 65  65  53
 73  74  56
 73  72  54
199 200 184
147 151 137
 79  87  76
 71  84  74
 53  66  56
 20  31  17
 70  73  56
138 132 116
 99  92  74
164 156 137
204 192 176
172 160 144
134 122 106
137 121 105
 94  71  53
140 108  93
176 145 127
238 215 197
231 219 197
124 119  99
167 172 152
126 137 121
 76  89  72
 82  91  74
132 133 115
139 131 112
158 152 130
130 130 106
109 113  90
 92  97  77
 83  87  72
124 127 116
169 170 164
138 139 133
152 151 146
148 145 138
 87  84  75
 63  63  53
 73  73  63
 81  81  73
 30  30  20
 50  50  40
 54  54  46
 29  28  24
 30  31  26
 61  64  57
151 152 144
127 129 118
156 158 147
117 118 110
141 142 134
105 105  97
118 113 107
 95  91  82
 93  89  78
 98  95  86
 50  47  38
 71  71  69
 63  65  62
  6   8   5
 36  41  37
 20  26  22
  2   8   4
 47  53  49
105 111 107
103 109 107
101 105 104
121 123 122
125 127 126
 30  32  29
 13  15  14
  8   9  11
 17  16  22
 11  15  14
 16  18  17
 26  26  26
 33  33  31
 66  67  61
110 110 100
119 119 109
178 178 170
175 174 170
154 154 152
133 135 134
 89  95  91
111 118 111
 95 101  91
103 105  92
136 134 121
122 119 100
146 143 124
 74  73  55
 46  47  33
 67  70  59
 99 104  97
 75  82  75
 26  35  30
 63  72  67
 32  41  38
 48  54  52
137 141 142
 50  51  53
 10  12  11
 12  14  13
  1   3   2
 22  20  21
112 112 110
140 140 140
 63  63  63
 17  17  17
 43  42  40
 57  56  52
131 130 125
 94  93  88
 81  78  71
122 120 108
127 125 113
107 104  95
127 127 119
135 135 127
 80  80  72
 72  75  68
 55  56  50
 25  26  21
 71  72  67
 83  85  80
 25  27  24
  8   8   8
  8   8   6
 14  16  13
 22  24  21
 19  21  18
 10  12   9
 17  21  20
 18  22  23
 61  65  68
128 131 138
152 153 157
131 131 133
129 127 128
136 136 134
127 130 123
127 130 123
173 178 171
140 143 136
114 117 110
108 111 102
139 140 132
134 133 128
130 129 125
128 127 123
108 107 103
 35  34  30
  8   8   8
 18  19  21
  6  10  11
 42  46  45
 14  15   9
 76  72  60
192 186 164
193 184 155
146 135 107
128 116  94
 95  86  69
 63  56  40
113 106  87
141 134 108
220 209 181
163 152 124
140 127  93
138 123  92
133 118  87
138 123  94
 10  11   5
158 158 150
226 222 210
210 205 185
218 212 186
198 191 163
183 171 145
146 130 104
126 110  85
121 108  89
143 137 125
144 141 136
128 125 120
111 111 101
 96  96  86
102 103  95
127 127 115
149 149 137
124 124 114
144 144 136
147 148 143
173 172 170
 73  69  70
 13   7   7
 44  39  36
117 112 108
116 111 107
139 135 132
 77  76  74
 64  64  62
 22  22  22
 42  42  42
 45  47  42
  7   6   1
  3   0   0
 81  77  66
210 208 193
199 196 179
182 179 162
190 187 172
125 122 107
115 114  96
152 151 131
172 167 145
213 202 180
229 217 193
230 215 194
240 228 206
193 182 162
229 217 201
220 212 199
221 218 203
153 151 138
 73  70  61
 25  20  16
 21  13  11
 20  12   9
173 166 158
159 151 138
158 147 127
156 142 113
152 139 104
128 115  80
130 117  83
143 129  94
150 136 101
133 120  85
135 126  87
155 143 105
170 157 122
206 193 161
226 215 187
146 139 110
133 127 101
141 135 111
135 124 102
130 118  92
140 129  99
134 125  96
147 140 112
150 148 127
137 134 117
132 128 116
193 189 177
168 164 152
174 171 162
 39  36  31
  3   2   0
 33  33  23
 86  80  64
125 104  87
 98  63  43
142 100  76
156 121  93
208 187 158
244 232 206
103 100  81
128 125 108
194 191 176
166 163 154
115 114 109
 41  40  35
 17  18  13
 26  27  22
  9   9   7
 69  72  65
135 141 127
 36  48  28
 53  66  46
121 135 120
 70  87  77
 62  83  74
 61  84  78
 86 107 102
 80 101  96
 64  85  78
 61  81  72
102 120 108
 63  77  62
117 126 107
127 130 109
166 164 139
189 185 160
230 228 205
219 218 198
141 142 128
129 131 120
 75  76  70
139 142 135
129 129 121
143 139 127
153 150 131
115 113  92
169 164 142
141 135 111
175 167 144
134 126 103
138 131 112
138 132 118
146 142 131
140 137 128
172 168 157
171 163 152
146 136 124
171 154 136
189 171 157
171 155 142
142 128 117
147 135 123
162 150 136
149 137 123
176 166 154
182 176 164
193 189 180
156 153 146
 97  98  92
122 125 118
120 123 116
 94  97  88
108 108 100
134 132 119
143 141 126
132 129 112
144 141 124
186 183 166
155 154 136
111 113  92
204 205 187
 93  94  78
 83  82  64
145 140 121
166 159 140
141 136 116
134 133 115
135 141 127
 97 108  94
 93 101  90
 54  60  48
 93  95  81
158 155 136
162 154 133
119 108  86
168 157 135
205 197 174
165 158 132
144 137 111
155 149 125
137 130 111
148 143 124
149 146 129
143 139 127
151 144 134
133 124 115
180 177 168
166 169 160
 87  93  81
148 151 140
185 182 173
162 157 151
164 161 154
145 145 137
156 158 147
142 142 132
172 169 162
127 124 117
102 102  94
140 140 132
121 122 114
136 139 132
 81  83  80
  4   5   7
 14  13  18
 14  13  18
 19  17  20
 77  75  76
112 112 110
 68  69  61
 97  97  85
127 127 115
131 133 120
148 151 140
117 120 111
 89  92  83
114 115 107
150 156 146
110 112 101
116 116 106
211 208 199
149 146 137
130 127 120
170 167 160
114 114 106
130 131 123
127 130 121
132 133 125
133 133 125
138 138 128
144 144 136
173 173 165
186 185 180
200 199 194
215 214 209
210 211 205
188 190 185
129 134 130
118 122 121
141 145 146
126 130 131
126 132 130
125 131 129
126 132 132
124 132 134
117 125 127
133 143 142
103 113 112
110 120 121
 62  77  74
 59  71  69
135 144 141
129 133 132
124 126 123
138 140 137
 85  87  86
 88  92  91
 93  98  94
 59  61  58
 20  22  21
 21  21  21
  8   8   8
 54  54  52
 12  10  11
 10   6   7
 61  61  61
 37  37  37
 56  58  57
124 126 123
 15  14  10
 53  48  45
 69  61  59
 19  11   9
 14   9   6
 39  35  32
 88  84  81
 72  68  65
 65  64  60
 49  49  47
 15  15  13
 28  28  26
 52  52  52
 20  20  20
 18  16  17
 17  15  16
 13  13  11
 29  29  27
 26  26  24
  5   5   3
 27  27  25
 16  15  13
 24  20  17
129 124 120
137 132 126
137 133 124
126 123 114
186 183 174
255 255 248
250 255 249
203 216 207
142 155 146
135 145 137
141 144 137
 49  48  43
 23  20  15
 21  16  13
 11   6   3
 48  44  43
 65  64  62
 13  13  11
 13  13  11
 95  96  91
164 163 159
 96  92  89
  1   0   0
 33  33  31
 40  41  36
 33  33  25
139 140 126
125 123 110
 79  80  66
112 114 103
134 140 130
150 160 149
160 168 155
 59  63  46
 83  80  61
144 132 116
109  96  80
167 154 137
198 186 170
162 152 140
133 123 111
178 166 154
137 119 107
 84  60  50
112  90  79
240 224 209
255 250 231
239 238 218
 79  84  64
173 184 167
 64  77  60
 97 104  86
154 155 137
125 116  99
 61  54  35
 99  94  72
140 138 117
122 119 100
107 104  87
116 110  96
181 177 165
170 166 155
155 148 138
130 120 110
109  99  87
 99  89  77
 94  88  74
127 121 107
 92  89  74
 25  23  10
  9   7   0
 27  24  17
 35  34  29
 91  92  86
128 129 121
162 162 154
169 169 161
135 136 130
138 137 132
156 153 148
 81  74  66
 28  19  10
 64  56  45
 56  48  37
 37  28  19
 36  33  28
 68  67  62
 52  54  49
 26  32  28
 30  39  34
 89  98  93
104 113 108
 88  97  92
111 120 115
143 149 145
110 112 109
114 114 112
 24  26  25
  0   2   3
  4   8  11
 11  12  17
 16  22  20
 24  28  29
  4   6   5
  9  11   8
  3   5   0
 43  46  39
  6   8   3
 45  47  42
150 155 151
 84  90  88
 35  44  43
100 109 108
 40  49  44
 81  89  78
147 150 133
147 149 128
154 149 127
183 178 158
118 112  96
 53  51  38
 90  90  82
 67  68  63
 45  47  42
 41  43  40
 21  26  22
  8  13   9
 24  29  25
123 125 122
145 147 144
 38  40  39
 27  29  26
 32  34  31
 33  33  33
 56  56  54
 86  86  84
108 108 106
 86  86  84
 28  29  24
 20  19  14
 38  37  32
 12  13   7
  1   2   0
 17  17   7
 86  83  74
 85  85  77
 81  80  76
 33  32  30
  7   6   4
  7   9   4
 17  19  16
 15  17  16
 16  18  17
  1   3   2
 18  20  19
 21  23  22
 18  20  19
 10  12   9
 13  15  12
 12  16  15
 39  43  42
109 113 112
135 139 138
128 129 131
122 123 128
128 127 132
127 125 128
146 144 145
115 114 112
124 125 120
193 195 190
124 126 121
 63  64  59
156 157 151
 33  34  28
 78  79  73
145 144 140
145 144 140
137 136 132
131 130 126
125 124 120
 45  41  40
 12  12  12
  8  12  13
 26  32  32
 67  69  64
 11   8   0
102  96  80
174 166 145
217 206 186
152 144 125
116 109  93
145 138 122
139 131 112
139 129 102
186 175 145
190 176 147
176 165 133
189 175 146
169 155 129
129 118  96
121 121 113
212 209 200
204 201 184
210 206 179
205 200 170
225 215 188
189 173 150
127 107  83
127 107  82
124 109  88
 71  62  53
 90  86  83
133 132 128
129 129 119
102 102  92
 84  84  76
115 114  96
138 136 121
164 164 152
141 142 134
191 192 186
154 153 149
 68  64  63
 10   4   4
 75  70  67
 99  94  90
 58  53  49
148 145 140
117 118 113
 13  13  13
 20  20  20
 29  29  29
 38  38  36
109 108 106
108 105 100
182 178 166
158 156 135
162 160 139
199 196 179
227 225 213
144 142 130
144 142 129
226 225 207
205 200 181
209 201 182
211 200 182
235 224 206
246 234 218
244 232 218
246 234 222
236 228 215
201 198 183
133 131 118
  9   6   0
 23  18  14
 10   5   2
 61  56  50
126 117 108
 44  32  18
116 100  77
212 196 163
202 187 146
193 178 135
205 190 149
221 204 161
194 181 139
211 202 163
225 216 177
225 212 177
249 236 204
252 238 211
227 215 189
146 139 111
148 141 115
153 145 124
136 125 105
138 126 100
159 148 118
212 206 174
170 165 135
119 117  96
139 133 117
134 128 114
188 185 168
186 185 167
168 166 153
123 123 115
 53  52  47
140 141 127
 90  82  63
 98  73  51
160 118  93
149  98  69
145  99  66
207 176 145
238 218 191
189 183 161
157 152 133
194 192 177
219 219 209
134 135 129
  2   3   0
  9  10   5
 11  12   7
 29  28  26
 30  30  30
141 147 143
 55  68  59
 32  50  38
 87 107  96
 96 117 108
 76  99  91
103 130 123
106 133 126
 65  90  84
 90 113 105
 90 113 103
119 141 129
 97 115 101
 64  77  59
 99 104  82
208 208 184
230 225 203
226 224 203
169 170 154
 27  29  18
 43  44  38
 39  40  35
153 155 150
146 146 138
163 159 147
143 137 121
139 134 114
167 161 137
158 150 127
161 154 128
199 191 168
211 204 185
153 147 133
140 137 128
150 150 142
204 204 196
124 120 109
143 137 125
165 149 133
182 170 158
204 194 185
186 175 169
168 155 146
114 100  89
118 104  93
168 156 144
149 139 129
 99  90  81
143 136 128
200 197 188
173 173 165
153 155 144
150 150 140
180 178 166
177 178 162
159 160 144
119 118 100
121 120 102
194 193 173
194 196 174
145 147 125
230 232 211
194 193 173
151 149 128
127 122 100
135 130 108
141 139 118
112 113  95
110 117 101
 96 107  93
 89  97  84
102 106  92
103 104  88
146 144 123
162 156 132
175 167 144
135 127 104
 89  82  56
101  94  68
146 139 113
125 119  97
127 122 103
145 142 125
159 156 141
151 147 135
157 150 142
147 139 136
155 154 149
120 125 118
 71  77  67
109 111 100
180 177 168
156 149 139
130 126 115
182 183 169
146 147 133
129 127 115
136 132 121
162 158 149
125 122 113
128 128 120
130 131 125
149 152 143
 83  85  82
  8   9  13
 19  20  25
  8   7  13
 59  58  63
150 148 151
 87  85  86
 29  30  24
122 124 113
 47  49  38
 67  68  60
 92  95  86
 96  99  90
104 107 100
123 125 120
 39  47  34
 36  42  30
189 192 181
178 178 168
 36  33  24
 63  60  51
104 104  96
100 101  95
119 122 115
123 128 121
129 132 123
124 125 117
148 148 140
135 132 127
156 153 148
156 153 148
193 194 189
182 181 177
162 161 157
132 134 131
124 129 125
125 131 131
125 129 130
121 125 126
134 138 137
135 141 139
133 142 141
115 124 123
 99 109 108
103 115 111
104 116 114
 84  94  95
 81  96  93
 52  64  60
 41  50  47
129 134 130
138 143 139
139 141 138
122 124 121
136 138 135
142 142 140
 67  67  65
 47  45  46
 63  61  62
 85  85  83
141 141 139
 87  85  86
 52  47  51
 26  24  25
 13  13  13
 48  48  48
 75  75  73
 61  57  54
121 111 110
120 108 108
 50  40  39
 62  57  54
 53  49  46
 22  18  15
 13   9   6
 76  75  71
 22  24  19
  4   6   3
 17  17  17
 24  24  26
 29  29  31
 10   8   9
 15  13  14
  6   6   4
 13  13  11
 21  22  17
 87  88  83
 73  74  69
 13  13  11
  0   0   0
 93  89  86
149 144 138
142 138 127
109 102  92
197 190 180
154 152 140
129 131 120
174 179 172
216 223 215
183 186 179
126 127 121
 69  65  64
 22  16  16
 31  22  23
 45  37  35
 58  54  51
 17  17  15
 17  17  17
 10  10  10
 93  93  93
160 160 160
139 133 133
 12   8   7
 31  31  29
 12  13   8
 14  15   9
 32  29  22
 58  55  46
100  97  88
103 104  96
130 136 126
 55  61  49
132 134 120
123 120 101
 97  89  70
 71  55  39
169 150 136
212 195 177
172 158 145
138 128 119
149 140 133
131 122 113
118 105  97
 50  32  28
 18   3   0
 75  65  55
100  97  80
140 141 123
 80  87  69
 98 109  92
167 178 161
121 128 110
153 154 138
 93  87  73
 27  20   2
 50  42  23
129 121 102
140 132 113
118 107  89
115 104  86
125 113  97
136 126 114
153 141 129
138 122 109
115  97  83
121 105  89
181 170 152
184 176 157
147 140 121
 76  73  58
 64  60  48
122 118 107
104 100  91
113 110 103
120 120 112
135 134 129
115 114 109
139 135 132
101  97  94
 78  73  69
 72  65  57
118 108  98
143 131 119
 89  75  66
 81  66  59
 99  92  86
119 116 109
121 124 117
 37  47  39
 55  66  60
154 163 158
115 124 119
161 172 166
159 172 165
148 158 150
166 168 163
160 160 158
113 114 116
 67  72  76
 33  38  42
 16  19  24
 66  75  74
 62  68  68
 31  37  37
 64  70  68
117 123 119
115 120 116
104 108 107
 33  37  36
  0   3   1
 49  59  58
 76  88  86
 86  98  98
 98 109 105
 19  27  14
 82  87  67
169 173 150
123 118  96
110 105  85
 90  84  68
 45  41  30
 70  70  62
 41  40  36
 22  21  19
 39  38  36
 27  27  25
 36  38  35
 26  28  25
 49  51  46
132 134 131
 75  77  74
 33  35  32
 36  38  33
 39  41  40
 37  37  37
 17  17  15
 18  20  17
 60  62  57
 19  20  14
 11   8   3
  9   8   3
 29  30  24
 63  66  59
 96  97  91
 87  84  79
 30  26  23
  6   5   3
 16  16  18
 12  10  13
 17  19  14
 19  21  20
 19  20  22
 14  15  19
 21  25  26
 24  25  27
 22  23  25
  6   8   7
 35  37  34
 41  43  40
 86  90  89
147 151 150
144 148 147
144 146 145
132 132 134
133 132 137
123 124 128
130 130 132
124 123 121
118 117 113
 73  73  71
107 107 105
  8   7   5
 12  11   7
129 130 125
 80  79  75
 57  56  52
 87  86  84
 98  98  96
127 129 126
153 154 149
157 153 150
122 117 114
 10   8   9
  8  12  13
 13  19  19
 84  86  83
 50  47  40
129 121 108
187 178 163
185 176 159
206 198 185
119 113  99
117 110  94
133 125 106
152 140 114
160 146 117
166 153 121
189 178 146
214 202 176
184 171 152
193 184 167
213 219 207
194 196 185
213 209 197
214 207 189
211 203 180
199 192 164
140 129  99
111  91  64
134 108  85
104  81  67
 43  30  24
 32  26  26
 31  29  30
122 118 117
158 153 147
130 126 117
131 125 113
173 167 151
232 229 210
185 184 166
211 211 199
161 161 153
137 136 132
 14  10   7
  6   1   0
  9   1   0
 23  14   9
 31  22  17
 53  43  41
 96  91  88
 64  60  61
 74  72  73
146 146 144
180 180 172
199 196 181
193 186 167
222 216 194
240 234 210
236 231 209
211 208 189
 99  95  83
115 113 101
208 206 194
207 203 191
191 185 171
234 224 212
230 216 205
193 176 168
186 176 164
195 185 175
190 182 171
187 180 170
160 156 147
 83  80  75
 25  22  17
 17  16  12
 98  97  92
 68  64  55
 22  10   0
 53  35  13
183 162 133
235 213 176
239 216 174
170 146 100
143 122  77
221 204 160
228 216 174
232 225 183
242 234 197
233 222 190
236 221 192
194 179 150
131 116  85
150 135 104
144 129 100
146 131 102
146 132 103
197 188 159
242 235 207
241 235 211
171 170 150
144 143 125
152 150 135
173 172 154
211 210 192
204 200 188
212 208 196
115 109  93
151 143 122
165 149 133
 68  38  28
101  54  46
166 113  95
143  98  67
162 131 100
245 225 198
250 245 226
240 238 223
222 224 211
124 127 118
 50  55  48
  1   3   0
 30  32  27
118 118 116
135 135 135
121 125 126
121 129 131
 79  96  90
 65  91  80
 64  92  77
 86 113  98
110 134 120
 67  87  75
 71  91  80
 54  75  66
 84 110 101
 75 102  95
 56  83  74
 64  86  74
 76  94  80
 65  78  60
 97 105  84
174 176 154
185 183 162
152 151 131
 51  54  37
 12  14   3
 55  54  50
 96  89  79
178 172 158
161 156 136
135 130 108
138 133 113
141 134 116
179 167 151
187 176 156
249 238 216
233 225 204
165 160 141
159 155 143
206 204 191
163 161 149
140 137 128
127 122 116
127 125 113
111 109  97
122 119 110
169 166 157
207 203 192
194 184 172
218 204 191
202 188 175
 53  43  33
  7   0   0
 30  21  12
 41  30  24
160 153 145
128 125 118
154 154 144
155 155 143
203 204 190
149 150 136
141 139 126
159 158 140
109 106  87
153 151 130
213 211 190
236 231 211
246 240 216
182 176 152
154 149 127
111 110  90
123 128 106
 85  97  73
 97 111  85
149 165 138
133 136 115
143 145 121
140 139 111
144 139 110
179 172 146
140 132 109
 57  51  27
110 104  78
158 151 125
109 102  76
 49  43  19
122 120  99
163 160 143
154 150 138
153 149 140
161 156 150
158 151 143
152 150 138
140 142 128
 99 103  86
 71  72  54
127 124 107
110 104  90
 23  20   5
116 113  96
155 154 136
129 130 116
119 119 111
137 134 129
149 146 141
107 106 101
137 138 133
128 129 124
 55  59  60
  4   9  12
 14  17  22
  2   3   7
 72  70  75
137 135 140
127 125 126
119 118 113
135 135 123
132 133 119
160 162 148
187 189 175
161 163 149
117 121 106
179 187 172
112 115 104
193 196 185
199 202 191
118 121 110
 15  18  11
 20  22  17
 62  67  61
 94  99  95
123 130 123
141 146 139
129 132 121
140 140 132
145 141 138
140 136 137
131 129 130
133 132 130
131 137 127
127 128 123
131 131 129
127 127 129
127 128 132
131 135 138
122 123 127
130 132 131
120 125 119
126 131 124
128 133 126
 88  94  90
108 117 114
128 137 136
129 135 135
129 133 136
131 137 133
120 124 123
 20  21  23
 32  34  33
 80  80  78
 94  94  92
100  99  97
 89  88  86
 50  49  47
 57  58  53
 86  88  83
 94  95  90
143 142 138
127 122 118
143 138 135
136 131 128
141 135 135
116 112 111
 39  35  34
 97  96  92
126 125 120
180 177 172
 68  63  59
 56  51  47
148 143 140
 70  65  62
 38  33  30
108 103 100
134 133 128
 50  53  46
 34  36  31
127 129 126
 15  15  13
 10  10   8
 13  13  13
  7   8  10
  9  13  14
  9  13  14
 14  14  14
 92  91  89
153 152 150
114 114 112
 34  35  30
 34  31  26
141 137 128
152 146 132
216 209 191
173 166 147
 23  21   8
  4   5   0
  1   6   0
 81  85  84
137 141 140
 71  75  74
 38  40  37
 70  69  65
 41  38  33
 40  35  31
  4   3   1
 22  23  25
  6  10  11
 25  27  24
114 114 106
115 111 100
143 140 125
 75  72  63
 76  75  71
  0   0   0
 18  20  17
 11  12   7
  8   9   3
116 117 111
126 129 122
 92  99  91
 62  75  66
 48  64  54
 71  83  69
 61  63  49
108  98  86
209 191 181
169 161 150
124 120 111
131 130 125
121 123 118
134 136 131
 99  98  94
122 118 117
 96  88  86
 10   3   0
 15  11   2
 56  58  47
 89  95  83
 63  71  56
163 170 154
151 153 139
202 202 190
214 208 194
122 114 101
 59  47  35
105  91  78
 93  80  64
190 179 159
151 140 118
128 117  95
123 108  85
119  95  71
149 117  92
149 112  85
166 130 104
250 222 200
143 122 103
127 110  92
142 130 114
152 143 126
149 144 125
124 118 102
169 163 149
168 161 151
 93  86  80
128 120 117
166 162 159
108 107 103
  3   0   0
 71  61  52
139 118 101
151 120  99
156 124 103
175 143 122
180 164 151
201 191 181
164 165 157
137 147 138
108 121 112
138 149 143
124 133 130
141 150 145
191 201 192
202 209 201
179 184 180
172 173 177
149 152 157
163 167 170
 59  60  64
 17  16  21
 30  35  38
  2   8   8
 10  15  11
 44  47  40
132 135 126
197 203 193
164 171 163
130 137 130
 57  64  57
 47  54  47
  9  15  11
  3   9   7
 75  81  79
127 129 124
 85  87  74
173 174 156
156 155 137
 93  94  80
 59  60  54
 52  52  50
103 103 101
 62  62  60
  6   2   0
 63  60  55
 96  93  88
  7   3   0
 20  19  17
  9   7   8
110 108 111
140 140 142
 60  61  63
 36  40  41
  2   4   0
 12  14  11
 15  15  13
 15  15  13
  2   3   0
 17  16  11
 53  52  47
 85  86  78
104 107  98
 89  92  85
 33  35  30
  5   5   5
 16  16  16
 21  21  23
 17  16  22
 15  15  23
 16  21  24
 14  19  22
 18  22  23
 14  15  17
 10  12  11
  7   9   8
  0   2   1
 41  42  37
 84  85  80
119 120 115
161 161 161
147 147 147
133 133 131
139 138 133
132 131 126
104 101  96
126 123 116
195 192 187
144 140 137
 52  51  49
  5   5   3
  9   8   6
 30  28  29
  9   5   6
  8   4   5
 46  41  45
 72  70  73
  8   8   8
  9  11   8
 82  87  81
 90  91  85
 84  81  76
 65  66  60
 11  14   7
 14  16  11
  4   9   5
 35  38  31
 71  73  62
163 161 146
205 199 183
102  94  81
103  96  86
151 144 138
138 131 125
139 128 124
156 143 134
171 159 143
162 151 131
166 158 137
151 144 128
127 121 109
206 202 190
139 142 131
209 209 197
217 211 197
187 178 161
191 185 163
137 131 107
150 140 113
155 138 110
111  85  60
 46  23   5
 52  39  31
 47  43  40
 47  46  42
 46  43  36
 93  90  81
129 129 117
136 133 118
157 154 137
171 168 149
221 220 202
205 206 192
207 207 199
211 210 205
 94  91  86
 59  54  48
 80  71  66
 38  27  21
 48  35  29
 39  30  25
112 107 103
154 150 147
135 131 130
155 154 150
214 211 202
248 245 230
243 238 219
245 239 217
239 233 211
239 234 214
122 119 100
114 112  97
218 216 203
201 202 188
205 203 190
197 193 181
210 204 192
149 139 129
136 123 114
139 129 120
151 141 132
133 124 115
147 140 130
151 147 138
 88  85  78
 26  25  20
107 108 103
125 126 121
 30  27  20
 64  54  42
 99  84  65
131 111  84
214 191 157
220 197 156
157 132  91
154 133  90
221 204 161
220 207 165
229 220 181
248 238 203
237 226 194
228 215 183
207 192 161
139 124  93
147 132 101
142 125  95
160 145 116
172 158 131
168 158 131
228 222 198
215 210 188
128 129 113
125 126 110
149 147 132
156 154 139
210 208 195
188 186 173
220 216 204
248 243 224
207 199 178
137 118 101
 95  63  50
 43   1   0
 85  39  23
 94  56  35
 94  66  45
209 190 173
255 253 238
215 213 200
 76  79  68
  0   5   0
  7  14   7
 15  20  16
 57  59  56
127 127 127
117 115 118
117 116 121
112 117 120
 72  89  83
 67  90  80
116 143 128
 83 106  90
 96 117 100
 96 110  97
131 147 134
 83 101  89
 83 105  93
 51  77  66
 73  96  88
 59  80  71
 64  84  72
 82  96  79
 64  73  54
121 123 102
160 158 137
117 116  96
 19  20   2
110 108  95
134 130 119
106 100  84
137 130 111
155 149 123
134 128 102
118 112  90
145 136 121
234 222 210
228 217 199
200 190 165
191 184 158
166 160 138
135 129 113
173 171 156
141 142 128
170 170 158
122 122 112
149 149 137
140 137 128
174 171 162
166 162 153
151 144 134
194 186 175
211 199 187
153 141 129
187 177 165
171 163 150
151 143 132
120 112 101
160 153 143
160 156 147
187 187 177
 99  99  89
118 120 109
156 156 144
159 160 146
159 158 140
150 147 128
134 129 110
142 137 117
212 206 184
243 237 213
238 232 210
234 233 213
185 189 172
120 132 112
 95 110  87
 75  89  64
107 119  95
161 160 139
206 204 181
143 139 112
124 119  90
140 133 107
141 134 108
146 139 113
144 137 109
141 134 106
122 115  89
 97  91  67
126 121 101
160 157 140
153 149 137
157 153 142
158 154 145
166 162 151
163 161 148
154 155 139
134 136 115
113 115  93
 92  91  70
112 109  90
 75  72  53
 95  94  74
 88  89  73
111 111 101
133 132 127
154 153 148
146 145 140
 96  96  94
137 139 138
133 134 136
 98 102 103
  6  10  13
 12  16  19
 11  12  17
 39  38  44
141 139 142
146 145 143
144 141 134
170 168 156
232 230 217
255 254 241
232 233 219
192 194 180
140 142 129
134 137 126
254 255 246
178 181 170
 54  55  47
 37  40  33
 21  23  18
 84  89  85
 56  58  55
 62  67  63
143 148 144
155 160 154
133 136 129
139 138 133
158 154 151
132 128 129
135 131 130
130 129 127
136 141 135
143 145 140
134 134 132
126 126 126
120 120 122
128 129 133
111 112 116
101 105 104
105 112 105
119 129 121
124 133 128
132 141 138
118 127 124
101 107 105
118 122 121
126 126 126
125 127 122
133 133 131
119 117 118
 61  59  60
 32  32  30
 24  23  21
 21  20  18
 49  48  44
 53  52  48
 92  93  87
108 109 104
130 131 125
128 127 122
130 127 122
127 122 118
133 128 125
130 125 121
125 121 118
 22  21  19
 66  66  64
 67  68  63
 74  75  69
 80  79  75
 60  60  58
107 107 107
136 134 135
129 125 124
136 132 129
124 123 118
115 116 110
 52  53  47
 65  64  60
  8   8   6
 16  16  16
 12  13  15
  9  10  14
 12  16  19
  9  13  14
  6   8   7
 24  24  22
124 124 124
135 135 135
103 103 101
 37  36  32
129 125 116
157 149 136
227 220 202
150 143 125
109 110  96
 78  79  71
 16  22  18
 33  42  41
115 124 123
 90  94  93
 52  53  48
112 111 106
124 121 116
 34  33  29
 16  16  16
  5   6   8
 29  30  32
104 104 102
167 162 156
115 109  97
 81  75  59
157 153 142
116 113 106
 36  37  32
  9  11   6
 11  14   7
 39  42  35
152 153 147
 94  96  91
 98 107 102
 52  69  61
 81 102  93
 67  83  72
 61  64  53
 98  88  79
118  99  93
128 118 109
109 100  93
139 136 131
136 135 130
143 140 133
 53  46  38
 36  27  20
122 112 103
 36  26  16
 47  41  29
 76  77  63
 95  99  85
 93 101  86
112 118 104
148 150 137
204 204 194
173 169 158
112 104  93
184 170 159
212 196 183
215 202 186
152 139 120
111  99  77
155 140 117
134 118  95
123  99  75
124  92  67
156 120  94
153 121  98
134 109  89
113  96  80
141 128 112
179 172 156
156 149 133
 97  91  77
118 115 100
108 104  92
 99  92  82
 70  61  54
163 155 152
 89  88  84
 86  87  82
103 102  97
 53  43  33
 59  36  20
105  73  52
130  94  72
141 103  84
 82  63  48
123 111  99
141 141 129
118 126 115
162 173 165
116 125 120
180 186 182
115 120 114
110 117 109
142 149 142
146 152 148
128 132 133
159 163 166
158 162 163
123 124 126
 13  12  17
  3   7   8
 57  58  60
 16  18  15
 54  56  51
115 118 111
234 237 228
209 212 201
143 146 137
103 106  99
 66  69  62
 83  86  79
 16  18  13
 28  33  29
 74  76  71
 96  96  86
135 133 120
188 186 171
152 152 142
165 167 162
 84  89  85
 99 101  98
 75  74  70
 42  39  34
 27  24  17
108 105 100
 30  29  24
 18  17  13
  8   7   5
 74  72  75
151 151 153
148 148 150
132 132 132
 61  64  57
 27  28  22
  2   2   0
 34  33  28
 56  55  50
104 103  98
115 114 110
 71  72  67
 24  26  21
  1   6   0
  9  11   8
 14  16  15
 25  25  27
 18  17  22
 15  14  20
 20  19  25
  5  10  13
 11  15  18
 33  34  36
 20  20  20
 73  75  74
102 104 101
 60  60  58
 37  36  32
106 105 100
133 134 129
155 155 155
119 119 119
130 129 127
144 143 138
122 119 110
136 133 124
214 212 200
175 172 165
  7   4   0
 20  19  15
 18  18  16
 20  20  20
 26  26  28
 14  12  15
 27  25  26
 10   8   9
  8   6   7
 17  15  16
 22  22  20
 26  28  25
 13  15  10
 11  12   7
 10  13   6
 12  14   9
 11  13  10
 20  21  16
  1   2   0
 77  77  65
242 240 225
215 209 193
140 134 120
 91  84  74
 47  40  34
132 124 121
143 134 129
131 123 112
130 120 108
131 122 107
129 122 104
150 144 128
163 159 147
203 201 188
129 130 116
212 209 194
193 181 165
183 170 153
193 185 166
110 105  85
124 118  96
226 210 184
180 159 130
 84  64  40
 31  19   5
102 100  88
116 114 102
 86  83  68
 66  63  46
134 135 119
136 135 117
124 123 103
115 114  94
185 183 168
215 213 201
198 198 188
203 200 191
140 136 127
110 101  92
 75  62  54
 51  36  29
 57  42  37
 49  38  32
 68  61  55
139 136 131
123 119 116
 75  74  69
 91  88  79
236 234 221
177 174 157
162 159 142
198 193 174
127 122 103
 88  82  66
224 222 207
217 218 204
197 198 184
199 199 187
143 140 131
120 116 107
145 138 128
207 198 189
125 116 107
133 124 117
198 189 182
172 165 157
110 106  95
 49  45  36
 54  51  44
171 172 167
 50  50  48
102 101  96
172 163 154
138 122 107
109  91  67
146 125  94
207 183 149
203 177 142
208 186 145
225 206 166
220 202 164
212 198 163
192 182 147
201 190 158
174 161 129
144 129  96
147 132  99
146 130  97
144 129  98
151 137 110
182 170 144
127 119  96
199 194 174
 94  91  72
 55  57  43
172 173 159
154 155 139
116 117 103
170 170 158
177 177 165
174 172 157
232 227 208
233 222 200
139 118  97
157 129 108
137 102  83
 96  60  44
 37   8   0
 52  30  19
190 172 162
197 193 182
165 165 157
 26  29  22
 43  50  43
 61  70  65
104 113 110
105 109 108
125 125 127
122 120 123
127 125 128
100 104 105
 37  49  45
 31  51  40
 42  63  48
 66  83  65
 80  93  75
124 132 117
151 159 144
157 169 155
 75  91  78
 73  91  79
 61  81  72
 85 104  98
 88 105  97
 80  93  83
115 122 106
 99  98  80
103  98  78
 50  45  25
 76  71  51
137 132 112
115 108  90
116 110  88
127 121  95
132 126  94
157 150 121
168 160 139
154 144 132
199 186 177
205 193 177
138 128 103
170 163 134
226 219 193
176 171 151
140 137 120
154 152 137
141 142 128
122 124 111
152 154 143
176 176 166
161 158 149
122 118 107
 89  82  72
135 126 117
 56  46  37
 13   0   0
 74  62  48
183 174 157
202 193 178
231 223 210
234 226 215
218 214 203
193 193 185
168 169 161
180 181 176
171 172 164
155 155 143
143 141 126
151 148 129
153 146 128
126 119 100
147 141 117
238 232 208
225 224 203
241 245 230
239 253 240
131 152 135
107 126 107
144 157 137
155 163 142
148 141 122
140 132 109
151 141 116
185 175 148
156 146 119
141 131 104
136 127  98
147 136 106
138 129  98
127 120  91
117 111  85
162 157 135
150 145 126
149 143 129
138 131 121
146 142 133
163 161 148
137 135 120
127 126 106
161 161 137
170 168 143
132 130 105
128 126 101
157 155 132
114 113  92
137 135 120
175 175 167
142 143 138
144 145 140
153 154 149
136 138 137
136 140 143
138 143 146
154 158 159
 75  79  80
  6  10  11
 13  16  21
 12  13  17
 25  25  25
101  97  94
208 205 196
178 174 163
180 174 162
219 213 199
206 203 188
200 201 187
181 181 171
100 100  90
175 178 167
190 191 183
 86  87  82
 15  17  16
 43  47  46
148 152 151
126 128 127
 25  27  24
126 128 125
133 135 130
135 136 131
142 141 137
170 169 165
117 116 112
127 126 122
132 131 127
123 128 124
115 117 114
122 122 122
117 115 116
103 101 102
112 110 113
114 115 117
103 109 109
118 130 126
121 136 131
119 134 131
100 112 110
110 119 114
102 107 101
103 104  98
128 127 123
137 133 130
127 122 119
131 125 125
138 134 135
154 153 151
127 126 124
100  99  97
 55  54  50
 61  62  56
133 134 128
145 146 140
136 135 130
125 122 117
126 123 116
121 118 111
136 131 127
130 127 118
125 122 117
 12  11   9
 67  67  65
 88  89  84
 49  52  45
 60  65  59
 79  85  83
 43  49  47
 69  73  72
 85  87  82
 86  85  80
 29  26  19
 88  85  78
 72  67  61
 11   4   0
 10  11   6
 18  18  18
  1   2   6
  1   2   6
  9  13  16
 11  17  15
  5  10   6
  6   8   5
 19  19  19
 40  40  42
 35  37  36
117 118 113
140 137 128
128 122 108
182 175 157
223 218 199
221 219 206
137 139 128
 85  92  85
 79  89  88
 68  78  77
 57  61  60
 83  84  79
147 144 137
145 142 135
122 121 117
 16  16  16
 16  17  19
 92  92  94
152 151 147
132 125 117
133 123 113
127 120 102
130 124 110
109 105  96
 82  82  74
 59  62  53
 12  15   6
 11  14   7
 10  11   6
 96  98  95
 88  97  94
 49  68  64
 60  83  75
 65  85  76
104 111 103
116 109 103
135 117 115
158 143 138
121 110 106
130 123 117
135 128 120
146 136 126
123 107  92
 54  35  18
101  82  65
102  85  69
104  91  75
 63  57  41
 71  72  56
110 112  98
 56  58  45
166 166 156
 66  63  54
  4   0   0
109 100  91
154 140 127
223 205 193
203 185 171
187 170 152
 83  65  43
145 127 103
176 158 136
172 150 129
114  86  64
107  75  52
103  75  54
160 141 126
163 149 138
142 132 122
105 101  90
 90  86  75
 69  65  54
 46  44  32
 36  34  22
 40  36  25
162 155 149
150 145 141
  0   1   0
110 115 109
178 179 171
170 162 149
133 112  95
150 117  98
167 129 110
164 121 104
116  93  77
 97  84  68
127 125 112
 78  84  72
 39  46  38
 24  31  24
 55  57  52
111 113 108
152 157 151
120 126 122
148 154 152
154 160 160
157 161 160
170 172 171
104 106 105
  1   2   4
 25  25  25
 49  49  49
 19  19  19
 67  67  65
 47  48  42
149 149 139
220 220 208
194 194 182
204 204 192
192 192 182
163 163 153
  8   8   0
  0   1   0
 55  57  52
 76  76  68
 59  55  44
161 157 145
155 155 145
120 122 117
 97 102  98
 42  44  41
 61  61  53
 89  85  76
 58  55  46
 32  31  26
 53  52  47
 11  10   5
 17  13  10
  9   7   8
106 106 108
138 136 137
134 130 127
142 144 131
110 111  97
 63  59  47
 84  80  69
 77  74  67
 36  32  29
 11  10   8
  1   0   0
  0   2   0
  9  14  10
 19  21  18
 16  18  17
 10  10  12
 13  12  17
 12  10  15
 14  12  15
 38  43  39
 69  69  69
135 133 134
131 130 128
170 170 168
185 184 180
204 201 196
162 157 153
143 140 135
152 151 147
128 127 125
131 130 128
141 140 136
139 139 131
142 140 128
200 196 184
234 232 220
 72  69  60
 14  14   6
 20  21  16
 15  17  14
 18  19  21
 18  17  22
 21  21  23
 19  17  18
 23  22  20
 16  14  15
 18  16  17
  6   4   5
  5   7   4
  3   5   2
 16  18  15
 15  20  13
  9  11   8
 20  20  20
  7   6   2
 20  20  10
189 187 174
204 203 185
227 224 207
216 210 194
237 231 219
202 195 187
183 178 172
136 132 123
139 132 122
123 115 104
134 125 116
173 170 155
205 202 187
212 208 196
231 229 214
218 212 196
194 183 163
179 163 140
185 167 143
174 159 140
 65  56  41
 50  41  24
132 120  96
224 207 177
109  96  64
 47  40  14
140 134 112
 73  65  44
107  95  71
169 159 134
148 142 120
134 133 112
140 137 118
122 116 102
171 164 154
240 233 225
213 208 202
143 139 130
135 128 118
153 143 133
136 123 114
138 123 116
124 111 103
118 109 102
123 116 110
123 120 113
114 113 108
100 100  92
 45  45  37
128 128 118
136 138 125
134 136 123
116 116 104
 45  43  31
161 157 145
205 203 190
204 204 192
205 207 196
171 172 164
127 127 119
141 138 131
181 176 170
129 122 116
 51  44  36
 73  66  60
 94  87  81
 63  56  48
118 112 100
122 118 106
 58  55  46
136 137 129
179 180 174
158 157 152
105  96  89
 93  79  68
111  92  75
191 169 145
220 197 166
197 172 141
153 129  91
175 153 116
200 180 145
166 152 117
147 134 100
164 154 119
200 189 157
211 198 164
142 129  95
149 136 104
153 139 112
151 139 117
154 146 127
173 168 149
131 128 113
109 107  92
210 212 198
211 212 198
161 162 148
159 160 146
166 166 154
229 229 217
197 195 182
225 220 201
244 234 209
164 149 120
130 106  78
124  98  75
133 107  90
145 125 114
106  92  83
 52  42  33
 49  48  43
 48  47  43
 30  32  29
 10  16  14
 77  86  83
139 145 145
126 130 131
140 140 142
137 136 134
124 123 121
122 124 119
107 117 109
 68  82  69
 20  34  17
 29  40  23
 33  40  24
 71  74  57
132 135 118
122 124 110
 59  66  50
 93 104  90
 98 111 101
101 116 111
 92 104 100
 55  62  55
 91  93  82
 57  51  35
 71  60  42
130 118  96
159 149 124
168 161 135
120 113  87
127 123  96
105 100  70
153 147 113
139 133 101
149 143 121
188 178 166
163 150 141
144 131 115
158 146 122
239 229 202
242 235 209
191 185 163
139 134 115
131 128 113
147 145 132
144 144 134
119 122 111
111 111 101
130 126 117
127 120 110
 84  75  66
101  90  84
 24  11   5
 65  51  42
 64  51  35
 81  68  51
 93  81  65
 71  62  47
114 104  94
221 214 204
197 194 187
207 208 203
215 217 214
177 178 173
164 164 156
143 141 128
161 158 139
215 208 189
214 208 186
168 163 141
135 134 113
154 158 141
199 211 199
153 173 162
 47  69  57
103 121 105
166 175 158
139 140 124
150 137 120
129 114  95
146 129 109
168 152 127
142 128 102
155 141 114
150 136 107
134 121  89
158 147 115
175 166 135
203 196 167
213 207 183
164 156 137
174 166 153
168 160 149
175 168 158
149 146 131
126 123 106
151 146 126
204 200 175
212 208 181
179 178 150
133 132 104
137 135 110
211 209 186
225 222 205
222 220 208
169 168 163
 83  82  77
113 114 109
 99 101 100
109 113 114
150 158 160
106 114 116
 48  57  56
  9  18  17
 12  21  20
 15  19  20
  6   6   6
 63  62  58
189 186 177
151 145 133
197 189 176
224 214 202
196 190 176
203 199 187
210 208 196
177 173 164
141 142 134
120 121 116
161 161 161
102 103 105
125 126 128
131 132 134
129 131 130
 67  67  65
123 124 119
123 122 118
120 116 113
126 122 119
126 125 120
124 125 117
141 142 134
125 126 120
143 148 142
134 139 135
117 117 117
127 125 126
127 126 124
118 116 117
113 117 118
111 121 122
 95 111 111
 82 102 101
 70  90  89
 84 100  97
114 125 119
105 108  99
 53  53  43
141 139 127
142 137 133
121 113 111
135 126 127
129 125 124
 91  90  88
 36  35  33
 47  46  42
 90  89  84
131 130 125
134 135 129
135 136 131
126 125 121
137 133 130
117 114 109
128 123 117
137 132 126
131 128 119
140 139 134
 31  30  28
 41  40  36
127 126 121
115 116 108
 74  77  68
 83  93  84
116 128 118
 95 107  97
 97 105  94
 41  44  35
 80  77  68
109 102  94
 76  67  60
 76  65  59
 31  32  27
 13  13  15
 42  41  47
 29  30  35
  0   4   7
  1   5   4
 10  15  11
 11  13  10
 38  38  38
 73  73  75
 68  68  70
104 103 101
137 134 127
139 136 121
211 206 187
199 192 173
200 197 180
 89  89  77
 34  39  32
 44  50  46
 90  96  94
 64  66  63
 62  59  54
106 102  93
146 142 133
142 139 132
 29  28  26
 10  10  10
110 110 110
152 151 147
146 142 133
128 121 111
139 134 115
120 114 100
106  99  89
122 118 109
 93  90  81
 37  37  25
 64  64  54
 54  53  48
 13  13  11
 26  32  32
 53  68  65
 65  86  81
 60  79  73
 95 106 100
152 147 144
138 120 120
136 122 119
143 132 128
139 130 123
152 139 130
123 106  90
114  89  69
100  72  50
101  71  47
149 121  99
 91  69  48
 76  61  42
 31  24   6
 52  49  34
106 102  91
139 132 122
109 101  90
 80  71  62
142 132 120
 63  50  34
104  87  71
126 105  86
143 118  96
100  74  51
139 119  95
143 126 106
125 106  89
129 106  88
124  97  80
142 120 106
144 130 121
115 106 101
 37  27  26
 25  24  20
 42  41  37
 45  41  38
 70  69  64
 62  62  54
 58  55  48
 87  82  76
 76  73  68
118 120 115
217 222 216
205 208 199
195 191 180
156 143 127
139 113  98
165 132 117
164 126 113
154 131 115
127 111  96
115 112  97
 84  87  76
 65  70  63
132 134 129
133 133 131
110 112 109
 67  69  66
 49  54  50
110 114 113
149 153 154
128 132 131
173 175 172
131 133 130
 43  45  44
 36  34  35
  9   7   8
 18  18  18
  0   0   0
134 133 129
160 157 148
220 218 205
217 215 202
186 187 173
166 167 153
176 177 163
153 153 143
122 125 118
 18  20  15
 43  42  37
124 120 111
124 120 108
174 172 160
125 126 118
141 144 137
 21  22  16
 74  71  62
 52  48  37
111 111 103
 87  89  84
 78  80  75
114 113 108
 74  70  67
 51  47  46
 94  92  93
131 130 128
140 137 132
135 136 120
131 128 111
123 118  99
 74  68  54
 84  80  71
 42  38  35
 10   9   7
 39  39  37
 79  79  77
 34  36  31
  5   7   2
 13  14   9
 13  13  11
 15  14  12
 21  20  18
 17  16  14
121 121 111
146 143 134
130 127 120
133 130 125
147 143 140
122 118 115
117 112 108
152 147 143
153 150 145
130 129 125
122 121 117
134 133 131
133 132 128
157 157 149
195 195 185
173 171 159
133 133 123
 22  22  14
 21  22  17
 15  15  13
 34  36  35
 19  20  22
 14  15  17
 20  20  22
  9   8   6
  4   3   1
 18  17  15
 12  10  11
  9   7   8
 56  56  54
 78  80  77
 21  23  20
  6   8   3
 10  10   8
 20  18  19
 15  11   8
154 151 142
249 246 231
200 197 180
142 137 118
107 102  83
146 140 126
185 178 168
235 228 220
215 208 198
208 202 190
183 175 164
199 191 180
220 216 204
204 200 188
197 195 182
125 123 110
190 179 157
190 173 147
201 176 145
198 173 142
183 163 139
113  97  84
 92  80  68
 67  56  36
118 109  78
187 182 144
129 123  87
 55  44  14
112  95  67
119  95  67
197 176 149
171 154 128
138 136 113
141 136 117
139 129 119
155 141 138
175 164 162
161 153 150
144 137 131
127 118 111
178 168 159
199 189 180
159 149 139
142 133 124
144 137 129
144 139 133
152 149 144
111 110 105
 91  92  84
101 102  96
 86  89  82
105 110 103
 81  88  80
110 115 108
102 103  97
208 205 198
186 183 174
107 104  97
 81  80  75
118 117 113
135 132 127
136 131 125
138 130 127
124 114 113
115 108 102
 23  18  12
 11   8   1
 50  47  38
130 126 114
154 148 134
124 120 108
 97  97  85
187 189 176
124 121 112
 83  72  66
 44  27  20
 92  72  61
184 163 144
204 183 156
225 201 173
174 150 114
154 131  97
175 155 122
123 109  74
118 108  72
192 184 148
238 229 196
170 161 130
147 138 107
131 124  95
149 141 120
169 162 146
158 152 138
122 118 106
189 187 174
249 247 234
238 239 221
201 202 186
146 144 131
167 168 154
191 192 178
179 180 166
184 182 169
196 193 174
191 186 157
192 182 147
175 160 127
180 163 135
214 197 177
236 224 208
198 192 180
 42  38  29
 40  40  38
 15  15  15
  7   8  12
 17  21  22
121 125 126
120 124 125
125 126 128
132 132 130
123 124 118
134 135 127
138 139 131
126 129 120
119 127 114
 94 102  87
 54  58  44
 52  52  42
 58  59  43
119 116 101
130 124 108
108 107  89
114 116 102
120 126 114
136 143 136
146 148 145
 85  84  80
 36  29  21
 57  43  30
131 113  93
175 158 132
158 144 115
152 143 114
138 133 103
136 132 103
127 124  93
150 145 113
129 124  94
134 128 104
134 127 111
144 132 120
144 132 116
142 131 111
215 204 182
216 208 187
177 168 151
155 148 130
140 134 118
135 131 119
151 147 138
136 138 125
133 131 119
104 100  89
133 126 116
168 159 150
100  87  79
 91  74  67
 89  71  61
123 107  92
105  92  75
 62  50  34
 56  44  32
 97  87  77
196 189 179
205 202 197
198 198 196
114 116 111
156 155 151
163 160 153
132 128 116
212 210 189
240 235 213
167 162 142
193 192 172
166 169 152
121 132 118
126 142 132
 58  78  69
 69  89  78
191 205 192
213 215 201
147 141 127
164 147 129
168 151 133
149 131 111
151 133 109
147 131 105
138 123  94
145 130  99
152 137 106
171 158 124
200 191 158
205 196 165
239 229 204
246 235 217
232 223 208
237 229 218
226 217 208
181 173 160
166 159 143
207 202 182
236 232 207
213 207 181
224 219 190
190 186 159
175 174 146
201 199 176
220 215 196
219 213 201
208 204 195
 92  92  84
 27  28  22
  0   1   0
 40  42  41
 58  66  68
 57  67  68
 18  30  30
 11  23  21
  9  21  17
  8  17  14
  2   4   3
 55  54  50
151 149 137
144 141 126
213 205 192
222 212 200
194 187 171
211 205 189
170 164 152
210 203 193
192 192 184
127 128 123
120 122 121
142 143 145
138 139 141
127 127 127
116 116 114
123 124 118
127 127 119
129 125 116
146 139 131
155 150 144
147 147 137
125 131 119
129 137 126
126 133 125
130 138 127
115 120 114
132 134 129
142 143 138
113 114 109
 87  92  88
 59  68  67
 42  56  57
 50  70  71
 63  87  87
 54  76  74
 34  50  47
 64  75  67
 72  75  64
 57  57  45
103 101  88
126 121 115
149 144 140
111 103 101
 51  45  45
 38  37  33
 85  84  80
136 135 130
144 141 136
126 125 120
131 130 125
123 122 118
128 124 121
124 119 116
116 111 107
135 130 124
112 108  99
134 134 126
132 131 126
 28  27  23
 76  73  66
141 135 123
104  99  80
 34  31  12
 40  42  21
102 110  89
117 128 111
127 135 120
 84  87  76
143 140 131
104  97  89
 43  34  27
 51  40  34
 81  80  78
 66  64  67
133 132 138
110 111 116
 80  84  85
 41  45  44
  0   1   0
 52  53  48
 56  57  52
 27  27  27
 70  70  72
109 107 108
104 103  98
178 174 163
181 175 159
 93  86  68
138 131 113
122 119 104
112 112 102
 96  97  91
156 157 151
119 116 109
 64  60  51
159 151 140
166 158 147
160 153 143
 82  79  74
 14  13  11
128 127 125
141 140 135
137 134 125
139 136 127
103 100  85
135 129 117
220 210 201
 92  82  72
 51  41  29
118 109  94
 93  86  70
141 137 126
 95  94  89
 26  28  25
 17  26  25
 58  70  68
 95 110 105
 80  91  85
132 128 125
147 133 133
139 130 123
142 133 128
147 136 130
136 119 109
125 102  86
109  81  60
 91  61  37
 99  64  42
138 106  83
160 132 108
115  95  71
105  89  73
 20   8   0
 93  81  69
148 134 123
160 144 131
139 123 107
157 144 127
153 142 122
126 111  88
174 150 126
108  76  53
110  78  57
141 119  98
148 132 116
127 115  99
130 114 101
131 114 104
119 105  96
 87  78  71
 59  54  50
 55  51  50
 26  28  27
 23  23  23
 27  27  27
 27  27  25
 15  16  11
 52  51  46
 20  17  12
128 125 120
163 164 158
172 175 168
133 136 129
123 123 115
155 148 138
153 139 130
150 127 119
156 129 120
147 125 111
150 134 121
149 141 130
115 115 105
 24  25  19
 91  91  89
107 107 107
 34  36  35
  7   9   6
  0   4   0
 17  21  20
 45  49  50
 11  15  14
 74  76  73
162 164 161
 71  73  70
  4   5   0
 23  23  23
 15  15  15
 26  24  25
108 104 101
171 166 160
222 220 208
202 203 189
141 142 126
171 174 155
191 194 177
212 214 201
137 140 133
 13  15  10
 20  21  15
 53  53  45
146 144 132
175 173 161
254 252 240
 80  78  66
 40  36  24
 81  77  65
 16  12   1
 14  15   9
 58  63  59
 74  78  77
124 124 122
116 112 111
 37  33  32
 28  27  25
 46  45  41
142 139 132
151 148 129
174 169 149
167 162 142
199 193 177
175 171 162
 39  38  34
  5   5   3
 97  97  95
157 158 153
117 116 111
 65  65  57
 63  63  55
 78  75  66
 53  50  41
  3   0   0
 38  35  28
169 164 144
151 146 127
128 124 112
137 133 124
147 142 139
100  91  92
 70  62  60
150 145 141
153 150 145
127 126 121
123 122 118
137 136 132
123 124 119
190 191 185
199 198 193
 85  82  77
  1   2   0
 18  18  16
 14  16  15
 15  16  18
 20  21  23
 14  15  17
 18  18  20
  3   3   3
 40  39  37
 92  91  89
 15  14  12
 41  39  40
 63  63  61
138 138 136
140 141 136
 87  88  83
 14  14  12
 16  14  15
  1   0   0
 78  74  71
188 184 173
197 191 175
246 241 222
182 177 157
115 108  89
 89  82  64
 58  51  35
 88  80  67
157 149 136
184 176 163
234 226 213
248 240 227
226 222 210
144 140 128
 95  91  79
109 105  93
223 207 181
174 151 119
118  88  50
148 118  80
152 126 101
126 108  96
126 113 105
151 144 128
173 169 140
213 211 172
163 159 122
 87  72  41
200 176 148
208 178 152
136 109  82
130 106  82
140 136 111
138 129 112
143 128 121
139 125 124
172 160 160
140 132 129
143 136 130
130 123 117
168 159 152
198 189 180
154 145 136
135 128 120
150 147 140
105 104  99
 53  52  47
 52  51  46
125 126 118
107 108 102
 76  81  75
 38  44  40
 58  68  60
 59  65  61
  5   7   4
 79  78  74
 61  58  53
  8   5   0
 23  19  18
 60  56  55
 66  62  59
110 105 101
136 128 125
167 157 158
110 105 101
 12   9   4
 50  49  44
 89  89  79
138 134 122
148 142 128
 96  93  76
 61  62  44
103 104  88
127 123 111
113 100  92
113  94  87
157 137 126
194 175 158
198 180 156
204 184 157
211 188 154
169 149 116
130 111  78
 97  83  46
114 104  68
132 124  88
125 119  85
116 109  80
114 109  80
137 132 110
146 143 126
141 137 125
117 115 103
168 166 154
182 180 167
191 187 175
207 206 188
209 206 191
212 209 194
156 154 139
177 175 160
215 211 199
219 216 201
220 215 195
251 247 218
228 222 186
220 210 175
236 222 195
255 244 222
243 236 218
135 131 120
 38  37  32
103 103 103
 22  23  27
 65  66  70
 90  91  95
144 145 147
141 141 141
117 117 117
115 114 110
138 138 128
144 144 132
132 132 120
130 132 121
130 132 121
127 127 117
131 131 123
144 141 136
132 130 118
114 108  96
162 154 141
177 171 155
114 112  97
120 120 108
 86  86  78
 77  74  69
 77  70  64
131 118 110
155 136 122
162 140 117
156 135 106
137 122  89
124 115  82
132 125  96
116 115  84
126 123  92
125 122  91
131 126  97
117 111  87
140 133 115
148 139 124
139 127 113
137 125 109
156 147 130
143 134 119
174 165 150
221 212 197
214 206 193
193 187 175
175 168 158
185 183 170
143 139 128
151 144 134
162 155 145
148 141 131
 93  83  73
 88  74  65
 97  80  70
 78  65  49
101  92  75
144 135 120
100  90  78
158 150 137
189 185 173
175 175 165
167 166 161
147 147 137
150 147 138
166 162 150
186 183 166
245 243 222
209 208 187
121 120 102
128 128 116
 85  88  79
102 112 104
 58  73  66
 73  90  80
 99 111  99
132 136 122
135 129 115
140 128 114
157 140 120
165 148 128
157 142 119
150 136 110
144 128 102
149 133 107
145 130 101
143 130  98
154 141 109
195 184 152
185 174 146
217 205 183
185 174 156
184 172 156
170 160 148
177 169 158
169 159 147
157 150 134
167 162 143
221 216 194
219 213 189
203 197 171
204 200 173
207 203 176
211 207 182
216 209 190
194 186 173
230 223 213
172 169 160
117 118 112
 94  96  93
 12  13  15
 13  23  24
 53  64  66
 59  75  75
 40  56  53
  7  22  17
 11  22  18
  3   7   6
 34  35  30
150 148 136
181 178 161
220 215 196
234 227 209
223 216 197
207 201 179
186 179 160
148 142 126
131 128 119
131 130 125
136 138 135
129 131 130
139 139 137
136 137 132
148 147 142
123 123 111
121 118 101
133 126 107
131 123 104
123 117 101
154 154 142
148 156 145
131 143 133
103 115 105
 86  95  78
 95 102  86
110 114 100
 81  87  75
 58  68  59
 53  68  61
 31  50  48
 37  59  57
 48  70  67
 63  84  79
 89 104  97
 84  95  87
149 156 148
 74  77  68
102 102  92
136 132 121
142 139 132
100  95  91
 41  36  32
106 101  98
143 139 136
145 144 139
141 140 135
135 132 125
125 122 115
125 122 115
133 128 122
126 118 115
120 112 109
133 125 122
155 150 144
147 142 136
103 100  91
 62  59  52
 64  61  54
144 138 126
143 132 112
134 119  90
126 110  76
130 116  81
103  96  67
134 132 109
 91  94  77
 66  69  58
 78  79  71
 10   7   2
 15  10   6
 14   7   1
 57  56  54
130 128 131
 95  93  98
119 118 123
141 142 144
115 117 114
 75  76  71
 87  86  81
 28  27  22
 57  57  55
 13  13  15
 92  92  94
 49  48  44
 48  45  36
 77  71  59
121 113 102
196 187 170
190 182 169
113 106  96
109 102  92
126 120 108
134 128 116
 91  83  72
194 185 170
167 155 141
159 151 138
 86  82  73
 35  32  27
145 144 139
139 136 129
133 130 121
121 116 110
142 135 125
178 168 158
 98  82  69
100  81  66
214 193 174
209 191 169
129 113  90
 99  88  70
111 103  90
 37  32  26
 42  42  40
 99 105 103
 98 107 102
130 137 130
157 153 150
137 125 125
135 131 120
131 124 116
158 145 137
133 115 105
135 113  99
 87  64  46
 58  32  15
 95  68  49
104  76  54
135 109  86
170 148 127
144 127 111
 63  47  34
102  86  73
173 155 141
116  94  80
139 121  99
157 145 121
188 178 153
157 143 116
143 119  93
143 107  85
147 110  91
150 124 109
167 155 141
134 130 118
146 142 130
135 129 117
 65  61  49
 45  43  31
 70  70  62
 79  78  73
 61  63  58
 67  69  64
 26  28  23
 14  16  11
 18  19  14
 10   7   2
 22  17  13
112 107 101
106 106  98
103 104  96
 64  65  59
 18  17  13
110 106 103
 99  94  90
116 105  99
144 129 122
148 130 116
175 158 148
170 160 151
109 104  98
 16  15  10
  8   8   8
  5   5   7
 11  12  14
 15  19  18
 18  23  19
 18  23  19
 18  20  19
 23  25  24
  3   5   2
 37  42  38
 16  18  15
  5   6   0
 78  78  76
 37  37  37
  9   8   6
 22  18  15
177 172 168
167 164 157
104 104  92
151 152 136
182 185 164
178 181 162
179 183 168
 11  14   3
 44  47  40
 87  90  83
 25  28  21
121 123 112
172 172 162
116 114 101
 84  79  60
191 185 163
179 172 153
 49  45  34
  8   9   4
 20  26  24
  2   8   6
 28  30  29
 85  83  84
 15  11  12
 23  19  18
 18  13   9
 80  75  69
191 186 167
219 214 195
185 178 160
168 160 147
120 116 107
109 108 104
 32  34  31
128 130 127
132 131 127
132 129 122
113 109  98
 63  59  47
116 110  96
151 145 129
 90  85  66
122 115  97
149 142 113
164 157 131
130 123 105
128 121 111
130 122 119
137 128 129
144 135 136
130 125 121
161 158 153
135 134 129
143 142 138
152 153 148
112 113 108
111 112 106
 44  45  40
 26  25  23
 81  81  79
 10  12  11
 14  18  21
 14  19  22
 11  15  16
 19  21  20
 11  11  11
  8   8   6
 63  63  61
118 118 116
 17  17  15
104 104 102
132 134 131
123 125 122
122 124 119
129 128 123
 93  89  86
 89  85  84
 63  59  58
197 192 188
118 111 101
118 111  95
255 249 230
235 227 208
200 194 172
198 192 170
174 167 148
108 101  82
 90  83  65
189 182 164
224 217 199
205 198 180
104 101  86
 75  69  57
135 128 118
149 145 136
227 210 182
174 150 116
149 117  78
141 107  69
145 118  91
145 127 115
140 129 125
100  94  82
129 127 102
150 150 116
190 185 153
189 175 148
180 160 135
119  97  73
 59  37  14
137 119  99
169 167 144
142 136 120
138 129 120
136 127 122
186 178 175
168 163 159
132 127 123
133 128 122
131 127 118
129 125 114
131 124 114
141 137 128
136 136 128
 83  84  76
 97  98  90
106 105 100
102 102  94
 41  42  36
 14  16  11
 32  39  32
 62  72  64
 63  70  63
 68  69  64
 13  12   8
  3   0   0
 33  29  26
107 103 100
 62  57  54
 74  69  66
 72  67  63
150 142 140
 91  81  82
 31  27  26
 30  26  23
167 166 161
124 124 114
 98  96  83
103 100  83
 92  89  72
 86  85  67
 98  96  81
107 101  87
140 127 118
151 134 124
179 161 147
203 186 166
191 173 149
194 177 149
192 171 140
137 118  85
145 129  93
111  99  61
139 131  94
162 156 120
188 183 151
186 181 152
173 169 144
179 176 159
140 136 124
 94  92  80
148 148 136
197 195 182
156 152 140
203 197 185
238 232 216
237 231 215
241 238 221
187 184 167
193 187 171
249 241 228
233 226 210
201 196 174
236 233 202
183 178 146
174 163 135
200 188 164
185 174 154
113 107  93
 14  11   4
 49  48  46
156 156 156
 94  95  97
 38  39  41
 39  39  39
 42  42  40
 53  52  48
 33  30  25
 39  34  28
 66  59  49
137 133 121
133 131 118
120 120 108
126 123 116
148 143 139
138 133 130
142 138 135
131 128 119
145 141 130
169 163 151
 80  74  60
 66  63  48
 83  79  67
 72  65  55
130 121 114
156 146 137
151 135 122
156 133 115
148 122  97
139 119  86
134 120  83
142 134  98
129 123  91
109 106  73
137 134 103
141 136 106
148 142 116
145 139 117
134 127 109
 96  86  74
120 111  96
184 177 161
189 181 168
171 163 152
 79  69  59
118 110  97
174 166 153
200 194 180
217 211 199
207 204 189
189 185 173
215 208 198
194 190 179
206 202 191
179 173 161
156 148 137
194 184 172
146 139 123
114 108  92
158 152 136
201 195 179
196 193 176
217 218 202
152 154 140
100 100  88
178 176 161
185 182 165
211 209 188
214 212 189
233 231 208
134 136 115
116 118 105
 38  39  33
 33  35  34
 99 105 103
130 141 135
108 118 107
119 123 108
131 128 111
142 130 114
153 136 120
136 121  98
134 122  98
139 129 102
143 133 106
146 134 108
136 124  98
148 134 108
145 134 106
156 145 117
222 210 184
169 158 136
108  97  77
149 138 120
139 131 112
143 136 120
135 127 116
139 131 120
147 141 127
159 156 139
194 192 171
185 180 158
212 206 182
223 217 191
206 202 175
183 178 156
184 177 159
128 120 107
 96  90  78
119 116 107
149 150 144
160 162 159
 82  86  87
 53  63  64
 43  55  55
 16  32  31
 48  64  63
 34  49  46
 13  23  22
 15  21  19
 34  37  30
158 158 146
182 181 163
210 208 187
237 233 208
224 220 191
225 221 192
215 211 184
186 184 161
126 127 113
135 135 125
145 146 140
142 142 140
132 133 128
137 137 129
188 188 176
111 110  92
 97  93  68
143 137 103
132 126  90
128 124  95
127 130 113
104 111 104
 99 110 104
 86  97  89
 50  58  35
 37  43  17
 76  85  58
 47  61  36
 57  78  63
 54  81  74
 62  91  87
 58  85  76
 69  89  77
106 118 104
148 154 140
109 111  98
105 105  95
145 145 137
155 152 147
109 104 101
 47  44  37
 67  62  56
137 132 126
124 119 115
104  99  95
118 115 110
122 119 112
145 143 131
135 133 121
130 126 115
139 132 122
135 126 117
135 128 120
122 115 107
 96  91  85
 42  37  33
 40  36  25
114 111 102
 81  78  71
117 111  97
136 122  95
171 149 108
193 165 117
162 131  85
 84  58  21
141 124  98
112 103  88
116 113 104
  4   4   2
 17  17  15
 17  16  12
 20  17  12
 99  95  92
152 148 149
129 127 130
114 114 116
132 134 133
106 108 103
 93  94  88
 92  92  84
119 116 109
 85  84  80
 23  23  21
 96  96  96
103 102  98
 67  63  54
  8   1   0
 51  44  36
124 112 100
116 104  92
 77  67  55
 88  81  65
 77  70  54
 54  45  30
119 107  91
168 155 138
146 135 117
151 142 127
 85  78  68
 94  89  83
133 130 121
132 128 117
143 134 125
108  98  89
135 122 114
 87  70  60
 84  61  45
176 149 128
202 174 150
156 129 102
174 153 124
143 125 101
 61  48  31
 27  17   8
 22  17  13
 34  35  30
 57  62  56
131 133 128
137 134 129
123 113 111
120 118 105
151 144 134
145 132 124
155 141 132
180 166 157
131 119 107
 68  54  43
 91  75  62
147 130 114
126 109  91
143 126 110
155 139 126
105  91  80
 68  54  41
145 127 113
157 136 119
134 118  95
126 114  90
155 148 120
148 136 110
142 120  96
147 115  94
144 111  94
151 128 114
135 125 113
152 150 138
149 147 134
 85  82  65
 58  55  38
 52  49  32
 79  76  59
 85  82  65
 92  90  77
 88  86  74
102 102  90
 78  78  68
 18  15   6
 64  57  49
 72  63  56
123 116 108
122 119 110
 88  88  80
 44  41  36
 38  34  33
  2   1   0
  4   4   2
 39  36  31
 73  64  59
 60  44  31
 58  41  33
 79  66  60
 55  47  44
 27  26  22
 18  18  18
 13  14  16
 13  14  16
  4   8   7
  6  12   8
  5  11   7
  9  14  10
 18  20  17
 11  13  10
 28  30  27
 30  35  31
  6   7   1
113 114 109
119 119 117
  9   9   7
 19  18  14
136 132 129
172 169 164
175 172 163
182 180 167
137 138 120
175 178 161
198 200 186
110 112  99
130 132 121
123 124 116
  0   1   0
 16  17   9
 24  24  16
  7   5   0
 84  79  60
241 235 209
204 196 173
 46  40  26
 13  12   7
 20  25  21
 16  22  18
  8  13   9
 73  73  73
 43  41  44
 13   9   8
  9   1   0
 94  85  80
195 192 177
186 180 164
152 145 129
170 162 151
174 169 163
147 146 142
120 120 118
 74  74  72
 35  34  29
 34  27  19
 90  82  69
140 131 114
188 180 161
195 187 164
223 211 185
220 206 177
203 190 156
179 168 140
151 140 120
127 117 105
139 130 125
124 114 113
126 118 116
196 191 188
182 179 174
119 118 113
110 111 106
 33  34  29
 19  20  14
 11  10   5
 12  13   8
141 142 137
 83  84  79
  8  10   9
 17  22  25
 15  23  25
  7  16  15
  7   9   8
 13  12  10
  0   0   0
 46  51  47
 45  50  46
  6   8   3
 90  91  86
126 131 127
110 115 111
 95  97  92
120 119 114
140 135 132
136 131 128
204 199 196
247 240 234
216 210 198
 70  63  45
237 229 208
235 227 204
233 225 202
218 210 187
229 221 198
232 226 202
224 218 196
225 219 197
203 196 178
150 143 125
 96  93  76
143 137 125
157 148 139
153 146 138
217 201 175
141 118  86
149 119  83
123  90  55
130 104  79
136 120 107
119 110 103
 98  96  84
 76  74  53
 79  75  48
132 125  97
119 109  84
129 121  98
109 103  81
116 111  91
 83  78  59
 80  83  62
118 121 104
146 147 133
132 132 122
172 173 165
167 168 162
125 124 119
144 141 134
140 138 126
143 141 129
145 141 132
144 141 132
150 147 138
151 151 141
136 136 128
128 127 123
 88  88  80
  5   4   0
 23  22  17
 15  16  11
 12  15   8
 25  26  20
 46  45  40
 64  59  56
 60  55  52
 87  82  78
 82  77  73
 29  24  18
109 104  98
122 114 111
 86  78  75
  8   0   0
  3   0   0
 77  74  69
154 151 146
113 109 100
 51  47  35
 35  32  17
 52  49  32
 94  93  75
122 119 104
173 165 154
176 164 152
123 107  94
160 143 127
188 171 151
170 154 128
194 177 149
141 122  90
141 125  89
132 117  78
149 137  95
144 135  96
187 179 143
164 157 128
128 122  96
191 184 165
154 148 134
132 128 117
154 152 140
157 155 142
168 166 151
131 125 109
137 130 114
244 237 218
235 230 210
242 237 217
206 199 180
221 212 195
238 226 210
231 223 204
193 187 161
201 196 167
190 183 155
182 170 146
218 205 186
168 159 144
 21  17   5
 39  36  31
145 141 140
160 161 155
116 117 111
 14  15   9
 10   9   4
 34  34  26
 59  56  47
 74  70  59
 68  62  48
 95  88  72
132 127 108
127 124 107
 53  49  37
 47  40  32
 52  45  39
 39  32  26
 47  42  36
 63  60  51
 65  63  51
 72  70  58
 95  91  79
116 110  96
208 200 189
166 156 146
146 136 126
154 140 127
132 113  96
145 121  97
129 102  72
139 116  82
150 136  99
170 162 126
153 147 115
137 134 101
138 133 103
142 136 110
155 149 127
167 160 142
145 137 124
144 136 125
195 187 176
 99  93  81
 86  80  68
184 175 166
 68  59  50
 72  64  53
144 138 124
147 141 127
176 170 156
144 141 126
147 143 131
148 144 133
191 189 177
189 187 175
197 195 183
184 180 168
179 175 163
152 148 136
158 155 140
178 175 160
208 207 189
205 206 188
220 221 203
196 197 179
175 176 158
195 193 172
218 216 193
230 228 203
206 204 179
220 219 198
194 192 177
128 128 118
 88  88  86
 80  81  83
 88  94  92
143 150 143
122 126 112
123 122 104
124 116  97
140 125 106
111  94  74
139 132 104
138 133 104
138 134 105
131 127  98
135 129 103
141 130 108
130 119  99
123 112  90
 80  72  49
138 130 109
141 134 116
 90  83  65
123 116  97
123 118  98
136 130 114
123 117 105
136 132 120
136 133 118
173 170 155
175 172 155
191 188 169
175 170 150
190 185 163
218 213 191
197 192 172
201 195 179
142 136 122
163 159 148
200 195 189
167 166 162
170 172 171
154 158 159
157 162 165
112 122 121
  8  20  18
 18  30  28
 30  40  39
 31  40  39
 37  41  40
124 126 121
147 147 137
127 125 110
119 118  98
148 148 122
175 176 145
217 218 186
167 167 139
166 168 144
130 133 116
137 139 126
124 125 119
129 130 125
133 134 129
142 143 135
198 199 185
127 124 105
191 186 157
166 161 121
164 160 115
171 171 135
134 139 119
 64  74  66
 24  33  30
 34  39  33
 47  52  22
136 142 108
169 179 144
106 125  97
 68  97  79
 52  87  80
 59  94  87
 48  74  61
 81  96  77
147 152 130
129 126 107
135 129 113
140 136 124
148 144 135
 97  93  90
  5   1   0
 42  39  32
153 148 142
148 143 137
139 134 128
115 110 104
144 137 129
124 117 107
112 108  96
105 102  87
129 123 107
125 118 102
143 134 119
111 103  90
 65  61  49
 65  61  52
 81  76  70
132 128 117
135 132 123
 65  62  55
117 109  96
132 118  91
138 113  72
176 143  92
157 117  68
133  93  57
169 137 112
197 178 164
108  99  92
 15  11  10
 24  23  21
 10   7   2
 32  29  20
200 196 185
175 172 167
 27  25  26
 77  75  76
 81  82  77
 76  75  70
 45  44  39
146 143 138
109 104 100
 33  28  24
 20  17  12
 14  11   4
 87  83  72
118 112 100
 99  90  81
 16   7   0
 21   9   0
119 107  95
120 108  94
154 145 128
155 148 129
130 122 103
150 137 120
117 102  83
168 156 134
131 120 102
118 110  97
142 135 125
154 147 137
120 110  98
131 117 104
 74  56  44
 27   7   0
 81  58  44
101  72  54
155 123 100
158 126 101
167 138 108
229 204 173
215 195 168
120 103  87
 22   9   0
 22  15   9
 16  15  10
 87  92  86
139 141 136
151 146 142
151 140 136
146 144 132
148 141 131
153 143 134
145 136 127
106 102  93
 89  86  79
 43  40  33
 76  72  63
146 138 127
157 147 135
108  98  86
113 103  91
108  98  86
 51  39  25
167 151 136
145 126 111
148 133 112
 71  60  38
 98  90  69
163 152 132
157 140 120
147 121 104
146 118 104
197 178 164
193 183 173
131 127 116
 78  72  56
 86  75  55
103  88  65
108  93  70
 83  67  44
 95  78  58
113 100  81
100  87  71
109  97  83
 90  78  66
 46  33  24
119 106  97
118 108  98
134 127 117
141 141 131
125 125 117
102  97  94
113 107 107
 65  63  64
 30  32  29
 70  71  66
 98  95  90
 82  72  62
124 111 103
137 124 118
143 133 131
147 143 142
 60  60  60
  2   4   3
 28  30  29
117 121 120
105 109 108
 22  27  23
 12  17  13
  9  13  12
  4   9   5
  4   6   3
 16  18  15
 25  26  21
125 126 121
 68  69  64
 23  24  19
 16  17  12
 40  39  35
130 127 122
178 175 168
 83  81  69
 74  74  62
 64  64  54
126 126 116
185 187 176
154 156 143
196 196 186
136 136 128
120 121 113
 55  55  47
 67  67  55
 63  60  43
146 142 117
230 224 198
107 100  81
  4   2   0
 15  16   8
 16  18  13
  2   4   1
 35  35  35
139 137 140
 42  36  40
 74  66  64
132 125 119
142 138 126
126 120 108
119 110 101
140 133 125
105 100  96
 79  75  72
 39  38  36
  6   2   0
 46  42  33
 82  74  61
146 135 117
160 145 122
218 202 177
212 197 168
199 183 150
203 183 150
223 207 174
230 215 186
183 171 149
138 126 112
140 130 121
133 126 120
162 157 153
121 117 114
 81  80  76
 60  61  55
 19  20  14
 16  17  11
111 112 104
 68  69  61
 36  37  31
 45  46  41
  5   7   2
 27  32  28
 10  19  18
  9  19  18
 53  62  61
 53  55  52
 71  72  67
 59  61  56
115 120 114
 76  83  76
 14  19  13
 41  46  40
 98 103  97
125 130 124
110 111 105
116 113 106
139 134 128
123 115 112
161 153 150
232 223 218
119 110 101
 65  56  39
237 226 204
246 236 211
242 231 209
229 218 196
195 184 162
232 225 199
243 237 211
207 201 179
105  98  80
137 130 114
151 145 129
 96  88  77
145 136 129
141 134 128
222 210 186
225 205 178
129 102  72
 98  71  42
 65  45  21
 81  69  55
 50  46  35
104 102  89
143 137 121
 95  87  66
 97  85  61
 99  92  64
 79  79  53
129 137 114
 75  87  67
 54  62  47
 85  91  77
 59  65  51
105 112  96
144 150 136
150 156 144
151 154 147
130 131 126
150 150 142
132 132 122
136 136 124
136 136 126
139 136 127
147 144 135
141 136 130
128 125 120
179 178 174
189 188 183
 15  12   5
 21  16  10
 20  15   9
 32  29  22
148 143 137
 56  49  43
 16   6   4
 78  68  66
106  98  95
 96  89  83
 86  79  71
112 105  97
 67  60  52
 10   1   0
 46  37  32
 70  66  55
124 120 109
130 123 115
152 145 135
134 128 116
 99  96  81
134 131 116
105 102  87
139 136 121
206 198 185
 81  69  55
115  99  84
166 149 131
162 146 123
186 171 142
135 120  89
133 117  83
142 127  88
147 134  90
146 133  89
131 119  79
150 139 107
182 172 147
169 161 142
117 110  94
169 163 151
209 202 192
144 140 128
156 153 138
131 126 107
172 164 145
158 147 127
197 190 162
237 231 205
234 228 204
243 235 212
232 221 201
229 218 198
228 220 197
196 190 164
203 199 172
176 168 145
153 142 124
172 163 148
100  94  82
 75  73  61
154 151 142
130 130 120
106 107  91
137 135 122
123 119 107
123 120 105
122 121 103
142 139 120
143 136 118
143 135 114
144 136 113
139 133 109
157 150 131
134 125 110
145 133 119
158 146 132
114 105  90
183 176 160
211 209 194
143 141 128
147 145 133
161 157 146
129 123 111
166 156 144
146 134 122
143 131 115
166 151 132
141 121  96
135 108  78
148 122  87
135 113  76
159 145 110
152 143 110
129 123  91
134 129  97
144 139 110
150 144 122
153 146 128
155 149 135
132 126 114
227 221 209
196 189 179
 84  80  69
118 114 105
 87  80  72
141 134 124
108 102  90
147 141 129
147 141 127
 90  84  72
 85  82  67
137 135 122
148 148 136
153 153 141
142 142 130
137 137 125
158 159 145
120 118 105
 92  88  77
 94  88  76
121 115 101
109 106  89
148 147 129
138 137 117
121 120 100
139 138 118
182 180 155
180 175 153
176 171 149
195 193 172
211 208 189
201 198 183
166 163 154
101 100  95
154 156 153
205 210 204
199 202 191
161 159 144
171 164 145
201 190 168
167 155 131
186 174 150
169 165 136
144 140 111
141 137 110
161 157 132
173 166 147
182 173 156
139 130 113
146 139 121
143 138 119
187 184 167
206 203 188
175 172 157
185 182 165
192 191 171
207 206 188
172 170 157
178 176 163
170 168 155
178 175 160
158 155 140
173 170 153
193 192 174
159 156 139
169 166 151
205 202 187
214 211 196
232 228 216
200 196 185
189 184 178
175 171 168
165 164 162
134 134 134
144 146 145
135 139 138
112 118 118
 90  99  96
 37  43  41
  5   9   8
 35  37  36
131 131 129
125 126 118
140 142 129
109 111  97
 56  59  40
129 133 110
136 142 116
120 125 102
130 138 115
113 120 104
128 131 120
 96  99  92
140 142 141
157 162 158
138 141 134
125 125 113
114 111  94
189 185 158
206 202 164
187 186 142
153 157 120
106 116  92
 44  54  45
  9  14   7
 24  26  15
 92  96  61
155 161 125
 66  77  43
 16  39  13
 58  89  73
 56  89  80
 68  98  88
 77  98  81
125 134 113
158 157 136
146 141 121
144 139 120
138 132 118
 70  66  57
 22  21  16
100 101  96
146 143 134
138 134 125
146 142 133
134 130 121
159 155 146
162 155 145
137 129 118
153 147 131
147 144 125
159 154 134
104  98  76
 70  62  41
126 119 101
115 112  95
 88  84  72
131 124 114
123 123 111
136 136 128
 65  62  55
 79  72  62
145 132 113
155 135 102
227 195 156
194 155 116
145 104  72
179 144 122
125 101  89
 38  23  18
 19   5   4
 21   8   2
 33  20  11
107  98  83
216 210 194
124 120 111
 61  57  54
110 109 107
 72  71  66
 22  19  12
122 119 114
 76  71  68
116 111 108
 75  68  62
 80  71  62
103  93  81
 88  81  63
 72  63  46
107  95  81
137 123 112
 99  87  73
143 131 117
111 102  85
130 123 105
160 153 134
154 146 127
127 114  95
141 126 105
152 137 114
137 125 103
 97  85  69
146 136 124
134 124 112
120 108  92
112  95  77
120  97  79
110  84  67
113  84  66
148 117  97
192 161 141
111  81  57
177 150 121
224 199 169
238 218 193
 90  74  58
 24  11   3
 31  24  18
 50  49  44
107 112 106
154 159 153
141 136 132
158 144 141
168 165 158
155 153 141
148 144 132
123 121 108
 82  82  72
 75  78  71
 45  48  41
136 136 128
174 167 159
123 114 105
 66  60  48
 88  82  70
122 116 104
 90  80  68
118 104  91
137 121 106
163 151 129
147 136 118
 76  67  52
136 126 114
161 149 137
151 135 122
154 138 125
219 207 195
168 159 150
 95  87  76
138 125 109
149 128 107
154 130 104
150 124  99
149 121  99
113  85  64
 92  65  46
106  83  67
 69  47  36
123 103  94
147 127 118
100  83  73
109  99  89
166 164 152
134 135 127
138 139 134
119 115 114
114 110 111
106 106 106
 98 102 101
111 116 112
128 133 127
116 113 106
120 115 109
166 157 152
216 206 204
199 194 191
160 160 158
108 113 109
129 134 130
160 162 161
143 145 144
142 144 143
 60  64  63
 17  21  20
 66  71  67
 88  90  85
 59  61  56
 23  24  19
102 103  98
168 169 163
115 118 111
  9  12   5
  3   4   0
 31  30  25
 72  71  66
 23  22  17
 62  63  58
  6   5   3
  1   0   0
 28  28  20
 52  52  40
130 128 116
208 204 193
211 211 201
150 150 140
100 100  88
 44  45  31
 52  51  33
172 170 147
228 222 198
131 126 106
 58  56  43
  6   7   0
 14  15  10
 16  16  16
148 143 147
130 124 128
133 128 125
147 142 136
150 146 134
134 130 119
144 139 133
111 108 101
 30  29  24
 11   7   4
 39  34  30
127 120 112
212 204 191
185 174 154
198 182 159
185 165 138
219 198 167
227 204 170
223 200 166
217 194 162
223 204 174
182 165 139
166 151 130
161 149 133
163 155 142
170 163 155
101  98  93
 33  32  28
 12  13   8
 38  39  34
136 139 132
176 179 170
156 159 148
 59  62  53
 69  72  65
 74  76  71
 45  50  44
 34  41  34
 18  29  23
 29  40  36
 95 101  99
120 122 119
102 104  99
103 105 100
 98 103  97
 86  93  86
 64  71  64
 67  74  67
 90  95  89
126 128 123
126 126 118
130 126 117
129 125 116
139 132 126
140 131 126
 79  68  64
 11   1   0
 50  38  22
232 222 197
243 231 207
237 224 205
243 230 211
205 193 171
156 146 119
226 219 193
118 112  90
102  95  77
101  93  80
152 146 132
 88  80  69
132 123 116
133 124 117
180 172 151
160 146 120
 95  75  48
124 104  79
133 118  95
165 158 139
120 117 102
144 141 126
147 140 124
107  92  73
139 119  94
183 170 138
 91  94  63
 68  82  56
 71  88  69
 98 112  99
199 202 195
130 133 124
120 124 110
135 141 127
156 162 150
159 164 157
142 145 138
142 143 137
125 125 115
146 146 136
145 145 135
152 149 142
146 143 136
148 143 137
137 134 129
138 135 130
123 122 117
103  99  90
 22  13   4
 21  11   2
 60  50  41
102  92  83
 58  47  41
 30  19  15
 32  21  19
 94  83  81
183 172 166
143 133 124
 92  82  72
 14   6   0
 97  87  78
137 124 116
143 135 122
130 122 109
149 141 128
156 150 136
168 162 148
184 178 164
135 132 117
145 141 129
176 173 158
195 188 172
129 117 101
109  94  75
158 142 119
161 145 119
141 128  96
134 124  89
141 127  92
132 118  81
132 119  77
153 140  98
141 129  91
184 171 139
241 229 207
156 144 130
125 115 106
166 159 149
170 163 153
136 130 116
161 154 136
150 142 121
192 180 156
178 164 138
156 147 116
223 214 185
248 241 213
237 227 202
236 226 201
231 221 196
218 212 186
217 215 190
160 158 135
162 157 138
136 128 115
 76  69  59
 11   7   0
 69  69  57
124 125 111
118 119 101
146 146 122
149 144 122
160 153 134
166 160 138
146 141 119
120 114  90
134 124  99
147 136 108
156 147 116
160 154 122
231 221 196
235 220 199
198 181 161
187 171 148
213 201 177
199 188 166
133 133 109
113 110  91
184 180 168
157 150 140
152 144 133
133 123 111
156 144 128
158 145 126
160 146 120
156 137 105
152 126  91
154 128  91
157 137 100
154 141 106
140 131 100
145 136 107
142 137 107
137 131 105
138 131 112
150 142 129
144 138 126
192 188 176
254 250 239
103  99  90
178 175 168
153 150 143
 48  43  37
194 190 181
155 148 138
149 143 131
 94  88  74
120 114 100
129 126 109
160 158 143
147 148 134
113 115 101
121 122 108
133 134 120
163 161 146
159 155 143
149 143 131
134 126 115
224 216 203
182 176 160
109 103  87
 84  79  60
 60  55  36
142 137 118
244 240 215
219 214 194
184 179 160
150 143 125
169 162 146
105  99  85
 89  85  73
150 150 138
150 152 139
137 139 125
141 142 126
130 127 108
169 161 140
177 165 141
175 163 139
185 173 149
149 145 116
144 138 114
167 160 141
169 160 143
172 164 151
176 168 155
163 155 144
166 160 148
188 184 172
137 135 122
124 125 111
103 104  88
165 166 150
165 168 151
165 168 151
216 217 201
188 190 176
161 159 146
172 170 155
159 157 142
 95  93  80
152 153 139
 85  85  73
 86  86  74
146 144 132
111 109  97
127 125 113
145 142 133
137 134 129
131 127 124
127 123 122
153 152 150
138 139 134
132 132 130
125 127 126
145 147 144
127 129 124
 75  77  72
100 100  98
118 118 116
115 118 111
130 133 126
112 115 106
 99 105  95
 80  88  75
 61  72  56
 56  67  51
 54  65  51
108 116 103
133 138 131
115 120 116
148 154 154
133 138 141
149 153 152
137 138 132
 53  51  38
122 120  99
200 196 167
219 219 185
147 152 120
 70  78  55
 45  53  38
 23  27  12
 19  18   0
104 104  68
173 177 144
107 118  88
 40  58  36
 70  93  75
 91 114  98
141 159 143
131 142 125
141 145 128
139 140 122
135 134 116
142 139 122
130 127 112
139 135 123
120 120 108
138 138 128
138 139 125
140 136 125
140 136 125
144 141 132
144 142 130
140 136 125
159 151 138
173 166 150
161 154 135
106 100  78
120 112  89
163 156 130
217 211 187
200 197 178
124 121 106
122 116 104
117 117 105
 98  98  90
 62  59  54
 89  82  74
128 118 106
159 143 127
206 184 161
216 189 162
198 168 144
107  81  64
 25   6   0
 33  14  10
 25   2   0
 80  52  40
 94  68  51
195 174 157
190 183 164
128 122 110
118 113 107
 92  88  85
 16  13   8
 47  44  39
126 121 118
 88  83  80
152 144 142
118 109 102
155 143 129
154 141 124
138 127 105
126 115  95
122 109  92
132 116 103
150 138 124
138 128 116
131 123 110
149 143 127
135 130 111
132 124 105
133 120 101
138 123 102
144 130 104
136 121  98
127 114  97
135 123 107
145 133 117
149 136 117
191 173 151
158 136 115
106  79  60
 89  62  43
157 130 111
142 115  98
164 139 117
155 131 105
186 165 136
151 134 108
 96  83  66
 15   5   0
 74  67  59
148 148 140
117 122 115
 92  97  91
136 131 127
169 155 152
154 151 144
153 151 139
140 141 123
119 120 102
149 150 134
144 144 132
102 102  90
158 154 143
188 180 169
149 139 129
145 137 126
159 153 141
141 135 123
 62  54  41
 40  31  16
103  91  75
131 120  98
148 139 124
136 127 120
 52  44  41
135 128 120
163 156 146
150 143 133
125 121 110
112 105  95
164 151 142
164 148 133
166 145 126
216 192 168
201 175 152
174 146 124
192 161 141
149 122 103
111  87  75
 62  42  35
143 124 118
189 170 163
108  91  81
129 121 110
145 145 137
140 145 139
134 138 137
123 123 125
121 119 124
121 122 124
102 108 106
 95 104 101
 90 101  95
104 106 101
160 159 155
178 173 170
179 171 169
144 140 137
147 149 144
153 158 152
119 124 120
 98 100  97
 82  82  82
109 109 111
 96  97  99
 85  89  88
143 148 144
177 179 174
174 176 171
 59  60  54
 46  47  39
214 215 207
151 153 142
 95  99  85
 47  50  41
 17  19  14
 11  11   9
 15  15  15
 50  50  52
 59  57  60
 68  66  67
 41  40  36
  6   3   0
 47  45  33
110 106  95
146 143 134
232 232 222
229 231 218
165 169 155
122 124 110
101 100  79
209 205 178
192 187 158
141 136 114
 80  78  63
 17  17   9
 30  29  25
 43  42  40
132 128 127
144 140 137
119 116 109
155 153 140
178 175 166
 57  56  51
 25  26  20
 18  19  13
 14  11   6
 55  51  42
174 166 155
230 219 201
159 144 121
162 142 117
158 135 104
182 156 123
235 206 172
222 195 165
225 201 173
193 175 151
152 136 111
184 169 148
205 193 177
241 235 221
 95  93  81
  4   4   0
 12  15   8
 37  39  34
 80  82  77
178 181 174
138 141 130
 79  82  71
 99 102  91
104 107  98
110 113 106
 70  77  70
 47  57  49
 48  59  51
 71  82  74
 89  95  91
120 122 117
 85  87  82
 89  94  88
121 128 121
 90  97  90
 82  89  82
 71  78  71
 71  78  71
116 119 112
127 127 119
138 134 125
127 120 110
141 132 125
165 154 150
161 147 144
160 147 138
 74  61  44
232 217 194
241 226 203
237 222 203
240 225 206
240 225 204
205 190 167
199 187 165
197 186 168
137 128 113
139 132 116
 40  34  22
113 104  95
146 137 130
144 135 128
103  95  72
126 112  86
115  98  72
 89  74  45
102  92  65
115 109  85
123 118  98
149 143 127
106  94  78
138 120 100
131 107  79
135 116  83
 96  93  58
 78  88  61
 71  82  65
106 114 103
153 150 145
129 126 121
128 128 120
123 125 114
158 164 152
123 129 119
123 126 119
141 144 137
139 141 130
144 146 135
137 134 125
140 137 130
147 144 139
153 152 147
159 156 151
 86  81  77
 43  40  33
103  99  90
117 109  96
115 103  89
127 113 100
 81  67  56
113 100  92
 35  24  20
 55  45  43
136 125 121
120 107  99
 77  64  55
 43  31  19
100  88  76
139 127 115
127 113 100
123 114  99
132 123 108
 80  73  55
125 118 100
134 128 112
125 119 105
171 167 155
168 164 152
198 195 180
186 179 163
172 161 143
112  95  75
150 134 108
141 126  95
144 134  99
145 137 101
128 115  81
200 187 153
181 168 133
155 142 107
169 156 122
225 211 184
174 161 142
148 136 124
153 144 137
155 148 140
190 183 173
192 184 171
159 148 130
201 189 165
166 152 125
166 150 124
231 217 191
237 226 198
243 234 205
237 227 200
235 223 197
216 206 181
225 221 194
196 196 172
121 120 100
 76  73  58
 27  23  12
 13   9   0
 46  43  34
121 119 107
131 130 112
117 115  94
159 155 128
191 185 159
225 215 190
218 208 183
208 198 173
131 121  94
137 126  98
156 143 111
150 137 103
143 130  98
182 167 138
212 192 167
206 185 158
185 164 135
188 171 145
114 100  74
 93  89  62
195 189 167
158 151 135
 50  44  30
138 130 117
146 137 122
152 139 122
153 141 119
144 130 103
146 130  96
173 151 114
147 125  86
149 134  95
149 141 105
124 118  86
126 116  89
113 108  79
135 127 104
133 125 106
129 120 105
179 171 158
246 242 230
233 231 219
 57  54  47
 53  52  47
 85  84  79
 47  44  37
 74  70  61
 71  65  53
 93  86  70
155 148 130
134 127 108
125 120 100
 94  92  71
110 109  91
130 131 113
121 122 106
138 136 121
150 147 130
150 144 130
136 128 115
166 158 145
210 201 186
221 212 197
214 207 189
146 139 121
190 183 165
223 216 198
214 207 188
212 205 187
128 121 105
 96  88  75
 79  71  58
 99  96  81
158 156 141
168 169 151
156 155 135
 98  97  77
104 103  85
 90  87  68
126 120  98
142 130 106
122 110  86
119 109  84
121 117  92
100  93  74
123 111  97
147 137 127
154 145 136
148 141 133
127 120 112
135 128 120
126 119 109
 43  39  27
 24  22   9
 92  94  80
111 115 101
 84  90  76
 98 102  87
140 142 128
141 143 130
121 122 108
126 124 111
 94  92  79
 75  75  63
 82  84  73
124 126 115
108 110  99
 86  86  76
 71  71  63
149 149 141
148 147 142
151 148 143
143 139 136
145 141 138
145 141 138
135 134 132
126 125 123
125 124 122
124 124 122
124 125 120
133 136 129
132 135 128
124 127 120
125 128 121
108 110 105
130 132 129
105 111 109
117 126 123
 38  49  45
 31  42  36
119 129 121
141 148 140
122 129 122
111 117 115
101 106 109
 99 104 108
149 154 157
 96  98  95
 50  50  40
101  99  84
168 166 145
166 166 142
126 128 106
107 110  89
100 102  81
108 108  84
105 101  74
 70  64  30
 93  90  57
 77  80  51
 71  75  50
 67  71  48
 81  83  61
105 107  83
141 143 122
127 130 113
122 124 111
133 134 120
124 122 107
139 137 122
130 128 113
136 134 121
153 151 138
136 134 121
143 139 127
157 153 142
148 146 134
153 151 139
137 133 122
 79  71  58
 77  68  51
 80  72  53
163 155 132
201 193 170
183 176 150
197 195 170
128 130 108
116 117  99
113 111  98
110 108  96
123 120 111
 82  77  71
 82  75  69
128 123 117
126 119 113
147 137 128
198 181 171
151 135 122
 40  26  15
 23   8   3
 22   2   0
 92  60  47
134  98  76
146 111  89
216 188 167
123 114  97
121 113 102
137 132 126
 56  53  48
  4   0   0
 80  76  73
137 133 130
115 110 107
 98  90  87
108  99  90
 88  79  64
122 111  91
 86  74  52
105  93  71
107  94  77
 84  70  57
 19  10   0
 26  18   7
 42  38  27
 90  86  75
119 116 101
128 123 104
110 102  83
137 125 103
132 117  94
 79  67  45
167 154 135
161 150 132
223 210 191
176 161 138
147 129 107
 94  72  51
109  83  68
163 140 124
175 154 137
 94  73  54
137 116  95
138 121  95
187 170 142
212 196 170
191 176 157
109  97  83
146 139 129
123 123 113
156 159 150
 95  96  90
101  98  93
170 160 158
151 151 139
159 160 144
150 149 128
126 124  99
160 158 135
161 156 136
171 164 146
160 153 135
129 122 104
119 112  94
100  93  77
152 146 132
 98  92  80
114 108  96
 84  76  63
 86  78  65
 74  66  47
 91  83  72
125 117 114
124 118 118
 56  55  51
 84  85  79
 77  78  70
 93  93  85
160 153 145
148 138 129
145 133 121
160 148 132
146 133 116
163 148 129
159 142 124
191 172 155
178 162 146
 86  72  61
129 118 112
143 134 127
160 150 141
146 136 127
142 135 127
133 132 127
121 127 123
129 138 137
 92  96  99
 84  85  89
 89  90  92
 64  70  68
 44  55  49
166 177 171
199 204 198
167 167 165
126 122 121
113 109 108
150 149 145
154 156 151
140 145 141
 78  83  79
 71  73  68
 82  82  80
 77  77  77
 92  92  92
 82  84  81
100 102  97
140 143 136
181 183 178
133 133 121
119 119 107
 86  86  74
108 109  93
126 129 112
109 113  99
104 106 101
 48  50  49
 15  14  19
 24  23  28
 97  95 100
112 110 111
 35  31  28
 82  79  72
168 165 156
 71  68  61
 19  16   9
105 106 100
147 150 141
 97 103  91
127 131 116
174 173 152
236 232 205
183 178 148
166 161 132
148 146 125
121 119 104
125 127 116
 93  94  88
 85  84  79
121 120 116
140 136 133
149 149 139
145 146 140
 12  13   8
 12  13   8
 12  13   7
 22  22  14
166 164 152
192 184 171
212 199 182
140 123 103
136 116  91
167 141 114
194 165 135
223 192 161
223 196 167
218 197 170
138 123 104
148 135 116
175 164 146
237 228 213
136 132 120
 22  22  12
 28  30  19
 48  54  44
 76  81  74
 65  70  64
 82  89  81
117 123 111
116 120 106
118 122 108
 99 102  91
 81  84  73
 84  90  80
106 114 103
103 113 104
 80  90  81
 91  98  90
145 147 142
 80  82  77
 87  92  86
107 117 108
 99 111 101
106 116 107
 90  97  89
 78  85  78
 93  96  89
123 122 117
128 123 117
125 118 108
118 109 100
152 141 135
151 138 130
146 132 119
127 112  93
238 220 198
249 231 209
241 222 205
246 227 210
236 218 198
244 226 204
202 185 167
164 151 134
130 121 104
 76  71  52
136 130 118
137 130 120
148 139 130
133 124 115
 86  73  41
186 171 138
169 153 119
107  93  58
100  92  56
119 113  81
126 119  93
145 134 114
149 134 115
142 121 100
130 106  78
151 131  98
126 115  83
 69  69  41
132 133 115
148 145 136
114 107 101
105 100  96
 75  71  68
102 103  97
181 187 177
123 129 119
 97 100  93
114 117 110
133 135 124
134 134 122
129 126 117
130 127 120
146 145 140
157 158 152
162 161 156
 93  90  85
113 108 102
161 154 144
189 181 168
173 161 145
156 143 127
148 134 121
113 100  92
 68  59  54
 48  38  36
100  91  86
 78  65  57
 35  21  10
 92  78  65
133 119 106
112  98  85
132 119 103
123 113 101
 72  63  48
 68  60  41
173 166 147
223 216 198
199 193 179
168 164 153
142 138 127
165 159 147
192 184 171
177 166 148
152 137 114
137 120  92
149 134 101
143 130  96
128 119  86
169 160 129
165 154 126
208 197 169
201 190 162
143 134 105
121 111  84
193 182 162
189 180 165
168 159 150
158 151 143
175 166 157
184 174 162
158 145 126
142 128 102
190 174 148
192 175 149
181 164 144
225 210 187
224 215 186
217 207 180
232 222 195
225 215 190
215 209 185
153 151 130
106 105  87
 11   9   0
 38  34  23
106 102  91
139 135 124
146 142 130
136 129 111
146 138 117
168 159 130
179 167 141
175 161 135
192 178 152
162 148 122
138 124  98
152 138 111
135 120  91
133 117  84
138 122  88
134 115  83
144 123  92
145 122  91
146 122  94
132 111  84
169 153 128
187 177 152
184 173 151
141 133 114
 72  65  47
137 130 112
163 151 135
156 143 124
142 130 106
156 142 115
148 133 100
142 124  88
154 134  99
150 136  99
157 149 113
127 121  89
130 123  94
130 124  98
138 130 107
185 174 156
180 168 154
175 168 152
224 221 206
 98  96  84
 73  73  63
 39  39  31
 10  10   2
 27  23  14
 48  42  30
 44  35  20
 88  77  59
180 169 147
210 200 175
169 162 136
127 119  96
143 137 115
163 161 140
138 137 117
200 197 180
163 157 141
148 142 126
206 199 181
190 183 165
219 210 193
218 209 192
227 220 202
231 224 206
236 231 212
223 218 199
221 216 197
157 151 135
112 106  92
 97  91  79
113 109  97
100 101  85
126 129 112
152 155 136
181 180 160
153 152 132
129 128 110
141 140 120
144 139 117
146 138 115
135 127 104
167 159 138
105 102  83
111 105  89
100  90  80
146 137 128
148 141 133
147 143 134
135 128 120
134 125 118
145 136 127
120 114 100
152 150 135
 83  85  71
 83  89  75
 77  85  74
 94 100  90
100 102  91
130 130 120
118 116 104
 93  91  79
 68  65  56
 67  68  60
 69  72  63
155 158 149
124 125 117
 48  48  40
102 101  96
163 162 157
145 144 140
141 140 136
146 147 142
146 145 141
144 143 139
121 120 116
127 126 122
131 130 125
119 118 113
124 125 119
123 126 119
114 117 108
124 125 117
134 135 129
123 125 120
119 121 118
104 110 108
 71  80  79
 31  41  40
 35  44  41
 78  84  80
 83  90  83
120 127 120
127 133 131
 64  70  70
 66  72  72
 33  37  38
 13  15  12
 95  96  88
118 119 105
160 158 143
143 137 121
161 155 139
155 150 131
120 114  92
136 126 101
137 126  98
 74  59  26
 77  62  29
 91  77  42
 89  73  39
 93  73  38
134 114  79
165 150 119
146 140 116
127 128 114
128 129 121
131 131 121
123 120 105
134 133 115
139 140 122
118 117  99
188 185 170
181 179 166
169 167 154
145 143 131
121 119 107
119 117 105
106 102  90
124 118 104
184 177 159
226 218 197
115 107  86
173 166 147
150 148 127
111 113  91
 82  87  65
113 116  99
128 128 116
143 139 128
166 162 153
107 100  94
 78  73  67
135 132 127
121 120 118
145 143 144
119 115 114
 35  27  24
 12   3   0
 38  24  13
107  84  68
137 105  82
132  95  68
252 218 193
163 135 114
126 116 104
174 165 156
140 132 129
 36  32  29
  2   1   0
 57  58  53
105 104 100
 99  96  91
203 196 190
115 109  97
 30  24   8
116 109  90
172 164 143
178 167 149
 86  74  60
185 175 163
122 114 103
 54  47  37
 23  19  10
  3   0   0
 97  95  83
142 138 126
 93  87  71
 86  78  59
 91  80  58
 60  47  28
207 194 175
216 201 180
170 155 132
152 136 111
154 136 112
122 101  82
127 108  93
157 140 124
135 118 102
166 149 131
152 136 113
220 204 178
219 203 177
235 221 195
175 160 137
148 135 118
163 155 142
 91  88  79
130 130 122
164 163 158
 53  50  45
 90  87  82
144 146 132
176 178 157
185 183 158
165 162 131
182 176 144
208 198 171
126 115  93
 51  43  22
 73  68  48
125 119 103
182 176 162
133 129 117
119 117 104
151 149 137
123 121 109
 36  32  21
103  99  87
105 101  92
122 119 114
112 111 109
100 102  97
117 122 116
137 140 133
151 150 145
141 136 132
115 108 102
109 105  96
146 143 134
139 137 125
129 125 113
149 143 129
149 143 129
 61  58  43
104 102  90
131 128 121
118 118 110
141 138 131
141 136 130
135 130 126
147 146 142
129 134 130
113 122 119
 94 100 100
 50  52  51
  1   3   0
 79  86  79
168 175 168
158 165 158
 61  64  57
 55  56  51
 80  79  77
102 101  99
128 130 125
134 139 135
154 159 155
139 141 138
 89  90  85
 76  77  72
 72  71  67
 85  84  80
 73  72  67
 67  67  59
172 172 164
193 193 185
148 146 133
138 136 121
128 125 110
131 128 111
 99 100  84
 74  76  63
 77  80  73
 77  77  77
 53  52  57
 12  11  16
 11   9  12
 51  49  50
  8   4   1
 83  80  75
255 255 250
164 163 159
 17  14   9
  3   4   0
 15  20  14
 52  57  50
 63  67  53
 71  72  54
142 141 120
218 214 189
226 222 195
199 197 172
200 199 181
137 139 126
161 164 155
 84  87  80
  9   9   7
 61  61  61
 87  89  84
 21  23  20
 13  13  11
 16  17  12
 56  57  51
 81  82  74
144 144 134
159 155 143
229 220 205
214 198 182
146 128 108
158 136 112
230 203 176
210 183 156
198 172 147
151 129 105
172 160 144
190 178 162
137 128 113
 89  81  70
 31  27  18
 57  57  47
113 116 105
129 135 123
 75  83  72
102 110  99
115 125 114
119 127 114
109 115 101
 96  98  84
102 104  90
110 112  98
114 114 102
131 133 122
174 177 166
124 130 120
 74  80  70
132 133 127
131 132 127
109 114 108
 98 110 100
 96 110  97
 94 106  94
 83  93  84
101 108 100
 91  96  89
102 103  97
110 105 101
139 132 122
149 140 133
137 128 121
101  91  79
 93  80  61
152 134 110
161 139 116
240 215 195
255 230 210
220 195 175
215 188 167
238 211 190
171 149 128
145 128 110
134 126 107
 88  83  64
120 117 102
119 113 101
137 130 120
144 138 126
163 145 105
168 149 107
158 139  96
125 110  67
155 143 103
201 191 155
192 181 151
184 172 146
175 160 137
126 108  84
190 170 145
255 237 207
218 204 175
161 151 126
176 167 150
164 154 142
148 141 131
139 136 129
105 106 100
106 108 103
137 142 135
146 151 144
 82  85  78
 97  98  90
112 114 103
127 127 115
127 125 113
136 133 126
138 137 132
152 153 147
124 125 120
106 107 102
157 154 147
127 123 112
139 131 118
145 136 121
184 174 162
211 201 189
167 158 149
137 130 124
113 105 102
 26  19  13
 34  26  15
 50  38  24
117 104  88
131 118 102
125 111  98
161 147 136
207 199 188
166 158 145
 44  35  18
 97  89  68
132 125 106
175 168 152
 96  90  78
134 127 117
 79  71  60
135 125 113
143 131 115
145 130 107
144 129 100
139 124  91
128 115  83
133 122  92
164 157 131
 90  82  59
142 131 109
121 114  88
101  94  66
158 150 127
216 208 189
156 147 130
159 152 136
148 140 129
130 120 111
136 123 114
130 115  96
140 124  99
109  91  67
 89  71  49
138 121 103
220 205 184
214 202 178
231 221 194
229 222 194
214 207 181
161 153 130
133 126 107
120 115  96
108 105  88
121 118 103
125 119 105
121 115 101
 88  79  64
109  96  79
155 140 119
176 161 130
162 146 120
148 130 106
 99  81  57
133 117  92
169 155 129
207 192 169
148 132 106
132 115  85
128 109  76
134 116  80
133 113  80
142 119  88
148 124  96
141 119  95
187 169 145
209 194 171
148 133 112
170 159 139
145 137 116
130 122 103
155 144 126
140 127 108
166 151 130
151 135 110
156 141 112
145 129  96
122 106  73
123 107  73
145 135 100
137 131  97
129 126  95
153 147 125
194 186 167
177 165 149
169 160 145
143 137 123
 99  96  81
 80  78  65
124 122 109
104 102  89
120 116 104
115 107  94
110 101  84
144 131 112
170 155 132
215 201 175
242 228 199
224 213 185
142 130 104
151 140 118
141 135 113
134 129 109
162 159 140
173 170 153
179 174 155
232 225 206
203 197 175
214 206 185
221 214 195
230 223 205
212 207 188
203 200 183
242 241 223
164 163 145
121 119 104
158 154 142
 76  77  63
 87  91  76
137 144 126
145 152 134
211 215 198
184 188 171
113 116  99
126 129 110
146 148 127
129 127 106
118 113  91
144 139 119
183 178 159
116 117 103
110 108  95
121 117 106
139 135 124
125 123 111
140 137 128
134 130 121
138 129 122
120 111 102
 78  72  58
187 188 172
 89  96  78
 63  74  58
 86  96  85
115 120 114
100 101  96
145 145 137
 94  91  84
 71  66  60
 77  74  67
 62  63  57
 85  88  81
108 111 104
 76  76  68
 97  97  89
159 159 151
145 144 139
146 147 142
143 144 139
133 134 129
145 146 140
136 137 131
140 139 134
129 129 121
123 125 114
125 126 118
117 118 110
124 125 117
120 121 113
116 117 109
132 133 125
127 128 122
129 131 126
108 113 109
 52  56  55
139 143 142
106 111 107
 59  61  58
 51  58  50
 11  16  10
 20  22  17
 16  18  13
 49  51  46
 41  43  38
 65  66  60
 93  94  86
137 137 125
143 140 125
167 158 143
172 160 144
109  98  80
 50  38  16
 54  38  13
 83  61  37
 84  59  28
110  81  47
106  72  34
167 130  86
155 117  72
142 107  65
162 133  99
140 123 103
121 115 103
133 130 123
133 129 118
146 140 124
183 181 160
189 191 169
171 174 155
173 174 158
112 108  96
109 107  94
103 103  91
109 109  99
148 145 136
164 160 148
171 165 149
203 196 177
162 154 133
141 134 115
169 168 150
 95  99  84
 47  54  38
141 145 130
145 147 134
130 130 120
126 122 113
162 157 151
 96  91  85
 94  91  84
141 140 135
121 123 120
 95  99 102
 40  41  45
 12  11   9
 35  26  17
131 114  96
183 157 132
138 107  78
156 127  97
154 128 105
104  81  63
187 177 168
148 139 134
 57  49  47
  7   3   2
 22  23  18
 41  42  37
 62  61  56
161 158 153
242 238 229
128 124 112
144 141 124
140 137 118
138 133 114
173 166 150
160 152 139
141 133 122
160 154 142
161 153 142
139 130 121
 48  41  33
 26  23  16
111 108 101
149 145 134
 64  57  41
 53  45  26
107  94  75
201 184 166
201 185 162
154 138 112
217 201 175
161 145 120
159 141 119
161 144 124
178 162 146
 57  44  27
132 117  98
212 197 174
193 177 152
227 212 189
203 188 167
149 134 115
146 133 116
139 131 118
130 126 117
 95  94  89
151 150 146
103 102  98
100 101  96
151 153 139
165 167 146
185 181 152
213 207 171
209 201 165
210 199 167
194 184 157
 73  67  45
100  99  81
131 132 118
116 116 104
106 106  94
123 125 112
125 127 116
110 110 102
 86  83  78
 63  65  54
153 153 145
140 139 134
122 125 118
103 108 101
147 152 145
157 158 152
147 144 139
148 143 140
149 144 141
143 139 136
142 141 137
130 129 125
142 141 136
157 157 149
101 101  93
 73  74  66
154 155 149
146 147 141
123 122 117
116 115 110
141 140 136
124 123 119
117 118 113
109 111 106
 84  89  83
116 118 113
 55  58  51
131 134 125
196 202 190
188 191 182
118 121 112
116 117 109
 65  66  60
 52  51  46
 73  74  69
112 114 109
131 136 132
120 122 119
132 133 128
138 137 132
144 141 134
174 169 163
100  95  89
127 124 117
165 162 153
200 198 186
159 155 144
151 149 136
152 149 134
140 134 118
130 127 110
131 129 116
181 183 172
 79  80  74
 46  46  44
 90  90  90
147 147 149
 33  33  35
 14  12  13
 19  15  14
 16  12   9
 99  98  94
143 142 138
128 125 120
 41  40  36
 36  38  35
  4   6   1
 21  24  17
 69  71  60
 38  40  26
130 131 113
169 168 148
167 166 146
174 175 159
146 149 138
104 109 103
 52  57  53
 11  15  16
  7  11  14
  1   5   6
 16  17  19
 13  13  13
 95  96  91
166 167 161
109 110 104
 68  69  61
143 140 131
216 210 198
190 180 168
146 133 117
111  92  75
145 123 100
174 150 126
180 155 133
164 142 121
103  87  72
 67  53  40
 26  14   2
 44  34  25
128 121 111
151 151 141
159 162 151
106 114 101
 68  79  65
 81  92  78
 81  92  78
 78  86  71
108 115  99
127 129 115
120 121 105
120 118 103
122 119 104
 96  94  82
135 132 123
145 145 135
 95  97  86
102 102  94
120 121 115
 85  92  85
 62  74  64
 72  86  73
 82  96  83
 66  78  66
 85  95  84
 86  94  83
 96  97  89
110 105  99
121 116 110
133 126 120
158 151 141
161 152 137
164 149 128
201 179 155
189 161 137
217 185 164
170 138 117
151 116  96
195 159 137
176 140 116
164 133 112
184 162 141
187 172 153
142 131 113
110 104  88
131 125 111
142 136 122
145 142 127
213 194 151
177 156 111
147 129  81
176 159 113
183 170 126
211 199 161
219 206 174
216 202 176
176 164 140
128 113  90
126 110  87
183 167 142
169 153 128
165 150 129
151 138 121
158 145 129
157 151 139
145 143 131
160 163 154
153 158 151
135 140 133
125 128 121
 98  99  91
117 117 107
112 110  98
118 116 104
136 134 122
120 117 108
130 130 122
135 134 129
 88  89  84
129 131 126
145 144 139
165 160 154
178 169 160
160 151 142
163 154 145
156 149 139
150 146 137
162 158 149
 49  44  38
 39  36  29
 72  68  56
 78  71  55
151 140 122
126 114  98
 57  45  33
 94  84  75
133 131 119
 89  83  71
135 128 112
169 160 143
 73  65  46
 81  74  56
160 153 137
 69  59  47
 35  26  11
127 115  99
130 119 101
162 150 126
155 141 114
140 125  96
139 125  98
135 123  97
148 140 121
168 160 141
151 143 124
163 155 132
157 150 124
167 159 136
201 193 174
174 166 147
156 149 130
132 125 109
126 116 106
147 134 125
135 119 103
151 136 113
131 115  90
154 136 116
182 165 145
129 114  93
147 135 113
172 165 139
150 143 117
156 148 125
151 140 122
118 109  92
100  93  74
136 131 111
143 138 118
121 114  96
143 134 117
152 141 123
154 139 118
216 200 177
182 165 135
178 161 133
160 143 117
127 109  85
167 151 126
164 150 124
180 165 142
216 200 175
211 194 166
203 187 153
190 174 140
199 180 148
164 145 115
125 105  78
130 110  86
117  96  75
129 111  91
186 170 147
241 226 203
242 230 206
163 151 129
150 138 116
158 143 122
168 151 131
147 129 105
144 127 101
160 143 115
136 119  89
125 109  76
141 128  94
130 124  90
164 163 132
186 179 161
174 167 151
163 155 142
157 151 139
136 134 122
142 143 129
156 157 141
175 172 153
221 216 196
226 218 197
201 189 167
192 177 154
222 206 181
197 181 155
177 162 133
194 177 149
202 191 163
181 169 145
166 155 135
166 158 139
151 146 127
136 133 114
144 141 122
147 142 123
166 160 138
190 182 159
225 217 196
236 229 210
203 196 178
138 133 114
188 187 169
166 167 149
126 131 111
112 113  97
 95  96  80
 97 100  83
117 124 106
133 142 123
138 145 127
158 167 150
 76  87  71
 72  83  66
119 126 108
 79  81  60
 81  79  56
134 132 109
138 135 116
 81  78  61
 62  62  52
 64  64  54
 64  64  54
148 148 136
146 147 133
142 142 130
146 142 133
139 132 126
111 104  96
173 171 159
210 217 201
162 173 156
121 134 117
 96 106  95
112 117 113
 96  96  96
111 112 104
 37  34  27
 61  56  50
 60  55  49
 67  67  59
 98 101  94
 97  98  92
 75  74  69
142 139 132
150 147 138
140 140 132
136 137 131
133 134 128
111 112 106
135 137 126
120 122 111
132 130 118
136 136 124
129 131 118
121 123 110
117 119 106
120 120 110
119 119 111
112 113 105
121 122 114
121 122 114
134 137 130
109 111 106
 68  69  64
124 125 119
143 144 138
152 153 148
120 126 116
 87  90  83
 87  88  82
 74  75  67
119 121 110
151 153 142
173 173 165
146 148 137
140 140 128
142 139 122
147 135 119
105  92  75
 94  81  62
103  88  67
184 164 140
161 135 112
110  77  44
129  93  57
147 105  65
158 115  70
166 125  79
139 102  60
151 122  92
160 141 124
149 140 131
132 128 119
141 133 122
160 153 134
214 212 187
171 175 150
105 113  90
 64  72  51
132 130 115
142 142 130
148 150 139
156 158 147
157 157 147
158 156 143
138 135 118
150 143 124
139 133 111
182 177 157
153 156 139
 92  96  82
 57  59  46
 66  64  52
159 155 144
151 144 136
127 124 117
136 135 130
 76  75  71
 87  86  82
127 126 121
 44  44  42
 18  22  23
 39  43  46
  0   0   0
 94  88  76
169 153 130
168 147 116
152 129  98
114  93  66
 66  49  31
 67  53  40
 59  52  46
 13   5   3
 21  15  17
 14  12  13
 12  13   8
122 123 117
180 179 174
167 164 159
141 136 130
121 117 105
139 136 121
131 128 111
125 122 105
110 104  90
144 138 126
107  99  88
 52  46  34
195 185 175
150 136 127
 75  64  58
 17   9   6
 18  14  11
139 136 131
130 123 113
106  97  82
128 115  98
165 148 130
191 173 151
186 170 145
234 220 193
212 196 170
195 179 154
217 201 175
209 194 171
179 166 147
 87  74  55
136 124 102
214 202 180
208 195 178
156 142 129
151 139 127
154 144 132
141 132 123
146 141 135
132 131 127
 61  61  59
 55  57  54
104 106 101
121 123 110
123 122 102
137 133 104
191 185 149
219 209 173
195 184 152
196 186 161
218 213 194
182 183 169
105 108  97
140 146 134
116 122 108
105 111  99
130 133 124
125 126 120
149 145 142
 57  58  50
 69  70  64
170 171 165
153 154 146
137 140 131
142 145 138
153 152 147
158 154 151
126 121 118
105 100  97
138 132 132
147 143 142
143 139 138
155 154 150
141 140 136
 94  93  91
157 157 155
137 136 134
133 129 128
132 128 127
133 132 130
142 142 140
105 106 101
 81  82  77
118 121 114
117 118 110
103 105  94
131 133 122
190 192 179
 86  88  74
 96  98  85
138 138 128
144 146 135
136 136 128
 75  76  68
 63  64  56
 59  62  55
 96  97  91
147 148 143
133 132 127
157 154 147
143 139 128
 93  86  76
138 131 121
221 219 207
198 196 184
120 116 104
145 139 125
143 139 127
155 149 135
156 150 136
158 155 140
163 163 151
145 146 138
125 126 120
 68  69  64
111 111 109
 89  89  87
 51  51  51
 20  20  20
 22  20  21
 28  27  25
  3   0   0
  7   4   0
 60  57  50
 54  51  46
 86  85  81
 66  66  66
 68  70  69
108 110 107
 79  81  76
 29  30  22
 45  45  35
 75  75  63
104 105  97
 44  49  43
 25  29  28
  8  14  14
 17  25  27
 15  23  25
 19  25  25
 16  17  19
 10  10  10
 81  80  76
 72  73  67
 47  48  43
 14  13   9
 60  59  54
 79  79  69
 64  62  50
109 100  91
 84  72  60
148 132 116
154 136 116
147 126 107
 92  69  53
 35  12   0
 50  31  17
114  97  87
167 157 147
154 148 136
168 168 156
181 187 175
 91 102  88
 57  69  55
 72  83  69
 88  96  81
104 110  96
100 104  90
129 131 117
118 119 105
161 157 145
165 161 149
107 103  92
147 143 134
191 188 179
105 105  95
106 106  96
 74  77  68
 76  84  73
 74  86  74
 68  82  69
 73  87  74
 71  85  72
 77  89  75
 86  94  81
109 112 101
117 117 107
 97  97  89
104 101  92
132 128 117
185 178 162
226 211 188
210 186 160
204 173 145
159 122  96
106  65  43
114  69  48
126  80  56
121  75  51
151 111  86
170 138 115
174 152 131
117  98  81
137 128 111
146 137 122
140 133 117
146 139 123
224 205 163
215 196 153
168 151 107
142 128  83
199 186 144
238 225 191
230 218 192
200 189 169
141 130 110
164 151 132
171 156 135
157 140 120
154 137 117
142 127 108
172 156 140
190 174 159
204 194 182
189 183 171
113 113 101
 97  99  88
134 136 125
141 141 131
140 138 126
142 138 127
133 129 117
132 128 116
138 134 123
116 113 104
121 121 113
 84  83  78
 55  54  49
164 163 158
149 146 141
174 171 166
139 134 128
140 133 125
126 119 111
133 129 120
155 150 144
 67  64  57
 10  10   0
 76  76  66
106 106  94
143 140 125
122 115  97
111 104  86
 80  72  59
 43  36  26
102 104  93
133 131 119
179 175 163
176 169 153
202 193 176
145 137 118
144 136 117
 97  86  66
118 107  85
146 136 111
162 152 125
198 188 161
137 125  99
138 126 102
139 127 105
156 145 125
130 118 102
112 100  84
129 117 101
174 166 145
131 120  98
112 101  79
146 135 115
147 139 120
150 143 124
152 145 127
153 144 129
150 138 124
160 147 130
113  98  75
112  96  71
152 136 111
161 146 123
180 165 142
187 176 154
199 192 166
165 158 132
116 105  87
 72  60  46
 16   7   0
101  94  75
152 146 122
138 132 110
164 155 138
158 150 131
135 124 102
160 148 124
166 151 128
171 155 129
142 126 100
151 137 111
181 169 143
157 145 119
186 174 148
182 167 144
189 173 148
202 186 160
249 234 203
231 216 185
245 230 199
218 203 174
173 156 130
164 144 120
178 158 134
168 150 126
215 199 174
191 177 151
152 138 112
138 123 100
174 159 136
171 156 133
141 125 102
143 125 101
169 151 127
146 129 103
156 139 109
143 127  94
156 143 109
194 185 154
193 188 159
166 158 145
178 172 160
162 155 147
164 161 154
147 148 140
155 159 145
172 175 156
166 164 141
169 162 134
170 156 127
206 189 159
219 200 170
190 173 143
178 161 133
207 190 162
167 150 122
166 156 129
172 161 141
168 159 144
150 144 130
118 115  98
153 150 131
131 129 108
156 151 129
187 179 158
193 185 162
221 213 190
214 206 185
235 228 209
208 203 184
138 135 116
124 126 105
114 119  97
121 124 103
117 119  98
111 113  92
 93  96  75
105 108  89
126 130 113
120 129 112
 89 102  84
120 135 116
136 145 126
 60  62  41
 98  94  69
143 137 111
 90  85  63
 64  59  40
 68  68  56
 29  31  20
 38  41  32
129 133 119
146 148 134
145 146 132
142 142 134
157 154 149
148 147 142
147 153 143
133 145 131
150 167 151
 90 104  89
 99 109  98
119 126 119
104 108 107
105 110 103
 57  57  49
 65  60  54
 51  44  36
 59  56  47
 72  73  65
 94  95  89
 83  82  77
138 135 128
147 144 135
137 137 127
135 137 126
145 147 136
138 140 129
132 132 120
126 124 111
117 118 104
125 125 113
118 120 106
103 104  90
117 118 104
116 116 104
119 119 111
128 128 120
122 124 113
123 125 114
143 144 138
123 124 118
 98  99  93
116 117 109
137 138 130
125 126 120
129 132 123
133 134 126
139 140 132
148 149 141
168 170 159
146 148 137
143 143 133
123 123 111
130 128 115
138 132 118
127 118 103
127 115  99
165 152 133
228 213 190
221 201 176
189 163 136
178 143 113
194 158 124
167 131  95
171 138  97
159 127  88
148 119  87
137 112  90
149 133 120
163 154 145
141 135 123
133 126 108
127 121  97
133 133 105
 86  92  64
115 125 100
153 162 141
179 180 164
231 233 219
195 197 186
159 161 150
128 131 120
116 118 105
124 122 107
169 162 143
207 201 179
153 151 128
148 150 129
110 109  91
 55  47  34
 55  41  30
102  88  79
158 145 137
127 127 119
149 150 145
103 105 104
 11  11  11
 19  18  16
 18  17  15
 14  16  15
 35  39  40
 58  60  57
 97  93  84
177 165 149
223 208 185
205 189 164
143 131 109
130 121 106
 32  25  15
 63  59  56
 62  58  57
  3   1   2
 17  17  15
 22  23  18
160 159 154
168 167 162
124 121 116
121 116 110
129 125 114
130 126 114
121 117 105
131 128 113
141 135 123
127 119 108
120 110 101
 84  74  62
103  91  79
 94  77  69
135 120 115
 64  54  52
 34  29  26
 30  25  22
158 151 145
 93  85  74
151 139 123
174 159 140
170 153 133
212 196 173
214 198 173
225 209 183
230 213 187
223 208 177
221 205 179
210 195 172
208 196 174
179 168 148
105  93  77
 89  76  67
109  98  94
149 140 135
148 143 137
148 145 140
129 128 124
131 131 129
 81  83  80
 71  73  70
 64  66  63
 72  72  62
117 114  99
127 121  97
151 142 111
207 196 164
220 209 181
157 146 124
105  99  83
124 126 112
109 115 101
103 112  95
102 113  97
137 145 132
132 135 128
130 129 124
132 127 123
139 139 131
119 116 111
 79  76  71
 96  96  88
156 157 149
154 155 149
145 144 140
147 143 140
145 142 137
124 121 116
129 125 122
151 147 146
153 152 148
156 155 151
 93  92  90
150 148 149
151 150 148
148 147 145
138 134 135
145 143 144
123 123 123
107 107 105
 84  85  80
 82  83  77
 92  93  87
120 121 113
215 215 205
220 221 207
 97  99  85
 62  64  50
105 105  93
144 140 129
125 125 115
154 154 144
114 114 106
 88  88  78
 60  60  50
 92  92  84
126 126 118
139 136 127
141 137 126
140 136 124
185 179 167
240 234 222
186 182 170
 93  90  75
141 138 123
151 145 133
168 165 150
144 140 128
165 161 149
163 163 151
165 167 156
151 154 145
 88  89  83
 99 100  94
 99 100  95
 65  66  61
 41  41  39
 81  80  78
 99  98  96
 28  27  22
 21  21  13
 38  38  30
 13   9   0
  7   4   0
  3   2   0
 13  13  13
 24  25  27
 20  24  25
 21  22  24
  5   7   6
 11  13  10
  0   4   0
  0   3   0
  4  10   8
 13  19  19
 23  31  33
  3  11  13
 15  20  23
 16  20  19
 31  33  32
 32  31  29
 23  22  18
 18  19  13
 10  11   6
 19  19  17
 14  14  12
  6   7   2
  4   3   0
 16  11   5
128 119 110
158 148 136
104  90  77
 39  21   7
 36  14   3
 88  56  41
149 119 108
235 213 200
160 148 134
132 130 115
150 154 139
161 169 154
144 156 142
 94 108  93
114 126 112
 99 105  93
109 112 103
124 126 115
116 118 105
116 116 104
143 139 128
146 144 132
130 126 115
123 119 110
112 109 100
113 113 103
 97 100  89
 91  97  85
 87  95  82
 64  76  62
 63  80  64
 61  77  64
 65  81  68
 69  81  67
 76  87  73
 93 101  86
103 109  97
113 115 104
109 111 100
 98  98  86
138 135 118
165 153 129
151 127  99
140 106  78
129  89  63
142  98  73
117  69  46
117  63  39
142  88  62
150 103  77
161 120  98
170 137 118
167 140 123
132 115  99
148 132 117
151 137 124
119 107  91
203 185 147
206 188 150
236 221 180
216 203 161
193 181 141
190 179 149
215 204 184
221 212 195
177 168 151
189 178 160
180 163 147
167 148 133
161 142 125
132 115  97
167 151 135
241 225 210
204 190 179
123 113 101
139 133 121
134 132 119
206 207 191
176 174 161
156 150 138
159 153 141
149 146 131
138 132 120
137 130 120
152 148 139
 95  95  87
 34  35  27
 71  71  63
149 146 139
143 140 135
141 137 134
139 136 131
142 137 131
125 121 112
146 141 135
131 126 120
 25  25  17
 34  36  25
 63  66  55
117 119 106
 73  71  58
 93  90  73
137 134 115
 62  59  44
 53  51  39
125 128 121
133 134 126
115 113 101
121 115 101
149 142 124
116 108  87
 86  75  53
149 139 112
145 134 106
142 133 102
174 165 132
156 149 120
157 150 124
147 139 118
156 148 129
147 139 120
133 120 104
136 123 107
142 130 114
128 117  97
141 129 107
147 135 113
147 134 115
138 130 111
150 143 124
139 134 115
151 144 126
158 149 132
142 131 111
104  92  68
165 151 124
207 192 163
206 190 167
211 199 175
213 203 178
163 156 130
 82  74  51
 53  41  25
 39  26  17
 46  36  24
138 131 112
169 163 139
139 131 110
143 134 117
151 143 124
150 142 119
191 181 156
189 177 153
174 159 136
146 134 108
178 168 141
213 206 178
181 171 146
181 169 145
165 151 125
171 155 130
176 160 135
227 211 186
235 221 194
241 227 200
247 233 206
255 242 217
246 226 202
242 220 197
227 210 184
226 210 184
169 155 129
157 143 117
182 168 142
159 145 119
144 128 103
165 149 124
186 168 144
200 182 158
153 136 108
141 126  95
154 139 106
168 155 123
164 153 125
165 153 129
177 171 159
165 158 150
156 151 145
155 154 150
152 154 149
132 138 126
143 148 128
164 164 136
193 187 153
177 163 128
178 158 123
184 164 131
161 142 110
202 185 155
207 192 163
204 189 160
170 162 139
194 187 169
134 127 117
112 108  99
129 127 114
147 146 126
129 127 104
154 148 124
208 200 177
214 206 183
231 223 200
238 230 209
214 206 187
109 102  83
128 126 103
140 140 116
132 137 114
135 139 116
131 133 109
121 121  97
126 124 103
 94  91  74
145 146 132
133 140 124
 74  87  67
 54  69  46
 98 107  88
116 118  97
139 133 107
135 126  97
111 104  78
 91  85  63
 63  61  48
 57  57  47
  8  11   4
120 123 112
145 147 133
141 143 130
127 128 120
125 125 123
 76  81  77
 48  59  51
 57  75  63
124 145 130
109 126 110
 81  92  78
120 130 119
151 161 153
153 160 152
143 144 136
129 125 116
110 103  93
100  98  85
 95  97  84
 77  78  70
 85  85  77
142 142 134
152 152 144
149 149 139
133 135 122
139 141 127
136 137 123
130 128 115
124 120 108
116 117 103
112 112 100
114 115 101
119 117 102
119 117 102
124 122 110
126 126 116
122 122 112
131 133 122
124 126 115
 83  84  78
 72  73  68
117 118 112
127 128 120
131 132 124
156 157 151
141 142 134
147 148 140
127 127 119
136 137 129
155 156 148
135 137 126
103 103  91
100  98  86
110 106  94
143 137 125
163 155 142
164 155 140
224 213 195
242 230 206
154 137 109
198 178 145
250 215 185
216 185 154
180 154 119
164 144 109
165 146 114
149 129 105
148 130 116
138 128 118
136 130 118
153 147 131
155 149 127
170 166 139
195 198 169
130 139 110
150 160 135
215 224 203
150 154 137
181 183 169
151 151 139
 95  97  86
 83  89  77
139 145 133
152 153 139
211 206 187
228 222 198
213 212 184
167 167 141
155 149 127
114  97  81
 82  58  46
 90  67  59
122 105  98
134 134 124
 89  91  86
 17  21  22
 20  21  25
 14  12  13
 21  20  18
  9   9   7
 82  84  83
167 169 166
135 134 129
159 152 142
207 198 183
191 183 164
100  93  75
217 211 199
189 186 179
172 172 172
 20  20  20
 24  24  22
  4   5   0
 50  51  46
159 158 154
125 124 119
138 135 128
125 121 112
133 126 118
131 127 118
129 125 114
140 134 122
129 121 110
140 130 121
126 112 109
126 114 100
 54  40  31
 66  49  42
128 113 108
157 146 142
174 166 163
 54  49  46
 97  89  86
 94  85  76
143 134 119
109  96  79
179 164 145
180 165 144
187 171 148
194 176 152
186 169 143
215 200 169
209 194 163
170 155 126
186 174 148
152 144 125
117 109  96
 80  71  66
 31  23  21
 56  50  50
145 141 140
136 135 133
 73  73  71
 79  81  78
 74  76  73
108 110 109
132 134 133
146 143 134
135 129 117
139 131 112
193 181 157
225 211 184
217 205 179
226 215 195
163 157 141
 96  98  84
111 118 100
 69  81  61
 57  68  51
 71  79  66
104 107 100
132 129 124
131 126 120
131 127 118
170 165 159
131 126 122
 56  53  46
 68  67  62
 86  87  81
121 120 116
152 151 147
164 161 156
147 144 137
137 136 131
147 148 142
159 162 155
111 114 107
115 116 111
154 153 151
147 146 142
145 144 142
149 147 148
150 150 152
124 126 125
 85  85  83
120 119 115
100  99  94
 99 100  94
213 214 206
198 198 188
101 102  88
106 107  93
175 176 162
181 179 167
124 117 109
170 168 156
185 182 173
 81  78  71
114 114 104
 66  63  54
 67  64  55
115 112 103
135 133 121
158 154 142
198 195 180
202 198 186
182 178 166
105 102  87
 93  90  73
156 153 138
178 174 163
157 155 140
121 119 106
 98  98  88
151 153 142
151 154 143
139 142 131
 94  95  89
127 128 122
142 141 136
127 126 122
 99  98  94
107 106 104
 37  36  31
 38  39  31
 76  76  66
 30  30  20
 53  49  40
101  98  91
103 102  98
 33  35  32
  1   3   2
 19  20  22
 40  41  43
 34  35  37
 50  54  55
 81  87  87
 78  87  86
 73  81  83
 14  22  24
 16  25  24
 23  29  29
 39  43  44
 41  46  42
 40  41  36
 18  17  12
 14  13   8
 18  19  13
 21  22  17
 23  23  23
 22  22  22
 41  41  41
107 106 104
 98  95  90
105 100  94
 58  51  43
 32  22  13
123 106  98
161 138 130
173 136 120
197 163 151
223 197 184
172 160 144
 77  79  58
119 126 108
160 171 155
159 173 156
131 145 128
 99 111  97
107 110 103
119 118 113
135 135 127
137 139 126
124 124 112
128 124 115
125 125 115
109 106  97
122 119 110
115 115 105
121 124 113
110 116 104
116 124 109
101 112  96
 70  83  66
 70  87  71
 65  81  68
 67  83  70
 68  80  66
 68  80  66
 78  89  75
 93 104  90
 93 100  84
 85  89  75
123 125 112
136 135 117
179 167 143
203 179 151
157 123  95
206 167 138
162 118  91
119  69  42
127  71  46
125  67  43
129  75  51
142  97  76
155 118 100
148 115 100
160 138 124
150 128 115
154 136 124
 95  79  64
157 146 118
186 175 147
169 158 128
201 194 165
227 221 195
137 132 113
102  98  86
134 132 120
162 160 148
203 197 185
159 150 135
198 184 171
149 133 118
135 119 104
163 147 132
 73  57  42
 71  57  44
106  94  80
153 144 129
215 208 192
238 232 218
185 178 168
170 163 153
196 192 181
167 163 151
141 138 123
173 167 153
224 218 206
 74  67  57
 48  44  35
144 141 132
122 122 114
148 143 139
135 130 127
143 139 138
127 126 122
142 143 137
 89  90  82
 60  60  52
107 107  99
120 120 110
 93  95  82
118 120 106
 70  73  56
130 132 111
104 103  83
 35  33  18
 54  54  42
 71  77  67
 81  84  77
 66  63  56
 73  66  56
 76  69  53
122 114  93
148 141 115
139 130  99
136 128  91
116 108  71
202 193 160
151 144 116
181 173 152
149 142 124
136 128 115
133 127 115
143 139 127
146 137 128
135 126 117
140 132 119
144 138 122
139 134 115
126 121 102
143 136 118
145 138 120
142 135 119
144 135 120
145 133 117
132 120  98
147 135 109
149 135 108
164 148 123
174 161 144
187 176 154
 80  70  45
 75  68  42
143 132 110
203 191 169
180 168 144
148 136 112
139 129 104
159 147 123
140 128 104
135 125 100
156 149 123
174 166 143
163 155 132
166 155 133
160 148 126
169 161 138
209 203 181
210 205 183
183 179 154
151 145 119
145 138 112
149 137 111
163 149 123
198 184 158
199 185 159
213 198 175
234 219 196
204 188 165
171 155 132
199 183 160
220 202 178
160 144 118
154 140 111
169 158 128
150 139 111
150 136 110
158 140 116
175 158 132
185 168 142
155 138 112
143 126 100
151 134 106
147 130 100
154 139 108
153 139 110
151 139 113
166 163 144
178 175 160
195 190 184
174 173 171
161 163 160
108 113 106
160 162 148
155 150 128
192 179 147
203 183 148
168 144 106
139 113  78
141 117  83
158 135 103
144 125  95
162 145 117
161 150 128
162 155 139
122 118 109
 97  94  87
170 168 156
147 146 126
155 153 130
185 179 155
213 202 180
200 185 162
230 215 192
245 233 209
113 102  80
 99  91  68
170 166 141
144 143 115
130 125  93
129 115  86
136 112  86
135 108  81
141 120  93
147 133 107
120 114  92
 83  81  58
 88  84  59
 66  57  28
108  89  59
119  93  60
124  92  54
131  98  63
139 108  79
 98  67  46
 63  47  32
 47  37  25
 57  54  45
139 141 130
157 159 146
133 133 121
 64  64  54
 75  77  72
 48  57  52
 61  74  67
 53  71  59
 70  88  72
152 170 154
 63  79  66
106 119 109
127 139 129
110 117 109
144 145 139
141 138 129
149 143 131
126 120 106
128 124 112
129 126 117
139 139 131
141 142 134
151 152 146
148 148 140
141 136 130
151 147 138
146 142 131
141 139 127
128 128 116
128 128 116
127 125 113
126 124 112
118 116 103
121 119 104
124 121 106
108 105  90
137 133 121
121 119 107
 30  30  20
 43  43  33
105 102  93
134 132 120
156 154 142
145 143 131
163 161 149
123 123 111
135 135 123
139 137 125
137 135 123
128 126 114
117 115 103
128 126 114
152 150 137
143 139 127
148 140 129
162 146 131
158 135 117
255 227 203
237 206 177
171 142 112
236 211 180
220 199 172
195 175 151
162 145 127
157 145 129
158 151 133
141 136 117
132 125 107
158 151 135
192 185 167
208 200 179
224 213 191
234 226 203
179 177 154
151 156 134
142 151 130
206 215 196
178 182 165
137 140 123
110 110  98
 97  99  86
146 148 135
159 160 146
155 152 135
176 169 150
185 179 155
201 200 170
178 173 143
171 154 126
147 115  90
131  93  74
125  89  75
148 118 108
121 121 111
 17  18  12
 14  16  13
 17  19  18
 12  12  10
  4   3   0
 55  54  50
156 152 149
147 143 140
148 143 139
174 169 163
214 212 200
193 193 181
149 151 140
239 240 235
249 249 249
185 187 182
 30  32  27
 14  16  13
 33  35  32
129 131 126
129 130 125
130 127 122
144 136 133
132 123 118
138 131 125
130 125 119
 98  95  88
135 133 121
133 129 117
138 131 121
136 127 118
 98  88  79
 78  61  51
 87  69  59
 67  50  42
 44  35  30
115 111 108
131 130 125
 29  29  21
104 101  92
136 130 118
 53  44  29
155 144 126
158 145 126
165 153 131
184 169 148
192 174 152
197 181 158
172 155 135
156 141 122
160 147 130
156 147 132
144 138 126
168 165 158
135 134 130
 87  87  85
 82  82  80
 70  70  68
 84  86  83
 73  78  74
 68  70  65
111 113 108
127 128 123
161 154 146
152 145 135
160 153 137
182 169 150
196 178 156
217 195 172
220 199 178
222 207 186
170 162 143
126 123 104
115 114  94
 88  87  67
 75  74  56
 80  76  64
115 106  99
126 115 111
125 114 108
134 123 117
145 138 130
148 145 136
113 115 104
 79  80  72
 60  59  54
 48  45  40
 96  95  90
147 148 142
153 154 148
163 162 157
129 130 124
 75  76  70
163 164 158
156 155 150
155 156 151
151 150 148
163 159 158
164 160 157
165 162 157
155 152 147
152 149 144
151 148 143
166 163 156
232 229 220
101  99  87
 69  67  55
144 142 129
167 165 150
146 143 128
185 179 165
199 193 181
142 138 126
 56  52  41
 46  42  30
107 101  89
131 125 113
157 153 141
185 182 167
213 210 195
177 171 155
157 150 134
151 145 129
104  98  82
122 116 100
133 127 111
114 107  91
134 132 119
109 109  97
117 120 111
129 134 127
106 113 105
140 148 137
 83  89  79
106 109 100
202 202 194
154 151 142
152 148 139
142 138 129
 85  82  75
 67  67  57
 76  76  64
 32  33  19
139 138 117
165 164 146
112 113  99
 28  28  20
 76  78  73
118 123 119
131 137 137
 83  92  91
111 121 120
109 124 121
 98 117 115
 63  83  81
 49  65  62
 63  74  68
 77  84  76
 37  40  33
173 171 158
181 173 160
134 120 107
136 119 109
 63  52  48
 24  20  21
 27  28  32
 37  40  45
139 140 142
100 100  98
 46  45  41
  2   3   0
 33  34  29
148 145 136
203 191 179
207 188 174
182 156 139
208 185 169
200 184 168
151 144 128
 71  73  59
119 125 115
126 136 127
101 111 100
106 112 100
115 118 107
138 138 130
130 129 124
126 125 120
133 133 125
131 128 121
114 111 104
115 112 103
126 123 116
137 134 127
125 125 117
115 118 107
109 117 104
104 112  99
 95 103  90
 97 108  94
103 113 102
 78  90  78
 63  75  61
 68  82  67
 67  81  64
 79  93  76
 64  77  60
 84  93  76
112 121 104
 93 100  82
129 128 107
171 159 135
165 141 115
218 183 155
210 169 141
177 130 102
145  91  63
113  56  29
143  83  57
138  80  56
155 103  81
173 126 108
164 121 105
155 123 110
164 134 123
133 105  93
113  87  74
149 141 118
119 111  88
 48  40  17
128 122  98
181 174 155
 96  90  74
 93  87  75
 83  79  68
153 149 137
173 167 153
148 141 125
169 157 143
168 154 141
 58  45  29
 63  50  34
114  98  83
182 169 153
214 201 185
145 133 119
157 148 133
176 168 155
187 179 168
181 174 164
179 173 161
150 147 132
149 146 129
103  97  81
215 208 192
160 152 139
123 115 102
170 164 152
155 149 137
118 111 103
133 126 120
142 137 133
142 141 136
 90  91  85
 19  20  12
 67  67  59
147 147 139
133 133 123
131 133 120
109 111  97
123 124 106
177 175 154
 93  91  70
 90  87  68
 96  93  78
109 111  98
130 130 118
 76  69  59
111 103  90
133 124 107
116 108  87
118 111  85
145 138 109
130 124  90
116 110  74
186 180 148
208 201 175
151 145 123
136 129 110
141 134 118
135 127 114
129 126 111
134 126 115
148 140 129
147 139 128
147 141 125
162 156 140
137 131 115
137 130 114
132 125 107
132 125 109
126 117 102
152 140 124
161 150 128
161 149 123
132 121  93
148 134 108
166 155 135
143 135 114
130 122 103
 96  88  67
205 194 174
217 205 181
222 210 186
216 204 178
188 176 150
164 152 126
175 163 139
151 141 116
150 142 119
150 144 122
131 124 105
125 117  98
154 141 122
200 192 173
191 184 165
209 204 182
189 183 161
169 161 138
154 143 121
162 150 126
157 142 119
222 206 183
170 155 132
144 129 106
172 157 134
178 162 139
171 155 132
163 147 124
153 137 112
137 123  97
146 132 105
134 123  95
147 136 108
158 144 118
146 130 105
149 133 108
153 137 114
139 124 101
141 126 103
151 135 110
130 114  88
131 117  88
130 119  91
124 114  87
118 118  94
143 140 121
192 188 176
183 180 173
196 197 189
147 149 138
171 172 156
155 149 127
189 174 145
167 147 114
182 158 124
212 188 154
188 165 133
140 119  88
147 130 102
132 116  90
122 111  89
100  91  74
 90  84  72
 88  84  72
140 137 122
135 133 112
132 127 105
129 123  99
135 125 100
170 156 130
241 227 201
243 231 205
116 104  80
136 126 101
159 152 126
121 115  89
125 110  77
153 128  98
142 107  77
182 143 112
199 170 140
182 165 137
169 159 134
 98  88  63
109  93  67
117  94  63
149 120  88
178 144 107
175 136  97
171 129  91
135  94  64
 83  43  18
 71  48  32
 44  28  13
 64  56  45
112 110  98
139 137 124
161 158 143
108 104  92
125 125 115
123 126 119
 67  75  64
 61  72  56
 62  75  57
 82  96  79
 76  90  75
100 116 105
 84 100  89
 76  84  71
110 112  99
162 159 144
178 169 152
146 138 119
157 150 132
149 143 129
153 151 139
144 141 132
149 146 139
133 130 123
147 142 136
147 140 132
143 136 126
148 144 133
147 143 132
152 150 137
147 143 132
123 119 108
119 115 103
153 147 133
154 148 134
140 134 122
140 136 124
122 120 108
 64  64  54
125 125 115
144 142 130
 98  94  82
209 203 189
161 155 141
 72  66  52
 42  39  24
118 115 100
165 161 149
138 134 122
133 131 118
131 129 116
110 108  96
154 152 140
190 188 175
149 143 131
173 161 147
167 146 129
151 125 102
143 116  89
137 111  84
222 201 174
211 199 175
185 174 156
154 146 133
154 150 138
132 129 112
128 123 104
133 126 107
178 170 151
214 206 185
197 186 164
202 190 168
186 175 153
188 183 163
161 163 142
120 125 105
119 124 104
130 133 116
184 185 169
158 159 145
167 167 155
165 165 153
162 160 147
162 156 140
163 155 136
160 152 129
161 156 127
167 158 129
196 177 147
208 176 151
141 104  85
134 101  86
143 115 104
 60  56  45
  2   2   0
 13  14   9
 10  12   7
 41  42  37
109 106 101
126 123 118
147 142 138
 89  82  76
 60  53  47
 87  83  74
 90  88  76
 76  76  64
149 149 139
240 239 234
248 244 241
199 198 193
 17  16  12
 21  21  19
124 125 120
136 137 132
113 112 107
113 110 103
129 122 116
121 112 105
123 116 110
135 130 124
122 119 112
109 106  97
127 123 114
149 142 134
128 119 114
143 134 127
139 126 118
 76  59  51
101  88  80
117 108 103
 65  60  56
 34  29  25
 11   4   0
 65  57  46
184 175 160
157 144 128
157 140 124
151 134 116
170 153 135
179 162 144
175 156 139
163 148 129
139 126 110
133 119 106
145 135 123
153 145 134
156 152 143
151 148 141
157 156 152
171 170 166
161 160 155
118 117 112
121 122 116
130 131 125
 93  94  86
139 139 131
155 152 143
169 160 151
187 179 168
195 186 171
203 188 169
207 186 165
209 184 162
215 188 167
192 169 151
170 151 134
163 146 128
126 113  94
103  92  72
107  96  78
133 124 109
127 114 106
152 139 133
142 129 121
129 116 110
124 115 108
136 132 121
146 146 134
145 145 135
137 134 127
107 102  98
 63  58  54
 54  51  44
105 105  97
 88  87  82
 43  42  37
129 128 123
167 164 157
158 155 148
159 156 149
156 153 148
156 151 147
162 155 149
158 151 143
155 148 138
150 143 133
141 134 124
182 175 165
231 225 213
192 186 172
122 116 102
111 105  91
135 129 113
150 143 127
150 143 127
131 122 107
192 185 169
156 150 134
148 141 125
235 228 210
231 224 206
242 235 219
227 221 205
173 166 150
176 169 153
158 150 137
132 124 111
113 105  92
158 151 135
226 219 203
194 187 171
159 156 141
144 142 130
130 131 123
135 138 131
114 120 110
152 158 148
123 126 115
 87  89  78
148 145 136
169 165 154
156 149 139
176 169 159
177 173 164
149 147 135
 85  83  71
 88  86  73
131 130 109
134 135 117
135 136 122
 59  61  50
 94  97  88
 42  47  41
 29  35  31
 54  60  58
 40  49  46
 28  40  36
 74  91  85
 68  87  81
 65  81  71
 77  87  76
 53  57  43
 84  85  71
219 212 196
204 192 176
214 198 183
234 217 207
133 122 116
 15  10   7
 40  40  42
131 131 133
 92  91  89
  3   0   0
 17  14   7
 28  25  18
153 153 143
208 206 194
176 168 155
199 185 172
186 167 150
198 182 166
207 195 179
137 131 117
 61  61  49
103 106  95
 87  90  81
102 105  96
137 137 127
139 137 125
143 139 130
128 123 117
129 126 119
138 135 128
147 144 137
136 133 126
130 131 123
141 141 133
140 137 130
125 125 117
138 139 131
134 137 126
124 127 116
105 108  97
124 127 116
108 114 102
 91  97  85
 92 100  87
 84  95  79
 70  83  66
104 117 100
 86  99  82
111 120 103
143 152 135
 84  88  71
104 103  83
146 135 113
181 160 133
209 178 149
209 170 139
201 157 128
176 126  99
107  53  27
132  74  50
125  68  48
110  59  38
139  94  75
150 108  92
141 108  93
139 107  94
 96  68  54
122  95  78
129 124 105
 68  63  44
104  99  80
 69  64  45
127 121 105
196 188 175
168 160 149
205 197 186
226 220 206
220 214 198
160 153 137
154 145 130
161 152 137
207 195 181
177 164 148
162 146 131
219 206 190
201 188 172
195 183 167
180 171 156
179 171 158
196 188 177
166 158 147
160 152 139
147 141 125
164 159 140
185 178 159
215 207 188
238 227 209
186 175 157
163 150 134
228 215 199
 90  83  67
 99  91  80
169 162 154
 73  70  63
 14  15   9
 61  62  54
134 134 126
151 151 141
151 151 139
141 142 128
139 140 124
179 178 158
206 201 179
179 173 149
165 157 136
128 120 101
163 162 144
163 157 141
143 134 119
146 134 118
134 123 103
117 106  84
128 121  95
133 126  98
156 150 118
147 142 110
136 131 101
207 201 175
146 140 118
140 133 114
123 116  98
113 106  88
134 128 112
139 131 118
132 124 113
158 150 139
155 149 135
162 156 142
150 142 129
119 111  98
 87  80  64
 54  47  31
153 144 129
157 145 129
175 164 142
183 173 146
184 173 145
209 195 169
235 227 204
154 145 128
 92  82  70
103  94  79
205 194 174
207 195 171
242 228 202
214 200 174
213 199 173
173 159 133
203 189 163
169 159 134
176 168 147
178 171 152
160 153 137
155 147 134
166 154 138
195 186 169
178 171 153
183 176 157
158 152 130
176 168 147
174 162 140
194 179 158
126 109  89
220 202 182
219 202 182
183 166 146
145 129 106
200 184 159
203 187 162
142 126 101
147 133 106
156 144 118
137 125  99
153 143 116
175 163 137
146 135 107
136 122  96
143 128 105
140 128 106
145 132 115
142 129 112
168 155 136
117 105  81
147 135 109
171 162 133
139 130 101
141 141 113
136 134 109
114 111  92
152 149 134
123 121 108
146 144 131
186 183 166
175 167 146
171 155 129
200 181 151
230 207 175
222 199 167
217 197 164
208 189 159
220 203 175
136 120  94
 75  62  43
 78  70  51
103  96  78
118 113  94
149 144 124
169 164 142
160 156 131
153 146 120
150 140 113
194 183 155
219 205 178
197 183 157
141 127 101
132 118  92
130 118  92
 91  79  53
131 106  75
156 120  88
138  88  55
172 119  85
209 171 135
187 167 134
189 175 146
153 136 108
141 112  82
149 113  81
150 110  75
181 137  98
198 149 108
153 101  61
131  81  46
 99  52  22
135 104  84
 42  19   1
 74  61  45
129 121 108
151 145 129
172 165 147
117 110  92
 98  95  80
145 143 130
119 120 106
 97  98  80
107 112  92
136 145 126
112 126 109
 97 113 100
104 121 111
 67  76  59
114 117 100
202 195 177
183 171 149
174 162 138
171 161 136
155 147 128
149 143 127
146 142 131
139 135 126
138 133 127
151 144 138
142 135 127
144 137 127
142 134 123
133 124 115
151 147 135
162 156 144
138 132 120
136 128 117
169 159 147
156 146 134
176 168 157
199 193 181
172 168 157
153 153 141
169 169 157
 87  85  72
 96  90  74
158 151 133
145 136 119
110  98  82
 72  65  46
131 124 106
197 190 174
151 145 131
149 146 131
137 133 121
150 148 136
158 158 146
170 170 158
149 147 134
156 146 134
173 156 140
182 160 139
157 135 112
166 146 122
199 181 159
163 162 142
151 152 138
166 167 159
126 129 120
108 110  96
167 166 146
193 187 163
197 190 164
138 126 102
108  93  70
100  85  64
130 117  98
168 161 143
157 154 137
160 159 141
144 145 127
146 144 129
123 121 106
147 145 132
176 174 162
143 141 129
164 160 148
175 168 152
186 178 159
166 158 135
164 154 127
190 176 147
207 186 157
195 165 139
168 133 113
180 151 135
 69  45  33
 26  18   5
 48  44  33
 45  45  37
 85  86  80
130 131 125
153 150 143
149 142 136
146 137 130
138 129 122
151 142 133
124 120 109
 24  21  12
  1   1   0
 45  45  37
 49  44  38
133 125 122
167 164 159
  8   4   1
 22  18  15
101  97  94
 87  84  79
 63  60  53
 39  34  28
 23  16   8
 46  37  30
 52  45  37
 41  36  30
 38  35  28
  6   3   0
  6   3   0
 54  46  43
 81  71  70
112 105  99
131 120 114
 25  12   6
 38  27  21
100  91  86
 68  58  56
  9   0   0
 52  39  31
190 176 163
178 162 146
182 163 146
149 126 108
120  94  79
137 114 100
123 104  89
135 116 102
143 131 119
140 127 118
141 131 122
148 139 132
165 158 150
155 150 144
153 150 145
149 148 143
147 147 139
148 148 140
154 151 142
157 154 145
140 137 128
157 155 143
134 130 118
128 122 110
186 176 166
210 200 188
210 198 182
216 201 182
217 195 174
230 202 181
219 186 167
180 147 130
170 139 121
133 102  84
100  72  51
 90  65  45
122 101  82
154 136 122
159 142 132
158 143 136
162 148 139
144 131 123
142 132 123
133 126 116
142 138 127
133 129 118
135 128 120
157 148 143
152 143 138
142 135 129
122 117 111
 76  73  66
132 129 122
158 153 147
166 161 155
166 162 153
184 180 169
184 177 169
170 161 154
167 157 148
168 158 146
192 183 168
150 141 126
132 125 109
123 116 100
205 198 180
231 224 206
218 209 194
197 190 174
168 159 142
181 172 157
150 138 124
123 110  93
223 212 194
229 218 200
228 220 199
223 215 192
184 176 155
164 156 137
178 169 152
193 184 169
203 194 179
160 150 140
145 137 126
107  97  85
141 132 117
197 188 173
213 204 189
191 185 169
172 168 156
128 125 116
120 121 113
125 128 119
152 155 146
154 156 145
174 174 164
159 155 144
175 169 157
159 151 140
180 172 161
173 167 155
182 178 166
183 179 167
 84  81  66
 92  91  71
104 105  87
120 122 108
 92  96  82
 44  50  38
 71  79  68
 78  83  77
103 108 102
108 115 108
123 134 126
119 135 125
 93 111  99
 66  80  65
 68  75  59
 81  83  62
148 143 123
161 148 129
197 181 165
176 158 144
196 180 167
179 169 160
 41  33  30
 42  38  37
 41  37  34
 17  14   9
 65  61  52
 92  85  75
168 164 152
193 191 178
177 175 160
161 155 139
124 117 101
150 141 124
158 151 135
156 150 136
149 147 134
144 144 132
166 166 156
154 151 142
159 155 146
161 154 144
163 154 145
158 149 140
145 136 129
131 124 116
140 136 127
143 140 133
136 133 128
145 146 138
157 158 152
155 154 149
145 144 139
141 141 133
135 135 125
132 129 120
121 118 109
114 111 102
107 107  97
124 124 114
123 127 113
 81  89  74
101 112  95
121 132 115
119 130 113
193 200 182
102 109  93
 69  73  58
 75  74  56
146 138 117
186 166 141
189 160 130
206 171 139
191 152 121
159 114  85
171 119  95
123  68  47
114  62  41
132  83  66
148 105  88
152 113  96
161 128 109
144 113  95
127  98  80
113  86  67
132 130 115
 38  36  21
 83  80  65
119 116 101
149 143 129
197 189 178
198 188 178
210 202 189
183 177 161
204 199 180
164 158 142
161 154 138
158 151 135
160 151 136
178 165 149
141 125 110
107  94  78
169 157 141
221 209 193
233 224 207
198 190 177
177 169 158
173 165 154
164 156 143
156 150 134
163 158 138
219 212 193
229 221 200
208 197 177
192 179 160
197 182 163
231 214 198
188 181 162
149 141 128
 80  73  65
 17  14   7
 84  85  79
135 136 130
143 143 135
133 133 123
146 146 134
142 143 129
146 144 129
127 124 105
191 185 163
212 205 179
197 186 164
165 154 134
165 160 141
142 135 117
158 146 130
204 191 174
140 129 107
126 115  93
136 129 103
138 131 105
149 144 114
103  98  68
129 124  95
185 179 155
183 177 155
170 164 142
121 114  95
161 154 136
189 186 167
180 172 159
152 144 133
157 148 139
161 155 143
171 165 153
164 156 145
162 154 141
121 114  98
118 111  95
167 158 143
153 144 127
146 138 115
199 192 164
242 233 204
209 197 171
241 234 208
133 124 107
 30  21  12
 79  69  59
217 206 188
237 222 199
236 222 196
200 186 159
185 171 144
200 186 159
227 213 187
190 178 156
178 170 149
184 179 160
145 139 125
152 144 133
151 139 125
150 141 126
151 144 126
151 144 125
178 170 149
210 199 179
226 211 192
211 194 176
139 120 103
220 201 184
221 202 185
223 206 186
179 163 140
165 149 124
149 133 107
147 131 105
163 152 122
142 131 103
155 143 119
167 155 131
143 131 105
136 122  95
137 123  96
146 131 108
142 129 112
146 134 118
152 140 124
183 172 154
192 180 158
142 130 104
178 169 140
124 115  86
136 139 108
138 138 110
137 132 112
106 101  82
 63  60  43
149 147 132
186 181 162
152 141 121
168 152 127
169 150 120
170 149 118
169 149 116
162 143 110
198 181 151
184 169 140
159 145 119
134 121 102
119 108  88
142 136 114
168 163 141
187 182 160
202 197 175
197 191 167
155 148 120
162 153 124
136 125  97
141 127 101
131 117  91
155 141 115
154 138 113
154 138 113
141 125 100
150 116  88
134  91  59
156 100  65
155  97  59
162 118  81
150 126  92
194 179 150
205 184 155
161 126  96
146 103  69
165 121  84
229 181 141
188 135  93
156  98  58
153  97  62
141  90  59
140 104  82
108  81  62
137 119 105
162 150 136
179 170 153
177 166 146
162 154 135
136 131 112
156 153 136
139 136 119
172 169 150
174 176 155
162 169 151
116 129 112
 85 103  89
111 131 120
151 163 143
197 200 181
196 189 170
196 181 158
200 186 159
154 142 116
159 151 128
157 150 132
167 161 149
157 150 142
131 124 118
146 139 133
157 150 142
155 148 138
157 149 138
157 147 138
165 159 145
155 149 137
152 144 133
157 147 137
160 150 138
153 143 131
183 173 163
208 202 190
144 140 129
145 145 133
127 127 115
 47  45  30
145 140 121
145 137 118
200 189 171
214 201 184
149 141 120
156 148 129
178 169 152
183 176 160
153 147 133
152 150 137
154 154 142
149 151 138
138 140 127
158 156 144
164 156 143
162 146 131
172 151 132
214 192 171
188 170 150
163 146 128
154 157 140
159 162 151
139 146 139
 70  77  70
 50  54  40
144 143 123
196 192 165
188 181 153
162 148 122
129 113  90
154 139 118
145 134 116
205 198 180
233 227 211
213 210 193
221 218 199
186 183 168
118 115 100
182 178 166
188 186 173
170 166 154
158 152 140
175 168 152
188 180 161
191 180 158
198 186 160
173 158 129
203 179 151
234 204 176
212 180 157
113  86  69
103  79  67
135 125 113
151 145 133
127 127 117
158 159 151
135 136 128
134 131 124
154 147 139
149 138 132
160 150 141
187 178 169
 82  78  67
 72  72  62
 60  60  52
 16  13   6
 75  70  64
 16   7   2
 39  34  30
 20  15  11
 91  86  82
155 150 146
163 160 155
155 152 145
125 120 114
124 117 109
137 128 119
144 137 127
134 129 123
107 104  99
 93  90  85
 98  95  90
 65  57  55
 51  42  43
 51  42  37
 43  34  29
 22  11   7
 27  16  12
 10   1   0
 32  22  20
 63  52  48
167 153 144
231 215 200
140 122 102
155 132 114
177 151 134
165 137 123
157 131 118
142 120 107
137 119 107
137 124 115
137 127 118
138 129 124
150 142 139
163 158 154
148 143 139
153 150 145
154 154 146
144 144 134
146 146 134
159 157 145
110 108  96
123 119 108
184 180 168
192 186 172
137 130 114
112 100  88
178 168 156
218 206 190
212 195 177
218 196 175
222 191 171
191 156 137
169 132 114
139 102  86
103  66  48
112  77  57
119  88  68
144 119  99
154 132 118
163 145 135
156 139 131
160 146 137
148 135 126
160 150 141
132 123 114
151 144 134
147 140 130
126 117 110
134 125 118
153 142 136
148 139 132
166 161 155
176 173 166
157 152 146
166 159 153
158 154 145
168 164 155
202 196 184
218 209 200
208 198 189
203 193 183
207 198 183
212 203 186
205 196 179
184 175 158
154 145 128
200 192 173
211 203 184
226 217 200
240 231 214
220 211 194
222 210 194
250 237 221
246 233 216
234 221 204
200 187 168
188 177 155
217 207 182
192 184 161
159 148 128
175 164 146
212 199 183
207 195 183
151 141 131
124 116 105
135 125 115
159 149 137
191 182 167
199 190 175
215 208 192
191 185 173
163 160 151
145 146 138
142 145 136
138 141 132
158 160 149
169 167 155
212 208 197
172 166 152
160 152 139
199 191 178
181 175 163
149 145 133
159 156 141
 63  60  45
 73  72  54
 99 100  82
 97 101  84
 88  95  79
 61  69  54
 94 102  89
137 142 135
148 153 147
152 157 151
137 147 138
107 123 112
 70  86  73
 76  90  73
 65  73  52
176 175 154
226 220 198
162 147 126
154 137 119
166 149 133
223 207 194
174 161 153
 44  37  31
 22  17  13
 55  52  47
112 107 101
182 175 165
164 156 145
175 169 155
190 187 172
188 187 169
189 186 169
179 173 157
139 133 117
133 127 113
156 152 140
156 154 141
199 197 185
171 167 156
159 152 144
177 168 161
175 166 157
174 164 155
166 156 147
161 151 142
158 151 141
153 149 138
150 147 140
146 142 139
156 159 152
152 153 147
154 153 148
166 165 160
154 151 144
147 144 135
142 138 127
136 132 121
123 121 109
128 124 113
114 112 100
119 121 108
107 114  98
142 153 136
139 150 133
 90  99  82
155 162 144
161 168 150
 90  94  79
 92  91  73
183 175 154
194 174 149
195 168 138
207 174 141
207 171 139
188 144 115
221 171 148
140  88  67
114  61  43
136  89  73
139  97  81
161 122 107
165 130 111
192 159 142
176 145 127
142 114  93
