0
1
1
2
1
2
2
1
2
2
1
2
0
2
2
1
1
1
1
2
2
2
2
2
2
2
2
1
2
2
2
2
2
2
2
2
2
2
2
2
2
2
2
2
2
2
2
2
2
3
3
3
3
3
3
1
3
3
3
3
3
3
3
3
3
3
3
3
3
3
3
3
3
3
3
3
3
3
3
3
3
3
3
4
3
3
3
4
4
4
3
4
4
4
4
4
4
4
4
4
4
4
4
3
4
4
4
4
4
4
4
4
4
4
4
4
4
4
3
4
4
5
5
4
5
6
5
5
6
6
1
6
6
5
6
6
6
6
1
6
6
5
1
6
6
6
6
6
6
6
6
6
6
6
6
6
6
6
6
6
6
6
6
6
6
6
6
6
0
6
6
6
6
6
6
6
6
6
6
7
7
7
6
7
7
7
7
6
6
7
7
7
7
7
7
7
1
7
7
7
7
7
7
1
7
7
8
8
8
8
8
8
8
8
8
8
8
8
8
8
8
1
8
8
8
8
8
8
8
8
8
8
8
8
9
9
9
9
9
10
9
10
10
8
8
10
9
9
10
10
10
10
10
9
9
10
9
10
9
10
9
9
10
10
10
10
10
10
10
1
9
10
10
10
10
10
10
10
10
10
10
10
2
10
10
7
10
10
10
10
10
10
10
10
10
10
10
10
11
11
11
11
10
11
11
2
11
11
11
11
11
11
11
11
11
11
11
11
11
11
11
11
11
11
11
11
11
11
2
11
11
11
11
11
2
11
11
11
11
12
12
12
11
12
12
12
12
12
12
12
2
11
2
11
12
12
11
11
11
12
12
11
11
8
12
12
12
12
12
12
12
12
12
12
12
12
13
13
13
12
13
12
13
8
13
13
1
13
12
13
13
13
13
13
13
13
13
12
14
14
12
14
14
14
14
14
14
13
14
14
13
13
14
14
13
2
14
14
14
14
14
15
15
13
15
15
15
15
15
15
15
15
15
9
15
15
15
15
15
14
15
15
15
15
15
15
15
15
15
15
15
15
15
15
15
15
15
15
15
15
15
15
15
15
15
15
15
15
15
15
14
16
15
16
14
16
15
15
16
16
15
15
15
16
16
16
16
16
16
16
17
17
17
17
17
17
17
17
17
17
17
17
17
17
17
17
17
17
1
1
18
2
17
18
17
17
18
18
18
18
3
5
18
17
18
18
15
17
18
17
17
18
5
18
18
18
18
18
18
18
10
17
18
18
17
18
17
18
18
18
18
18
18
18
18
18
18
18
18
18
18
18
18
18
18
18
20
19
20
20
17
19
19
20
19
19
19
21
19
21
21
19
19
17
21
21
21
21
20
16
21
21
20
16
20
20
21
20
21
12
20
20
17
21
19
21
20
0
21
21
21
21
21
21
21
19
21
21
21
0
22
19
22
21
20
21
21
20
21
22
22
22
22
22
20
22
22
22
22
22
22
22
22
22
22
22
3
22
22
22
22
22
22
22
22
22
22
22
22
22
22
22
22
22
22
22
22
22
22
22
23
23
23
22
23
23
22
0
20
23
10
12
22
23
23
23
23
23
23
23
20
23
23
23
23
23
23
1
23
23
23
12
23
24
23
25
25
24
24
24
24
24
25
24
25
26
24
26
26
0
27
27
24
20
24
24
24
24
24
27
24
27
5
27
3
20
25
27
27
27
27
20
25
27
26
3
26
25
21
27
25
20
5
27
25
27
1
24
21
3
27
27
26
20
27
25
5
20
5
27
25
25
27
27
26
26
27
27
27
26
27
27
17
27
3
27
2
27
27
27
26
26
27
27
20
27
27
27
27
26
27
27
27
26
27
5
26
27
27
27
27
27
27
27
27
27
27
27
27
27
27
27
27
27
27
20
27
27
27
27
27
27
28
28
28
28
28
29
29
3
29
23
28
29
29
28
28
29
3
29
29
3
3
29
29
29
29
20
29
29
29
29
28
28
29
29
29
29
28
29
29
29
29
29
29
29
29
29
29
29
29
29
21
5
29
20
31
29
29
31
31
20
31
31
30
12
30
31
29
29
30
31
31
31
31
3
31
23
30
30
31
30
31
31
1
31
5
31
32
21
31
32
31
31
32
32
31
31
32
31
32
32
32
31
23
31
31
32
32
31
2
31
31
32
32
33
33
32
31
0
31
33
33
33
33
33
33
33
33
33
33
33
21
33
33
33
33
33
33
33
33
33
33
33
33
5
34
34
34
34
34
5
34
34
34
21
35
21
35
35
21
35
35
35
21
21
35
35
35
21
21
35
35
35
21
5
35
21
35
35
35
21
35
35
23
35
35
35
21
35
35
35
35
35
23
23
35
35
3
35
35
35
35
35
35
35
23
35
35
35
21
35
35
21
36
36
35
36
35
35
35
37
37
37
2
37
35
21
37
37
37
36
37
36
36
36
36
37
37
37
22
37
37
37
37
37
37
21
37
37
37
23
37
37
37
37
37
37
37
37
37
37
37
37
37
22
37
37
37
3
37
37
37
37
21
37
38
38
38
38
38
38
1
38
38
38
38
39
39
40
40
40
40
1
40
40
40
40
40
39
39
2
21
41
39
41
39
41
41
10
39
1
21
41
0
39
39
41
39
3
41
41
41
41
3
5
41
41
41
41
41
41
41
41
3
40
41
40
41
41
23
40
41
41
41
41
40
40
41
41
41
41
41
5
0
23
41
41
41
41
41
41
41
41
41
41
41
41
41
23
41
41
41
41
41
41
41
42
41
42
5
43
43
42
43
43
19
42
43
42
42
42
43
25
42
43
42
42
42
43
25
42
42
42
43
42
42
42
42
3
42
42
21
5
42
43
44
43
44
43
44
21
6
25
44
44
43
44
44
44
44
12
43
44
44
42
43
44
43
43
42
44
44
6
44
44
44
25
44
44
44
44
44
44
44
43
43
44
44
44
44
12
43
44
44
44
44
43
43
44
3
44
44
44
44
44
10
27
44
44
44
3
45
45
45
45
45
45
45
45
45
45
45
45
45
45
45
45
45
45
45
45
26
45
45
45
45
3
45
45
46
47
47
47
47
47
47
47
47
47
47
47
47
47
47
47
47
47
1
47
27
47
47
47
47
47
47
47
47
47
12
47
6
47
47
24
47
47
47
47
47
47
47
47
47
47
26
26
47
48
48
10
48
48
48
26
48
24
48
48
48
48
48
48
48
48
12
48
48
48
6
48
48
48
48
48
48
48
48
12
49
49
48
49
49
49
48
49
49
29
2
49
49
49
49
49
49
49
49
49
48
12
49
49
49
49
48
27
49
49
49
29
0
3
49
49
49
30
49
50
27
50
50
50
50
50
50
50
50
50
50
50
50
50
50
50
50
50
50
50
50
50
51
51
51
51
51
51
51
51
51
51
51
51
51
51
51
51
51
51
51
51
36
3
51
51
51
51
51
10
51
51
29
51
51
51
51
51
51
51
3
3
51
30
52
51
51
52
52
52
52
52
52
52
52
52
52
52
2
52
52
52
52
52
52
52
52
52
52
53
53
53
53
53
3
53
53
52
53
53
53
53
53
53
53
5
53
53
53
53
53
30
53
54
54
54
54
54
54
30
54
24
54
54
54
55
55
54
54
54
54
55
55
55
30
55
55
55
55
55
55
56
56
55
56
36
56
30
56
24
56
55
55
56
56
56
56
56
3
55
56
56
55
30
55
56
56
56
55
56
56
56
56
26
56
56
56
56
30
56
56
56
56
56
30
57
57
57
30
57
57
56
57
57
57
57
57
57
57
57
57
57
57
57
57
6
57
57
57
57
58
59
59
58
59
58
58
58
58
59
58
57
58
36
58
58
59
59
59
59
59
59
59
59
59
59
59
59
24
59
5
59
59
59
59
59
59
59
59
59
59
59
26
30
59
5
59
60
60
60
60
60
6
60
60
60
60
60
60
60
60
10
60
30
30
6
60
60
60
30
60
60
60
60
60
36
30
60
60
60
60
60
60
3
60
61
30
60
61
61
61
30
61
26
61
61
61
30
61
61
62
62
62
61
61
62
61
62
62
62
62
62
62
62
62
62
62
5
30
3
62
62
62
62
62
62
62
62
62
62
62
62
30
63
63
30
63
62
63
63
62
62
63
64
64
64
64
64
64
64
64
63
64
64
64
64
64
64
64
64
64
62
64
64
64
64
64
64
64
64
19
64
64
64
64
64
64
64
64
10
12
64
64
65
65
30
65
10
65
65
65
65
65
66
66
2
66
66
66
66
66
66
66
66
66
66
66
66
30
66
66
66
66
6
67
67
67
66
66
67
66
67
38
67
67
30
67
67
66
66
67
66
66
66
67
67
66
66
66
67
67
67
66
12
67
67
66
67
66
67
67
30
66
67
67
67
24
67
67
67
67
67
67
67
67
67
67
68
68
68
68
68
68
68
68
68
67
67
68
68
30
68
12
68
68
68
68
68
68
68
68
69
69
69
69
69
3
69
30
69
69
69
69
69
30
69
69
69
69
3
69
69
69
69
69
69
2
69
70
70
70
70
70
70
70
70
70
70
3
70
70
21
70
30
70
70
70
68
70
70
3
70
70
70
70
70
70
70
70
70
70
0
70
70
70
70
70
70
70
70
12
71
68
71
71
71
71
71
71
3
71
71
71
3
71
72
72
71
71
71
72
71
71
71
27
72
72
72
72
72
72
72
72
72
6
72
72
72
72
72
72
72
72
12
72
72
72
72
72
73
73
3
68
27
72
73
73
73
73
73
73
68
73
73
0
3
73
73
73
73
73
73
73
73
73
72
73
73
73
73
73
68
73
73
73
73
73
74
73
74
1
74
74
74
74
73
74
74
24
74
74
74
73
73
68
74
74
74
74
74
74
30
74
74
74
74
74
74
74
74
74
74
74
74
74
2
10
75
75
75
75
75
30
74
75
30
75
75
75
75
75
75
75
68
76
76
27
76
30
76
0
76
30
76
76
76
76
21
76
76
30
76
76
76
76
76
76
76
76
76
76
68
76
76
76
76
76
76
76
76
76
76
76
76
76
76
76
76
76
68
76
76
12
76
77
77
77
76
68
77
76
77
30
76
77
74
76
76
77
77
77
78
77
78
77
78
78
78
78
77
77
78
78
78
77
78
77
77
79
79
30
78
78
79
78
78
79
79
78
79
79
79
3
3
79
78
78
78
78
79
78
79
74
78
79
79
2
79
79
79
79
78
79
79
79
30
27
79
79
79
79
79
79
79
79
79
79
79
79
5
78
79
79
79
79
80
74
80
80
80
81
30
81
30
81
81
81
81
81
81
30
81
80
81
30
81
80
81
81
80
81
68
81
81
81
81
2
81
81
10
81
80
81
81
81
81
81
81
81
81
81
81
81
81
27
81
81
81
81
81
82
82
81
82
27
82
81
82
82
3
82
82
82
82
82
82
5
82
82
30
82
30
82
30
82
82
82
82
83
83
82
83
83
83
83
83
83
6
30
83
83
83
83
30
83
82
30
83
83
83
30
84
84
82
84
84
85
84
84
85
0
74
84
85
85
85
30
85
85
27
85
85
85
85
85
85
84
85
85
84
85
85
27
30
74
85
84
85
85
85
85
85
85
85
84
85
85
6
85
30
85
85
84
85
85
85
84
85
85
85
85
85
85
85
85
30
85
85
85
86
86
86
86
85
85
86
86
86
27
86
86
86
86
86
86
86
86
86
86
86
68
86
86
87
87
87
87
87
87
87
87
87
87
68
87
87
87
3
87
87
88
88
68
88
88
88
88
88
88
88
88
88
88
88
88
88
74
74
88
88
88
88
88
68
30
88
88
0
88
89
89
89
88
89
3
68
89
89
89
89
89
89
89
89
89
89
89
89
89
89
89
89
89
89
89
90
90
90
90
30
90
90
90
90
90
30
90
90
90
68
91
91
91
91
91
10
30
3
91
91
30
27
68
91
91
91
91
91
91
91
91
91
3
27
91
91
91
91
91
91
91
91
91
30
91
3
91
30
30
91
91
91
10
91
92
91
2
92
91
30
92
92
30
92
91
91
92
92
92
92
3
92
91
92
92
30
92
92
92
92
92
92
92
92
92
92
92
92
92
27
92
92
92
30
92
92
92
92
92
92
92
92
30
92
92
3
30
92
27
93
93
93
93
93
92
93
93
93
93
93
3
91
93
93
93
93
93
93
93
93
93
93
93
93
94
94
93
93
30
93
95
2
95
95
94
95
95
95
95
93
95
95
94
95
94
95
95
10
95
95
95
95
95
68
95
95
95
95
95
10
95
95
68
95
95
95
95
95
5
95
3
95
95
95
95
95
95
95
0
96
96
30
96
96
96
96
96
96
96
30
3
96
96
3
96
96
30
96
96
96
30
96
68
96
0
68
96
97
97
96
30
96
96
96
97
3
97
97
97
5
97
12
97
97
97
97
97
30
97
68
0
98
98
98
6
98
98
98
98
68
98
98
98
0
98
98
98
98
10
98
98
98
98
98
98
98
98
98
98
98
99
99
99
99
99
99
99
99
30
0
99
99
99
100
99
100
100
6
100
100
100
100
100
100
100
100
6
100
68
30
100
100
30
100
100
68
100
100
100
100
100
100
100
100
100
100
100
3
100
100
100
100
100
100
100
68
100
101
3
101
101
101
42
27
101
101
100
101
101
101
101
101
100
101
101
68
102
102
102
101
3
101
101
102
102
102
102
102
102
5
102
103
103
102
24
30
103
103
102
103
103
103
103
103
30
103
103
103
103
103
103
102
103
103
103
103
102
103
103
103
103
30
103
103
102
102
103
103
103
30
103
103
103
103
103
103
103
103
103
103
103
103
103
104
103
30
104
104
27
104
104
104
68
104
30
104
42
104
104
104
104
104
68
104
104
104
104
104
105
105
104
105
105
104
105
105
105
105
105
105
105
105
104
104
105
104
42
105
105
105
105
104
3
105
105
105
105
105
105
30
30
105
105
10
105
105
105
105
105
105
106
106
105
106
106
27
10
27
105
105
68
30
30
106
68
106
107
30
68
107
106
106
68
3
1
107
68
107
3
106
107
106
107
107
30
107
10
42
107
106
107
106
106
107
107
30
107
107
107
107
30
30
30
30
106
106
106
107
106
106
107
107
107
107
107
107
107
84
107
107
68
107
107
107
107
107
3
107
107
107
107
2
108
3
108
30
108
108
30
68
108
108
108
108
108
12
108
108
108
108
30
108
108
108
10
108
108
108
30
108
108
108
108
68
108
108
108
108
30
27
30
108
2
108
12
108
108
108
108
108
108
108
30
108
108
108
68
108
109
109
109
2
109
109
109
109
109
109
109
109
109
109
74
110
110
3
109
109
68
110
21
110
109
110
110
110
42
110
110
110
110
110
110
3
110
110
110
110
110
110
110
30
110
30
3
110
110
110
110
110
110
110
6
110
111
111
112
111
111
111
111
112
112
111
112
111
112
112
111
112
112
111
111
111
30
111
111
111
111
112
27
111
68
112
112
112
3
111
111
111
112
112
112
112
30
112
112
111
112
112
112
112
68
112
112
112
112
30
30
68
112
112
68
3
112
112
112
112
112
112
113
113
68
113
113
113
112
113
113
113
113
113
113
113
113
30
114
30
114
113
114
114
113
114
114
30
114
114
114
114
24
114
74
114
1
114
12
114
114
21
114
114
114
114
6
114
1
114
114
114
115
114
114
114
115
115
115
115
115
5
68
0
115
115
115
115
115
115
30
115
115
115
115
115
115
115
115
115
115
115
115
116
115
116
116
30
116
116
42
116
117
116
117
117
115
117
117
117
2
3
30
117
117
3
117
117
117
117
117
30
117
3
30
116
117
117
117
117
116
27
117
117
116
117
116
117
117
117
117
117
117
117
117
117
117
117
117
117
117
117
117
117
117
117
117
117
117
117
117
117
117
117
117
117
117
5
118
117
118
118
118
30
117
117
118
117
118
118
2
30
118
118
30
3
118
118
118
118
118
117
118
19
118
118
119
118
119
119
119
12
119
118
118
27
118
118
118
120
120
30
118
119
120
119
119
119
120
120
120
120
30
120
120
120
3
119
120
120
119
120
120
119
120
71
120
120
120
120
120
10
120
120
120
30
120
120
71
71
120
120
120
120
120
120
120
27
120
120
121
121
121
121
121
121
121
121
121
71
122
120
122
120
122
122
122
122
71
122
122
122
6
122
122
121
122
122
122
122
122
122
122
122
122
122
30
122
122
122
122
72
122
122
122
122
122
122
122
122
122
122
122
122
122
122
72
30
122
122
122
122
122
122
122
122
122
122
122
122
122
122
122
71
123
123
123
123
3
30
123
123
123
123
123
123
123
123
123
123
123
123
123
123
123
123
3
123
123
123
123
123
123
124
12
123
123
123
123
124
123
123
124
124
124
124
71
124
124
124
123
123
124
124
5
30
19
124
124
124
30
124
74
124
124
124
30
124
124
124
124
125
125
124
125
124
12
125
125
0
125
126
125
126
3
30
126
126
126
125
126
126
126
2
126
126
126
126
3
12
125
117
30
126
126
126
126
126
126
126
71
126
126
126
126
3
126
126
126
126
126
127
126
127
127
126
127
127
127
127
127
127
3
30
127
127
126
127
127
127
127
127
127
127
117
127
127
127
127
12
127
128
128
127
128
128
127
30
30
128
128
128
76
128
128
128
128
128
128
27
128
128
128
128
128
30
128
128
128
128
128
128
128
2
128
128
128
71
128
128
129
129
129
129
129
129
129
129
129
129
129
76
77
129
1
84
42
129
129
129
129
129
129
42
129
130
30
130
130
129
129
129
117
129
130
30
130
129
71
130
131
131
129
129
131
130
131
2
131
3
130
3
130
131
130
130
131
130
131
30
131
131
130
130
130
131
130
130
131
30
131
131
131
131
131
42
131
21
30
71
131
131
131
131
132
131
131
131
131
132
3
0
132
132
132
132
132
132
132
132
132
132
132
132
3
10
133
133
133
133
133
117
30
133
133
133
133
133
30
133
133
133
2
133
3
133
133
30
133
133
133
133
133
133
133
133
133
133
30
133
133
134
134
134
134
134
134
134
134
10
134
134
134
27
134
134
10
134
77
133
134
134
134
134
134
134
134
134
3
71
134
134
135
135
30
134
135
135
135
135
135
77
135
135
135
133
30
135
135
30
135
135
136
136
136
3
136
136
136
136
136
136
136
136
136
136
30
136
136
117
136
136
136
136
137
137
3
137
136
136
136
136
137
30
136
136
136
137
137
137
5
136
137
137
136
30
30
137
137
137
137
137
71
134
30
42
137
138
138
27
138
138
138
138
138
134
139
139
30
139
139
139
0
139
139
5
139
71
139
139
5
139
139
139
3
139
139
139
24
139
139
139
139
21
30
77
3
139
139
139
139
139
10
139
139
139
139
139
137
139
139
139
139
139
140
140
139
10
21
140
117
140
140
140
140
140
140
140
140
140
140
140
140
140
2
140
140
140
140
30
24
141
141
141
141
141
141
0
141
141
141
141
141
138
138
141
141
141
141
141
141
141
142
142
142
142
142
21
5
3
142
142
142
2
142
142
142
71
142
142
142
142
142
142
142
142
142
1
142
142
142
142
142
3
143
143
143
143
30
143
27
143
143
143
143
143
143
143
143
6
143
143
143
143
143
143
144
144
77
142
144
144
144
144
144
144
144
144
144
2
144
144
144
30
144
144
144
144
30
3
145
145
144
12
145
145
145
144
145
6
145
145
145
30
145
138
145
145
145
146
12
146
146
145
146
145
146
146
146
146
146
71
71
30
146
146
146
146
146
0
146
146
146
146
146
30
146
146
12
147
147
147
147
147
27
147
30
142
147
147
148
148
148
148
1
148
147
148
24
30
148
147
148
148
148
148
148
138
148
87
148
148
147
148
148
147
147
148
30
148
148
87
148
148
147
149
24
149
77
117
148
148
148
149
27
149
149
30
30
148
148
149
3
30
149
148
149
149
0
142
42
149
149
149
149
149
77
30
149
149
88
149
30
117
149
149
149
149
149
149
138
138
149
71
149
149
30
149
149
3
149
149
149
149
149
149
149
149
30
149
149
19
30
149
149
149
149
3
149
149
149
88
30
149
149
117
21
77
5
149
89
149
150
150
150
30
3
150
150
150
150
150
150
150
150
1
150
150
150
150
150
150
150
150
71
30
150
151
151
1
150
150
151
150
151
12
2
77
152
152
6
5
152
152
30
152
152
152
152
152
152
152
152
152
152
138
71
152
152
152
152
152
152
27
152
152
152
153
117
153
153
152
30
24
153
152
152
152
138
153
153
152
153
153
153
152
142
153
2
153
153
153
153
153
154
154
154
154
77
154
154
154
30
5
154
6
154
154
154
154
154
154
154
19
154
154
154
154
154
155
155
30
155
155
117
142
155
155
155
155
71
92
155
155
138
155
155
155
155
155
155
155
156
156
156
156
156
6
138
138
157
157
138
156
30
0
157
3
157
157
157
158
158
157
158
77
158
0
157
157
2
157
157
157
158
157
158
0
42
158
158
158
157
158
158
158
158
158
158
158
77
158
158
158
158
158
158
158
158
158
158
158
158
158
158
158
158
158
158
158
158
158
158
158
158
158
158
30
158
3
92
158
158
158
158
158
159
159
159
30
159
159
5
159
24
159
159
3
30
159
159
159
159
159
159
138
159
30
159
22
3
159
159
159
159
159
159
159
92
138
159
42
30
159
159
159
159
159
159
160
160
159
160
3
1
71
160
160
27
160
138
27
1
84
160
30
12
160
160
160
160
160
160
160
30
161
160
161
160
161
161
161
161
161
160
160
160
161
161
161
160
160
160
6
161
161
161
142
161
161
162
162
161
77
162
162
162
162
161
162
92
92
0
161
161
162
138
162
162
30
162
30
162
162
162
162
161
161
161
162
162
162
162
162
30
6
162
162
162
162
162
162
2
162
162
162
162
162
3
162
162
162
162
162
162
162
162
162
117
163
71
163
163
163
163
163
92
163
163
163
163
163
30
24
163
163
163
163
163
12
163
164
164
164
0
164
164
164
164
2
164
164
164
164
164
30
164
164
164
164
138
164
164
164
164
164
165
165
165
165
165
117
165
165
165
77
6
71
166
166
166
165
77
30
165
166
166
166
165
166
165
166
71
30
166
165
166
166
165
166
77
12
165
1
30
166
71
71
166
166
30
30
166
138
71
166
166
166
166
117
166
166
166
71
166
166
166
30
166
166
166
30
166
166
166
166
166
166
166
167
3
167
167
167
167
167
167
167
167
167
167
167
138
167
30
167
167
167
167
167
167
167
167
167
71
10
30
167
167
167
167
167
167
167
167
168
168
6
168
168
168
30
168
168
168
168
168
168
168
168
168
168
168
30
30
168
168
168
168
168
168
30
168
3
168
168
168
168
168
168
117
168
168
168
77
30
169
30
169
1
142
169
169
169
169
169
30
168
27
168
142
169
30
169
169
169
169
169
169
169
169
30
169
169
169
169
169
169
169
169
169
30
169
170
170
169
3
170
30
170
169
169
170
170
170
92
30
170
170
170
77
170
170
170
170
30
77
170
170
170
170
170
24
170
170
170
171
77
171
171
3
30
2
171
171
3
138
172
172
92
172
77
172
172
172
168
172
172
172
142
172
172
172
172
172
172
172
172
172
71
92
117
172
172
172
172
30
71
172
172
172
3
172
172
172
172
173
173
71
173
172
173
173
30
173
173
172
173
173
173
173
27
173
173
173
173
30
117
173
71
173
173
138
173
168
173
173
173
12
173
173
5
174
174
30
174
174
174
138
174
174
174
174
174
174
174
22
30
174
175
174
174
2
175
175
174
175
117
175
175
174
174
175
175
175
175
30
175
174
175
175
175
175
175
175
175
175
2
175
175
30
175
175
175
175
30
175
175
168
175
176
168
176
176
176
3
138
138
176
176
176
176
176
176
176
176
176
176
176
176
176
84
30
176
176
117
27
176
176
176
176
176
176
176
176
176
176
176
177
177
177
177
177
19
177
177
19
177
177
177
42
138
177
177
177
177
0
177
178
178
178
6
178
138
178
177
30
178
178
177
177
178
30
177
178
92
178
178
178
178
168
178
168
178
3
178
22
178
178
178
178
178
30
178
178
179
10
179
71
179
179
179
179
179
179
180
5
180
168
180
180
180
180
180
180
180
180
180
180
180
180
180
180
180
77
180
180
180
168
181
181
168
181
6
181
181
181
181
181
181
181
181
181
181
181
182
182
181
182
182
182
182
182
182
182
182
168
182
182
182
182
138
182
182
182
182
182
182
182
182
3
182
182
182
182
183
183
183
183
138
12
183
138
183
183
183
183
92
183
183
183
117
5
183
183
183
2
77
183
183
183
3
183
183
117
183
117
183
183
184
184
184
184
184
184
184
184
184
184
184
184
184
3
184
184
10
184
184
184
184
184
184
184
138
184
185
168
185
185
185
185
185
185
185
0
185
185
185
185
185
185
185
84
92
185
185
185
185
185
185
185
185
185
185
185
185
185
3
185
185
185
185
185
185
185
42
71
186
186
30
186
186
186
186
186
186
3
92
27
30
186
187
187
71
187
187
3
187
187
187
187
187
187
187
187
71
187
187
142
187
187
5
187
187
187
187
187
187
187
187
187
27
187
187
187
187
187
188
188
188
188
188
30
188
188
188
188
188
188
77
188
188
188
188
188
30
188
188
188
188
188
188
188
138
188
188
188
188
189
188
189
189
189
188
30
188
189
189
142
188
189
189
30
189
189
189
189
189
189
189
117
168
6
189
189
189
30
190
190
190
190
190
190
190
190
190
92
190
84
190
190
190
190
190
190
190
190
77
3
190
190
190
190
30
71
30
190
190
190
191
191
191
2
191
191
22
92
191
191
191
191
191
27
30
191
191
30
10
30
191
138
191
191
191
191
2
30
192
191
192
77
192
192
192
2
192
192
192
192
192
192
30
192
192
192
192
192
192
192
192
30
192
192
192
192
192
192
92
193
193
193
193
193
30
193
193
193
193
138
193
193
193
193
1
30
193
2
192
27
193
193
193
30
193
24
194
194
194
194
193
194
71
193
194
194
194
194
194
3
194
194
194
194
194
194
194
194
194
194
192
194
194
195
195
195
195
195
30
192
138
195
195
195
195
195
195
195
195
195
138
195
193
195
195
195
30
195
195
195
193
195
195
193
193
3
196
193
196
196
195
195
196
196
196
196
196
195
168
71
196
196
196
30
193
196
30
196
196
30
196
196
196
30
193
196
196
196
30
196
196
196
3
196
30
196
197
193
197
197
197
77
30
197
138
197
197
197
197
197
197
197
30
193
197
30
197
197
197
3
197
193
138
3
30
197
197
6
198
198
77
30
198
30
198
30
6
198
138
198
198
198
3
30
193
3
193
198
193
198
198
198
193
198
198
198
198
118
198
198
198
199
77
199
199
92
198
199
199
199
199
198
168
30
199
168
199
3
77
199
199
30
199
199
199
199
6
27
199
199
199
24
138
200
200
30
168
168
200
3
200
200
84
200
200
200
200
200
200
92
200
6
193
200
200
200
200
118
30
200
200
168
200
200
200
92
200
200
200
193
200
201
201
5
12
30
201
201
71
201
30
201
201
138
10
201
201
201
201
201
201
201
30
201
201
201
201
193
201
202
202
202
202
77
42
30
202
203
193
202
2
202
203
203
202
193
138
203
203
203
3
203
193
203
2
203
203
92
138
168
203
203
203
203
203
203
203
203
203
203
203
203
203
203
203
12
203
203
3
30
203
203
138
120
142
203
203
203
203
138
204
204
204
204
3
30
204
204
30
204
193
204
204
204
204
204
204
204
92
204
30
121
3
204
138
204
121
204
204
204
204
204
204
204
5
204
204
205
42
193
205
193
205
205
205
205
205
205
138
193
205
138
193
205
205
30
205
193
205
205
205
92
92
205
205
205
138
205
205
30
205
30
205
121
205
3
206
206
71
206
206
206
205
3
6
206
206
206
24
30
206
206
206
206
206
206
193
5
206
206
207
3
207
207
207
138
207
207
207
207
207
207
207
207
207
207
168
207
207
207
207
207
207
193
71
193
5
207
208
208
207
207
207
208
208
208
71
193
207
92
208
168
208
208
208
138
208
168
208
193
208
208
30
3
208
10
208
208
12
207
208
208
42
208
209
209
209
209
209
209
12
209
208
27
209
209
142
209
84
208
193
142
209
193
5
209
209
209
209
209
71
209
209
209
208
209
209
209
71
30
193
30
210
210
210
210
168
30
193
210
210
71
210
210
210
2
210
210
210
210
210
210
210
211
211
138
211
210
211
12
138
71
211
211
211
211
211
211
211
168
3
211
211
77
124
211
84
211
211
211
193
211
211
211
193
211
193
168
168
71
193
193
212
212
212
71
212
212
212
212
3
193
30
193
212
30
77
212
212
3
212
212
212
212
212
212
138
193
212
213
213
193
212
3
213
213
3
3
213
142
213
193
213
27
213
213
213
10
213
10
213
213
213
214
214
6
214
193
214
214
214
214
214
214
214
92
214
214
214
193
214
77
214
214
214
214
193
30
193
127
3
214
214
215
215
30
138
216
138
216
138
216
216
216
216
168
193
216
216
92
216
216
216
216
216
71
138
216
216
3
71
216
193
30
138
30
217
2
193
216
193
77
217
217
217
217
30
12
5
3
217
217
217
217
217
217
138
217
138
168
217
92
217
217
128
217
217
217
6
2
218
218
168
218
138
218
218
218
218
71
218
142
217
193
218
218
218
218
218
138
218
1
218
42
27
218
218
218
30
218
3
30
193
22
218
30
218
1
30
168
219
219
219
219
219
219
219
219
219
219
12
219
30
219
3
219
138
219
219
219
219
138
193
219
220
30
220
130
220
220
220
193
220
30
220
220
220
30
168
220
193
221
221
221
221
221
221
193
221
221
221
221
30
221
138
221
222
222
222
222
222
24
222
30
222
222
30
222
193
222
222
222
222
222
3
222
222
221
222
222
193
142
30
193
222
222
222
222
222
222
222
42
222
222
222
222
1
222
3
222
222
222
222
92
138
222
222
222
222
222
222
222
222
223
223
223
193
92
222
223
3
223
138
223
193
223
223
138
193
224
224
92
224
224
12
22
30
131
224
224
224
224
224
30
224
224
224
224
224
224
224
224
138
224
224
224
224
138
193
224
12
193
224
71
27
3
225
168
225
225
225
225
225
225
225
225
225
30
92
1
225
225
225
84
225
225
5
225
225
138
30
27
226
168
1
226
226
226
226
226
226
92
3
6
226
226
12
6
226
226
193
226
193
226
92
226
6
226
226
193
226
226
226
226
226
226
226
77
71
30
226
226
77
226
168
226
226
71
226
226
226
138
226
193
227
27
227
227
71
227
227
227
227
227
227
30
227
193
132
27
227
227
227
227
227
227
227
227
227
77
227
227
228
228
228
138
228
228
228
142
228
228
228
228
3
228
12
228
228
228
42
228
71
1
30
228
228
228
42
228
228
228
228
228
228
228
19
228
228
229
229
193
229
229
92
229
229
77
229
229
229
229
229
229
1
229
71
229
229
229
229
229
30
229
168
229
229
3
77
229
229
133
229
229
1
229
3
229
229
229
193
193
229
229
230
230
193
193
230
193
230
30
230
193
193
230
193
230
230
30
230
230
230
30
92
230
193
24
193
71
231
231
5
231
230
193
231
231
193
231
71
231
231
19
231
231
230
231
231
231
24
193
71
193
231
30
231
1
231
30
231
231
138
232
193
2
232
193
232
232
232
232
232
232
92
232
232
232
168
6
232
30
232
232
3
232
232
27
233
24
3
133
232
233
92
6
233
233
234
234
234
24
193
30
234
234
138
234
234
234
234
234
24
234
234
234
30
234
71
234
234
71
234
234
77
193
234
234
234
234
234
30
235
84
12
236
30
77
193
168
236
193
12
235
236
193
236
133
236
235
236
236
30
236
236
234
235
236
236
3
236
236
30
236
236
235
235
30
236
30
236
236
71
3
193
235
235
236
236
133
236
236
236
236
236
236
236
236
236
236
236
236
236
2
236
236
193
236
139
236
193
92
236
236
168
236
3
236
236
71
236
236
30
237
237
92
237
237
237
193
3
237
237
237
237
237
237
237
237
193
238
237
238
238
238
92
193
238
238
238
238
238
238
238
238
239
238
193
239
6
84
238
239
5
239
3
239
239
3
238
238
239
193
239
239
30
240
71
12
240
133
240
77
240
240
240
240
193
193
240
240
30
240
30
142
240
240
240
240
240
240
240
5
240
6
240
240
240
240
240
240
240
240
30
240
193
240
240
240
242
242
242
242
242
77
242
5
240
241
243
193
243
241
3
193
243
241
243
243
243
241
30
243
243
193
241
193
243
92
71
243
241
24
193
243
12
243
241
243
243
243
243
243
243
30
193
30
142
242
243
242
193
30
30
143
193
243
168
243
143
243
193
243
243
6
243
243
243
92
243
243
243
243
243
143
243
243
243
243
243
243
243
243
243
3
243
243
30
243
3
193
243
243
243
243
243
30
243
6
133
77
244
244
244
244
244
193
244
244
243
244
244
168
244
244
71
243
6
244
3
244
244
71
244
133
30
244
71
244
244
244
30
77
245
245
245
133
246
30
27
245
84
246
246
42
246
245
246
246
245
245
246
245
71
246
193
246
246
30
246
193
245
168
245
246
24
246
246
246
246
246
246
246
3
30
246
246
246
246
246
246
246
246
246
71
246
246
246
71
247
133
247
3
247
247
247
247
247
30
247
247
247
247
247
247
247
247
247
247
193
247
247
42
247
22
247
193
247
247
247
247
247
247
247
145
247
30
247
30
247
247
247
193
193
248
193
30
248
193
248
248
193
42
248
248
248
248
248
30
168
10
248
22
248
248
248
248
3
2
249
249
249
249
193
249
249
30
249
193
249
249
249
249
92
249
249
249
249
168
249
249
249
249
143
249
27
249
71
143
168
3
249
249
249
249
249
249
249
249
30
249
249
133
249
249
193
250
133
250
250
250
193
6
193
77
250
250
250
71
193
250
6
71
250
144
250
3
250
193
251
168
251
251
251
251
251
193
77
251
251
251
251
251
251
251
251
251
27
251
133
30
251
251
251
251
6
252
252
3
30
253
253
146
71
71
253
253
2
30
71
253
193
253
253
253
146
253
253
253
253
168
253
92
253
253
253
1
253
253
3
253
168
253
77
193
253
71
253
42
253
253
253
193
253
253
3
253
71
253
253
253
253
253
253
253
253
253
253
253
253
253
253
254
71
254
254
30
254
254
254
254
71
30
254
254
255
255
30
255
255
255
193
193
255
193
2
255
255
255
193
255
255
255
255
255
193
255
42
22
255
255
255
30
27
255
256
255
255
255
255
256
256
256
256
84
256
5
256
256
92
256
256
256
256
256
256
5
3
256
256
30
256
256
256
1
256
256
256
256
256
256
30
256
256
258
193
193
258
257
258
71
257
257
257
258
257
258
258
258
30
193
257
257
258
257
6
258
258
30
257
257
257
258
193
193
22
258
258
258
258
258
258
258
258
30
30
258
133
259
259
42
259
259
147
258
258
259
259
258
30
259
259
258
259
259
258
259
168
259
258
259
258
258
193
193
259
259
259
259
259
259
259
30
258
260
260
260
260
260
260
24
260
260
71
30
260
260
260
260
260
24
30
260
261
261
261
261
261
30
10
261
147
1
261
193
261
261
10
92
261
261
193
261
261
261
261
193
261
261
30
261
261
193
261
92
193
77
261
261
261
30
261
168
261
261
261
261
261
193
261
261
261
147
261
30
3
261
262
193
193
262
24
193
262
262
262
262
262
1
262
262
42
262
262
262
262
27
262
262
262
5
262
262
262
262
262
193
263
263
193
147
263
263
30
193
71
263
263
263
263
30
193
263
263
263
3
1
92
263
77
263
263
263
263
263
6
19
263
263
263
263
263
264
264
264
193
147
264
12
264
71
264
264
264
264
264
193
30
264
264
264
264
264
193
264
264
264
264
77
264
92
264
264
264
264
264
264
264
42
265
265
92
3
168
265
265
265
265
265
265
265
265
92
265
265
156
265
3
265
30
265
265
1
265
3
265
147
147
265
265
265
193
265
265
265
193
1
1
12
92
77
266
266
157
147
266
266
24
266
266
30
168
266
266
193
266
266
266
193
168
266
30
193
266
266
266
267
267
267
267
267
267
267
267
267
10
1
267
267
267
267
267
267
1
267
267
267
1
193
267
267
147
267
267
267
267
267
147
267
268
268
27
268
268
268
12
268
268
268
268
268
268
168
268
268
268
268
268
268
268
268
268
268
30
193
269
6
269
269
193
269
30
269
269
6
30
269
3
269
30
269
1
269
269
269
269
269
30
147
269
92
269
269
147
269
269
269
269
193
270
269
270
27
269
270
269
269
270
270
270
270
92
270
27
270
193
270
269
24
270
92
270
270
1
3
30
270
270
270
270
270
270
270
270
270
193
270
270
30
270
270
271
271
271
271
193
71
271
271
30
92
271
271
92
271
271
271
147
271
271
271
193
271
271
271
271
271
271
271
271
2
271
271
271
271
271
271
30
271
271
193
10
271
271
272
272
272
168
272
272
42
272
272
272
272
133
272
272
272
22
27
273
273
273
273
273
273
273
273
160
273
193
273
273
193
273
273
193
273
193
273
273
2
273
71
273
273
273
273
161
273
273
273
273
273
273
274
27
274
274
12
274
274
3
274
147
274
5
274
77
274
274
5
274
71
193
274
30
42
274
147
274
275
275
275
275
275
30
12
274
30
275
275
275
275
275
275
275
10
275
3
147
275
130
275
275
193
30
30
275
168
275
275
275
275
275
275
276
276
30
276
276
276
276
276
276
276
276
193
276
276
276
276
276
276
193
276
27
276
277
27
277
92
277
277
277
277
277
42
30
277
277
277
277
277
30
277
168
30
277
278
6
277
277
133
277
278
193
71
277
278
30
30
277
278
278
193
278
278
278
1
278
27
278
278
24
30
279
279
279
279
30
279
279
279
279
279
279
279
279
193
279
279
279
279
279
279
279
1
279
279
10
279
279
279
279
279
92
193
3
280
164
280
22
280
193
280
280
193
280
280
147
280
280
280
280
280
193
280
280
30
280
5
30
280
280
281
193
281
281
281
281
1
281
193
281
193
281
281
281
281
281
6
281
281
281
281
281
168
147
281
281
193
281
281
281
281
3
281
281
282
193
282
147
282
282
282
193
282
282
30
282
283
147
193
283
71
283
283
283
168
283
3
283
283
283
283
283
283
283
283
283
283
30
193
6
284
284
284
133
283
284
166
284
284
284
284
284
284
193
284
284
284
284
2
1
284
284
284
285
285
285
193
285
193
285
285
285
3
285
285
3
285
285
1
193
147
285
30
22
30
147
285
285
285
285
168
285
285
285
193
77
285
147
92
30
30
30
286
286
10
24
286
30
286
286
286
286
193
286
71
286
193
2
286
286
286
71
286
71
286
92
286
30
286
193
286
12
286
286
286
287
286
287
287
12
287
287
5
193
193
30
288
170
288
288
288
10
287
288
288
288
288
288
288
288
288
288
288
288
288
71
288
288
288
288
288
288
288
1
288
288
10
92
288
288
288
288
42
288
30
12
288
288
288
92
288
288
288
288
288
193
289
289
289
289
289
289
6
193
30
290
42
30
289
290
290
290
30
290
92
289
290
290
290
290
290
290
71
289
290
290
147
290
290
3
30
290
193
290
290
290
290
290
6
290
290
290
290
71
290
193
290
290
1
290
290
290
290
290
193
290
290
290
290
10
6
193
290
291
291
30
291
291
291
291
27
24
291
193
133
291
10
193
30
291
170
291
291
30
6
291
193
77
291
10
291
291
291
133
291
170
30
291
291
291
292
24
292
42
292
292
292
193
292
30
292
292
292
292
193
292
292
92
292
292
292
3
170
292
292
24
292
292
27
292
293
71
3
292
19
293
193
293
293
293
293
293
293
293
293
193
42
293
293
30
293
293
3
3
193
293
3
293
147
19
293
2
293
293
172
71
293
293
92
6
3
293
12
293
12
294
30
294
294
294
30
295
295
295
294
295
295
294
5
295
295
294
294
170
147
30
295
295
295
295
193
172
27
295
295
193
295
295
295
295
147
295
147
295
1
3
295
30
30
193
295
30
295
295
1
30
295
295
295
295
295
295
295
30
295
71
30
295
295
295
295
295
295
295
295
295
295
193
295
296
296
296
296
296
193
296
296
296
71
22
296
296
1
22
42
296
296
296
172
296
193
296
3
133
297
297
296
297
297
6
297
297
297
297
297
297
297
297
297
297
297
297
30
297
297
297
297
298
298
30
30
298
30
298
3
298
298
193
298
298
77
298
193
298
298
298
298
298
298
298
30
3
298
298
298
298
147
299
71
147
92
299
3
30
30
299
299
3
3
3
299
299
193
147
299
193
299
299
193
299
299
299
299
299
299
299
299
300
300
300
6
300
300
300
300
300
3
300
3
300
300
2
3
300
193
300
300
147
30
300
300
300
133
300
300
300
300
300
92
22
300
3
193
77
301
10
193
301
301
10
301
301
301
301
301
193
301
301
301
301
301
92
301
301
301
301
301
301
301
302
302
193
10
302
302
193
302
302
302
303
193
303
303
303
193
302
303
133
303
303
303
302
303
302
30
303
303
30
172
3
303
303
133
303
172
303
302
147
303
172
303
303
303
3
30
303
303
193
303
303
27
30
3
303
30
303
303
193
303
30
147
303
303
303
2
92
303
303
71
303
92
303
147
303
304
304
304
304
304
3
304
304
304
42
304
304
133
304
304
304
304
30
30
30
305
1
305
305
305
305
305
133
305
305
305
193
5
3
77
305
305
305
305
305
305
305
305
305
305
305
193
305
305
306
30
306
306
84
6
306
306
305
306
30
306
306
3
1
306
307
147
307
30
307
307
307
307
307
307
3
307
1
3
307
307
193
307
307
307
307
307
307
307
307
307
147
10
307
307
307
307
193
307
307
27
77
307
307
170
30
307
307
92
307
193
147
307
193
307
30
307
307
307
307
307
5
147
308
308
308
308
308
308
193
308
193
172
308
308
308
30
308
92
308
133
308
308
308
308
30
309
30
193
309
147
309
42
309
309
309
309
309
309
309
309
309
12
309
27
309
309
193
170
30
309
309
309
309
309
309
309
309
310
310
310
310
310
310
310
310
77
30
310
310
310
310
310
310
310
193
310
310
310
310
310
310
5
193
310
2
310
30
310
310
310
310
311
19
311
311
311
311
311
311
147
147
311
311
27
311
147
311
311
311
311
311
311
30
193
10
193
311
193
170
311
92
311
12
3
311
3
311
3
312
312
312
312
193
312
312
312
27
42
22
77
312
312
312
312
312
312
312
71
312
312
312
312
312
30
193
3
30
313
313
193
313
133
12
313
313
313
313
313
193
313
313
313
313
193
30
314
314
314
314
314
314
30
314
71
193
315
193
147
315
193
77
315
92
315
315
315
10
315
193
193
315
24
193
71
5
315
315
30
315
30
1
315
316
315
315
315
316
316
316
315
315
315
170
316
316
193
315
315
316
316
315
193
1
316
316
133
316
42
316
193
316
316
316
316
147
316
316
5
147
316
193
316
316
316
316
30
316
316
316
316
316
316
316
193
6
316
316
316
316
316
3
317
317
316
30
193
317
317
193
317
317
317
317
317
317
318
318
318
318
318
318
318
193
318
318
1
318
318
318
318
318
318
170
318
172
318
318
318
10
318
318
318
77
319
319
319
42
319
172
319
19
319
30
319
319
319
30
319
319
320
10
92
320
318
193
320
320
320
320
172
320
320
27
320
320
320
319
320
320
320
193
320
193
320
319
92
320
193
71
320
193
320
3
320
320
320
320
320
320
320
320
320
320
321
321
321
321
320
5
193
321
193
193
30
321
321
193
321
321
321
193
321
321
321
193
322
322
30
193
322
193
322
12
193
322
193
322
19
3
322
322
322
322
322
193
92
170
322
322
322
322
322
323
322
323
323
193
323
323
323
323
324
324
323
77
324
1
324
324
324
324
324
193
12
30
324
324
193
324
324
172
193
323
324
324
324
193
324
324
193
6
323
324
323
133
324
324
324
324
193
92
172
30
5
147
324
193
324
324
324
324
324
3
324
324
71
324
193
324
324
324
324
71
324
324
6
324
77
324
324
324
193
324
325
133
325
325
325
3
325
30
325
325
325
30
325
325
325
325
12
325
193
19
6
193
325
193
326
326
326
326
325
30
326
326
326
326
326
193
172
5
326
326
326
326
193
326
326
326
3
326
326
326
172
326
193
326
326
30
327
10
327
327
327
327
327
327
193
193
327
77
327
327
193
30
193
327
329
1
327
193
2
329
147
329
1
329
92
77
3
329
77
133
71
329
84
30
30
12
329
327
193
328
27
329
329
329
193
329
329
329
193
329
71
170
329
329
92
92
329
329
172
30
329
329
329
329
329
329
329
30
329
30
329
329
329
92
194
194
329
329
329
329
71
329
329
329
194
329
329
329
329
170
194
329
2
330
330
330
133
330
330
330
330
77
330
330
330
147
30
330
3
330
195
84
330
195
330
30
330
6
331
331
331
331
331
331
172
331
77
331
331
331
331
331
331
172
331
331
71
331
331
331
331
331
331
30
331
147
331
331
147
331
331
331
331
332
332
196
22
30
172
332
332
332
332
332
332
5
30
332
332
332
196
332
332
332
332
332
42
332
196
332
172
92
332
3
332
332
30
332
332
172
332
332
332
333
333
172
30
333
333
333
333
333
333
333
333
5
3
333
333
333
42
197
333
77
334
333
22
1
334
334
334
334
334
334
92
197
334
334
334
30
197
334
334
334
334
334
334
197
334
30
334
333
30
335
334
30
335
198
335
3
335
3
335
198
335
335
335
335
335
42
3
335
71
335
335
198
335
336
336
3
3
24
336
147
336
336
336
198
336
30
30
133
198
336
71
198
336
336
333
336
337
337
337
3
337
198
337
337
337
337
337
337
337
337
337
337
337
5
30
337
337
337
337
337
337
198
337
337
337
337
30
337
333
337
198
337
338
6
337
170
30
199
338
338
338
3
30
333
338
338
338
199
338
338
338
24
338
338
338
5
338
338
30
147
338
338
12
338
338
6
147
30
30
199
338
42
339
27
338
340
199
3
77
340
340
339
3
340
30
340
339
340
42
339
339
339
30
340
339
22
339
339
341
339
340
339
199
24
172
340
27
340
340
340
340
12
172
341
3
341
340
341
147
341
172
340
5
30
340
340
30
340
340
340
30
201
341
341
341
30
77
341
341
199
24
201
341
341
92
341
341
341
341
341
341
341
341
201
27
341
172
341
341
341
341
341
341
342
342
341
342
342
30
342
333
342
342
2
342
6
343
343
30
343
92
343
343
92
343
343
30
343
343
343
343
343
343
3
27
172
343
343
343
92
333
343
202
343
343
343
343
199
71
172
343
1
199
343
343
133
343
92
343
343
343
30
344
344
344
344
344
344
344
333
344
203
344
344
344
344
3
344
199
30
344
344
344
344
203
344
147
344
344
344
344
333
345
345
345
345
30
30
345
199
345
345
345
345
345
345
345
345
345
333
345
345
199
345
345
30
346
346
346
199
346
346
3
346
3
204
346
346
346
172
1
346
346
346
77
346
84
346
346
30
346
346
346
2
204
346
92
346
346
3
346
3
204
199
42
5
347
347
199
347
346
347
5
347
347
347
347
347
205
347
347
92
347
147
347
347
347
30
347
347
147
348
205
348
30
3
199
348
348
348
206
199
348
199
2
27
348
3
348
348
206
348
348
348
348
348
348
333
348
349
349
349
349
199
349
349
349
349
349
349
349
349
349
10
349
12
172
349
349
30
349
349
349
333
349
27
349
350
350
350
333
349
350
3
350
350
172
350
10
350
30
350
350
350
207
350
350
350
350
350
350
350
350
350
350
350
350
350
30
147
172
351
351
351
10
351
351
172
351
351
351
351
351
351
333
351
351
351
351
170
352
199
352
199
199
3
351
6
352
30
12
351
352
352
199
30
71
352
352
30
352
352
352
5
333
352
147
353
172
353
353
353
353
353
353
208
353
353
353
30
353
199
3
42
1
42
353
353
353
353
30
199
353
353
353
353
353
133
30
71
209
354
354
172
354
354
354
199
354
354
354
354
354
12
354
354
354
3
27
354
92
354
354
5
354
354
30
354
354
354
354
354
354
354
354
354
354
355
355
3
22
199
354
210
355
355
355
199
355
355
1
355
356
2
356
77
3
356
333
356
3
356
199
42
356
24
356
30
357
333
210
22
199
357
357
357
357
357
199
357
357
357
92
5
357
19
357
357
357
210
357
210
357
357
30
357
358
30
77
19
358
358
358
358
71
358
358
358
27
358
358
1
358
358
358
358
199
358
358
172
358
147
358
358
358
358
358
147
358
30
92
30
12
210
333
359
359
359
359
359
3
359
359
333
333
359
359
12
359
359
359
359
359
199
359
359
1
359
199
359
170
359
2
360
360
360
360
30
360
333
360
360
27
42
333
360
360
71
360
1
3
360
360
1
360
12
360
12
3
360
199
360
360
360
360
360
360
133
360
360
360
360
360
360
212
77
360
360
360
360
360
361
361
361
361
30
361
361
361
361
3
361
361
361
361
361
71
361
361
361
71
361
361
361
361
71
147
361
361
361
147
361
361
361
362
362
333
362
3
362
363
363
363
3
363
3
333
363
77
363
363
213
363
363
333
30
27
213
199
363
363
3
363
30
363
363
363
3
363
363
71
363
363
363
363
363
363
199
363
363
363
363
363
214
364
364
172
363
30
214
214
30
364
364
215
364
364
364
364
364
27
364
364
199
214
364
364
364
365
364
147
365
24
365
365
172
365
30
365
365
71
365
30
364
365
30
199
365
77
365
365
71
365
30
333
170
365
199
365
365
365
77
12
365
365
365
365
5
365
3
366
366
366
199
1
170
366
216
30
366
30
366
366
367
333
366
30
147
367
30
367
367
367
366
367
216
367
3
367
367
367
367
367
147
5
77
71
368
172
368
368
12
30
71
30
368
368
368
30
10
368
333
368
147
368
369
369
369
369
1
1
369
218
369
1
369
369
369
369
3
369
369
369
172
369
219
370
30
370
370
370
370
370
3
370
92
370
370
22
172
370
370
370
333
30
84
370
219
370
30
172
370
172
370
71
370
370
370
370
370
333
2
371
371
371
30
219
371
371
30
371
371
133
371
371
371
371
333
372
372
372
333
372
372
372
2
372
372
372
372
372
372
372
170
372
372
372
372
372
372
372
372
372
372
219
3
372
372
372
372
6
373
220
199
373
30
10
373
1
373
373
373
373
6
373
373
374
374
333
30
374
374
374
374
42
374
374
27
374
374
374
3
30
12
5
374
374
92
199
374
374
374
374
375
375
30
71
375
375
133
375
375
375
147
375
172
375
375
199
375
375
375
375
375
199
375
30
375
42
375
375
375
375
375
30
375
27
375
375
30
92
375
375
375
375
375
375
375
375
375
375
30
376
376
376
376
376
377
377
71
377
376
377
377
377
1
376
376
377
377
376
378
378
30
378
1
378
378
377
30
378
172
377
377
378
378
377
378
3
377
133
378
377
222
377
92
378
3
333
378
378
27
378
10
2
133
71
378
378
378
27
378
27
378
333
378
378
378
30
77
378
147
172
199
378
378
378
378
223
378
378
378
378
199
378
379
379
379
379
30
379
379
379
30
30
379
172
379
379
12
22
199
19
380
380
30
379
379
380
380
379
380
380
333
6
30
381
380
381
381
381
172
381
381
381
380
381
30
381
381
381
381
381
381
381
381
224
224
381
381
381
381
381
381
381
199
333
199
30
333
381
380
381
381
333
77
381
381
381
333
30
381
199
381
224
381
381
381
3
381
381
224
381
71
30
381
381
381
381
381
381
3
381
381
382
382
172
382
199
381
382
382
381
382
382
71
382
382
382
133
225
382
382
383
383
383
383
383
225
383
27
383
333
383
383
92
383
24
5
383
30
133
383
383
19
383
333
383
333
383
383
383
383
383
383
383
383
333
384
384
199
384
384
384
22
384
384
384
226
384
384
30
384
199
384
384
199
385
71
3
384
385
384
384
384
172
385
385
27
384
385
385
30
384
10
384
385
385
24
27
385
385
77
227
385
30
385
227
385
385
385
385
385
385
385
385
71
92
385
385
385
385
385
30
385
385
199
385
385
385
385
71
1
385
385
385
385
6
385
333
172
27
77
387
3
12
387
30
387
386
3
387
30
386
387
42
386
387
386
387
387
387
229
387
387
30
387
387
172
387
30
387
387
387
387
333
387
387
387
71
387
77
22
387
387
387
147
6
229
387
387
387
387
27
387
199
387
3
387
92
229
77
387
387
387
387
387
19
387
388
229
30
3
77
388
388
92
388
388
388
388
388
30
229
30
388
1
71
388
388
1
199
172
388
388
3
147
388
388
388
389
388
388
389
389
389
229
389
84
389
388
42
388
389
27
389
24
389
1
229
389
389
389
389
229
199
389
389
389
389
389
389
389
389
389
389
389
30
389
389
389
172
389
389
19
389
389
389
389
147
390
390
390
1
390
390
30
390
390
390
230
390
390
390
390
147
390
390
172
390
30
172
390
30
390
390
390
30
390
391
391
391
391
391
391
391
230
391
24
199
71
391
391
391
391
10
391
391
391
392
392
30
133
392
30
392
30
30
333
92
333
392
392
199
30
30
392
392
392
392
392
392
3
392
333
333
392
30
392
333
392
30
392
12
199
3
392
392
231
393
77
393
393
5
393
393
393
30
393
393
393
147
393
6
393
393
77
393
147
393
393
10
3
393
393
77
232
394
394
199
394
394
232
92
394
394
394
5
394
22
394
199
394
394
30
77
395
395
395
30
395
395
395
395
395
172
395
395
3
395
395
395
395
395
395
30
395
172
395
395
395
395
395
395
395
395
395
199
333
395
395
395
233
395
395
395
30
395
199
12
92
395
395
22
395
395
395
395
30
396
147
396
396
396
30
22
396
396
133
396
396
172
396
396
30
396
396
396
396
19
30
396
396
396
1
396
396
234
396
396
77
396
397
234
172
234
396
42
333
397
2
397
333
172
42
397
234
397
397
199
398
398
398
398
398
398
398
398
398
3
398
3
199
398
234
3
398
92
10
398
30
170
398
398
172
398
399
199
399
399
71
30
147
199
399
71
3
399
399
399
30
399
399
71
399
399
399
399
400
400
400
400
400
400
400
400
400
400
400
400
199
172
400
400
400
172
3
172
400
236
30
400
400
333
1
400
400
3
400
133
400
400
400
2
71
30
400
147
400
147
400
400
400
400
400
400
400
199
401
401
3
401
401
30
2
401
30
30
401
401
333
401
401
12
12
401
401
401
401
333
333
401
92
401
401
199
199
237
401
401
401
237
199
3
401
3
401
333
199
1
402
402
402
402
402
237
402
402
402
30
402
3
402
402
402
402
24
77
402
30
402
402
402
402
402
30
403
237
403
3
403
403
403
403
3
403
333
403
403
30
3
403
404
404
404
30
10
404
172
404
404
404
404
404
84
404
30
333
404
404
404
30
170
404
404
404
199
199
10
404
404
404
404
405
404
30
405
199
199
199
172
405
2
30
405
12
406
406
406
406
12
406
406
406
30
406
406
406
147
92
406
406
406
406
2
406
406
42
406
333
406
406
406
172
406
30
406
5
172
333
406
2
407
407
407
407
407
27
30
407
407
407
240
407
407
170
407
407
407
407
407
407
407
407
407
30
407
407
407
407
30
133
407
407
407
77
408
408
408
30
408
408
408
408
408
172
71
199
408
240
408
170
71
333
408
408
30
408
409
1
240
240
409
409
409
409
409
42
24
92
199
333
147
409
409
172
147
409
409
409
409
409
409
409
240
410
172
409
30
410
24
333
410
2
411
411
410
42
333
410
410
411
410
410
410
410
410
410
411
410
410
133
241
410
241
410
410
410
411
410
411
199
411
411
147
30
172
30
411
411
241
30
411
411
411
411
412
412
411
412
412
199
412
241
412
412
241
412
412
412
412
412
412
412
147
147
199
412
412
170
199
241
412
412
92
30
413
199
199
77
241
413
413
413
133
413
413
414
414
414
414
414
30
30
414
92
77
414
414
414
199
413
414
30
414
413
5
1
414
414
414
414
414
30
414
414
414
3
414
333
414
199
414
414
414
77
414
414
414
333
10
244
244
414
414
71
414
244
414
414
0
414
414
415
10
415
199
333
415
333
415
415
415
245
415
415
415
6
415
71
416
416
416
416
199
22
245
416
416
416
133
416
199
416
416
416
416
416
416
416
416
416
416
416
416
416
416
416
416
416
416
30
92
416
416
416
416
245
416
3
30
416
30
147
416
416
417
92
92
417
417
416
417
416
417
22
417
246
5
147
417
3
417
417
170
170
199
417
417
30
417
417
417
417
199
418
199
418
418
418
418
418
418
6
418
30
418
3
418
333
418
418
418
418
12
84
418
418
42
418
418
418
147
24
418
30
147
418
419
419
419
419
419
12
71
419
246
419
419
419
419
419
147
419
30
419
419
199
419
246
419
419
419
419
419
419
71
30
419
170
27
419
419
419
333
333
419
246
419
22
419
419
419
420
199
420
147
420
420
27
420
30
333
420
420
420
420
71
420
420
420
71
420
27
420
92
420
420
420
333
421
421
421
421
421
421
421
6
421
421
71
421
421
421
421
421
421
421
147
30
421
421
421
421
421
27
421
421
421
2
421
77
421
422
30
30
422
199
422
422
133
422
422
422
422
422
422
422
422
248
422
422
30
422
422
422
422
422
422
199
422
422
422
422
422
147
422
422
170
3
3
199
423
423
422
423
423
423
423
172
423
30
423
423
423
423
423
423
423
423
423
199
1
423
423
424
424
30
424
424
250
424
424
170
424
424
424
424
424
424
424
3
199
199
27
199
199
424
425
425
425
333
425
425
425
425
199
425
425
30
3
425
425
425
425
425
425
425
425
425
6
425
425
425
425
425
425
425
425
30
425
426
199
426
199
426
426
92
199
147
426
426
426
427
199
333
24
1
427
6
3
427
30
427
427
3
427
427
199
147
333
427
428
428
428
12
22
428
428
251
428
24
428
428
428
428
10
30
199
133
427
170
333
333
428
428
252
6
3
429
428
429
428
429
429
428
133
429
429
199
429
428
333
429
429
429
30
429
30
429
429
429
429
252
252
429
42
429
429
429
429
429
429
3
429
429
429
429
429
429
429
429
429
429
429
172
429
429
429
71
253
430
199
27
430
430
430
430
430
430
430
430
30
3
172
199
430
430
430
12
430
430
199
253
170
199
431
431
431
430
431
24
431
431
430
199
199
431
431
27
199
431
30
172
431
133
199
431
431
1
431
431
431
199
431
3
432
254
433
27
133
433
433
333
433
433
92
170
433
433
199
433
333
433
433
433
433
432
433
433
432
433
433
432
433
433
199
30
433
255
199
433
433
433
433
433
433
433
433
255
433
433
433
434
434
433
434
433
434
434
433
434
434
434
434
147
434
172
147
30
147
30
434
333
434
434
255
434
434
77
199
434
27
434
434
30
434
434
434
434
434
434
434
434
434
434
434
434
434
147
30
435
435
434
435
434
434
434
434
435
172
435
434
435
435
434
435
77
199
27
435
435
30
435
172
199
5
435
5
435
199
30
435
435
435
257
19
92
3
436
3
436
30
436
436
436
436
436
436
436
436
436
199
436
333
436
436
436
436
436
436
333
147
436
436
436
436
30
436
199
434
147
436
436
436
434
172
437
437
437
437
133
437
258
71
437
437
30
199
71
199
437
437
437
30
437
437
147
438
199
438
437
27
437
2
6
438
438
438
438
438
438
258
438
438
30
438
438
438
438
438
438
438
438
438
92
77
438
438
438
438
12
438
438
170
438
438
438
438
438
438
438
438
71
438
438
438
438
258
438
438
438
438
438
438
3
71
438
1
92
439
439
439
333
439
439
439
147
439
71
30
30
30
27
439
439
439
439
439
3
436
439
258
439
439
439
30
439
440
440
147
436
440
440
436
440
2
440
77
170
147
1
440
442
441
333
27
442
442
1
441
442
442
442
30
199
441
333
442
10
442
442
27
3
436
333
199
30
436
442
441
30
172
260
442
442
442
442
30
442
442
3
443
443
260
260
442
442
30
260
443
443
443
443
2
2
333
442
443
443
442
30
260
12
443
442
3
3
3
443
443
443
443
30
443
443
443
443
133
172
443
3
443
443
333
443
436
443
443
444
199
199
30
444
1
444
444
444
444
333
444
199
30
444
444
1
199
444
444
444
3
436
444
262
71
444
444
6
147
444
333
444
444
444
444
444
444
444
445
333
445
445
445
30
445
445
445
445
445
445
445
12
19
170
445
133
445
445
147
445
71
445
446
446
445
446
12
445
445
262
30
446
77
446
71
446
446
446
446
446
3
446
446
446
333
446
92
446
10
436
5
447
448
448
71
448
133
1
448
448
448
448
448
448
448
30
448
448
30
448
448
436
448
448
133
448
147
71
448
448
448
448
448
333
30
448
6
436
10
27
199
448
262
3
448
448
448
448
147
449
199
92
30
71
170
10
449
172
449
449
30
449
449
436
3
71
449
3
449
449
12
449
436
436
449
449
449
3
449
30
449
450
333
450
265
450
30
6
77
199
450
133
450
450
450
450
450
84
1
24
450
172
450
92
450
30
450
27
450
450
436
450
450
450
450
450
199
450
450
450
450
450
436
3
450
450
147
450
450
451
147
451
451
451
199
451
451
133
451
451
451
199
451
451
451
451
1
266
451
451
451
12
30
451
451
451
451
451
451
92
452
452
451
452
267
452
452
452
452
452
1
452
452
452
267
3
452
5
452
199
452
199
199
30
452
453
71
267
453
453
453
436
30
453
453
453
30
453
453
453
147
436
12
453
453
133
453
6
453
453
30
453
453
172
267
453
453
92
12
199
454
199
454
454
267
454
454
92
30
454
454
454
454
454
454
454
454
71
454
92
199
436
436
71
454
455
267
455
6
455
455
455
455
455
455
133
455
455
455
436
455
455
268
455
30
77
456
456
199
6
456
456
456
456
199
77
456
456
199
456
456
269
456
456
199
456
5
172
456
199
170
456
456
456
333
456
456
269
456
456
456
456
10
77
457
333
457
457
30
457
457
457
457
71
30
3
457
457
457
457
457
199
268
2
436
457
6
457
333
92
170
457
457
457
333
268
457
457
457
457
457
457
457
199
457
458
457
458
458
1
3
436
458
199
333
436
458
458
458
458
3
458
458
147
458
458
147
458
458
30
30
458
458
270
458
458
30
71
147
6
199
333
30
458
459
333
459
459
459
459
27
459
459
459
459
459
459
459
12
459
71
459
71
436
459
459
459
170
459
459
459
84
459
172
459
459
333
459
459
2
459
3
30
460
24
147
460
172
460
147
460
460
460
30
460
12
460
460
460
333
199
460
271
460
172
460
199
460
460
24
436
460
460
199
24
170
460
460
199
460
333
460
460
30
461
461
461
461
436
461
461
436
199
461
30
461
1
2
3
133
461
461
461
461
10
199
71
24
19
30
462
5
170
462
462
462
462
462
462
271
462
462
462
462
462
3
2
333
1
462
462
462
462
463
463
199
436
463
463
463
463
199
27
170
333
147
12
30
463
463
463
463
463
463
6
463
199
3
30
333
30
463
270
172
272
30
464
5
464
30
464
464
464
464
464
464
464
199
464
464
464
464
464
464
465
30
130
465
465
465
3
465
465
465
465
465
465
465
30
12
466
466
466
27
466
466
466
466
466
466
466
466
30
6
466
466
30
466
466
466
466
466
466
30
466
466
467
466
467
30
199
466
467
466
30
466
467
467
467
467
30
6
30
467
199
5
467
30
467
467
467
333
275
30
270
71
30
468
436
468
172
30
3
10
436
468
469
147
469
469
469
469
469
469
469
469
469
469
469
469
469
5
27
333
469
469
469
30
469
469
333
30
71
170
469
436
469
199
469
30
470
470
24
470
470
469
469
333
470
436
470
27
436
470
471
471
147
471
471
471
12
1
470
471
471
6
471
471
30
92
30
471
24
199
77
471
471
333
471
30
276
471
471
471
471
3
471
27
471
30
471
471
471
471
471
27
471
471
472
471
472
471
84
472
473
473
473
77
473
3
473
42
473
473
199
474
3
474
71
474
474
474
474
199
199
474
84
474
71
474
474
474
474
474
474
474
474
474
333
474
474
199
30
474
474
77
475
475
270
12
30
475
475
475
475
170
3
475
12
199
475
475
475
475
475
475
30
475
475
475
475
475
475
475
475
475
3
278
475
475
475
475
30
133
475
30
475
199
475
475
475
475
172
475
71
10
333
475
30
172
278
278
199
475
436
333
475
475
475
436
475
30
475
475
475
199
475
475
475
475
172
475
475
475
278
476
172
476
333
476
476
42
476
476
476
476
199
476
199
92
476
476
170
477
477
477
477
30
477
170
12
477
477
27
12
477
30
71
477
278
27
92
199
477
199
3
477
477
278
477
30
477
170
477
436
477
477
24
477
477
477
477
477
199
477
477
477
478
478
5
478
478
30
280
479
1
479
436
19
479
30
479
1
479
199
479
71
479
479
480
71
480
71
199
436
24
480
480
480
71
133
77
170
30
480
480
172
199
480
281
480
480
480
480
480
480
172
480
480
480
480
71
480
84
480
480
480
480
480
480
480
480
480
12
480
283
480
480
480
480
480
480
480
480
480
481
481
92
481
481
481
147
481
481
481
481
481
481
481
481
481
481
77
481
482
482
482
482
270
172
147
133
436
482
482
30
482
482
482
482
482
30
482
482
92
482
483
483
483
483
483
483
483
436
30
333
484
5
30
483
12
3
172
483
436
483
199
484
484
436
77
133
484
172
483
483
484
3
436
436
484
484
484
30
484
483
199
484
484
484
1
30
484
484
484
484
436
436
1
3
484
484
484
484
484
484
484
285
30
484
333
30
485
485
27
333
5
71
485
485
485
485
10
436
485
485
3
486
199
2
486
199
30
486
333
486
486
19
199
333
486
486
486
486
486
486
42
486
436
486
172
333
486
436
486
486
30
486
486
71
486
486
436
486
30
71
92
486
486
486
172
436
30
487
172
487
487
30
487
487
487
487
30
487
487
199
30
487
487
487
3
488
488
488
488
488
92
489
287
489
489
77
489
1
489
30
147
489
489
287
489
489
6
77
489
489
199
489
489
489
489
489
489
489
489
489
489
489
71
133
489
489
489
489
27
489
77
287
133
489
147
489
489
489
172
489
489
92
489
489
27
489
199
77
170
489
489
489
489
436
30
489
489
436
489
489
490
490
12
490
490
490
490
490
30
288
92
490
490
436
490
30
30
490
30
288
199
490
270
490
490
490
490
490
490
92
490
30
30
490
71
490
490
491
491
71
491
491
491
491
491
436
3
491
491
491
491
71
491
491
147
92
491
270
491
147
199
491
491
491
491
71
133
172
491
0
491
436
491
30
71
491
491
491
491
42
289
30
492
30
27
2
436
492
492
492
492
436
199
492
492
24
492
436
492
3
492
492
77
492
492
492
30
436
492
492
27
290
199
492
492
492
492
492
492
199
492
492
492
492
492
30
492
493
493
492
493
493
493
493
493
493
493
493
147
30
147
493
30
30
290
493
199
3
172
493
493
3
493
12
199
493
333
199
493
493
493
493
133
494
24
27
494
494
494
494
494
333
494
494
1
494
494
494
494
494
3
333
494
494
494
494
290
1
494
494
494
494
494
494
22
495
436
495
495
495
495
495
172
71
71
495
495
495
495
495
495
30
10
495
495
199
436
3
92
92
495
495
30
495
495
30
27
495
436
496
496
497
497
30
497
497
497
497
172
497
497
497
497
497
497
497
497
333
436
436
497
497
497
497
27
30
497
30
10
497
30
497
147
497
436
436
497
497
71
71
497
497
436
333
147
497
12
436
3
30
497
497
30
497
5
497
497
497
497
30
497
497
497
199
436
497
497
147
30
436
498
6
270
30
498
71
333
498
270
436
498
30
498
498
436
498
133
270
498
436
30
333
498
498
1
147
499
499
499
30
499
0
499
499
499
24
499
499
199
499
499
147
199
133
499
499
499
436
199
199
92
499
92
77
436
499
499
499
294
499
333
499
499
30
499
499
1
172
172
499
500
500
500
500
500
500
501
499
501
501
10
501
501
499
501
501
270
501
501
147
501
501
501
501
30
501
501
501
501
501
501
30
170
30
501
501
501
501
501
501
501
501
501
501
502
502
24
502
502
502
30
502
270
502
502
502
502
30
199
502
147
502
502
147
502
92
436
502
502
24
502
502
502
199
502
503
436
503
503
503
172
503
503
503
503
199
504
436
30
504
504
30
504
147
504
504
504
30
199
504
504
71
172
504
504
30
505
505
133
3
71
12
505
436
505
270
504
172
3
504
30
298
505
436
505
27
30
505
92
505
42
505
505
505
27
505
333
506
505
506
71
298
506
199
30
5
506
506
270
30
506
77
506
436
506
506
24
506
30
172
30
5
506
12
298
71
92
506
30
10
507
270
507
24
172
2
507
170
5
27
507
507
507
507
507
10
507
507
506
30
507
333
333
147
507
507
507
333
436
507
333
5
5
507
507
507
507
507
507
507
199
507
77
507
507
507
147
147
507
172
508
27
508
508
12
508
508
172
199
508
19
508
147
508
508
508
508
508
508
27
508
508
508
508
508
199
508
172
509
509
147
170
509
509
509
436
77
199
509
509
509
300
270
509
2
509
12
509
170
147
509
509
509
509
30
510
30
436
510
510
30
510
147
301
510
92
27
510
170
170
3
30
510
510
510
436
199
436
30
199
133
510
510
510
10
510
199
510
510
199
511
511
511
511
511
511
511
436
30
511
511
512
512
30
270
511
511
512
511
436
147
511
512
512
30
512
147
199
77
22
199
512
513
512
512
513
513
513
147
513
30
513
3
513
92
172
513
436
513
333
513
513
513
513
512
172
513
199
513
199
513
513
513
172
513
513
172
513
513
514
514
3
514
514
27
30
514
514
10
514
199
1
30
514
514
71
3
303
514
199
514
515
30
515
515
515
515
30
92
515
30
515
515
515
515
436
333
199
515
515
133
515
515
333
515
304
516
516
333
516
3
3
92
516
147
516
516
516
516
516
516
304
517
517
517
30
517
517
10
517
5
517
517
3
199
436
30
517
304
333
333
147
30
30
30
517
3
517
333
517
30
517
30
304
517
517
517
30
518
304
30
518
518
518
518
3
518
3
518
518
6
518
518
305
518
518
518
518
436
518
305
92
333
519
77
519
30
172
519
172
519
27
30
519
519
27
519
519
519
19
172
306
519
42
519
19
519
519
172
519
199
199
30
306
520
520
30
42
436
30
520
270
10
520
30
520
133
520
30
520
436
520
520
333
436
520
520
436
521
170
521
521
521
521
199
521
521
436
521
521
172
436
521
521
521
521
521
5
92
170
521
521
199
30
522
522
522
522
522
522
522
522
522
522
436
522
522
308
522
522
27
522
522
30
522
199
522
522
24
522
522
522
522
522
522
522
522
147
522
1
523
523
436
12
42
30
30
170
523
523
30
523
523
523
523
523
523
523
523
523
3
199
523
523
436
524
30
30
524
308
524
30
524
133
133
524
524
524
524
71
22
525
525
27
525
12
30
525
172
525
525
27
333
525
525
436
525
525
172
525
525
525
30
525
525
525
147
526
92
526
27
526
436
526
526
71
3
526
526
3
526
526
526
526
133
3
526
147
526
27
526
526
526
526
526
30
526
199
526
526
526
526
170
526
526
436
170
526
436
526
526
526
526
527
527
527
527
528
5
333
199
436
30
436
528
528
528
528
528
528
528
528
3
528
71
528
528
30
528
528
3
528
436
528
528
528
528
30
270
528
528
147
528
333
528
5
528
528
6
528
528
528
436
528
333
528
528
528
528
528
528
147
528
528
529
529
170
529
529
436
529
529
529
10
30
5
133
170
30
529
311
30
270
529
30
199
529
529
529
30
529
199
71
199
529
529
530
30
530
530
530
530
530
312
30
270
530
530
530
530
530
71
30
530
530
530
199
199
270
92
531
531
92
532
532
532
532
436
532
532
532
532
5
532
147
532
199
133
199
532
532
532
532
5
133
532
27
6
532
1
532
333
532
313
532
77
532
436
6
333
333
533
533
533
133
533
533
533
533
533
71
533
533
533
533
30
533
1
533
533
533
533
533
533
333
533
533
533
533
533
436
533
533
533
533
533
533
533
533
436
533
333
30
3
533
533
533
30
533
533
3
533
533
533
533
533
533
84
534
1
534
22
170
534
534
42
6
199
534
534
534
534
199
534
535
535
436
535
535
315
535
535
535
535
535
77
315
436
30
535
436
6
535
27
535
535
535
535
333
535
535
535
535
333
535
535
535
535
535
535
536
536
536
30
536
436
436
536
30
536
536
77
1
536
3
536
170
536
536
42
536
536
536
436
536
536
536
333
6
133
199
536
1
536
71
3
270
2
537
537
537
537
71
537
5
537
537
537
1
6
436
30
6
199
317
30
537
537
537
270
5
71
270
538
538
538
333
24
538
538
538
538
538
538
538
92
538
436
199
538
30
538
172
538
538
199
538
3
199
538
333
538
538
538
538
30
436
3
539
71
539
539
30
2
539
539
30
199
2
3
199
539
539
539
317
172
539
71
539
539
539
30
30
539
317
30
539
172
539
172
540
540
540
540
540
172
540
318
147
24
540
318
540
540
540
540
540
27
540
540
540
540
540
84
30
541
541
541
6
541
541
2
541
541
541
147
541
12
270
542
199
542
542
147
542
27
542
172
270
542
172
541
542
3
543
30
133
199
543
543
270
333
3
543
92
199
543
543
543
543
436
30
319
1
147
133
543
543
543
543
543
27
543
543
199
172
436
543
319
12
172
543
147
3
543
172
544
544
544
544
544
544
92
319
544
170
30
30
42
5
30
545
3
545
545
436
30
545
545
545
545
545
545
545
545
3
545
545
545
147
436
319
545
30
30
545
545
545
30
545
545
545
545
546
546
546
546
546
30
546
546
546
546
547
547
436
547
547
547
319
436
92
547
547
547
547
547
547
547
1
547
547
172
30
547
547
199
547
147
547
547
30
5
547
92
147
547
199
547
436
172
547
547
547
77
547
133
547
547
547
547
548
548
548
548
548
548
548
199
548
133
5
548
436
147
548
548
133
199
172
6
548
548
549
549
549
199
6
549
436
147
549
549
549
549
549
30
549
30
549
549
549
549
30
549
549
549
549
320
549
549
549
172
549
549
549
549
436
550
550
550
550
199
550
550
6
550
550
550
550
5
550
12
24
550
30
550
550
30
172
550
550
551
42
321
551
550
551
436
551
551
551
551
172
27
321
551
551
551
199
551
552
30
552
552
552
552
552
552
552
199
552
552
552
552
552
552
270
552
552
552
30
552
552
552
2
30
552
552
436
552
552
552
552
552
92
552
552
42
1
552
552
552
552
552
6
30
10
552
552
553
2
147
30
554
199
30
333
554
554
554
554
554
554
270
554
554
554
147
554
554
3
12
554
554
554
554
554
554
2
554
554
554
199
321
554
554
199
554
554
554
554
147
199
554
554
554
554
199
555
30
92
2
555
555
30
555
555
30
555
555
10
555
555
555
555
555
71
333
30
6
321
556
556
556
5
1
556
30
556
1
556
556
27
30
556
556
556
556
556
3
556
147
557
557
30
147
321
12
557
92
3
557
172
557
30
557
557
557
30
557
30
557
557
30
30
436
557
172
2
557
27
436
3
71
557
557
557
557
30
557
557
557
557
557
557
557
558
270
5
27
558
199
3
558
558
3
558
558
558
436
558
3
30
559
558
30
559
559
559
436
559
559
22
559
30
559
559
559
172
559
559
3
559
559
199
199
559
559
559
22
30
559
559
559
559
559
559
10
199
559
559
560
560
199
3
147
560
560
560
560
2
560
560
560
560
199
30
560
560
560
560
147
172
560
27
560
333
436
561
30
560
560
560
436
30
561
561
561
561
560
561
270
561
561
561
561
199
561
561
561
561
199
71
30
436
561
436
561
3
3
3
561
321
562
147
436
562
562
321
199
562
30
562
562
30
562
562
562
562
562
562
2
30
562
563
333
30
563
563
563
563
3
563
563
563
30
563
563
563
333
563
563
564
564
564
564
436
564
564
564
564
564
564
564
30
564
564
564
564
147
564
92
564
565
565
565
6
92
565
10
199
84
565
565
12
565
6
565
30
565
199
133
565
172
30
321
565
565
565
22
77
321
565
565
321
565
565
3
565
565
565
566
566
566
92
566
566
92
566
172
436
30
199
12
566
566
172
566
566
436
566
566
566
567
567
436
567
567
567
567
30
172
30
567
71
147
567
567
199
84
567
567
567
92
567
92
567
147
567
567
567
567
567
567
567
170
567
567
567
567
567
10
6
567
567
270
199
567
567
1
568
568
568
568
568
568
24
568
335
568
133
568
172
321
568
199
568
568
568
568
170
30
199
568
30
568
568
568
568
199
568
568
568
568
568
568
30
568
568
568
568
569
569
569
569
569
133
569
3
569
569
569
199
569
569
569
270
30
571
1
571
92
30
571
571
571
571
571
569
335
571
571
571
22
571
571
571
571
571
571
571
571
199
571
571
571
571
42
3
572
572
321
572
77
30
572
572
572
3
572
19
436
572
572
572
573
573
573
3
30
573
573
573
573
573
77
71
573
30
321
574
574
22
574
574
574
436
574
574
30
27
71
147
574
574
436
574
574
574
573
574
574
321
92
170
12
574
574
574
30
92
574
71
30
574
574
2
84
3
574
436
574
574
12
574
575
12
575
575
575
575
575
575
575
575
576
170
576
321
24
576
576
3
576
576
576
576
576
576
576
577
577
30
30
577
71
321
436
577
577
577
577
577
340
30
577
147
577
92
577
30
2
577
577
30
577
30
577
147
436
577
577
92
3
22
577
199
577
30
577
340
27
577
577
321
170
172
321
42
340
30
30
436
577
436
133
578
578
578
436
30
147
578
578
578
172
578
578
133
578
578
578
147
578
579
341
579
579
579
579
579
579
579
436
579
579
579
321
579
147
71
436
579
2
579
579
71
579
579
579
579
579
1
579
579
579
10
579
579
30
170
579
579
579
12
133
579
579
580
580
580
580
3
42
580
199
580
580
580
199
133
580
580
580
580
27
580
581
172
3
27
1
581
581
30
30
199
147
581
581
581
436
581
581
581
147
581
581
581
71
581
581
581
436
199
199
582
199
172
582
582
582
582
582
1
71
582
436
436
24
582
436
582
582
582
582
582
582
582
77
582
30
42
582
582
436
582
582
270
583
582
42
583
321
27
583
583
77
583
583
583
583
583
170
583
583
583
583
583
583
583
30
583
583
583
30
583
583
6
6
583
3
583
583
583
583
583
584
584
584
6
584
584
30
30
584
584
584
584
584
584
584
584
584
584
584
584
321
199
584
30
584
584
584
584
584
584
584
10
71
30
321
584
30
344
585
585
199
3
585
585
585
2
585
585
30
585
92
585
30
321
585
586
586
133
436
71
586
586
586
586
436
586
586
270
586
586
586
92
586
586
3
321
586
586
199
586
586
586
586
586
586
5
10
586
586
586
586
147
586
586
586
30
586
586
586
436
586
586
436
199
586
586
586
30
147
170
172
587
270
587
172
3
346
588
588
587
588
30
587
588
587
588
588
199
436
588
587
199
588
588
588
588
588
147
1
588
588
30
321
588
588
588
588
588
77
588
199
588
6
588
588
346
588
588
1
588
270
10
199
346
588
588
172
588
588
589
589
12
589
589
588
589
92
589
30
589
588
589
589
172
589
589
30
589
30
77
589
589
589
147
589
346
199
436
92
321
199
589
589
346
589
590
590
590
147
590
589
77
590
133
436
590
590
30
3
2
92
199
71
590
590
590
590
590
590
170
30
12
590
436
590
590
30
77
591
591
436
590
6
591
590
591
591
30
591
30
199
591
590
2
591
199
12
591
436
436
591
172
591
590
12
12
590
591
591
591
591
591
591
347
71
591
591
24
77
170
71
6
592
1
592
592
592
42
592
592
593
30
593
593
3
592
436
71
593
321
3
593
593
593
12
321
593
593
593
593
593
30
170
593
30
593
349
593
321
3
593
593
593
77
270
593
593
321
270
594
172
77
594
594
594
594
349
594
594
594
30
77
321
270
594
147
594
71
594
594
594
30
350
1
594
594
92
10
199
594
147
594
594
172
436
30
436
594
42
321
436
595
595
595
595
595
595
30
30
1
270
30
595
595
595
595
596
596
6
596
596
596
92
596
351
596
172
596
133
30
596
596
3
596
596
42
3
596
596
596
596
596
596
147
3
596
436
596
596
596
597
597
6
597
597
597
597
170
436
30
597
597
12
71
597
597
598
598
5
598
27
598
71
598
598
598
5
598
598
10
598
24
352
598
598
598
27
598
598
599
599
321
71
599
599
3
3
599
599
147
599
270
353
599
599
199
353
42
599
436
353
30
599
12
599
199
436
436
321
599
77
599
600
600
600
600
600
199
600
600
600
147
600
600
147
600
600
172
600
600
30
600
30
27
199
600
270
601
601
601
601
601
30
601
199
601
601
601
436
147
30
601
601
601
601
601
601
601
601
2
19
601
601
436
133
602
602
602
602
436
10
601
602
133
602
270
602
602
602
602
199
602
602
77
602
602
602
602
602
602
30
602
27
602
147
602
602
24
602
602
436
603
603
603
6
603
147
603
603
30
603
603
199
603
603
603
170
603
603
603
603
77
199
603
321
603
603
172
603
199
604
604
30
30
172
604
356
3
436
604
30
321
71
604
436
604
604
604
42
71
1
71
604
436
604
604
604
604
604
270
604
172
604
604
3
604
604
604
604
270
604
604
604
604
605
270
356
3
30
606
605
30
147
606
22
606
606
30
199
606
606
92
606
606
24
30
606
606
3
27
147
3
605
606
606
606
606
605
607
605
147
199
5
607
606
606
147
321
436
71
607
172
606
607
3
436
606
270
71
607
607
199
607
607
607
3
607
606
607
199
607
607
321
27
30
607
133
607
607
147
607
71
607
608
608
608
436
3
608
321
608
608
608
608
608
71
608
1
12
607
608
3
607
608
608
147
608
608
608
608
608
608
608
608
608
608
172
27
199
358
610
610
30
610
30
610
321
610
71
199
610
199
610
92
610
436
609
30
610
30
30
30
321
610
30
610
610
610
610
610
610
610
360
199
30
3
30
436
610
610
610
610
199
610
77
610
610
610
610
610
610
610
610
22
610
611
611
199
611
170
30
436
611
611
611
147
611
611
611
3
611
611
42
611
612
172
612
270
612
92
30
321
612
612
172
612
612
612
612
612
199
612
612
612
5
612
612
199
612
612
612
612
612
30
612
6
612
612
612
612
30
612
77
12
12
5
270
613
613
3
613
613
436
613
613
613
613
3
147
436
5
436
613
613
613
613
30
613
1
614
10
24
614
614
614
615
19
614
615
615
147
77
362
615
614
30
270
615
30
615
615
615
363
30
615
615
615
615
615
24
363
615
436
77
615
615
615
615
615
615
170
30
616
616
6
30
616
616
616
92
321
616
436
436
71
77
363
616
616
617
617
617
616
616
321
133
617
24
616
616
436
436
617
617
617
270
617
617
617
617
617
147
617
617
617
617
617
71
617
617
6
617
363
617
617
617
436
617
30
362
618
618
321
618
618
618
618
147
618
618
618
30
618
24
618
12
618
618
12
618
618
618
618
618
172
618
618
199
5
199
618
147
618
618
199
618
618
618
618
618
618
3
618
618
618
618
618
618
618
618
1
71
5
270
199
619
619
270
619
619
172
30
436
199
619
619
619
619
619
92
619
27
620
620
620
620
6
620
620
620
620
365
620
199
199
620
620
620
620
172
620
436
620
6
620
30
620
10
620
364
620
620
620
620
620
620
30
436
436
71
621
621
621
30
621
621
1
621
621
621
621
621
270
621
71
621
621
621
199
621
621
621
621
30
10
147
621
621
621
621
621
321
365
622
30
199
365
622
622
622
622
622
622
30
622
622
622
30
270
622
6
436
3
622
622
622
622
622
622
622
622
622
622
622
622
622
622
623
12
623
623
623
623
623
623
436
623
623
623
623
147
170
30
170
623
623
147
623
623
30
623
623
623
624
624
436
624
625
172
436
199
625
625
625
625
30
71
625
625
625
625
625
625
625
436
625
625
625
625
368
625
625
625
199
199
626
436
172
30
321
626
199
626
2
6
92
626
626
626
436
626
626
626
199
626
626
625
71
321
626
626
626
626
30
27
30
133
30
12
626
626
626
626
626
626
626
626
436
368
626
626
626
626
1
626
3
626
626
147
626
626
626
147
627
147
627
627
627
170
627
627
133
627
627
627
627
368
627
627
199
71
627
627
627
627
3
627
133
627
627
627
627
199
628
627
369
628
3
628
628
628
147
628
628
628
1
628
22
12
133
321
628
628
30
628
628
321
628
629
1
629
370
628
629
629
436
629
629
629
199
629
629
24
629
629
629
270
629
629
371
629
629
30
30
630
630
630
199
630
270
630
630
199
436
199
630
10
630
172
630
630
77
630
630
630
147
630
630
630
630
436
630
42
630
630
630
147
172
630
84
630
630
630
631
631
30
631
631
631
30
372
199
436
631
631
631
631
436
631
631
631
631
321
27
631
631
631
631
30
30
631
631
632
632
632
632
321
632
631
632
30
632
77
42
631
632
632
632
631
172
92
372
632
632
632
270
633
172
633
633
30
633
2
632
373
633
321
633
633
3
12
133
30
633
633
147
633
633
30
633
633
633
633
30
199
633
5
633
3
172
633
633
634
30
133
2
634
634
634
30
635
436
635
199
172
635
635
635
92
635
635
133
2
635
635
634
24
635
635
24
635
635
635
635
30
635
635
635
635
635
635
172
635
635
635
147
77
635
147
30
635
270
436
30
27
635
270
635
635
635
635
635
635
374
270
6
636
636
636
3
636
636
636
375
270
27
30
199
636
636
170
636
30
636
636
1
636
636
636
636
636
636
636
30
30
636
30
636
636
636
172
636
30
199
436
637
637
637
637
42
637
637
6
170
2
637
637
637
637
637
637
637
375
77
637
637
637
637
77
637
637
637
30
30
637
637
637
637
637
637
637
270
3
270
637
638
638
638
30
638
638
30
321
436
375
376
321
638
638
638
133
30
270
639
147
170
639
639
639
30
639
639
199
639
639
3
639
639
92
92
436
639
639
376
639
6
639
436
639
436
639
639
199
270
639
640
640
6
640
42
640
640
133
640
640
640
147
640
640
640
30
172
6
376
172
42
640
640
270
640
640
147
641
641
6
436
24
10
27
12
321
641
641
641
641
641
641
641
42
641
436
641
641
3
641
3
641
641
30
641
147
641
642
642
642
92
30
436
12
436
199
642
378
642
172
642
642
30
642
71
2
642
642
642
642
642
642
270
436
642
378
642
642
270
12
199
642
642
642
642
1
30
642
642
71
378
643
643
378
643
379
644
5
644
644
644
644
644
321
644
644
644
644
436
30
644
27
77
644
71
30
644
644
12
3
199
436
5
644
199
644
644
30
644
644
644
199
133
379
644
644
644
27
644
3
436
77
644
77
10
644
199
71
379
644
436
644
644
644
436
644
3
644
644
644
644
644
644
644
71
645
645
645
10
645
645
645
645
645
2
30
1
71
71
199
645
379
645
645
645
645
645
645
645
3
645
22
646
646
172
646
646
646
133
646
199
646
436
646
646
646
30
379
270
646
647
647
647
172
30
3
647
646
647
647
647
1
647
647
30
379
3
71
199
172
379
647
647
647
647
647
92
647
647
647
647
6
30
646
647
647
647
646
647
647
199
646
436
646
381
647
647
647
436
6
647
647
648
647
30
648
321
648
321
648
3
436
648
648
436
648
648
648
648
648
648
648
648
648
648
172
648
321
436
648
648
71
172
648
649
30
649
22
649
649
649
5
649
649
650
12
650
199
30
30
650
650
199
650
650
436
650
650
650
649
650
650
650
650
649
649
1
650
30
650
650
3
650
24
71
650
650
2
199
383
650
650
650
650
650
24
650
650
77
30
199
650
650
650
147
650
650
650
436
133
42
436
650
652
652
652
650
650
147
436
651
652
652
383
24
383
199
652
30
436
383
383
652
30
30
30
199
12
652
172
652
3
652
652
652
652
652
30
3
3
133
436
652
10
652
3
652
652
652
24
3
652
652
652
652
652
71
30
652
652
653
653
170
653
653
653
321
653
436
30
71
653
133
30
172
653
653
653
653
653
653
653
653
1
147
653
653
653
436
653
270
1
436
30
199
653
653
199
384
653
436
84
653
30
654
654
270
436
321
654
654
654
436
654
654
654
654
654
654
654
321
199
654
654
321
436
77
172
172
436
654
654
2
655
12
655
199
655
3
655
655
655
655
436
199
655
170
30
27
655
655
436
3
655
655
655
655
655
655
655
655
655
386
655
42
655
2
655
655
321
656
2
656
656
656
6
656
30
3
172
656
92
656
656
656
656
656
71
656
656
656
321
270
321
199
30
71
199
92
656
656
656
656
27
656
199
30
656
270
656
436
657
657
657
657
657
321
199
6
199
657
657
77
657
657
657
657
657
30
657
5
657
657
657
657
657
657
657
657
657
657
657
30
657
6
657
170
657
30
92
658
658
658
199
658
658
42
658
270
658
658
658
658
199
658
658
658
5
658
30
77
658
658
658
92
658
658
436
27
436
321
658
24
658
436
27
658
71
30
658
658
658
659
659
659
436
659
3
199
659
659
659
659
30
30
659
659
659
659
659
659
199
659
659
659
660
30
660
321
77
660
660
660
660
660
436
660
660
389
660
660
436
660
660
660
660
660
660
436
660
436
660
660
660
660
30
660
660
660
661
661
661
436
30
661
30
30
661
661
661
661
662
661
199
662
663
270
436
661
662
663
662
19
30
662
662
663
662
436
662
27
22
663
662
662
663
662
30
662
321
662
30
663
663
199
199
663
662
662
77
270
663
321
3
663
30
3
3
663
663
663
663
30
663
663
663
199
30
30
663
664
321
663
436
321
664
664
42
664
664
664
664
270
199
664
664
664
664
664
3
664
664
664
664
391
147
199
664
391
5
436
436
391
664
3
30
391
30
664
199
170
12
664
664
664
664
92
664
664
30
665
665
664
3
664
199
664
664
664
665
665
71
664
664
664
665
664
170
665
199
665
665
199
392
665
665
30
666
436
666
172
666
30
666
666
666
666
666
270
10
666
666
666
666
666
393
30
393
147
666
666
666
666
666
666
666
71
666
666
199
667
667
667
321
667
667
667
667
667
199
1
667
667
27
321
24
667
30
667
667
12
199
667
667
667
147
10
668
668
668
5
172
668
668
436
30
77
668
668
27
668
668
436
199
172
668
668
199
321
669
668
669
669
92
669
669
147
436
669
436
669
669
669
6
670
436
670
670
670
670
670
670
92
670
147
670
670
670
92
436
670
670
670
670
670
436
670
71
670
670
670
670
394
670
670
394
670
670
199
670
30
670
670
199
30
670
670
42
670
2
133
671
6
1
199
671
436
672
672
147
672
199
672
30
672
672
672
672
436
672
30
672
672
672
672
27
672
672
30
672
199
672
147
672
199
672
672
30
672
672
3
672
30
672
672
672
6
672
672
672
30
672
133
672
672
672
672
672
30
672
672
170
672
672
396
42
30
672
672
6
133
672
672
199
12
147
30
673
673
270
673
673
77
30
673
436
673
673
673
673
673
396
199
147
2
1
10
30
673
133
673
6
673
673
673
673
673
673
674
674
436
674
674
674
674
674
30
674
3
674
436
674
92
674
674
674
674
674
674
3
674
674
436
5
674
5
321
674
674
674
22
71
436
675
30
675
3
172
30
675
675
675
147
199
675
675
675
270
675
675
675
675
675
675
675
199
398
675
675
77
71
10
675
675
675
675
675
675
675
675
12
675
30
676
676
676
676
676
3
676
676
30
676
676
676
676
676
676
77
199
676
676
676
676
30
676
676
676
6
321
30
676
676
677
172
677
677
676
27
677
677
3
677
677
199
677
677
677
677
677
677
678
399
71
678
678
678
3
678
678
678
92
321
27
678
172
678
71
678
678
678
678
678
679
24
679
679
679
436
678
678
270
170
77
679
24
679
679
678
679
679
679
679
679
679
199
679
1
679
679
679
679
30
436
680
3
680
680
680
680
321
680
10
30
321
680
680
680
680
436
92
680
680
436
133
680
147
436
321
680
680
12
321
680
680
680
680
680
680
680
680
680
680
199
680
680
199
3
6
199
680
680
680
10
30
680
3
681
681
681
321
199
71
681
681
681
681
321
92
681
401
5
77
436
270
681
436
681
270
172
681
681
681
681
681
30
147
84
681
681
681
681
681
436
681
682
682
199
1
682
682
682
436
682
682
401
682
682
682
402
682
172
682
30
321
402
682
682
199
682
682
682
682
3
682
682
682
683
683
92
133
683
683
683
170
683
683
3
683
683
402
683
3
270
3
683
683
683
3
683
683
683
683
683
270
684
684
684
684
684
684
147
684
403
30
684
684
684
684
684
684
684
684
684
30
684
684
684
6
684
684
684
684
684
684
6
199
199
685
685
685
685
685
685
685
685
436
30
685
321
685
30
270
686
2
170
686
686
686
686
686
686
199
686
686
199
686
686
686
172
686
404
686
686
686
686
686
686
686
199
687
270
686
172
687
687
687
687
688
688
12
688
688
688
688
688
688
270
27
688
688
688
199
6
436
133
688
688
688
270
688
147
688
321
30
688
172
405
688
688
688
688
436
172
436
688
172
688
170
688
689
405
270
436
30
689
689
30
199
436
77
689
689
689
689
689
436
689
689
689
689
689
436
689
689
30
172
690
170
84
690
690
690
690
30
690
690
147
22
436
690
690
690
30
690
133
690
691
691
691
147
170
691
691
692
692
692
692
692
692
147
692
692
691
691
692
692
692
691
692
692
692
321
691
321
407
692
30
692
692
692
5
199
199
692
692
77
407
30
692
692
692
12
692
692
692
30
692
692
692
693
693
30
693
24
693
693
27
693
693
2
693
3
92
71
693
693
693
321
408
694
694
694
694
694
694
436
694
694
30
694
436
92
694
436
30
694
694
694
694
694
694
694
694
199
695
695
695
695
695
409
695
695
695
133
695
695
695
695
436
5
695
695
695
695
695
695
199
42
409
695
30
695
436
24
321
30
321
30
199
3
695
696
24
696
147
30
696
695
147
199
696
696
695
695
696
30
696
2
696
696
697
697
697
697
697
697
697
24
697
6
147
697
697
199
30
697
696
3
92
436
71
30
30
697
697
697
697
697
436
697
696
696
696
133
697
696
697
696
30
696
696
42
696
1
6
199
697
697
199
697
697
697
697
199
697
321
71
5
5
27
199
698
22
436
2
3
697
411
270
77
199
12
698
321
698
270
698
698
698
147
698
698
199
698
698
698
698
436
698
170
698
698
698
699
699
699
699
30
699
699
699
699
699
172
699
699
699
699
699
30
699
92
699
699
699
699
699
699
699
699
71
170
699
699
699
699
699
699
699
699
699
699
699
71
699
199
199
699
1
699
84
147
700
6
700
700
42
700
3
700
436
10
172
700
700
321
700
700
6
321
700
413
700
6
700
700
199
321
701
436
701
24
436
701
701
1
701
701
701
321
701
701
701
701
701
3
92
436
84
24
6
701
413
30
199
702
436
436
702
702
702
321
702
199
702
702
42
133
702
702
199
77
199
30
199
702
702
702
436
703
703
703
199
30
2
703
703
703
77
703
703
321
436
703
71
703
703
703
199
703
703
27
703
24
30
77
30
30
703
170
170
703
77
703
703
703
703
199
703
703
703
1
321
704
147
704
704
704
30
704
24
77
704
436
10
704
414
704
704
704
436
704
704
704
30
30
147
172
30
30
704
704
704
704
704
199
22
30
704
704
436
436
71
172
3
704
147
704
24
705
3
705
705
199
705
172
705
705
415
30
705
6
706
77
321
706
270
706
706
199
706
706
199
706
706
147
706
706
706
436
706
706
147
30
706
706
2
706
706
706
706
706
321
706
706
77
436
706
5
706
84
706
706
706
30
706
199
92
24
30
170
706
92
706
706
706
706
270
24
706
706
706
147
706
199
706
199
77
707
436
707
436
3
42
707
417
707
707
707
707
707
170
6
172
707
707
30
199
707
172
321
707
707
707
707
707
71
707
707
436
199
707
707
707
27
5
92
707
172
3
707
707
708
708
708
708
30
5
708
3
708
708
71
708
147
708
436
708
708
708
708
708
270
708
417
708
708
708
708
321
709
30
71
709
709
710
710
710
199
710
418
710
710
710
418
709
710
710
12
710
199
710
12
418
710
710
710
710
710
710
147
711
711
711
321
711
711
711
711
711
418
710
711
711
711
711
711
711
711
418
30
710
711
71
711
711
711
711
436
711
711
711
710
711
711
321
71
711
711
172
711
436
321
711
711
711
147
711
436
12
30
10
321
199
711
712
5
199
712
712
712
1
3
147
712
30
199
712
712
6
712
71
713
10
713
713
419
3
30
147
713
713
92
1
713
30
713
713
19
713
713
133
713
713
713
713
170
147
713
436
30
12
713
713
713
714
714
22
714
714
714
713
714
30
713
420
147
714
714
714
714
30
1
714
714
714
714
421
714
30
714
714
714
714
30
3
714
714
714
3
5
714
714
133
715
30
71
715
5
715
436
147
715
30
715
30
5
715
715
199
715
715
715
716
716
84
421
715
30
716
715
1
716
716
716
30
716
172
716
436
436
716
716
436
716
716
716
716
716
716
716
716
30
716
716
716
716
436
436
716
270
3
717
717
717
321
24
12
3
717
422
717
717
2
717
717
436
321
717
717
30
422
717
717
717
172
717
30
77
717
717
717
436
717
30
717
717
92
84
5
717
717
717
436
717
717
436
71
717
717
423
717
717
172
717
30
30
12
30
6
717
30
718
718
718
718
718
718
30
718
436
718
718
718
423
718
436
321
718
719
719
199
1
719
719
71
719
199
719
147
719
321
199
719
719
30
719
719
172
719
719
719
719
719
719
719
84
30
719
720
720
199
321
720
30
720
720
720
720
147
720
172
720
720
720
436
3
424
436
720
424
720
720
147
436
720
720
199
720
84
720
720
720
720
720
720
720
720
199
30
720
721
721
424
721
721
1
199
1
24
721
721
721
721
721
721
721
436
321
722
722
722
92
722
722
722
722
722
722
722
722
147
722
172
722
170
24
722
6
722
722
27
722
722
722
722
722
12
722
199
30
425
722
722
722
722
27
722
722
722
436
722
722
722
92
3
722
425
722
722
722
722
722
92
170
133
199
722
723
27
723
723
723
92
723
30
270
723
321
723
723
723
426
723
436
723
170
723
30
724
724
723
724
172
724
724
436
30
321
724
724
724
724
199
724
199
724
724
199
725
199
30
2
426
725
725
725
725
725
725
725
725
725
725
725
3
436
725
3
725
725
725
725
30
321
725
427
6
725
71
725
725
725
725
725
725
725
725
12
436
726
726
71
199
436
199
726
3
726
726
726
5
147
321
71
147
726
726
726
726
726
147
726
726
726
726
270
727
199
727
727
199
727
727
727
727
199
727
436
71
727
3
727
727
727
727
428
77
3
727
727
27
728
30
728
728
728
168
728
728
30
728
728
3
429
728
728
728
728
728
728
728
728
728
728
728
12
133
3
436
729
729
729
729
429
12
729
729
729
729
436
729
729
729
199
729
27
199
729
729
729
436
730
147
436
730
30
730
730
6
730
147
133
730
172
730
170
731
3
731
170
731
731
730
430
731
730
731
731
731
731
731
731
731
731
731
731
30
6
731
3
731
731
731
731
199
436
731
731
436
732
732
732
147
732
436
321
12
732
436
71
732
172
321
170
431
732
30
3
732
732
732
30
732
732
732
732
436
733
3
733
436
733
5
436
733
270
733
733
733
71
5
147
733
199
30
733
3
172
199
734
734
734
734
71
734
734
734
734
734
734
3
734
734
734
734
30
436
92
734
734
734
30
172
436
734
734
735
172
735
735
736
77
736
735
736
736
736
736
736
736
436
736
19
42
736
736
736
10
42
2
736
736
736
736
321
736
71
736
30
736
736
736
736
147
736
3
736
736
147
736
199
30
147
736
736
1
321
736
10
736
736
436
736
736
736
170
42
736
736
736
736
737
30
737
737
737
737
737
737
737
436
199
92
737
737
71
133
737
737
737
737
737
30
738
738
133
738
3
738
738
738
738
738
738
738
738
738
738
738
30
739
84
739
739
739
436
739
739
30
739
133
739
739
739
199
739
739
739
133
739
199
172
739
71
739
739
27
739
739
739
739
739
739
739
739
199
27
77
739
30
739
739
170
739
147
92
739
435
740
321
740
740
321
71
740
740
740
740
24
740
740
740
740
740
30
172
740
740
740
71
30
740
30
740
77
740
740
92
740
172
147
147
740
740
133
740
740
740
740
740
740
740
740
740
740
3
321
740
741
3
740
741
741
30
741
741
27
24
741
741
435
741
172
30
741
741
741
27
741
133
133
741
741
30
741
172
42
435
321
199
1
741
12
199
199
742
172
741
147
321
12
30
742
92
3
742
1
742
3
3
30
742
30
1
742
147
742
742
743
743
743
743
30
743
743
743
743
743
743
743
743
743
147
170
30
92
743
743
743
743
436
170
30
743
438
743
743
743
170
743
436
743
743
321
743
743
30
743
743
199
743
438
744
744
744
744
744
172
321
6
744
744
744
744
1
436
199
270
744
30
744
744
24
10
744
744
744
270
744
438
744
744
744
744
744
30
744
30
439
744
744
3
6
744
745
745
745
745
439
745
745
745
321
27
745
42
745
2
745
744
745
321
745
30
439
3
30
30
133
439
745
3
24
745
745
745
746
147
746
199
746
746
439
439
746
746
746
746
746
746
440
746
30
746
746
746
439
30
27
746
746
746
746
746
746
10
747
19
747
30
746
747
747
147
747
747
747
747
71
747
747
199
747
30
747
6
2
77
747
747
270
24
747
747
747
747
321
747
747
747
747
747
747
747
747
746
321
77
77
747
747
747
748
748
748
748
748
321
747
747
747
748
748
71
27
748
748
42
749
749
441
30
749
30
3
749
749
749
5
749
749
749
748
749
27
749
441
749
748
147
748
748
749
749
749
199
749
749
749
147
749
749
441
199
133
749
749
321
749
441
749
749
133
441
749
5
749
750
750
750
441
30
27
133
750
750
749
750
749
749
30
749
750
749
133
3
172
750
10
3
750
750
321
750
77
750
750
751
751
3
147
751
751
199
751
751
751
30
751
442
751
751
30
751
751
199
751
752
443
321
199
442
443
443
752
30
752
443
752
752
752
752
30
30
199
752
71
752
752
147
752
752
147
752
752
752
752
752
752
321
752
752
752
199
752
443
752
133
752
443
30
443
199
77
753
753
147
753
199
147
1
753
753
77
752
752
752
753
753
27
1
753
199
147
27
30
753
753
753
753
1
321
270
172
753
753
753
753
753
753
3
753
753
2
753
30
321
753
753
754
199
753
754
754
754
754
753
71
754
754
27
754
754
754
754
754
754
754
1
444
754
321
199
172
754
754
754
754
199
30
754
754
754
754
754
2
24
754
754
755
755
755
30
755
2
92
755
755
172
755
755
755
30
133
30
755
755
19
71
756
321
757
757
445
757
30
321
445
757
757
757
757
757
30
757
3
757
3
757
757
757
147
757
757
445
757
757
757
5
757
757
757
757
757
199
77
757
27
757
757
757
133
446
757
757
757
147
3
757
199
757
757
757
757
757
172
757
30
758
758
446
92
758
758
172
758
758
321
758
758
758
758
133
321
77
758
759
446
759
759
758
759
758
77
758
446
759
759
321
446
446
759
759
759
3
3
759
759
759
759
759
759
759
759
759
759
30
446
759
2
199
759
759
759
759
759
759
759
759
759
759
759
759
30
3
759
759
760
760
760
447
760
133
760
12
760
760
760
10
760
760
133
133
760
760
30
760
760
760
6
760
760
30
30
760
760
30
270
760
447
760
172
447
133
24
761
761
199
761
761
761
761
10
761
24
761
761
30
761
761
761
761
761
761
761
147
761
761
761
172
3
762
762
762
762
762
762
321
172
3
448
447
762
762
762
147
762
762
762
762
270
762
762
762
762
447
762
30
763
763
24
199
762
1
763
448
763
763
199
30
763
762
763
763
762
763
763
763
763
763
763
763
763
763
448
763
763
42
22
763
763
2
270
270
27
30
763
147
172
321
92
84
763
448
763
172
763
764
764
30
172
764
764
764
764
199
765
172
765
765
71
22
765
199
765
30
30
3
765
30
765
10
765
765
765
5
22
765
765
449
147
765
765
765
765
19
765
765
766
147
766
766
766
766
766
147
766
3
766
172
133
766
766
766
321
71
766
766
172
451
766
766
766
767
172
767
767
767
10
767
767
767
172
767
27
452
767
767
767
3
767
71
30
22
767
767
767
767
147
767
147
767
767
767
767
30
768
768
768
3
768
452
768
92
768
768
147
768
768
768
768
452
452
768
199
199
30
768
768
768
71
92
321
769
453
270
769
147
30
30
10
769
769
199
769
769
3
30
769
770
6
770
321
453
770
770
147
770
770
453
770
199
770
770
770
770
30
770
170
321
321
71
770
24
453
170
770
133
770
770
27
30
770
30
770
321
770
30
770
30
771
770
770
770
770
771
771
771
771
771
771
771
147
771
771
771
199
170
771
772
771
772
772
772
772
199
30
772
772
772
772
454
772
133
71
772
147
3
133
772
772
772
772
773
27
30
773
773
773
455
27
773
92
773
773
773
27
456
30
773
773
773
2
22
774
199
3
71
774
774
774
774
774
172
774
774
774
774
774
3
199
456
774
30
12
774
199
774
92
270
774
147
22
199
775
775
775
775
775
147
71
775
775
775
775
775
775
775
775
321
775
24
775
172
775
775
147
775
456
321
775
775
775
1
775
775
775
30
321
775
19
270
776
776
30
776
776
172
776
776
776
199
776
777
777
777
199
777
457
777
777
172
777
777
30
777
777
777
30
777
777
92
777
777
777
777
30
777
777
777
777
777
777
777
777
777
777
777
777
778
1
778
778
778
778
778
778
321
778
778
778
84
778
3
778
778
778
778
270
1
778
778
458
778
458
778
199
30
778
30
1
71
778
778
779
779
778
780
780
780
199
71
780
780
779
780
133
780
780
780
459
780
5
199
459
780
779
780
172
780
780
780
780
780
780
780
780
780
780
780
780
321
10
780
30
780
780
780
270
780
30
780
22
780
780
199
780
71
781
459
780
199
460
30
460
781
460
781
199
1
781
781
781
781
781
3
321
781
147
782
12
782
199
782
1
782
460
782
782
12
782
147
461
782
783
783
199
147
783
461
783
782
30
30
147
783
84
461
461
783
783
783
783
321
42
783
30
24
321
783
10
783
783
133
461
783
461
783
783
199
783
147
783
783
783
783
783
71
783
321
783
783
784
784
783
784
784
3
199
784
784
784
784
27
784
784
784
30
784
784
27
784
784
784
784
784
784
784
784
784
462
785
785
785
785
30
785
785
785
199
785
785
785
785
92
785
785
785
785
785
785
785
199
786
786
463
786
42
30
786
786
786
463
786
786
786
199
787
71
787
10
170
787
787
147
787
3
787
787
71
787
199
787
787
787
787
787
787
787
787
787
464
787
787
787
787
787
787
30
787
19
77
788
788
1
788
27
1
788
788
788
6
788
788
788
788
788
199
464
464
464
789
789
789
789
789
71
789
788
30
789
789
789
789
789
789
788
464
789
270
789
30
789
789
199
789
789
789
30
199
77
789
30
3
789
789
465
1
789
789
465
789
1
790
147
790
790
172
147
3
464
790
790
790
790
199
464
6
790
321
199
10
790
790
6
790
790
84
790
790
1
790
792
30
792
30
792
792
792
199
792
465
792
792
792
172
792
199
199
792
792
199
30
133
792
792
466
792
1
792
792
792
321
170
84
792
793
793
170
1
793
793
793
793
793
5
466
793
793
793
793
793
793
793
793
172
30
793
793
71
793
465
793
199
22
199
199
30
793
793
793
793
466
465
793
793
10
793
5
10
793
793
793
792
2
30
793
793
793
793
793
30
793
30
793
199
793
793
30
793
172
793
1
3
793
92
3
793
793
793
793
793
465
793
793
793
71
793
1
794
794
794
794
794
794
794
794
147
3
794
3
467
794
794
27
12
30
794
794
794
3
199
794
794
794
30
794
794
794
199
172
794
794
794
795
795
468
795
30
199
795
795
795
795
795
795
795
795
30
795
147
795
92
795
795
795
795
795
42
795
795
795
466
199
795
19
199
795
796
796
796
796
30
796
796
796
796
467
12
796
27
321
796
92
796
469
467
796
796
796
796
796
796
796
71
796
796
796
77
797
797
24
797
30
797
469
797
30
797
199
797
797
199
797
5
797
1
172
797
170
797
797
30
321
797
6
797
797
469
797
797
321
797
797
797
30
470
797
797
798
30
470
798
798
798
172
798
798
71
798
798
27
10
798
6
798
799
321
799
12
799
799
799
799
799
799
799
799
799
799
799
799
3
92
199
199
92
800
800
800
30
1
800
3
800
799
800
199
199
800
30
30
800
800
800
800
321
30
800
199
800
800
800
321
471
800
800
800
800
77
321
800
800
71
800
800
71
3
800
30
801
801
321
133
30
801
801
801
801
6
801
471
30
802
802
147
77
802
27
802
802
802
71
24
802
802
802
802
802
172
802
802
30
802
802
802
199
42
802
2
802
3
802
802
3
71
321
802
802
802
802
147
30
802
172
803
803
3
803
6
803
71
803
803
1
84
804
6
804
471
199
804
804
10
804
804
804
804
804
804
804
804
71
147
3
92
804
1
12
270
172
804
6
805
805
805
805
30
805
6
71
30
805
805
270
805
805
805
805
805
805
805
805
805
805
147
805
805
805
805
321
805
12
42
172
3
805
471
805
805
805
805
806
199
806
806
475
806
806
806
806
806
475
806
806
806
806
806
10
71
471
806
806
806
807
92
806
806
199
30
806
807
475
807
806
807
807
807
807
807
3
807
807
807
807
133
807
27
807
199
199
807
71
133
807
807
808
808
808
808
808
808
808
808
30
808
808
321
270
77
808
30
808
30
147
808
808
808
808
808
2
471
808
808
808
808
808
808
808
3
809
809
199
5
471
809
809
321
809
809
30
809
809
809
809
30
809
6
809
30
3
3
321
809
30
809
809
809
809
809
809
809
810
77
199
810
1
810
477
810
810
810
30
810
810
810
810
321
810
810
810
810
1
92
24
810
71
30
3
1
811
811
810
811
84
811
811
27
811
811
1
811
811
172
812
812
3
811
3
811
812
812
812
811
2
30
2
133
172
812
24
471
812
812
30
270
30
812
812
812
199
812
27
77
471
77
812
812
812
812
812
1
812
30
77
321
813
813
199
30
813
172
1
813
813
813
147
199
10
270
321
3
813
199
3
814
813
6
814
199
814
814
471
814
170
814
814
814
814
24
30
814
814
71
814
814
1
814
71
814
814
814
814
814
814
814
814
30
814
10
814
814
77
814
30
814
814
147
815
815
30
815
815
77
199
815
815
815
815
815
480
321
815
471
147
815
815
471
815
199
815
815
815
42
147
815
30
30
815
321
471
1
815
471
321
321
815
815
815
6
816
471
816
199
30
30
3
816
30
816
147
816
816
471
199
199
30
199
71
816
2
816
817
817
817
817
24
471
817
817
817
30
817
817
817
817
817
816
816
817
471
817
471
30
170
3
817
817
817
817
817
817
817
172
817
471
817
817
71
30
818
1
270
818
818
818
71
199
818
471
818
818
818
19
818
818
818
818
818
818
818
321
818
3
71
818
818
818
818
818
77
818
818
471
818
818
471
818
818
818
818
27
482
819
819
819
819
819
819
471
819
270
27
819
819
71
27
133
92
819
471
30
820
820
820
147
820
820
92
820
482
71
27
820
24
30
30
820
30
820
321
199
820
6
820
820
820
821
820
821
821
821
821
71
821
821
321
3
821
30
5
821
821
270
270
821
821
3
821
821
821
12
30
821
321
71
1
821
12
821
483
821
821
821
199
821
30
30
822
822
30
77
471
321
321
822
822
822
822
822
822
822
822
822
822
6
822
199
484
822
822
822
822
822
822
823
199
823
823
823
30
823
823
10
823
3
823
3
823
823
823
823
823
823
485
823
823
823
199
321
823
824
824
824
824
824
824
824
824
485
199
199
172
824
824
172
1
824
824
824
3
199
824
824
824
824
824
824
824
147
321
824
485
824
824
824
485
824
27
824
77
30
2
824
30
71
824
825
825
824
825
825
825
825
825
825
825
84
825
27
825
486
826
826
1
92
825
3
471
199
12
30
471
3
826
826
826
321
30
71
471
92
826
826
30
826
826
826
3
27
826
826
71
199
321
826
71
826
826
826
826
826
92
826
826
147
826
826
172
826
826
826
826
826
321
270
3
826
826
27
92
826
30
826
270
92
827
30
147
30
199
827
827
22
827
133
827
30
24
147
827
827
827
5
827
827
827
827
30
827
133
133
30
24
827
471
2
827
827
827
27
92
92
827
828
828
30
42
828
828
828
828
828
471
828
828
30
71
199
828
30
828
828
828
828
71
828
829
829
829
172
829
829
829
829
71
199
829
829
829
829
6
829
30
829
71
829
829
829
172
830
71
830
830
830
830
830
199
830
199
830
830
830
830
471
6
830
830
489
830
489
199
830
27
830
830
830
830
830
830
830
830
830
830
321
830
30
830
30
831
71
831
831
831
831
77
831
471
199
30
321
831
199
831
170
199
831
30
831
831
831
831
199
832
831
832
832
832
490
832
832
832
832
270
30
832
832
832
30
832
490
199
832
832
832
832
832
832
832
832
832
833
833
471
92
30
833
172
2
833
833
833
30
833
321
833
833
833
833
833
30
5
833
833
170
833
833
833
833
833
833
833
833
833
27
833
147
833
833
22
833
833
833
12
5
834
834
834
834
834
834
834
834
27
834
834
834
834
5
834
834
834
834
834
834
270
834
834
834
27
199
199
471
834
6
835
471
6
835
835
471
835
172
835
835
471
835
30
835
835
835
77
321
133
835
836
836
836
836
30
836
836
836
30
836
836
199
836
836
30
836
836
836
836
836
836
493
30
836
1
836
837
837
836
837
837
172
24
837
836
837
836
837
836
837
836
836
837
836
836
321
270
836
837
837
836
92
837
836
837
837
837
170
172
838
12
471
837
19
3
838
838
471
838
838
172
838
471
838
493
2
838
838
838
71
838
838
838
838
839
838
839
838
838
30
838
839
1
839
839
839
839
839
839
471
839
839
839
839
92
839
839
172
199
30
27
839
839
839
471
839
839
840
840
840
30
840
30
840
840
71
840
840
840
840
840
840
840
840
30
840
840
471
22
92
199
840
840
471
30
840
471
321
71
840
840
30
170
840
840
71
840
840
840
841
841
77
841
841
841
841
270
3
841
841
71
321
841
471
133
841
496
841
841
30
471
842
842
842
199
199
30
842
6
496
172
842
842
841
841
471
842
496
842
92
30
172
842
842
842
842
471
842
842
842
842
842
842
842
843
843
843
843
10
843
496
843
843
471
843
843
843
843
843
843
843
843
471
471
843
843
843
199
843
843
843
172
843
471
30
843
844
844
844
844
321
6
844
133
172
12
147
92
844
844
844
844
844
30
30
844
497
30
844
844
270
844
199
30
845
845
845
30
845
199
845
845
845
845
845
270
471
30
845
3
845
845
845
30
846
846
846
199
846
846
846
846
846
1
846
846
846
1
846
846
471
846
846
846
846
321
270
172
846
846
846
846
199
321
846
92
12
846
846
846
846
3
846
846
846
30
846
847
847
847
71
847
847
847
30
3
42
471
847
847
2
147
847
847
847
847
847
471
30
848
270
847
848
848
848
849
849
3
848
848
5
199
849
849
30
42
849
321
849
849
270
199
849
849
849
849
849
147
199
849
849
849
849
199
849
849
849
147
30
849
22
849
849
849
471
849
30
850
850
850
850
850
850
24
850
3
850
850
850
12
850
850
850
321
851
30
851
851
851
851
851
30
851
851
3
851
851
471
851
851
851
851
851
12
30
71
851
851
851
851
851
851
851
851
851
199
852
77
1
502
852
471
30
852
852
852
852
12
852
852
852
852
852
199
471
853
853
471
853
853
853
321
170
853
852
853
852
12
853
853
852
30
853
853
3
27
147
854
30
1
30
30
854
3
853
854
30
77
2
854
30
172
471
853
853
853
854
854
854
92
854
853
853
170
854
172
199
853
321
24
853
321
853
854
854
854
854
854
12
854
854
30
471
1
854
133
854
854
854
471
854
30
854
1
854
854
199
854
855
855
30
855
855
30
30
855
855
10
92
170
855
855
855
30
84
855
471
855
321
855
856
856
6
856
856
856
856
856
30
856
856
856
199
30
856
856
92
856
856
856
856
857
3
857
12
856
857
172
857
172
857
30
857
30
857
857
857
30
3
199
857
857
172
856
30
71
857
10
5
5
857
857
321
857
321
857
857
857
471
857
858
1
858
858
858
858
857
858
858
858
321
858
858
858
471
858
3
10
71
1
858
858
858
199
30
859
859
471
859
859
471
859
199
859
859
859
71
505
859
471
859
859
199
859
859
3
859
859
859
859
199
859
859
24
859
859
859
71
859
859
859
24
860
860
92
860
860
30
861
77
77
92
861
861
92
861
147
861
861
861
1
170
861
861
861
147
861
861
861
861
860
861
861
861
861
861
147
27
199
861
861
861
861
861
199
27
3
861
861
862
863
863
862
863
27
863
862
71
863
863
321
863
863
170
12
863
863
863
863
862
863
199
863
506
863
863
863
30
863
863
863
863
863
147
863
321
863
863
863
864
864
864
864
863
863
864
199
864
864
92
864
864
864
864
30
864
84
3
864
864
864
864
508
471
864
864
864
864
864
864
864
24
864
508
92
865
865
92
321
471
865
865
865
509
865
199
471
866
199
866
1
509
866
866
866
509
866
866
866
866
866
866
30
866
866
471
866
866
866
866
133
19
471
866
866
866
866
27
866
866
42
866
866
866
866
866
27
866
321
510
471
270
866
866
172
867
867
270
270
6
867
867
867
172
867
867
509
867
867
147
867
867
867
867
867
199
867
172
867
170
147
867
42
867
867
867
867
30
867
867
867
867
147
133
867
6
867
868
868
868
172
471
868
868
868
868
868
868
868
199
147
868
92
868
868
868
868
471
71
868
868
471
868
868
869
869
471
869
869
172
869
869
30
869
869
71
869
5
869
512
868
869
869
869
869
869
869
869
869
869
869
869
869
869
869
869
870
147
870
870
870
30
30
30
512
77
870
870
147
471
870
870
870
30
870
870
1
30
870
870
870
870
512
471
870
30
870
71
77
870
870
199
199
871
871
872
872
270
10
872
872
872
872
170
872
270
27
872
872
77
170
872
872
170
471
471
471
30
871
872
321
321
872
872
872
872
42
12
872
30
872
872
872
872
199
30
872
872
2
872
199
199
872
12
873
873
199
133
1
873
873
873
873
873
42
873
270
872
147
199
873
199
873
873
471
873
873
471
873
873
873
874
872
172
172
874
514
514
514
873
874
71
873
92
874
77
874
42
27
874
199
874
874
874
874
874
27
875
875
875
12
199
875
147
30
875
875
875
875
875
875
270
30
875
875
875
6
875
875
875
875
875
875
875
875
875
875
147
875
875
876
876
471
876
876
172
875
172
876
27
876
876
876
5
876
71
30
875
876
147
876
876
471
321
876
516
27
321
321
77
877
877
877
876
199
877
84
877
471
71
877
147
876
876
877
71
878
3
471
878
878
877
878
878
877
3
878
878
5
3
877
6
878
878
878
517
878
471
30
878
321
878
3
1
878
878
878
878
30
878
878
878
878
517
878
878
878
878
878
878
471
19
878
879
1
71
879
147
879
3
879
92
879
199
879
199
879
879
879
270
880
3
880
880
518
3
880
270
880
880
879
880
880
471
77
880
880
30
321
518
880
880
77
518
880
880
12
5
880
30
880
880
880
170
19
880
3
881
881
71
881
882
882
882
882
92
882
882
30
882
882
321
6
882
882
882
882
883
883
883
520
883
883
321
883
2
147
520
883
883
883
883
883
270
883
883
92
19
883
321
471
883
3
71
883
883
30
883
270
883
883
883
883
6
199
883
520
147
27
883
883
884
884
30
199
884
884
884
270
884
884
884
884
471
884
1
884
884
321
884
884
884
884
71
884
884
24
884
884
12
30
147
884
199
885
885
518
521
24
885
885
885
885
92
885
885
885
30
885
885
30
199
172
885
885
885
885
147
885
885
885
27
885
885
30
147
885
886
886
886
71
886
77
471
887
887
887
887
321
887
887
887
887
518
887
518
887
3
887
270
887
887
471
30
887
471
30
30
887
30
887
887
887
887
887
887
71
172
24
887
887
887
887
887
518
887
71
887
887
24
147
887
887
30
887
471
92
887
887
887
888
888
888
471
888
888
30
888
471
888
3
888
888
521
172
71
888
888
888
888
888
889
889
888
889
889
889
889
30
133
889
172
889
889
889
889
321
889
889
890
71
199
890
199
522
890
3
522
471
890
471
471
270
890
92
890
889
42
30
471
890
147
889
471
147
890
890
890
890
890
30
890
890
30
199
890
30
77
30
471
6
71
24
891
22
12
891
891
891
891
891
891
891
892
892
270
518
321
892
471
892
892
892
892
892
199
133
471
892
892
892
471
892
199
892
147
92
892
471
27
471
892
892
30
147
893
892
71
71
893
892
893
30
30
270
892
893
893
30
893
893
147
12
893
893
893
894
894
71
894
199
894
172
3
27
30
894
30
894
894
6
894
894
71
170
894
894
894
894
894
518
894
894
894
12
894
199
147
894
894
894
894
894
894
894
133
894
894
895
894
895
895
895
895
471
895
895
895
895
895
526
895
895
895
895
895
199
895
895
30
71
12
895
895
30
199
895
30
30
896
471
199
896
896
3
896
896
896
896
896
897
321
897
30
897
19
897
896
133
897
897
2
3
30
471
12
896
172
471
199
897
897
897
3
24
147
897
897
897
897
897
30
30
897
897
30
897
24
897
172
897
77
471
471
897
897
270
71
897
897
30
133
897
897
897
897
897
321
897
897
92
897
172
2
897
898
897
898
898
71
30
898
898
321
270
898
898
10
172
898
898
12
898
898
898
471
3
528
898
899
899
30
899
172
899
899
2
170
10
899
899
899
899
899
199
71
899
172
899
899
30
899
899
147
899
321
30
899
899
321
899
899
27
899
92
899
899
899
899
899
899
899
899
899
899
899
899
133
199
12
899
10
899
899
899
899
900
900
900
900
900
900
172
2
900
900
900
3
900
900
900
147
270
901
901
199
901
901
901
901
199
901
901
901
321
901
901
901
30
172
901
1
901
2
3
901
147
902
902
902
902
902
902
30
902
902
902
199
902
902
902
902
902
199
902
902
518
147
902
471
30
902
321
531
903
903
30
471
903
903
30
903
30
30
12
321
903
172
30
903
531
77
531
903
3
903
30
903
903
903
903
904
199
904
904
30
904
321
904
904
904
3
904
904
904
904
904
172
904
904
904
904
904
904
3
27
904
471
904
904
199
270
2
905
30
905
905
905
199
533
906
905
30
1
3
906
906
906
471
906
905
906
71
533
906
906
906
906
906
906
906
906
6
906
906
2
906
30
1
30
906
906
906
471
906
533
906
906
906
199
906
907
907
907
199
907
907
907
907
907
907
199
907
907
907
199
907
71
518
2
147
1
907
907
907
907
907
907
199
199
907
907
907
907
907
907
907
907
908
908
199
908
908
30
471
908
908
908
908
10
908
909
909
909
909
909
24
909
471
909
471
909
909
909
909
909
909
71
909
471
909
909
909
909
30
909
909
92
909
909
909
5
909
71
909
909
3
909
71
909
30
909
3
92
909
909
909
909
909
909
909
147
909
909
3
909
910
172
910
3
199
910
30
199
910
199
910
30
910
270
910
910
30
910
133
910
910
92
910
910
910
199
910
133
92
77
133
30
910
2
27
911
911
30
270
911
911
911
30
321
911
321
30
911
30
911
911
911
172
911
911
911
172
147
912
912
912
912
42
912
912
912
912
912
270
270
912
912
912
471
912
912
912
912
71
912
6
71
71
912
912
30
912
912
912
199
199
24
3
913
913
913
913
3
30
71
172
914
914
914
914
914
321
914
914
914
30
914
30
914
914
914
914
914
3
30
914
30
914
27
77
914
71
92
30
914
914
199
914
914
914
914
199
914
471
92
915
30
915
30
915
915
518
914
30
915
199
915
2
147
172
915
916
915
915
916
916
71
77
915
27
916
916
916
916
3
321
916
199
30
27
199
10
916
27
916
916
30
916
538
916
916
321
916
199
916
916
1
916
199
71
916
916
30
917
538
917
917
917
12
917
3
917
2
917
917
917
917
917
917
133
199
917
321
147
917
917
917
917
917
199
917
30
917
917
917
538
917
917
917
917
199
270
918
147
918
918
71
471
147
918
918
71
918
918
199
321
918
30
918
918
321
918
918
12
918
471
918
919
919
919
919
919
170
919
27
919
919
919
919
919
199
919
919
321
919
919
919
919
30
30
919
919
919
919
172
919
919
170
919
30
147
919
919
471
539
27
30
920
1
30
920
920
920
3
147
133
920
920
471
270
1
920
321
920
30
920
920
920
920
133
471
920
920
920
471
199
920
172
920
920
30
920
920
92
3
30
471
92
30
920
920
920
920
471
920
920
84
2
147
30
920
920
920
92
921
921
921
921
921
921
921
30
71
921
30
199
30
518
471
921
921
30
3
471
321
27
922
922
30
922
922
922
922
471
922
30
922
30
922
922
922
922
1
922
922
27
84
922
922
922
22
922
922
922
77
92
321
543
922
922
471
923
923
27
923
923
518
923
172
923
923
923
923
30
923
77
923
30
19
321
923
923
923
471
923
923
30
923
923
3
923
923
147
30
3
923
923
924
924
924
544
924
3
924
924
924
924
924
924
924
199
924
30
924
924
924
924
924
924
924
924
924
924
30
924
924
147
471
925
925
925
925
925
925
925
3
471
925
925
172
170
925
925
133
925
925
147
925
925
925
926
30
926
471
926
12
10
926
471
925
471
926
518
19
926
321
27
471
926
925
71
926
926
925
926
926
92
471
147
926
71
926
133
926
926
71
926
926
147
92
30
926
926
925
926
926
92
199
926
545
927
927
30
927
927
927
147
928
928
77
928
928
30
928
30
3
471
928
30
199
928
3
929
929
929
929
929
925
929
929
929
929
925
24
929
930
930
12
930
471
321
170
930
930
270
930
930
930
930
3
199
930
172
92
930
930
930
172
199
42
30
930
30
930
3
925
930
930
930
30
930
930
930
930
172
471
199
931
147
42
548
925
931
931
931
12
931
931
931
931
30
321
30
931
931
925
30
925
931
931
931
199
931
931
6
931
931
931
2
931
931
30
931
931
925
270
27
932
932
932
71
932
932
3
30
932
12
925
84
932
6
932
932
321
932
932
170
321
932
932
2
321
10
518
321
925
933
933
933
471
30
933
933
471
933
471
933
933
933
933
933
933
172
933
933
933
933
933
933
925
270
934
934
934
27
925
934
471
934
934
925
5
934
321
934
77
934
550
925
934
925
934
518
935
935
92
935
935
133
935
935
471
24
471
170
936
30
936
925
936
936
24
936
936
936
199
936
925
936
71
936
3
936
6
471
936
1
1
936
936
937
471
30
925
937
937
937
937
937
3
937
937
937
2
199
937
937
937
937
937
937
77
71
170
471
937
937
199
30
939
938
939
939
3
939
939
30
939
939
939
939
939
199
925
939
939
938
27
147
938
939
938
30
939
938
3
939
199
939
938
30
939
199
939
939
939
939
939
3
147
940
940
270
940
925
940
940
30
925
940
940
77
199
30
940
553
940
3
2
940
940
925
940
940
940
940
925
5
3
940
940
940
940
3
92
940
3
940
199
940
940
941
471
941
941
321
941
941
941
24
941
199
941
30
22
1
92
941
941
941
942
30
942
27
321
942
199
30
942
270
5
943
943
942
30
943
943
199
943
943
943
943
6
471
943
30
943
943
943
943
30
147
943
2
943
518
943
944
944
133
321
944
199
30
471
944
944
944
556
944
321
944
944
944
944
92
944
3
944
199
147
5
27
471
199
945
172
270
10
945
945
5
945
925
945
945
945
147
147
30
945
945
270
199
925
945
6
30
27
172
945
270
199
945
471
30
84
2
945
945
471
170
945
945
945
945
6
945
30
945
945
270
2
946
946
946
925
946
946
946
3
199
321
946
199
30
946
946
946
946
471
947
321
947
947
471
947
947
471
77
947
92
947
6
947
558
947
199
321
27
1
947
321
471
199
948
948
947
947
947
948
948
199
30
948
948
948
199
925
170
948
948
948
948
948
948
948
948
948
948
92
948
948
6
948
948
30
12
170
948
321
948
172
30
949
6
949
949
471
949
6
949
30
147
30
949
949
199
949
949
925
950
950
950
950
30
949
30
30
950
92
199
270
950
950
950
950
950
950
950
950
950
950
30
147
199
950
950
950
950
950
30
950
950
950
199
950
950
950
950
950
950
950
560
950
12
471
471
951
951
560
42
951
952
952
30
952
30
952
925
952
925
925
952
925
952
5
952
952
952
952
321
952
952
952
92
952
953
321
953
953
953
77
952
952
953
953
30
953
952
71
170
952
471
27
30
953
925
953
953
953
77
953
953
953
170
953
133
953
953
12
170
71
953
3
953
925
953
71
199
953
953
77
953
42
147
953
925
321
471
953
953
6
471
925
953
471
925
955
199
955
955
954
955
955
954
471
954
321
955
30
954
955
3
71
199
955
954
925
71
471
10
955
30
955
955
1
955
147
955
955
955
3
954
955
1
955
77
955
955
562
955
955
955
518
199
270
30
5
955
955
956
30
956
321
172
957
199
562
1
199
471
27
321
199
957
30
957
957
957
957
957
518
30
147
147
957
71
199
957
957
3
957
563
77
5
22
957
3
957
957
925
42
199
958
958
958
958
471
958
958
133
172
958
958
30
71
925
958
958
321
3
958
958
958
958
958
958
471
958
958
958
471
958
199
958
958
92
471
925
147
24
958
958
958
321
958
71
958
958
170
71
471
172
958
564
959
959
959
959
77
199
1
321
71
959
959
959
30
199
1
959
959
147
199
959
960
960
960
960
960
199
147
960
199
960
960
960
960
12
960
960
960
199
960
3
960
2
960
960
960
27
71
960
961
961
961
518
961
961
199
961
961
961
3
961
925
199
321
961
961
961
925
961
321
961
925
30
3
471
199
962
962
3
962
962
133
77
962
962
3
962
962
172
321
962
962
962
199
962
962
962
962
962
30
3
925
270
962
962
199
71
170
962
962
962
962
30
962
962
962
962
471
962
962
963
147
30
12
147
963
30
963
321
963
963
30
964
147
964
925
30
964
30
964
964
27
964
964
1
964
30
199
925
964
964
3
964
471
30
42
518
925
964
964
30
925
77
170
965
321
321
27
965
964
964
965
22
965
30
965
965
42
965
965
30
965
30
965
965
199
30
965
965
965
30
965
71
42
1
30
965
966
42
966
966
966
966
77
967
3
967
967
321
967
967
3
967
967
270
967
967
71
147
30
967
518
5
967
967
967
569
967
967
471
967
518
569
5
967
967
967
147
967
199
30
967
3
471
170
569
967
10
968
172
968
968
30
968
968
968
968
5
968
1
30
968
321
147
968
10
569
968
968
968
92
133
42
968
968
199
925
968
968
968
968
969
92
30
30
199
3
471
968
969
969
969
969
969
969
471
969
969
969
30
969
969
969
925
1
970
970
970
71
970
970
970
30
30
30
970
199
30
970
970
970
471
970
970
471
30
970
970
970
3
970
970
147
970
970
970
147
970
970
970
471
970
970
172
321
971
971
971
971
971
42
471
971
571
971
971
971
971
971
971
30
971
199
92
971
77
3
30
471
972
30
972
199
972
972
972
972
1
972
972
71
321
30
972
972
972
972
972
972
22
972
147
84
270
92
972
972
972
972
972
972
972
2
3
471
972
972
972
972
3
973
972
27
133
518
147
518
974
974
974
471
974
974
925
974
518
925
974
974
30
973
974
973
27
3
973
974
199
974
974
6
974
974
974
925
974
974
974
973
973
30
974
30
974
199
974
974
71
974
974
925
974
974
199
974
975
199
975
975
975
975
3
30
975
172
321
3
975
471
975
975
975
925
975
975
975
975
975
925
975
975
925
24
975
30
975
199
6
976
977
977
30
92
199
3
977
471
977
976
976
977
977
977
321
977
199
976
925
977
925
977
12
977
977
147
925
977
172
977
977
977
172
925
199
977
977
471
977
30
977
977
471
977
1
977
92
321
977
978
978
978
978
978
978
172
978
978
978
978
30
3
978
576
471
199
978
471
471
471
147
978
199
978
978
30
199
978
199
978
978
199
925
42
978
978
199
978
199
978
978
576
979
979
979
925
5
270
979
30
979
3
30
979
979
979
471
30
979
270
979
199
979
199
980
199
577
199
925
980
30
980
925
980
3
980
27
980
980
172
980
3
12
980
980
980
980
77
980
3
980
5
980
980
980
980
980
270
980
980
30
980
30
980
981
925
981
199
982
981
981
471
981
518
30
199
982
982
982
982
982
982
982
982
982
982
982
92
982
471
982
170
982
982
30
147
3
270
982
471
982
982
170
982
982
982
30
982
982
30
3
30
982
30
321
172
147
925
42
10
982
982
982
983
983
983
983
925
983
579
983
925
71
983
983
983
471
983
984
983
71
984
983
983
984
983
579
984
984
147
984
925
984
321
3
199
133
984
984
321
30
984
471
133
984
984
984
984
984
984
30
5
984
30
199
984
172
30
984
984
172
985
985
3
579
985
985
985
71
985
270
985
985
147
985
321
925
172
985
985
985
985
985
3
985
985
985
92
985
1
147
92
985
199
925
985
471
2
77
321
925
986
199
3
986
986
986
986
986
321
987
987
987
471
987
580
321
987
987
22
987
987
30
2
147
987
30
987
71
199
987
987
987
925
71
987
987
987
987
987
987
987
987
925
987
988
925
988
987
30
988
988
77
925
321
988
92
925
988
988
988
988
989
989
989
199
471
30
199
471
989
989
199
199
989
989
199
199
77
989
989
471
989
989
989
989
989
989
30
471
989
321
989
925
199
471
30
30
30
3
990
990
71
990
925
990
990
990
990
990
321
990
471
990
990
990
12
990
990
471
990
30
991
583
5
991
991
471
991
991
583
991
925
3
6
991
321
12
991
991
991
71
991
71
991
991
991
991
199
199
991
991
71
991
991
199
172
199
71
991
991
10
991
991
992
199
991
991
991
30
992
199
992
992
321
992
27
992
992
27
471
584
321
1
270
12
172
992
147
471
992
5
992
133
30
993
993
993
993
22
992
71
992
993
992
3
199
321
993
133
993
92
10
993
471
471
30
172
993
993
993
993
993
170
994
471
270
471
925
994
994
994
994
994
199
994
30
994
994
994
994
5
1
994
994
147
994
24
994
5
585
10
270
995
995
172
995
995
321
71
471
5
995
170
995
995
321
995
10
995
518
321
995
995
995
995
199
995
995
10
995
42
172
995
471
270
995
995
995
996
30
996
6
996
996
925
147
30
585
996
925
92
996
2
925
172
996
1
996
199
12
996
270
996
996
997
997
997
997
1
997
997
997
199
147
518
997
997
997
199
997
997
12
30
997
997
587
997
42
997
587
997
925
997
997
997
30
997
997
997
3
199
6
997
997
997
998
471
321
998
998
588
998
998
471
998
925
199
998
172
998
12
998
199
998
998
998
6
998
998
999
3
2
925
3
999
999
77
999
92
999
999
10
999
321
999
925
999
147
999
999
999
199
999
999
925
471
3
999
925
999
170
471
71
999
999
1
999
999
3
321
999
999
24
999
3
471
999
1
1000
6
999
172
1000
199
518
1000
1000
1000
1000
1000
589
1
1000
1000
30
77
1000
321
172
30
1000
1000
3
77
1000
1000
199
1000
147
1001
27
1001
1001
1001
199
3
172
30
471
1001
172
3
925
172
1001
471
1001
1001
321
1001
1001
1001
1001
30
30
1001
199
3
1001
471
30
1001
30
471
1001
24
1001
1001
1001
30
1001
1001
3
133
199
71
1001
27
1002
471
321
199
1002
3
1002
1002
1002
1002
270
1002
1002
1002
30
1002
1002
1002
1002
1003
1003
199
591
133
1003
1003
1003
1003
147
12
2
1003
1003
3
1003
1003
1003
172
1003
1003
24
321
1004
1004
1004
147
1004
321
1004
1004
1004
30
77
1
1004
1004
133
1004
1004
1004
1004
1004
1004
1004
1004
1004
1004
1005
1005
471
92
30
1005
1005
199
1005
1005
1005
199
1006
1004
1006
925
147
1006
1006
1006
1006
199
3
1006
471
22
199
147
3
77
1006
5
1006
1006
471
147
92
77
471
77
1007
1007
30
1007
199
1007
270
1007
1007
24
1007
321
1007
30
30
147
1007
199
518
925
1007
1007
1007
1007
1007
71
3
1007
925
1007
1007
30
1007
3
30
3
3
1007
3
1007
133
1007
1007
30
1007
172
1007
71
471
3
471
321
1007
30
270
593
925
321
42
1007
1007
1007
1007
1007
1007
1007
321
1007
1007
92
1007
321
1008
1007
199
1008
1008
1008
2
1008
1008
1008
1008
1008
1008
19
24
1008
1008
30
133
92
199
1008
1008
1008
1008
1008
1008
471
2
71
3
321
1008
1008
199
1009
84
925
270
1009
1009
1009
30
321
471
1009
30
172
172
1009
6
1009
199
471
1009
77
925
2
1009
1009
147
1009
92
1010
30
471
594
1010
10
1010
594
1010
1010
1010
1010
1010
147
1010
1010
30
147
1010
321
199
1010
1010
1010
1010
594
1010
1010
1010
199
1010
1010
1010
12
518
71
1011
1011
1011
1011
30
3
12
3
925
321
925
471
925
1011
1011
1011
1011
170
24
147
199
5
925
1011
1011
1011
30
595
1011
925
1011
518
133
1011
172
1011
1011
1011
1011
1011
170
1012
1012
1012
1012
1012
1012
321
30
42
147
1012
1012
199
1012
147
925
3
6
1012
321
1012
1012
1
1012
1012
147
12
1013
1013
596
1013
1012
1013
1013
30
1013
1013
24
1013
1013
1013
77
172
1014
199
1
168
1014
1014
1014
30
925
471
1014
925
1014
1014
1014
1014
1014
30
1014
1014
1014
71
147
1014
1014
147
1014
1014
1014
1014
199
1014
199
925
172
1014
1014
1014
1014
147
10
30
1014
1014
1014
1014
1014
321
1014
30
27
1015
471
1015
2
1015
1016
1016
1016
1016
1016
1016
925
1016
2
1016
27
1015
1016
30
1016
1016
321
147
1016
1016
6
71
1015
548
1016
172
1015
1016
1015
71
1016
1015
1015
471
3
1016
1015
24
1016
1016
1015
1015
1016
1016
598
199
1015
6
71
133
30
925
92
1016
925
1016
3
1016
24
1016
1016
1
471
598
1016
1016
2
925
1017
3
30
1017
5
199
321
1017
1017
471
1018
1018
1018
471
1018
1018
1018
1018
1018
1018
1018
1018
27
1018
1018
1018
172
1018
1018
1018
1018
1018
1018
1
1018
1018
1018
1018
1018
1018
1018
6
1018
172
1018
24
925
71
1018
1018
1018
1018
1018
925
71
471
925
270
1018
1018
1018
199
147
1018
1018
1018
1019
1019
1019
1019
5
1019
199
1019
1019
71
1019
147
1019
1019
1019
1019
199
1019
1019
1019
321
6
471
92
1019
5
77
1019
1019
1020
1020
925
1020
1020
1020
30
1020
147
1020
1020
1020
1020
1020
199
199
199
1020
2
1020
1020
1020
1021
1021
1021
1021
1021
1021
925
1021
1021
1021
92
3
925
1021
1021
1021
30
1021
925
548
42
147
1021
1021
1021
1021
1021
518
1021
1021
3
1021
1021
1021
147
1021
1021
1021
147
471
471
147
1021
30
172
1021
1021
1021
1021
1021
199
471
1021
1021
1021
1021
1021
1021
1021
1021
471
1021
1021
1022
1022
1022
1021
71
199
1022
199
1022
1022
1022
1022
1022
1022
1022
1022
1022
77
22
1022
1023
30
1023
1023
1023
1023
1023
1023
1023
30
1023
602
77
1025
1025
1025
1023
1024
1023
12
71
1023
1025
1025
1024
1025
1024
1025
1023
1025
1025
199
6
147
1024
30
1025
1025
1025
1025
270
92
30
1025
1025
199
1025
321
1025
1025
77
1024
270
27
1025
1025
1025
30
1025
270
1025
471
1025
199
1025
1025
548
518
27
147
1025
1025
925
172
1025
1025
199
1025
1025
1025
30
925
1025
1025
30
1025
147
471
1025
1025
1025
603
3
92
172
1025
27
1026
1026
172
1026
1026
925
471
1026
1026
925
1026
604
1026
1026
92
1026
1
1026
199
1026
22
471
1026
1026
1026
471
92
1026
1026
1026
1026
3
1027
1027
147
471
1027
925
1027
1027
1027
321
1027
1027
77
1027
147
1027
77
1027
3
170
1028
1028
518
1028
1028
1028
1028
1028
199
1028
71
1028
30
1028
1028
1028
1028
1028
925
925
30
1028
1028
925
1028
1028
30
1028
1028
1028
1028
1028
1028
199
925
471
1028
1028
199
1029
1029
1029
199
1029
1029
1029
133
1029
172
1029
1029
1029
1029
1029
606
1029
3
1029
1029
1029
925
1029
270
1029
1029
1029
30
30
1030
1030
1030
199
22
1030
606
168
1030
133
1030
1030
471
1030
1030
199
24
925
147
30
1030
1030
1030
3
10
12
199
1030
1030
3
30
1030
1
3
1030
1030
1030
1030
1030
199
518
92
1030
1031
1031
1031
6
30
1031
1031
1031
1031
270
1032
30
1032
77
1032
92
172
172
147
1032
1032
1032
5
3
27
1032
1032
1032
1032
1032
77
3
1032
12
1032
199
1033
1033
199
1033
1033
1033
1033
270
10
133
199
1033
1033
1033
1033
1033
1033
199
1033
1033
1
1033
3
471
1033
1033
1033
1033
471
1033
172
1033
471
1033
1033
1033
1033
1033
1033
30
1033
147
1033
1033
30
925
471
1034
77
608
1034
1034
199
199
1034
471
1034
199
1034
19
1034
199
1034
1034
1034
1034
1034
30
172
1034
199
1034
1034
1034
1034
3
1034
172
2
1035
1035
1035
199
471
1035
1035
1035
27
1035
84
1035
1035
199
10
518
1035
1035
1035
1035
1035
199
30
1035
471
27
1035
199
1035
1035
172
1035
609
1035
1035
270
172
1035
1035
1035
1035
1035
30
199
133
133
2
1036
518
1036
1036
170
1036
925
1036
1036
518
1036
321
1036
925
471
1036
71
1036
1036
1036
147
30
1036
1036
1036
1036
199
1036
1036
30
1037
1037
1037
1037
1037
1037
1037
1037
1037
321
1037
30
1037
27
1
1038
1038
1038
199
1038
1038
84
1038
27
10
30
1038
30
147
518
1038
1038
199
1038
925
1038
1038
1038
925
147
1038
1038
30
1038
1038
1038
1038
925
321
1038
1038
1038
6
1038
611
30
30
1038
199
471
1038
92
1038
1038
147
3
1039
1039
1039
925
199
925
1039
1039
30
1039
1039
1039
5
92
3
1039
1039
925
1039
612
5
1039
1039
1039
30
1039
1039
1039
1039
1039
2
925
1039
1040
30
30
1040
1040
1040
172
3
1
612
3
471
199
1040
1040
1040
1040
518
6
1041
1041
1041
1041
471
471
1041
1041
1041
613
147
133
1042
1042
1042
147
71
1042
1042
1042
1041
925
199
1042
1042
1042
1042
1042
925
1042
172
1042
1042
321
30
471
1042
1042
1042
1042
1042
270
1042
471
92
1042
199
321
1042
1042
30
1042
1042
1042
1
1043
1043
1043
1043
1043
1043
1043
77
321
270
1043
1043
925
1043
1043
1043
1043
1043
614
1043
1043
1043
925
172
321
1043
1043
925
1043
24
1043
1043
172
30
1043
1043
30
30
1044
1044
321
92
471
71
30
1044
71
1044
199
1044
1044
1044
1044
3
30
172
1044
471
1044
1044
471
27
1044
1044
3
270
199
71
1045
1045
199
12
1045
199
270
1045
1045
1045
1045
1045
1045
1045
30
1045
30
199
1045
1045
22
1045
1045
471
1045
1045
1045
1046
1046
1046
471
1046
1046
199
1046
1046
1046
1046
147
1046
1046
1046
321
6
321
1
321
1046
147
1047
1047
1047
925
199
1047
1047
133
1047
3
1047
1047
92
270
1047
1048
925
172
616
471
147
71
1048
1048
5
27
1048
1047
1047
321
321
1048
1048
12
92
1048
270
1048
1048
27
1
925
1048
1048
1048
1048
30
30
1048
1048
1048
1048
1048
1048
10
199
3
1048
925
1048
1048
199
3
30
1048
172
27
27
1048
617
617
30
925
199
1048
1048
1048
1048
30
71
3
1048
321
1048
1048
1048
1048
1048
30
471
199
1048
1048
30
925
199
1048
1049
1049
1049
27
1049
71
1049
27
1049
925
1049
1049
1049
1049
1049
1049
1049
147
147
30
1050
1050
1050
1050
471
30
1050
471
27
27
1
1050
1050
1050
1050
199
1050
133
147
1050
1050
3
1050
199
1050
71
24
321
1050
1051
518
1051
30
1051
1051
518
199
925
30
199
1051
1051
1051
12
1051
1051
1051
1051
1051
1051
1051
1051
1051
84
1052
925
1052
199
1052
1052
1052
471
321
172
925
471
1052
71
1052
1052
170
1052
92
321
321
1052
5
30
1052
1052
1052
619
42
199
30
1052
1052
1053
619
19
321
1053
321
1053
1053
71
133
1053
1053
199
518
1053
1053
1053
925
925
1053
1053
1053
1053
1053
92
170
199
471
1053
147
1053
1053
321
30
1054
1054
471
1054
6
1054
6
1054
92
1054
1053
172
1053
1053
199
1054
1054
1054
42
1053
27
471
1054
925
1054
1054
199
5
1054
1054
1053
925
1054
1054
620
321
1054
1054
1054
1054
1054
1055
1055
321
22
3
1055
1055
1055
147
471
621
471
1055
518
71
30
925
1055
27
1055
199
471
321
199
1055
6
30
1055
471
3
1055
1055
1055
1055
925
1055
621
270
30
321
1055
1056
172
1056
1056
42
1056
1056
199
30
471
24
30
1056
6
1057
92
471
30
1057
1057
133
1056
1
1057
1056
1057
1057
2
925
1057
1057
518
71
1058
1058
321
1058
1058
1058
1058
1058
147
1058
199
321
1058
1058
172
1058
1058
172
30
1058
92
1058
1058
1058
12
471
1058
1058
1058
6
3
1058
1058
1058
2
1058
5
3
1058
1058
3
199
71
1059
1059
1059
1059
925
30
1059
471
1059
1059
1059
1059
3
172
3
1059
30
1059
471
1059
1059
1059
1059
1059
471
1059
1059
1059
172
1059
1059
518
1059
5
1059
1059
321
71
1060
471
1060
199
1060
1060
518
321
1060
925
1060
199
1060
1060
1060
1060
1060
1060
471
172
77
30
133
30
71
1060
1060
1060
1060
1060
471
1060
92
270
1060
1060
1060
925
1060
2
925
172
199
1061
321
1061
1061
1061
1061
1061
170
1062
1062
1062
1062
12
1062
1062
1062
199
170
925
471
92
1062
77
27
925
71
1062
1062
1062
1062
1062
1062
1062
1062
1062
625
6
925
1062
1062
1062
30
1062
1062
1062
1062
30
1062
1062
2
172
92
30
1063
77
1063
1063
1063
1063
77
1063
925
1063
1063
1063
1063
1064
925
471
321
1064
199
471
1064
30
147
1064
6
1064
1064
3
925
1064
1064
30
30
1064
10
1065
42
30
3
1065
30
199
30
925
1065
1065
471
1065
1065
1065
1
1065
1065
1065
1065
30
1065
1065
1065
1065
1065
2
3
1065
471
925
1065
1065
1065
1065
1065
1065
168
30
1065
1065
1065
133
92
1066
1066
1065
1065
1065
172
1067
925
199
1067
1067
1066
1066
321
471
30
172
1067
30
1067
1067
199
1
30
1066
30
1
1067
1067
925
1067
1067
321
1066
1067
1067
1067
172
1067
1067
1067
1067
30
30
1067
1068
321
471
1068
628
518
199
1068
1068
925
1068
1068
199
77
147
147
1069
199
24
1069
1068
1069
1069
1069
30
1
471
3
1069
1069
199
92
1069
925
925
77
1069
1069
1068
270
30
1070
1070
5
1070
172
1069
30
1071
1071
1071
1069
6
1071
1071
1071
1071
1071
1071
1071
1071
1070
1071
3
1071
147
1071
1071
1071
471
2
199
1071
1071
1071
92
1071
30
1071
471
3
1071
1071
1071
471
1071
1071
199
6
471
1071
321
1071
1071
1071
30
1071
1071
1071
30
925
199
92
1071
1071
1071
71
1071
27
170
27
321
30
24
30
147
471
1072
1072
30
1072
1071
3
471
1072
1072
1072
630
199
199
1072
1072
925
1072
1072
30
1072
6
1072
147
1072
92
1072
321
172
30
1072
30
925
1072
84
71
471
1072
1072
30
1072
1073
172
30
30
1073
12
1073
199
147
1073
30
321
471
1073
1073
471
1073
22
1073
1073
10
1073
1073
30
1073
1073
1074
1074
1074
30
1074
1074
1074
92
1074
1074
518
77
1074
147
1074
1074
1074
471
1074
1074
1074
12
1074
30
270
1076
1076
1076
321
5
1076
471
71
1076
471
1076
3
71
1076
92
1076
1076
172
1076
1076
30
42
1076
3
170
1076
1076
1076
471
1076
1076
1076
1076
71
1076
3
1076
170
30
1076
1076
133
1076
199
170
19
1077
1076
12
471
42
1076
1077
1077
133
1077
1077
925
1077
24
199
1077
1077
1077
42
1077
1077
199
634
1077
42
1077
1077
471
1077
1077
1077
634
321
471
471
925
42
471
1078
1078
30
1078
1077
1077
1078
27
1077
1077
10
1078
92
925
925
24
1078
5
1078
1078
1077
1078
199
3
1078
1078
1078
1078
133
1078
1078
1078
1078
1078
1078
1078
471
321
471
1078
1078
6
1079
3
199
925
471
147
1079
1
1079
1079
1079
1079
1079
1079
1079
1079
199
199
1079
1079
471
471
22
147
471
270
1080
1080
1080
71
1080
1080
1080
3
1080
1080
5
1080
42
925
3
1080
5
1080
1080
77
518
1080
321
1080
172
1080
1080
1081
147
1081
1081
1081
1081
1081
1080
1080
199
1081
170
270
1081
5
1081
636
925
1081
636
636
1081
172
199
71
30
199
1081
30
1081
199
1081
1081
636
3
3
30
71
1082
1082
1082
1082
1082
321
199
30
30
172
1082
1082
30
1082
2
6
1082
1
1082
1082
6
1082
1082
1082
1082
199
1083
471
1082
71
199
1083
471
1083
637
6
1083
1083
1083
1083
321
1083
92
5
1083
1083
30
1083
170
1083
1083
1083
1083
27
1083
471
1083
1083
6
1083
1083
1083
1083
1083
170
1083
199
199
1083
1083
638
170
1084
133
172
1084
518
1084
1084
1084
199
1084
1084
1084
1084
925
1
1084
24
1084
1084
10
1084
1084
1084
1084
1084
1084
1084
199
30
199
3
1085
1085
471
1085
1085
3
30
1085
1085
27
1085
30
471
30
1085
170
1085
1085
3
133
518
1085
1085
1085
639
1085
71
1085
471
1086
1086
1086
1086
471
471
1086
147
1086
30
1086
1086
172
1086
1086
199
1086
321
1086
1086
1086
1
1086
1086
1086
1086
1086
170
133
1086
1
30
1086
1086
172
1086
30
1087
10
1088
1088
199
1088
147
1088
1088
147
199
27
321
1088
925
71
199
1088
147
1088
92
925
471
321
1088
1088
640
92
1088
471
1088
1088
1088
19
1088
1088
1088
1088
1088
1088
321
1088
1088
1088
1088
1088
6
1088
199
640
1088
30
12
1088
1088
925
199
1088
1088
1088
1088
199
925
199
1088
1088
1088
1088
1088
1088
1088
30
471
199
1088
1088
471
1088
1089
925
925
1089
1089
1089
77
30
30
1089
1089
321
27
1090
1090
30
1090
1089
92
1090
925
1090
1090
1090
30
1090
1090
1090
1090
1090
19
1090
1090
1090
1090
1090
1090
42
6
147
6
1090
1090
925
1090
518
1090
92
1090
1091
1091
199
1091
3
30
92
1091
1091
1091
1091
643
147
1091
1091
1091
1091
321
1091
1091
30
1091
71
172
1091
321
471
1091
3
270
71
471
1092
30
471
1092
1092
1092
1092
1
172
92
1092
1092
1092
1092
321
147
321
1092
518
3
1092
1092
1092
92
30
1092
1092
30
3
1092
1092
92
1092
92
199
925
1092
1092
1092
925
133
1092
1092
1092
1093
321
1092
1092
1092
1
925
1093
1093
1093
1093
30
199
1093
1093
1093
471
1093
199
1093
199
199
1093
172
1093
1093
1093
1093
1093
518
1093
92
471
1093
471
170
1094
1094
1094
1094
1094
471
1094
1094
925
1094
270
1094
1094
1094
2
27
3
42
1094
644
1094
1094
1094
1094
172
199
1094
1095
321
1095
644
1095
1094
1095
1095
1095
1095
30
1095
1095
199
1095
30
199
1095
147
1095
1095
1095
42
1095
1095
1095
71
92
1095
1095
1095
1095
321
925
199
1096
24
1
1096
1096
3
1096
1096
1096
30
1096
77
1096
1096
133
1096
1096
1096
1096
1096
270
1096
71
1096
471
12
471
321
1097
30
1097
925
199
471
30
548
1097
30
30
71
30
1097
1097
1097
172
1097
925
1097
199
1097
1097
1097
172
1097
321
1097
1097
1097
1098
1098
1098
471
1098
3
1098
1098
199
1098
30
1098
1098
1098
1098
270
1098
42
1
471
471
471
925
199
471
199
147
1098
12
1
30
471
471
1098
1099
321
1099
199
10
12
1099
1099
1099
1099
1099
1099
1099
1099
1099
1099
19
42
1099
1100
1100
1100
71
1100
1100
199
1
1100
1100
1100
30
1100
647
1101
1
1101
71
30
1101
1101
1101
172
24
1101
321
1101
1101
1101
1101
24
1101
1101
3
1101
1101
30
1101
471
12
199
1101
199
471
1101
6
1102
30
1102
1102
1102
1102
1102
30
30
147
199
71
1102
1102
199
30
27
1103
30
1103
1103
1103
199
30
1103
133
1103
1103
1103
1103
1102
1103
1103
1103
1102
27
1102
172
3
1103
1103
1103
925
1103
22
925
1103
1103
1103
925
321
1103
925
1104
1103
1104
133
170
1103
2
1104
1103
1104
3
321
1104
471
172
1104
1104
30
30
42
1104
1104
30
1104
1104
471
30
1104
471
71
1104
1104
1104
1104
1104
1104
5
1105
1105
1105
199
471
1105
1105
1105
1106
1105
3
27
925
1104
1106
1105
1106
5
1106
71
1105
270
1106
147
12
30
77
1106
3
1106
199
1
471
1106
1106
321
30
1106
1106
1106
1106
1106
321
1106
30
24
71
1106
651
1106
1106
71
925
77
925
1107
1107
1107
1107
1107
1107
1107
170
1107
1107
133
30
30
1107
1107
1107
1107
1107
1107
1107
1107
92
172
1108
1108
1108
77
2
1108
1108
1108
1108
1108
925
1108
1108
270
1108
925
30
133
1108
1108
1108
30
1108
1
1108
1108
3
12
199
1108
1108
30
1108
1108
471
1108
10
1108
1108
1108
925
471
1109
1109
1109
1110
471
30
1
1110
1110
1110
1110
925
199
925
199
147
471
1
3
1110
1110
1110
1110
1110
199
1110
1110
30
1110
1110
30
1110
147
1110
1110
199
925
1109
321
6
30
1110
1110
321
925
1110
1110
1110
1110
1110
1110
24
1110
1110
1110
321
199
1110
30
1110
1110
1110
1110
1110
199
1110
925
30
1111
1111
925
1111
1111
1
1111
1111
1111
1111
1111
1111
1111
30
77
1111
30
270
71
270
92
1112
1112
1112
471
42
321
471
1112
1112
1112
1112
1112
1112
1112
6
1112
1112
321
199
1112
1112
1113
1112
1112
1113
133
1113
12
1114
1114
3
172
1114
518
321
1114
1114
1
1114
1
321
1114
3
925
1114
1114
1114
1115
1115
10
1115
1115
1115
1115
1115
30
92
1115
1115
1115
1115
22
1115
199
30
1115
6
147
1115
1115
2
5
172
92
471
471
1115
30
1115
6
3
77
471
1115
3
3
1115
172
1115
30
471
92
27
656
471
3
1116
1116
656
1116
321
130
30
1116
1116
1116
1116
1116
1116
71
1116
1116
1116
1116
1116
1116
1116
1116
270
471
147
1116
1116
30
1116
77
71
1116
30
1116
1116
133
199
1116
42
1116
170
1116
1117
1117
1117
3
92
471
84
321
321
1117
1117
925
147
657
1117
172
92
1117
10
1117
1117
1117
270
471
1117
71
27
1117
1117
1117
1117
1117
1117
321
3
1117
1117
518
30
1117
518
270
1117
1117
1118
1118
1118
19
1118
1118
471
1118
1118
1118
1118
1118
1
170
30
1119
1119
1119
1119
1119
1119
270
1119
1119
199
1119
1119
1119
1119
1118
1118
92
1119
30
1119
1120
1120
1120
1120
199
3
92
30
6
3
1120
1120
1120
1120
1120
1120
1120
133
3
1120
6
1120
1120
3
147
1121
1121
1121
1121
30
1121
1121
1121
1121
1121
22
471
3
1121
30
19
199
1121
1121
1121
1122
1122
30
71
1122
1
1122
925
471
1122
30
471
1122
1122
471
1122
1122
199
1122
1122
1122
1120
1120
1122
1122
133
321
1123
77
321
2
1123
1123
1123
1123
2
1123
199
1123
30
471
1123
71
1123
1123
1123
71
1123
1123
518
1123
1123
1123
1123
3
1123
71
1123
1123
1123
1123
1124
92
1124
1120
1125
1125
1125
1125
1125
1125
1125
1120
1125
1125
1125
1125
1125
1120
270
1125
1125
471
1125
518
1125
2
30
471
1125
77
147
71
1125
1125
1125
1125
1125
925
1125
1125
1125
1125
1125
30
662
19
199
1125
1126
1126
1126
1126
1126
1127
172
1127
77
321
3
518
92
321
1120
1126
1127
27
1127
1127
1127
1127
199
1127
1127
1127
30
199
270
925
92
1126
1126
1126
1127
1127
1127
1127
1127
1127
925
1127
147
1127
1127
1127
321
1127
133
1127
1127
1127
1127
133
1120
1127
1127
30
30
1127
1127
1127
1
1127
1128
1128
321
1128
925
199
1128
1128
471
1128
663
3
172
1128
1128
1129
1129
471
1120
1129
3
1128
2
199
1130
1130
1130
1130
1128
1130
1130
24
30
3
199
471
1130
1129
1130
1130
1130
1130
1130
270
1130
1120
471
1130
1130
1130
133
1130
199
1130
1131
1131
71
321
665
1131
471
1131
1120
77
1131
1131
92
270
3
1131
71
1131
1131
6
1131
1131
1131
30
92
71
1131
1131
1131
71
1131
925
1132
6
1132
1132
1132
1132
1132
147
92
1132
170
1120
1132
199
1132
1132
92
1132
1132
471
1132
1132
30
6
1132
1133
925
92
1120
1133
1133
1133
1133
1133
1133
1133
172
1120
1133
1133
172
1133
1133
1133
925
1133
1133
925
71
1133
1133
471
1133
3
30
1133
471
1133
925
1133
925
1133
12
71
270
1133
1133
22
1134
1134
1134
925
1134
199
147
270
471
1135
668
270
199
147
30
471
1135
1135
1135
668
19
471
1135
1135
77
1136
27
1136
1135
1136
1136
199
1136
321
1136
471
30
925
518
1
1136
1120
1136
518
199
199
1136
1136
30
1136
1136
30
925
1136
1136
1136
1136
1136
1136
1136
199
30
27
1136
1136
1136
30
1136
147
1136
1120
1136
1137
925
10
1137
321
42
1136
1138
1137
1137
1138
1137
1138
3
270
1138
2
1138
1138
92
1138
30
1138
1120
1138
1138
1138
1138
925
1120
1138
30
1138
30
1138
1138
471
1138
1138
1138
30
1138
30
1138
1138
1120
30
172
1138
1138
925
1120
1138
1138
199
1138
30
1138
1139
30
1139
471
1139
1139
471
1139
1139
1139
199
24
1139
1139
92
1139
1139
1139
1120
71
10
71
77
1139
1139
3
1139
1139
1139
1139
471
30
199
1139
71
1140
77
24
1140
1140
1140
1120
30
925
30
1140
1141
1141
1142
1120
1120
1142
71
1142
172
199
1142
1141
1120
925
1141
1142
1142
147
133
1142
925
1142
1142
133
1142
1143
1143
471
671
1143
71
1
170
471
1143
170
199
3
1143
1120
1143
199
471
1143
925
1142
1142
1143
1143
5
471
1143
1143
1143
1
1143
1142
1143
1143
321
1143
1142
1142
10
1143
1143
199
321
1143
1143
321
1143
1143
1143
1143
1143
199
1143
1143
1143
1143
1143
1143
147
1143
1143
1143
92
1143
1143
30
1143
24
1120
199
199
1144
1144
1144
471
1144
1144
1144
199
1144
30
1144
1144
1144
1144
1144
1144
1144
1144
1120
270
471
1144
471
1144
1144
199
1144
30
1144
1144
270
1144
1144
1120
1144
1144
1
1144
1144
1144
270
321
674
1145
1145
1145
1145
147
1145
199
1145
3
30
1145
471
1146
1146
925
30
1146
6
77
172
1146
1146
1146
71
1146
1146
30
1146
24
471
1146
1146
270
1146
1146
1146
1146
1146
1146
1146
71
321
1146
471
71
199
1146
321
6
1146
925
321
1146
1146
1146
30
471
471
321
1146
1146
30
30
1120
1147
199
199
321
42
3
1147
1147
1147
1147
1147
1148
471
1120
1147
92
1148
1148
30
1148
270
199
1148
71
1148
77
1148
1148
1148
1148
77
147
1148
1148
30
925
1148
1148
1148
199
1148
1148
1148
172
27
199
1149
199
30
270
1149
1
471
1149
199
1149
925
1120
1149
1149
1149
1149
1149
172
1149
1120
1149
199
1149
1149
199
1149
1149
1149
518
24
925
1149
677
1149
1120
1149
1149
925
1120
1120
1150
321
147
1150
1150
133
1
1150
1120
925
1150
321
321
1150
1150
30
925
1150
199
1150
1150
471
1150
30
1150
1150
1150
77
199
1120
1151
6
1151
147
71
1151
3
1120
22
1151
1151
1151
1151
1150
147
471
1151
3
92
1151
1151
30
10
27
92
1151
1151
1151
10
471
471
1152
1152
1152
1152
1152
1152
925
1152
199
3
1152
1152
30
1152
27
1120
172
471
199
199
199
1152
321
1152
92
172
1153
1120
199
1153
1153
22
1153
1153
1153
518
1153
1153
71
1153
925
22
1153
270
30
1153
1153
1153
1153
172
1154
471
42
1154
925
5
1154
1154
1154
1120
172
199
1154
1154
1154
1154
3
1154
1154
147
1154
1154
1154
1154
1154
1155
1155
1155
1155
1155
1154
1155
1155
1154
1155
1155
1154
679
1154
71
1120
1155
925
147
1155
1155
1155
1155
1155
925
1155
77
1155
1156
1156
1156
6
1156
1156
1156
1156
22
1156
680
6
1156
1156
1156
1156
199
1156
1156
1156
1120
92
1156
1156
84
2
1120
1156
1156
925
1156
471
925
1156
1157
925
1157
1157
199
27
1157
133
133
1157
77
30
199
1157
471
1157
518
1157
1157
1157
1157
1157
1158
1158
6
1158
2
1158
1158
1158
1120
30
1158
1120
1158
925
1158
1120
1158
10
22
30
1158
270
471
1158
1158
1120
3
2
133
6
30
925
1159
1159
1159
30
1159
1159
30
1159
1159
1159
1159
1159
1159
3
471
518
1120
1159
1159
1159
2
1159
1159
199
1
30
30
1159
1120
6
1159
471
1159
1159
1159
1159
321
1159
1159
1159
925
1159
1159
1159
1120
1120
147
1160
1160
1120
1160
30
270
147
1160
30
1160
1160
1160
925
471
471
71
1160
30
925
1160
1160
30
1160
30
1160
30
30
12
172
1160
1160
471
1160
1161
71
1161
1161
3
1120
172
77
1161
1161
1161
71
30
1162
1120
1162
1162
1162
1162
1162
22
1162
1162
1162
1120
321
1162
1162
321
1162
925
1162
199
1162
1162
1162
1162
147
1120
684
199
1163
1163
1
1163
12
925
1163
1120
1163
1163
1163
925
199
1163
27
1163
925
30
1163
77
1
925
1163
42
1163
471
30
1163
71
172
925
30
30
199
27
1120
1164
3
170
1164
1164
2
1164
42
1164
1164
1164
30
1164
1164
1164
1164
1120
1164
1164
1164
1164
1164
199
1164
1164
1164
686
1164
925
30
925
1164
1164
1164
1164
1164
1164
30
1165
471
1165
1165
77
925
71
1165
19
27
1165
321
3
12
1165
1120
925
1
1165
147
1165
1165
1165
1165
1165
24
518
1165
1165
1165
199
1165
1165
270
1165
1166
30
12
30
1120
77
1166
6
518
30
1166
1166
1166
925
1166
24
1166
1166
1120
30
1166
518
1167
1167
1167
1167
199
1167
1120
1120
1167
1167
30
1167
1120
71
6
42
30
199
471
71
10
199
92
199
1167
199
471
2
1167
30
1167
471
1168
1168
471
471
1168
1168
1168
172
24
133
1169
1169
1169
471
1169
1169
1169
1169
1169
42
1169
925
1169
77
1169
3
321
1169
1169
1169
1169
1169
30
1169
30
6
1169
1169
925
1169
1169
925
12
1169
321
27
1169
168
1169
1169
1169
1169
1169
1169
1169
270
1169
1169
199
1169
1169
1169
1169
1169
1169
1170
1170
172
1170
24
1170
1170
1
1170
1170
1170
1170
199
1170
1170
270
172
925
471
1170
1170
1170
925
147
1170
1170
1170
1
1120
321
1171
5
1120
1171
1171
147
1171
199
1171
1171
24
1171
147
1120
30
30
1120
1171
1171
1120
1171
1171
1171
71
1171
270
1171
925
1171
172
1171
147
3
1171
1171
1171
71
1120
1172
1172
1120
199
30
1172
12
1172
30
321
1172
1172
1172
321
199
172
30
1172
1172
471
1172
42
1174
1174
1174
518
1174
471
925
30
1174
1174
1174
1174
1174
1174
1174
1174
321
2
199
133
3
1174
1174
1174
1174
30
133
27
30
1120
1174
1174
1174
1174
1174
199
1174
24
1174
1174
1174
199
1174
925
1174
30
92
471
925
925
1174
1174
30
30
30
1174
1120
1174
1174
1174
1174
471
71
1174
199
925
199
471
1175
925
1120
1175
30
77
1
689
1175
1175
1175
1175
199
1175
925
3
471
199
1175
471
1175
199
199
147
1175
1176
1176
1176
1176
471
471
1176
92
172
1176
10
30
133
1176
133
30
1176
1176
1176
71
1176
1177
1177
30
1177
689
12
24
1177
1177
1177
71
1177
1
1177
925
1177
10
27
1177
1177
1177
30
1177
30
1120
1120
1177
471
5
172
1178
471
1178
133
321
1178
170
6
471
199
1178
1178
1178
30
3
1178
147
1178
1178
27
1178
1178
1178
30
1178
1178
1178
1178
92
321
199
1178
471
1178
1178
471
321
1178
1179
30
925
84
1179
1179
199
133
1179
172
1179
22
1179
1179
1179
1179
1179
1179
1179
1179
518
199
1179
1179
925
1179
1179
471
1179
172
3
1179
1179
1120
1180
1120
321
1181
1181
5
1181
1181
1180
1181
199
1181
471
1
2
1181
1181
925
1181
1120
1181
1181
1180
270
1120
71
1181
1181
925
199
1181
30
1120
1181
147
1120
1180
30
42
1181
1181
30
1181
471
471
1181
471
471
1181
1181
925
147
1181
1181
1181
270
1182
925
471
1182
10
471
172
1182
1182
471
1182
3
199
1182
10
1182
925
1182
1182
1182
147
1182
199
2
133
1182
71
321
1182
12
1182
1182
1120
1182
1182
30
1182
199
199
1182
1182
1182
1182
1182
3
925
1182
30
1120
1120
30
1120
1183
1183
1183
1182
92
172
12
1183
471
199
1183
1183
1183
1183
925
1183
172
1120
1183
321
1183
689
172
925
471
1184
2
1184
1184
133
1184
172
321
1184
71
1184
1184
12
1120
1184
1184
1184
471
27
471
1184
1184
1184
1120
172
1184
471
270
1184
3
1184
1184
1
1185
199
1185
1185
1120
1120
1186
1186
1186
1186
6
1186
1186
199
3
1186
5
199
1186
1186
133
1120
1186
321
1186
1186
1120
30
3
1186
5
77
1186
518
1186
199
1186
1120
19
1187
1187
1187
471
3
1187
1187
1187
1187
1187
1187
1120
1187
1187
30
1187
1187
1187
133
1187
1187
3
1120
471
1188
1120
1188
1188
1188
925
1188
77
1188
1188
925
199
1188
1188
1188
1188
1188
1188
3
3
1188
172
199
1188
30
147
471
1120
1188
1188
1189
1189
1189
1189
1189
1189
1189
1189
1189
1189
1189
1120
1189
42
925
199
30
30
2
1189
147
1189
1189
1189
1189
1189
30
1189
270
172
1190
925
1120
1189
1190
925
1190
321
925
1190
1190
1190
1190
30
1190
1190
1190
1190
1
925
1190
1190
1190
1120
3
1
1190
147
1190
1190
1120
1190
1190
1190
321
1190
1190
1120
1190
471
1190
1190
1190
172
1191
147
1120
1191
30
77
71
471
147
92
1191
1191
1191
1191
1191
1191
321
1191
1191
1191
1191
1191
30
321
1191
172
1191
27
1191
471
1192
1192
1192
3
1192
30
1192
1192
1192
471
1192
1192
30
172
1192
1192
471
1192
3
1192
1192
199
1192
925
1120
321
1192
689
1193
1193
925
1193
1193
1193
1193
6
10
77
1193
1193
1193
1193
1193
1193
1193
1120
1193
518
1193
471
471
30
925
471
1193
1193
1193
30
1193
471
1194
1194
270
925
1194
1194
1194
1194
1194
1194
5
270
925
1194
1194
1194
1194
1194
1194
1194
30
1194
30
925
1194
1
1120
1194
30
1194
925
1195
1195
1195
1195
925
1195
1195
1195
1195
925
1120
30
30
1195
1195
471
1196
321
1195
1196
1196
321
1196
71
471
1195
1196
1196
1120
1196
10
3
1196
2
925
1196
3
1196
1196
199
1
689
471
471
30
925
27
321
321
133
1197
1197
270
1197
77
471
471
92
1197
471
6
1197
1197
1197
30
1198
30
1198
27
30
24
1198
199
30
71
1198
925
1198
1198
1198
1198
1198
3
3
925
71
1120
170
1198
147
168
30
147
1199
1199
1198
27
321
1
1199
1199
1199
3
1199
1199
1199
1199
1199
1199
1199
321
1199
6
199
1120
689
1199
1199
1199
1199
1199
1199
199
30
1199
1199
925
22
1200
925
1200
1200
199
199
1200
1200
1200
3
1200
1200
1200
1120
30
1200
689
1200
1200
10
199
1200
1200
199
1200
1200
1200
1120
1200
172
1200
1200
1120
270
925
925
1201
925
1201
30
1201
1201
321
1201
1120
172
1201
71
1201
689
12
1201
1201
1201
1201
321
1201
1201
925
1201
1120
1201
92
30
518
199
1202
270
518
30
147
1202
1202
199
12
1202
1202
1202
1202
199
1202
925
30
1202
1202
1202
1202
1202
199
1120
1202
1120
689
1
1203
1203
1202
147
1202
1202
3
1203
71
1203
77
1120
1203
1203
689
30
1120
1203
1203
1203
30
471
147
1203
1203
2
1
1120
1203
321
1120
1203
1203
1203
1203
3
1203
1203
1203
1203
3
22
84
172
24
321
689
1204
1203
1203
1204
30
1204
71
30
1205
147
925
1205
1205
1120
1205
1205
30
42
689
30
925
471
24
1205
1205
1205
1206
1206
1206
1206
1206
1206
30
10
1206
471
6
1206
1206
1120
199
1206
1206
471
1206
689
925
1206
1206
1120
1
1206
1
1206
3
1206
1206
1206
1206
199
1120
1120
471
518
1206
30
1
1206
92
1207
24
1207
1206
925
199
321
1207
471
3
471
1207
3
30
1207
689
321
199
3
3
689
30
471
321
471
30
1208
1208
3
925
1208
1208
199
147
1208
2
27
30
3
133
1208
471
1208
71
1208
147
1208
1120
27
1208
1208
471
30
1120
42
471
1208
1120
1208
1208
172
199
1209
1209
1209
1209
77
199
1209
1209
1209
1209
1209
133
1209
1209
1209
1209
1209
1120
71
1209
471
1209
22
1209
689
30
5
1209
1120
471
1209
1120
1209
1210
172
1210
1210
1210
1210
1
77
1210
1210
925
1210
1210
172
925
3
1210
925
30
1210
30
1210
1210
199
1
1210
77
1210
3
1210
1210
1210
1210
471
1210
147
1210
199
1211
1210
30
471
1211
1211
321
5
30
1211
27
1211
1
1211
5
1211
1211
1211
133
1211
92
1211
27
92
30
1211
1211
689
1212
1212
1
71
3
1212
1212
471
689
925
321
1212
1212
1212
92
1212
925
1212
1212
1212
1212
1212
1212
1212
1212
689
1120
1213
689
1213
1120
1213
1213
1213
6
3
1120
1213
1213
133
1213
199
1213
172
147
1213
925
1213
1213
1213
1120
27
1213
1213
1213
1213
6
1120
1213
12
1213
1213
27
1213
471
1213
1213
1214
321
1214
1214
10
1214
689
1214
30
1214
12
925
1214
689
77
1214
1214
1214
471
1214
2
22
270
30
270
1214
30
1214
1214
147
1215
6
471
24
471
471
1215
1215
1215
1215
1215
1215
1215
1120
1215
1215
1215
471
1215
1215
1215
1215
1215
1215
6
1215
147
1216
1216
1216
1216
12
1216
1216
689
1216
1216
1216
1216
1216
1216
1216
1216
1216
1216
133
1216
1216
2
471
199
1217
1217
199
1217
3
1217
321
1217
1217
689
1217
92
1217
3
1217
3
1217
27
1217
199
518
1217
1217
1218
1218
321
1218
147
1218
24
1218
1218
1218
1218
84
24
1218
1218
925
42
1218
1218
1218
84
1218
77
1218
1218
1218
30
1218
1218
1218
471
3
1218
30
1218
1218
172
1218
1218
1218
321
1120
199
1120
689
1218
30
1120
1219
3
1219
1219
1219
1219
1120
30
925
689
1219
133
1219
199
1219
1220
1220
1220
1220
1220
1220
1220
1220
1220
1220
270
147
1220
1220
1220
172
925
2
172
42
30
925
1220
27
3
1220
1220
1220
30
199
1220
270
27
471
1221
1221
1221
1222
133
1222
5
1221
1222
1222
1222
30
1222
1222
27
199
1222
1222
1222
1222
1222
1222
1120
925
1222
925
1
1222
30
1222
1222
1222
1222
1120
12
471
1222
3
1222
1222
30
321
1222
1120
1222
172
1222
1222
471
30
321
147
92
1223
689
30
30
19
689
2
1223
689
199
1223
925
1223
1223
1223
1223
1223
1223
1223
1224
1224
1120
471
1224
1224
1224
1225
1225
518
1120
1225
1225
1225
321
1225
1225
1225
1225
1225
1225
1225
1225
133
1225
30
27
199
42
1225
1225
1225
1225
1225
1225
133
30
1225
1225
1225
1225
1225
1225
1225
30
1225
77
925
1225
5
30
1225
1225
321
27
170
1225
1225
199
30
1226
30
172
1120
471
1226
1226
1226
1226
471
170
1226
77
1226
321
30
689
471
27
27
147
1227
30
925
1226
1226
1226
1227
1227
1227
1227
1227
1227
1227
1227
1227
1227
1228
471
1228
1
1228
1228
689
1228
30
1228
172
199
925
199
199
133
147
30
1120
270
471
1228
1228
1228
1229
1229
1229
1229
1229
1
1229
1229
6
1229
1229
1229
1229
1229
6
321
1229
1229
270
1229
1229
1229
1229
1229
1229
925
1120
471
1229
1120
199
925
1229
1229
1229
1229
3
1229
1229
1229
1229
1229
1229
1229
321
1229
471
77
10
3
1229
30
1229
6
1229
270
30
1230
199
1230
1230
2
1230
6
1230
1230
30
199
22
1230
3
30
199
471
30
1230
925
30
1230
3
1230
1230
925
471
1230
471
1230
1230
84
1120
270
1230
1230
1230
1230
1230
1230
30
1230
1230
1230
925
1120
199
321
1231
270
71
471
321
42
30
1231
1231
270
925
1231
1231
1232
1120
1232
471
1232
689
1232
1232
1232
199
1232
27
170
42
1232
3
92
518
1232
1120
147
321
1232
1232
30
170
1232
1232
1232
1232
1232
1232
1232
925
1232
1232
12
321
1232
1232
147
42
1232
471
30
168
1233
1233
1233
1233
471
172
199
30
1233
471
172
689
1233
71
1233
1233
1233
1233
1233
471
1233
1233
199
1233
1233
1233
30
1233
3
172
1233
1234
1234
1234
1234
925
471
30
1234
1234
1234
30
147
518
1234
30
1234
172
1234
1234
925
1234
471
1234
1234
147
1120
77
1235
1235
30
71
1235
1235
1235
1235
1235
1235
10
199
1235
1235
1235
1235
30
1235
1235
147
1235
133
1236
5
1236
1236
147
1
1237
1
1237
30
199
270
1237
689
1237
1237
84
199
1236
1236
925
1237
3
1237
24
1237
42
270
147
1237
1237
1237
71
199
1237
1237
1237
1237
1237
1237
92
1237
30
1120
147
92
1237
77
1237
1237
12
1237
199
1237
1237
1120
1120
1
1120
471
925
1237
1237
1237
1237
1237
1237
1237
471
1237
30
1237
1237
42
1237
30
92
321
1237
1237
3
3
1238
1238
1238
12
199
1238
1238
270
1238
92
30
1238
199
1238
1238
1238
172
1238
3
1238
1238
1120
1238
199
321
1238
1
1120
27
1238
6
147
1238
5
1238
77
1
172
133
1239
321
1239
77
925
133
1239
1240
1240
1240
1240
30
1240
170
925
1240
1240
1240
1240
30
30
1240
1240
1240
518
925
199
1239
133
1120
1240
471
1240
30
925
1240
471
1240
1240
518
1240
199
1120
10
1120
471
925
1240
270
925
321
199
925
1241
3
1241
1241
1120
1241
1241
1241
133
1241
1241
1120
5
1120
1241
133
1241
1241
1241
30
12
199
92
1241
1241
1241
1241
925
71
270
71
1241
1120
30
270
1241
92
1241
1241
1241
3
1242
1242
71
1242
1242
133
471
1242
689
471
1
30
1120
1242
1120
518
1242
1242
147
27
199
1242
27
1242
1242
1242
1242
1242
172
1242
1242
42
133
321
1242
1243
1120
1243
1243
199
1243
689
1243
24
1243
10
471
1243
1244
1244
1244
1244
3
925
1244
30
1244
1244
1244
1244
30
1243
1243
1244
1244
1244
1244
1120
1244
1244
71
1244
71
30
1244
1
321
1244
1244
1244
1244
689
1244
1244
1244
71
689
22
1244
471
1244
30
1244
170
1244
1244
12
1244
1120
30
1244
925
925
1245
1245
27
1245
1245
1120
1245
1245
1245
1245
471
1245
1120
1245
30
1245
1245
1120
1245
925
925
1245
1245
321
2
77
471
1246
1246
30
1246
1246
1246
1246
471
1246
1247
1247
1247
518
6
199
925
30
27
1247
1247
1247
30
42
1247
270
3
3
270
147
1247
1247
77
1247
1247
1120
1247
30
925
1247
1247
1247
471
1247
30
1248
1248
1248
1120
471
1248
1248
30
1248
147
30
3
1249
199
1249
1249
1248
1249
689
1249
1249
1249
1249
172
518
1249
1249
30
1249
1249
1249
1249
471
1120
1249
1249
925
1249
3
471
1250
1250
1250
1250
1250
1250
170
321
1250
1250
1250
22
1250
1250
1250
3
1250
1250
1250
1250
3
27
471
1251
147
1251
1120
147
1251
1251
172
1120
199
1251
30
1251
3
77
1251
1251
71
1251
30
199
1251
925
1251
1251
12
92
30
1251
27
133
199
1251
1251
1252
471
1252
3
22
1252
321
3
1252
270
1252
1252
1252
1252
1252
1252
3
925
471
1252
1252
1252
1252
2
199
1252
2
321
1252
925
5
3
925
1252
1252
1253
30
1253
1253
6
1253
1253
71
1
30
12
1253
133
12
1253
471
1120
199
1253
5
1253
471
1253
270
199
1254
1254
199
1254
1254
1254
172
321
1254
1254
689
1254
133
1254
1254
321
199
1254
1120
1254
321
147
1254
1254
1
1254
77
1254
30
1120
30
1255
471
1255
1255
321
30
1255
1255
1255
1255
1120
147
518
172
1256
30
30
1256
1256
199
1256
199
1256
147
1256
270
1256
1256
1256
30
1256
925
1256
471
1256
1120
1256
471
1256
172
1256
1256
172
689
84
321
1256
6
471
1256
147
3
92
1256
1256
1256
1256
321
10
1256
321
925
1256
1256
1256
1256
5
2
170
1256
77
1257
1120
1257
925
689
1257
925
199
1257
1257
1257
1120
1257
689
1257
1120
1120
172
1
518
77
1258
1258
925
30
1258
1258
1258
1258
1258
24
1258
1120
1259
30
1258
1259
30
172
1259
199
1259
1258
172
1258
321
1259
1
199
1259
1120
1259
1259
199
1259
471
1259
1258
27
1259
1259
3
1259
1259
42
199
1259
1120
170
30
147
1259
1259
1120
1259
1259
170
1259
199
1259
925
1259
471
30
1259
1120
1259
1259
1259
30
1259
1259
199
84
42
10
1259
925
321
172
30
77
471
1260
12
3
133
1120
1260
1260
172
199
471
1260
1260
30
1260
170
199
1260
689
1260
147
1261
1261
12
1261
1261
3
1261
270
1261
1261
471
199
199
1261
925
1262
1262
471
1
1262
30
1262
471
1262
925
3
471
1262
1262
321
1262
172
1262
1262
1262
172
42
471
6
1262
1262
147
27
3
1262
1262
1262
1262
172
170
12
1262
1263
471
1263
133
1263
30
199
270
1263
1263
1263
689
1263
1263
471
1263
1263
1120
1263
1263
147
199
10
172
471
1263
925
172
1263
77
1263
1264
1264
30
1120
1264
3
27
1264
27
170
3
1264
1264
1264
1264
270
1264
3
147
1265
1265
1266
199
471
1266
471
22
1266
1266
1266
925
1265
30
1266
199
1266
1266
471
1266
12
1266
471
172
3
1266
1266
1266
1266
1120
925
30
321
1266
1266
172
925
3
1266
1
1266
1266
925
1266
1266
1266
1266
1266
925
1267
1267
1266
1267
1267
1266
30
1267
1267
1267
1266
1267
24
1267
1267
1267
1266
1266
1266
1267
3
1267
1120
1266
1267
172
30
1267
30
30
1120
1267
1267
30
30
1268
1120
1268
1268
518
1268
27
77
1268
689
471
1268
1268
147
1120
321
925
30
1268
1268
1120
30
471
1268
1269
133
1269
1268
1269
1269
1269
689
1269
147
1269
1269
1269
92
1269
471
1269
1120
1270
6
1270
1270
1
1120
1270
77
1270
5
30
1270
30
270
1269
1270
270
199
925
1270
30
1270
471
471
147
1270
1270
471
147
1270
27
1120
1270
1
1270
1270
1271
1271
10
1271
1271
1271
471
1271
3
1271
1271
1271
1271
1120
1271
77
1271
30
321
1271
1271
1271
1271
1271
147
1271
1271
1271
1271
1271
1271
5
42
1271
1271
172
1271
471
27
689
147
3
321
199
1272
1272
1272
1272
518
1272
1272
925
1272
1272
471
92
30
1272
1272
1272
170
172
1272
1272
1273
30
42
1120
1120
1273
1273
1273
172
321
1273
1273
1273
321
1273
471
1273
1120
199
1120
1
1273
30
1273
1120
1273
30
1273
1274
1274
1274
1274
24
1274
925
1274
471
1274
1274
1274
199
1274
92
1274
30
147
19
2
133
321
1274
1274
1274
1274
1274
925
1274
1274
42
925
1274
471
133
1274
1274
1274
1274
3
925
689
1275
1275
199
1275
1275
1
471
1275
199
1275
925
1275
30
1
1275
1275
1275
1275
1275
1275
1275
1275
1275
30
1275
199
1276
1276
30
1276
1276
1276
471
925
1276
1276
27
1120
30
147
1276
689
71
1276
30
1276
172
925
471
1276
321
1276
1276
1276
1276
1276
3
1277
71
1277
1277
1277
925
12
1277
30
1277
1277
1277
1277
133
1277
1277
133
1277
172
471
133
1278
925
471
30
30
1278
1278
92
3
1278
1278
321
925
1278
1278
3
1278
27
133
30
1278
1120
1278
30
1278
1120
1278
321
1278
1278
1278
1278
1278
170
1279
1279
1279
1279
1279
71
471
1279
199
1278
1
1279
12
1280
1280
471
1280
147
1280
1280
1280
1280
1280
1280
925
1280
689
321
172
321
471
1280
30
1280
1280
30
689
1280
270
133
22
471
270
471
27
1280
1280
1280
10
92
1280
518
199
147
1280
1280
30
30
30
1281
1281
925
24
471
1281
71
6
1281
10
30
1281
1281
30
30
92
77
471
1281
1281
1281
172
1281
1281
30
170
27
471
471
1281
518
30
270
92
1282
30
925
1282
30
199
1282
1283
1283
30
925
1283
1283
1283
321
1283
1283
199
1283
1283
1282
1283
1283
471
1283
1283
199
1283
925
1283
1283
1283
1283
1283
321
12
1283
925
1283
1283
1283
1283
1283
147
133
321
1284
5
30
471
1
1284
321
1284
147
10
1
1284
199
1284
30
270
71
77
1284
1284
1284
170
12
1284
1285
471
27
1285
24
3
30
30
321
1285
77
71
1285
925
1285
1285
30
925
925
1285
1285
1285
518
1285
30
199
199
1120
1285
147
689
1285
1120
3
30
147
471
1
925
1286
518
199
1286
1286
1286
1286
1286
1120
199
1286
471
1286
1286
1120
1286
1286
1120
1286
12
1286
92
71
925
1286
1120
1286
77
92
30
1120
172
1120
1286
1286
1286
1286
1286
2
1287
1287
1287
27
1287
30
1287
1287
1287
172
925
1287
321
30
925
1288
1288
321
199
925
1288
1288
3
1120
1288
1288
147
30
1288
1288
1288
1288
199
925
1288
71
1288
1288
1288
1288
1288
172
172
71
321
471
270
3
925
30
3
471
471
172
1289
1289
1289
1289
925
1289
1289
518
1289
1289
1120
1289
1289
1289
1289
1289
471
1289
321
30
1289
133
1289
71
1289
71
30
1290
1290
1290
1290
30
1290
1290
1291
199
518
1291
1291
925
199
3
1
1291
27
1291
1291
10
1291
172
24
925
1291
77
147
30
1291
1291
1120
1291
1291
24
147
925
1291
1291
1291
1291
1292
1292
1292
1292
172
321
1
1120
3
199
1292
71
1292
3
1292
1292
1292
1292
30
71
1292
1292
1292
1120
689
925
1292
1292
172
471
199
1292
1292
1293
1292
77
1292
1293
27
1293
1293
1293
1293
24
1293
1293
1293
30
1293
30
321
270
925
689
1293
1293
199
1293
1294
1120
30
1294
471
471
1294
471
471
471
30
1294
1294
471
1294
3
689
471
1295
1295
1295
1295
170
1295
1295
1295
1295
1295
1295
147
925
172
71
30
1295
42
1295
1295
1295
1295
1295
925
1295
1295
1120
1295
1295
172
1295
1295
199
925
1295
1295
71
1295
172
1295
1295
1295
1296
1296
1296
30
1296
1296
1296
199
270
1296
1296
92
1296
471
1296
1120
1296
1296
1296
27
1296
1296
3
1120
1296
92
1296
1296
42
1296
6
471
1296
1296
1296
147
1297
1120
1297
1297
1120
5
1297
1297
92
1298
518
1298
1298
1298
1298
199
24
1298
925
1120
42
1298
1298
1298
1298
1298
1298
3
1298
518
518
1298
1298
1298
1298
1298
1298
3
30
1298
1298
172
1298
5
1298
1298
24
1120
1298
147
1298
30
1298
199
199
30
170
1299
471
1120
3
1299
518
199
77
172
30
2
1299
1299
1299
1299
30
1299
1120
1
1299
1120
5
1299
1299
1299
1299
1120
172
1299
170
1299
471
1120
71
1299
1300
42
71
321
1300
3
1300
30
1300
471
6
1300
5
1300
1300
1120
689
1300
30
925
1301
1301
1300
270
689
321
3
30
1120
925
1301
1301
1301
30
199
1120
30
471
1301
199
147
1120
1120
1302
1302
92
925
71
1302
1120
518
321
172
6
689
1302
1302
199
199
1120
471
471
1120
689
1302
1302
147
1302
172
92
518
1302
689
1302
1
925
1120
147
199
1302
1302
270
1302
321
1303
92
1303
147
1303
133
1303
1303
1303
199
1303
3
1303
1303
1303
1303
24
12
30
42
1303
1303
1303
925
172
1303
133
170
199
1303
1303
471
1303
1303
1303
1303
12
30
1303
1303
1303
199
1303
1303
925
1303
199
1303
1303
1304
1303
92
1304
1305
30
1305
1305
1305
1305
518
471
321
1120
1305
1305
1305
270
1305
1305
30
1305
471
321
1120
1305
1305
1305
30
925
22
1305
172
133
1305
270
321
1305
1305
925
1305
1305
1305
1120
1305
270
1305
1305
1305
30
1306
1120
199
1306
1306
925
471
1306
92
471
1306
1306
1306
172
1306
1306
10
1306
10
1306
1306
1306
925
471
1306
30
12
925
471
925
133
1120
1120
6
1306
925
22
1120
1306
1306
1306
471
24
1120
925
1307
1307
30
270
1307
1307
1307
1307
71
270
321
1307
1307
5
1307
133
147
172
1307
1307
1307
925
1120
925
925
1307
1307
518
1307
1307
1307
199
1307
1307
199
1307
1307
1120
12
1308
1308
1308
1308
1308
133
1120
1308
92
1308
42
471
1308
1308
1308
199
92
1308
71
1308
92
71
1308
30
1308
30
925
1308
30
92
30
30
1308
170
1308
1308
172
1308
925
1308
1308
92
1120
3
1309
1309
42
92
1309
147
1309
471
133
925
321
133
147
147
30
1309
30
1309
1309
30
1309
1309
471
1309
199
3
1309
1309
1309
1309
689
321
1309
30
270
1309
1309
1309
925
1309
689
199
147
1309
1309
1309
689
925
1309
1309
1309
1309
471
1309
30
471
1310
1310
1310
1310
199
1310
1310
1120
77
12
3
1310
1310
1311
1311
1120
321
30
1311
1311
471
1311
199
199
1120
1311
471
30
1311
1120
42
925
147
199
1311
1311
1311
1311
1311
199
1311
147
1311
1311
1311
1311
1311
1311
84
1311
147
199
1311
1311
270
1311
1311
1311
30
1311
30
30
1312
1312
1312
92
471
1312
925
30
71
1312
92
1120
1312
147
1312
1312
1312
518
1312
1312
1120
1312
2
1312
1313
1313
1313
270
1313
30
92
1313
471
270
1313
1313
1313
170
1120
30
925
1313
689
1313
172
1313
925
1313
471
1313
1314
270
925
1314
471
170
1314
1314
42
30
1314
5
1120
30
1120
1314
1314
1314
1
30
30
1315
1315
3
1120
1315
1315
1315
1315
1315
925
199
42
471
1315
1315
30
1315
1315
1315
1315
1315
1315
1315
1315
1315
92
925
1315
77
1120
1315
1315
1315
30
471
1316
1316
1317
133
1317
92
1317
1317
1120
30
1317
1317
518
925
1317
1
1317
1317
1317
1317
199
1317
1317
2
1317
1317
1317
77
1317
1317
1317
1317
30
172
689
270
199
1317
71
1317
1120
71
1
1317
30
3
1317
1317
471
1120
471
1120
1317
1317
1317
1317
1317
1120
1317
1317
30
1318
30
1318
689
925
1120
925
1318
1318
1318
1318
925
1318
1318
1318
1318
1318
172
172
1318
1318
1
1
3
1318
30
1318
170
6
1319
1319
30
1319
1319
3
42
12
1
30
471
1319
925
199
270
1319
1319
1319
1319
30
1120
471
199
24
1120
1319
1319
1319
1319
1319
1319
84
1320
30
6
30
925
2
1320
1120
1320
71
925
1320
1320
3
1320
471
1320
172
1320
1320
471
1120
1321
270
1321
1120
147
1321
1321
1120
1321
1321
24
1321
1321
1321
199
1321
1321
30
1321
1120
321
321
1322
1322
1322
1322
1322
1322
30
1322
30
2
1322
1322
1322
1322
147
172
30
1322
1322
1322
1322
1322
30
1322
10
1120
30
1323
92
1323
1323
1120
1323
925
1324
1324
1120
84
147
925
1324
1324
1324
22
1324
1323
1324
133
199
133
71
1324
1324
1324
133
471
1324
30
19
471
471
1324
1120
1324
147
77
471
471
1324
6
1324
1324
172
471
1324
1324
2
1324
1324
1324
133
1324
1325
471
27
1325
1325
1325
925
925
147
1325
925
1325
1325
1325
1325
471
30
321
1325
1325
42
77
1325
321
1325
1325
30
1325
1325
1325
1120
12
1325
1325
1325
270
1120
30
1325
321
270
199
1325
30
3
1325
1325
925
689
92
199
471
471
1326
1326
1326
1326
1326
147
1326
1326
1326
1326
1326
92
3
1326
1326
3
471
1326
199
1327
1327
1327
1327
1327
1
1327
1327
199
199
1327
71
1327
170
1120
1327
1327
270
30
1327
92
1327
1327
1327
12
321
1327
1327
1120
1327
30
1327
77
3
199
5
3
1327
1327
925
1327
1120
1327
1327
1327
27
1327
321
925
1327
1328
471
1120
1328
1328
1329
1329
270
27
71
1120
1329
1328
1329
471
199
925
1329
1329
1329
5
3
1329
30
1329
1329
1329
925
1120
147
1329
1329
147
1329
24
6
925
30
1120
147
925
1329
30
1330
1330
30
71
270
925
1330
133
925
1330
1330
1330
1120
1330
1120
147
1330
1330
1330
1330
92
1330
1330
1330
199
1330
1331
471
5
1330
1330
1331
30
471
471
77
30
1331
1331
471
471
1331
1331
1331
1331
1331
1331
1331
77
1331
1331
27
1331
1331
1331
1331
1331
1331
321
1331
689
1331
1331
147
925
471
1331
30
30
1331
92
1331
24
1332
22
1332
1332
147
925
30
147
1332
71
1332
1332
270
1332
1120
1332
1120
1332
1332
1332
1332
321
30
1332
42
71
471
689
1332
1332
1332
1332
3
1332
1333
1333
5
1334
1334
1333
1120
199
689
1120
1334
1333
1334
6
1334
1120
30
1120
1334
1334
12
1334
1334
471
1334
1120
321
1334
30
1334
1334
27
6
1334
471
1334
147
1334
77
1334
1334
1334
1334
471
471
42
1334
3
133
199
1335
1335
1335
1335
1120
1120
1335
1335
172
172
1335
71
147
925
689
1335
270
1335
270
1335
1335
1335
1335
1335
92
30
1336
30
1336
147
321
1336
471
1336
1336
1337
518
1337
1120
133
1337
1337
42
1337
1337
1337
1337
1337
3
30
1337
1337
1337
1337
1337
1337
71
1120
1120
30
1337
925
1337
199
71
30
1337
1337
92
1337
3
30
1337
1337
12
1337
1337
1337
1120
92
1337
1337
1337
1338
199
133
518
1337
1337
1338
1338
5
1338
1337
1337
1338
321
925
1338
1338
1120
1338
1338
1337
1
925
1338
321
1338
1338
1338
92
1338
199
1339
1339
1339
518
1339
30
1339
1339
199
1339
1339
1339
3
172
30
1339
1120
30
1339
1339
1339
471
1
1339
1340
1340
30
1120
1340
1340
1341
133
1341
199
925
147
1341
1341
147
77
30
1120
22
1341
925
1341
1341
925
1341
1341
1341
471
1342
1342
30
1342
1342
689
1342
199
1342
1
30
321
5
471
77
1120
1342
3
1342
133
1342
30
321
1342
471
1342
30
1342
471
1342
1342
1342
270
321
30
1342
199
27
10
1
3
30
1342
6
1342
19
1342
1342
1342
3
1342
689
92
471
1342
1342
170
172
170
1343
1343
1342
1343
30
925
1343
1343
12
1343
1343
1343
1343
147
471
30
1120
1343
1343
1120
1120
12
1343
12
133
1343
1343
1343
1343
1343
1120
1343
92
1343
1344
1344
1344
1344
71
6
1344
92
1344
172
3
1344
1344
147
689
199
71
84
1344
270
1344
1345
1345
1345
1345
1345
1120
77
1345
321
147
1345
1345
471
1345
1120
1345
1345
1345
6
1345
1345
147
3
1346
24
270
925
1346
1346
42
147
1346
1347
1347
30
1347
1347
3
1347
199
30
518
1347
925
3
1347
30
133
1120
1346
1
30
1347
92
10
1347
321
321
3
925
925
1347
71
1120
147
1348
1348
925
925
1348
1348
2
1120
1120
1347
270
1347
471
471
1348
1348
518
1348
471
27
1348
1348
1348
1348
1348
1120
199
1348
71
1348
1348
12
471
1348
1120
1348
1348
5
1348
471
1348
3
19
1348
30
1348
1348
1348
1348
147
1348
27
689
3
1348
1348
1348
172
1348
30
1348
1349
1349
1349
1348
1349
1349
1349
1349
321
1349
1349
3
1349
133
1349
30
1349
1349
1349
147
1120
1350
1350
199
1350
172
1350
518
1120
199
1350
1350
1350
5
30
77
30
1350
1350
3
1350
2
199
1350
1350
22
5
321
199
42
1351
27
925
147
3
689
1351
42
1351
471
147
1351
1351
1351
6
1351
1351
27
1120
1351
1351
1120
199
1351
1351
1351
172
1351
925
1351
1352
1352
321
1120
1352
1352
1352
1352
1352
1352
471
30
1352
321
270
1352
1120
1352
1352
1353
199
1353
1120
1353
1353
1353
1353
92
1353
689
1353
1353
1353
689
1353
1353
1353
84
1353
1353
1
1353
6
1353
199
1354
1354
1353
1353
925
1353
321
1353
1354
199
1354
1354
1353
30
30
3
1354
1354
1120
1354
321
3
1354
71
1354
30
270
1354
1354
1354
92
471
321
27
1120
5
1354
471
1120
1354
1354
1354
1354
1354
3
199
1355
172
1355
1355
1355
471
1355
925
1355
30
1355
925
199
1355
1355
925
1355
1355
1355
1120
1355
42
1355
1355
321
30
1120
2
321
1356
1356
1355
6
1356
1355
1356
471
3
270
1356
1356
321
1120
1356
1
27
1356
1356
1356
471
1356
1356
1356
1356
689
1356
1356
1356
1356
1356
1356
71
1356
1356
147
30
925
1356
199
199
1356
925
1357
1357
1357
1357
1356
270
30
689
1357
1357
30
172
1357
270
1357
471
10
1357
1357
30
1120
3
1357
1357
1357
1357
1357
1357
30
1357
1357
71
925
1357
270
1357
30
321
471
1120
1120
270
1358
1358
1358
1358
471
1358
1358
1358
1358
1120
199
518
199
689
24
471
1358
30
1359
1359
133
2
172
2
92
1359
1359
1359
199
1359
518
270
1359
1359
1359
1359
1360
77
1360
1360
199
199
1360
1360
1360
1360
1360
1361
12
1361
30
321
1361
1361
1361
172
1361
1361
1361
71
1361
1361
1361
1361
1120
925
30
1361
689
1361
1120
1361
1361
1361
1361
1361
1361
84
71
1361
1361
1361
1120
1361
1120
92
199
1361
1361
6
1361
27
84
1362
1362
1362
1362
30
1362
147
1362
77
71
1362
518
199
1362
1362
30
1363
1363
1363
471
1363
1363
1363
270
199
172
1363
925
30
199
1363
1363
1363
1363
471
172
1363
1363
1363
471
1363
1120
24
1363
518
1363
1363
22
199
133
1364
1364
71
1364
1364
1364
471
1365
321
1120
1365
147
27
42
2
30
1364
1365
1365
1364
172
1365
1365
1364
1364
6
1120
1365
1365
1120
199
1365
1364
1120
1364
1365
1365
1365
30
321
321
3
1120
1365
1120
133
170
1365
1365
1365
1120
1365
1365
1120
1365
199
1365
1365
1365
199
270
1
1365
1365
1365
1365
518
30
30
1365
925
1366
1366
1366
1366
1366
1366
471
3
147
1366
1366
1366
172
1366
1366
1366
2
1366
1366
1366
1366
1366
1120
1366
1366
1366
1366
1366
1367
1366
199
1367
1367
172
1367
1367
925
1367
1367
1367
1367
1367
1120
1120
147
1367
199
147
1367
1367
170
1367
6
925
1367
1367
1368
3
1368
1368
1368
1368
471
471
1368
3
30
1
147
1368
1368
1368
12
3
1368
321
1368
147
30
1368
1368
321
1368
1368
1368
1368
1368
1120
1368
199
1368
1368
471
1368
1368
1368
199
42
1368
925
71
1368
925
147
1368
1368
3
1368
1368
3
1368
1368
1368
147
1368
77
1120
471
199
1369
1369
1369
1369
1369
1369
1120
71
1369
1369
1369
1369
12
1369
321
30
199
92
1369
1369
147
1369
172
1369
1369
1369
1369
199
1369
170
1369
30
1369
92
270
30
1369
2
1370
1370
1370
471
1370
147
1370
689
1370
1370
1370
1370
1120
925
130
1370
1370
518
1120
1370
1370
925
1370
1370
1370
1371
71
1371
471
1371
77
1371
1371
1371
1120
1120
1371
1371
1371
1371
1371
19
1371
1371
1371
10
471
1371
1371
1371
1371
1
1371
1371
1371
1371
1371
1371
30
1120
3
30
1371
27
1371
1371
1371
1371
1372
1372
321
1372
3
1372
1372
925
1372
92
1372
925
1
1372
92
1120
1372
270
1372
1372
12
1372
1373
1373
689
1372
1373
6
1373
71
321
270
270
1373
1373
199
199
1373
548
1120
1373
518
1373
30
71
1373
321
471
133
199
30
1373
2
1373
1373
471
10
1120
1373
12
5
27
1373
1373
1373
689
1373
925
1373
1373
1373
30
1374
3
5
30
1374
1120
1120
30
1374
1374
1374
1374
3
1120
1374
1374
1374
1375
1374
84
1374
3
199
1375
1375
1374
1374
1375
170
1375
199
1375
925
1375
1120
10
5
2
3
1375
1375
321
199
92
1120
1375
199
199
471
10
147
1376
1376
147
1120
1376
1376
1120
1120
1376
42
1376
1376
1376
471
1376
1376
1120
1376
689
170
92
30
1376
321
30
27
172
1376
925
30
92
1376
71
1376
147
5
1377
1377
471
1120
1377
199
6
1120
1377
925
71
30
1120
1120
1377
1
172
1377
12
1377
1377
1377
92
147
1377
321
12
548
1377
1377
925
1377
5
199
471
1377
925
1377
1378
19
30
1378
27
6
199
1378
1378
321
1378
147
518
321
471
2
1378
172
1378
1378
518
1378
1378
1378
471
172
1378
1378
925
1378
1120
1378
1378
133
1378
3
1378
30
1378
199
1378
199
1120
925
170
1378
689
1379
471
1379
1120
1379
133
1120
147
1379
1379
1379
1379
71
199
1379
925
1379
133
1380
3
42
1380
1120
518
321
925
1380
10
270
5
1380
1380
1380
1380
1380
321
1380
199
1380
1380
1380
30
689
1380
1380
199
1120
147
147
471
1120
1381
925
1381
1120
27
30
199
1381
1381
71
321
925
1381
30
1120
1381
1381
1381
1381
1381
92
1381
199
42
1381
1120
1381
1381
1381
1381
1120
1383
170
22
1383
1383
172
1120
471
1383
1383
1383
1383
1383
1383
30
3
1383
1383
471
1383
172
1383
199
147
925
1383
1120
925
1383
10
321
30
199
1383
1120
30
1383
1383
1383
1383
270
471
5
1383
199
925
1383
30
1383
689
471
1383
471
1383
1383
518
1383
84
1383
1383
925
147
925
518
321
1384
1384
1384
1384
3
1120
30
30
1384
1384
1384
1384
1384
1384
1120
471
1385
1120
172
1385
24
27
2
133
133
1385
199
1385
1385
689
1384
30
1385
172
471
1385
3
172
1385
471
172
321
3
1385
1385
1385
5
1385
1385
30
30
1120
30
1385
1386
1386
1386
471
1386
1386
1386
27
1386
1120
1386
1386
199
1386
147
1386
321
1386
1120
6
30
12
925
1386
321
1387
1387
24
270
1120
27
6
30
1387
30
1387
1387
1387
92
12
1387
1387
10
170
1387
270
1387
471
92
30
1387
199
1387
1387
1388
1388
1388
270
1388
133
925
92
1388
1388
689
1388
170
133
3
1
84
1120
1388
1120
1388
1388
1120
471
1388
1388
321
1388
30
1388
1388
30
1389
133
1389
689
1389
12
1389
1389
3
1389
1389
30
1389
925
1389
471
71
1389
1389
471
1389
925
199
1389
1389
1389
1389
6
30
321
1389
1389
1389
71
1389
925
689
518
270
270
1390
1390
30
1390
1390
689
1390
1391
3
270
1120
471
30
77
24
1391
270
1391
925
199
1391
1391
925
1391
1390
1391
1391
27
30
1391
172
1120
199
1391
1391
1120
1391
1391
3
1391
30
1391
1120
925
1391
689
1391
1391
1391
270
1391
689
1391
1391
1391
30
1392
1392
1392
1392
199
1392
1392
1392
1392
3
30
1392
1392
1392
925
1120
1392
1392
1392
1392
2
1392
1392
1392
1392
1120
1120
1392
92
172
1392
24
71
1393
270
1393
925
92
1393
1393
1393
471
1393
1393
471
1393
1393
471
1120
1393
471
321
471
1393
270
1393
199
925
27
1393
133
1393
1393
1393
925
1394
199
24
689
30
1394
1394
1394
71
1394
1394
1394
1394
1394
1394
1394
1395
199
925
925
1395
925
1395
1395
925
1395
1395
1395
321
1395
1395
1120
1395
471
1395
3
1395
1395
321
199
1395
1395
1
30
30
1395
30
1395
471
1395
172
1
133
1395
1395
1395
1395
1395
1395
172
71
1395
1396
24
925
1396
2
22
1
471
30
92
1396
1396
1396
925
1396
1396
1396
1396
1396
471
1396
925
172
1396
6
147
1396
1396
925
19
925
30
42
1397
270
925
172
1120
321
1397
133
199
1397
6
925
1397
1397
1397
1397
3
199
1397
1397
30
1397
147
77
1397
10
1398
199
1120
1398
1120
71
1120
30
1398
925
1398
689
1398
925
1398
1398
172
92
1398
1398
1398
133
1398
1398
30
1398
1
19
30
1398
3
172
71
1399
1399
170
1399
1399
147
1399
1398
1399
1399
27
1399
1399
1399
1399
3
30
1399
1399
321
1398
3
1399
689
925
471
1399
1399
471
1399
5
1399
1400
471
1400
1400
1400
147
12
1120
1400
1400
1400
30
199
1120
1400
30
1400
321
1400
3
1400
1400
30
1400
1400
689
1400
1400
1400
6
22
1400
270
1400
471
30
270
1400
689
170
1400
172
199
1400
1400
1400
270
1400
1400
30
6
27
1401
1401
1401
1120
42
1401
199
199
71
1401
471
1401
1401
133
1402
1402
321
321
1402
1402
1402
1402
3
321
471
1402
518
199
147
1402
1402
1402
1402
1403
1403
1404
270
1404
1404
1404
1404
3
1404
12
1120
6
1
1404
10
1403
172
199
1404
1404
471
1404
1404
1404
1404
1404
270
1404
1404
1404
27
1404
1404
3
1120
199
3
925
321
925
1404
321
1404
3
1404
199
199
518
1404
1404
1404
1404
1404
1404
30
1404
199
3
1120
1404
1404
1404
1404
1404
1404
71
199
1404
1404
1404
172
1404
133
1404
1404
172
133
199
1405
270
30
1405
199
1405
1405
30
147
12
1120
1405
1120
1405
1120
77
1405
27
471
147
27
1405
1405
1406
1120
1406
1406
1406
3
1406
1407
1120
1407
147
1407
1120
321
77
3
1407
1407
30
147
147
1407
30
1120
1407
30
1407
1407
199
3
1407
30
170
199
1407
199
518
1407
1407
1407
30
1407
1407
1120
1407
1407
10
30
1407
1407
471
471
71
1407
1407
2
30
92
471
1407
24
1408
3
133
1408
71
1120
1408
321
1408
1408
1408
1120
1408
1408
30
6
71
1408
1408
1408
1
925
321
1408
1408
321
172
1408
1408
1408
1408
1408
1408
1408
30
471
92
689
1408
1408
471
1408
1408
1120
3
1409
1409
172
71
925
1409
321
27
1409
1409
471
199
1409
1409
24
1409
3
1410
1410
1410
1120
12
1410
133
30
1410
1410
1410
30
1410
471
1410
1410
1410
321
1410
1410
1410
133
71
1410
92
1410
30
471
1410
1410
1410
1410
199
30
270
925
1410
1120
925
92
1412
30
1411
321
30
42
1412
199
321
1411
170
2
1120
71
1411
199
147
1412
321
321
689
1412
1412
270
925
1411
199
1412
1412
689
1412
84
1412
199
3
30
30
1412
1120
1
6
1412
321
199
12
84
1413
1413
1413
1120
1413
1413
1120
1413
2
1413
1413
925
1120
3
1413
925
471
1413
1413
1413
1413
321
1413
133
30
199
1414
270
199
1414
925
1414
71
1120
199
1414
925
1414
1414
1414
1414
925
1414
3
1
30
1414
133
321
133
1120
10
1414
71
1415
170
1415
1120
1415
1415
1415
321
172
1415
147
471
1415
1415
1415
1415
1415
925
1120
1415
1415
1415
3
1416
1416
1415
1415
1415
471
270
321
30
30
133
1416
1416
1416
1416
1416
199
12
1416
1416
1416
1416
1416
321
925
925
1416
30
147
1417
1417
1417
1417
1417
1417
1417
3
321
1417
689
42
30
1417
199
6
30
1417
1417
1417
42
1417
199
925
1417
1417
71
172
1417
270
1417
3
1417
1417
1417
1417
1417
1417
1417
1120
1417
1417
199
1417
518
199
471
1417
1417
925
3
1418
1418
3
925
1418
71
689
1418
1418
925
1419
1419
5
30
1419
1419
1419
172
199
1419
1419
471
71
30
321
30
1120
1419
147
30
147
1419
1419
92
1419
925
1419
12
1419
2
199
92
1419
172
1419
1419
1419
30
471
71
1419
172
71
1420
1420
1420
1420
925
199
12
30
147
1420
1421
1420
925
1120
1421
10
1421
1421
1420
199
1421
1421
1421
3
321
1421
689
1421
30
925
199
1421
199
30
199
1421
1421
1421
1421
1421
1421
3
1421
1421
925
1120
1422
518
1422
30
1120
77
1120
518
1422
1422
1120
689
1422
270
30
1422
30
30
925
471
1422
30
71
1422
1422
925
471
270
1422
1422
1422
1422
1120
1422
1423
5
2
321
199
1423
1423
1423
1423
1423
30
1423
77
199
1423
1423
30
925
1423
1
1423
147
77
1423
1423
1423
1423
1423
1423
1423
71
1423
1423
925
270
42
1424
1424
71
1424
925
1424
147
1424
689
1120
1424
27
147
42
1425
1425
10
1425
1425
1425
1425
1425
1425
1425
1425
1425
1425
1425
270
12
1425
1425
92
30
1425
1425
1425
3
925
1425
471
1425
925
30
71
1425
471
3
3
1120
147
133
1426
6
92
1426
1426
199
170
92
1426
1120
471
1120
1426
3
1426
1426
1426
3
170
30
199
321
471
925
1428
471
1428
12
1428
1428
1428
1428
321
1428
1428
1428
1427
1428
133
689
172
71
1428
3
1
6
1428
92
1428
84
1120
518
1120
471
1428
689
1428
3
92
925
1428
321
30
1428
1429
1429
471
1429
170
1429
1429
1429
471
321
1429
1429
172
1
30
925
5
518
925
925
1429
1429
3
199
1429
71
1429
92
199
71
1429
925
71
1429
1429
471
172
1120
1429
321
1429
1429
1429
925
30
321
1430
270
30
1430
1430
71
1430
1430
925
1430
1430
1120
133
1430
42
147
1430
1430
1430
27
1430
1430
30
1120
1430
1431
147
1431
1431
92
199
1431
518
925
1431
1431
1431
147
1431
1431
518
30
270
1431
1431
1431
1431
30
1431
3
3
1432
199
1432
1432
1432
1432
1
1432
925
1432
1432
199
1120
1432
1432
1120
1432
925
130
270
270
1432
1432
1432
30
1432
1432
1432
1433
1433
3
1433
199
1433
30
147
1433
1434
1434
1434
1120
1434
172
1434
133
1434
1434
321
1120
1434
1434
321
199
1434
1434
3
133
1434
1434
199
925
1434
147
1120
1434
199
1120
1434
1434
147
925
1434
1434
1434
199
170
1434
1120
1434
199
1120
1434
1434
1434
1434
1
199
1434
22
1434
1434
471
1434
1435
1435
1435
1434
1435
1435
92
1436
1120
27
1436
199
199
321
1436
1435
1435
199
199
1436
71
1435
1435
1436
30
1436
92
1436
1436
270
321
1436
147
270
1436
1436
1436
199
1436
147
2
1436
1436
1436
1436
1436
1120
77
1436
172
3
689
1436
1436
321
1436
1
1120
1436
1436
1
1436
1436
1436
1436
1436
1437
1437
1437
5
30
1437
92
71
71
30
471
1437
1437
30
2
1437
1437
1437
133
1437
1437
1437
1437
1437
1437
1437
1437
1437
1437
518
1120
689
1438
30
471
84
1438
27
30
1438
1120
1438
1438
1438
30
1120
1120
1438
71
1438
1120
172
199
1438
1438
147
30
199
1439
1439
1439
199
925
1439
1439
1439
92
1440
471
71
471
3
1440
1440
1441
1441
1441
170
1441
689
1441
1441
925
321
172
1441
1441
1441
1120
1441
471
689
1441
1441
1441
30
321
1441
1441
1120
1441
1441
92
1120
1441
147
3
133
1442
1442
27
1442
1442
12
1442
321
1442
1442
1442
3
925
925
30
1442
548
1443
270
172
321
1443
1120
147
3
30
1444
1444
1444
1444
1444
5
1444
27
1444
1444
1444
1444
1444
30
1444
10
3
1444
1444
1444
925
471
1444
1444
3
1444
199
1444
3
1444
1444
147
1444
199
170
1444
1120
1444
1444
3
92
321
199
1
1444
3
925
199
1444
1444
133
1444
471
27
1444
1445
172
925
77
1445
1445
1445
1445
1445
199
27
689
1446
1446
1446
1446
1446
471
1446
30
1446
1446
1446
1446
1446
1446
1446
1446
1446
1446
1446
1446
77
1446
1446
1446
199
1446
1447
1447
1447
925
1447
147
1447
1120
1447
27
1447
1447
77
1447
30
1447
1447
77
1447
2
172
1447
1120
12
27
321
1447
199
1447
1447
1447
1120
30
71
1447
77
518
270
147
1447
925
71
321
1447
471
1447
1447
12
1447
925
1447
1120
1447
1447
3
172
5
1447
1120
42
1448
1448
77
3
1448
1120
1448
1448
71
1120
1448
1448
1448
147
1448
1448
1120
1448
925
77
1448
199
1448
30
471
1449
1
30
321
1449
1
1449
199
5
1
471
30
1449
199
1449
1449
270
1120
1449
1449
1449
1449
270
321
1449
1449
1449
199
1449
1449
1120
1449
1449
147
1449
270
925
1449
321
1449
1120
1449
1449
1450
925
1450
3
1450
1450
1450
1450
1450
471
471
1450
1450
1450
1450
1450
30
471
30
1450
1450
1450
925
270
1450
1450
199
133
1120
1451
1451
1120
1451
321
1451
1451
1451
30
71
1120
1451
1451
3
1451
6
172
1451
1451
925
471
1120
1451
1451
1451
1451
1451
1451
3
471
30
1451
1451
1451
1451
1451
925
1452
270
1452
1452
1452
1452
1452
1452
1452
1452
1452
12
1452
1452
172
1452
6
471
1452
1452
1452
133
1452
147
1452
1453
170
1453
30
1453
1453
1453
1453
3
1453
1453
1453
1453
6
92
6
3
133
1453
1453
172
1453
1453
1453
1454
1453
1454
1454
1454
1454
471
1454
321
1120
1454
1454
1454
1454
170
1454
147
1454
84
1454
1454
1454
1454
1454
1454
1454
147
689
199
471
1454
1454
1454
689
1454
199
1454
92
1120
1454
1455
1454
1455
1455
1455
1455
1455
1120
321
3
1455
1455
5
1455
1455
1455
172
925
92
30
1456
1456
1456
1456
30
689
925
1456
1456
1456
1456
1456
1456
1456
30
1456
30
1456
30
1456
1456
3
321
1456
199
1456
471
1456
30
77
10
1457
1457
471
1457
689
30
3
1457
925
1457
1457
1457
1457
1457
1457
1457
1457
1457
1120
1457
1457
1457
925
3
6
3
1457
1457
30
471
1458
1458
1458
1458
1458
1458
71
518
1120
1120
1458
1458
77
1458
925
1458
925
321
1458
471
1120
1458
518
471
1458
30
1458
199
1458
518
1120
925
321
925
1458
1458
1458
1458
199
925
1458
1458
1458
30
1458
172
30
92
30
1458
1458
1458
1458
199
471
1458
27
1459
84
1459
1459
1459
1120
925
133
30
3
2
1459
321
1459
1120
471
925
77
1459
1120
1459
30
1459
1459
172
1460
1460
1460
1460
1460
925
1120
1460
10
30
1460
1460
471
1460
1460
1460
1460
925
1460
147
270
1460
1461
30
1461
1461
1461
10
1461
270
925
1461
1461
471
1461
24
321
321
1461
1461
1461
1461
77
3
471
1461
1461
30
199
1462
170
30
3
1462
1462
1462
30
1120
1462
1462
1462
925
1462
30
1462
1462
1462
10
71
471
199
1462
12
1462
1462
925
321
24
1462
1462
471
471
3
3
1463
1463
1120
1463
71
6
1463
1463
22
471
471
1463
1463
147
1463
1463
12
1463
133
1463
92
1463
1120
518
1463
6
1464
1464
92
84
1464
1465
5
1464
1465
1465
1465
925
77
1465
30
1465
1120
1465
133
92
199
471
321
1465
1465
1465
925
1465
172
1465
1465
10
30
1465
30
1465
1120
199
1465
1465
925
1465
199
1465
30
147
925
1465
1120
1466
689
1120
1466
1466
1466
1466
2
1466
77
199
199
3
925
321
471
1466
471
147
1466
1466
471
1466
92
24
1466
1466
1466
1467
471
1467
172
471
1467
1467
3
71
1
321
3
1467
1120
925
199
30
1467
24
471
1120
147
1467
199
1467
24
1120
1467
1467
1467
30
1467
1467
270
1467
925
1467
1467
1467
1120
170
1467
1467
1467
1467
1467
147
147
199
1468
1468
1468
1468
30
1468
1468
3
1468
1468
3
3
3
1468
27
1468
1468
689
1468
1468
689
1120
1468
92
2
71
1468
1468
1468
30
471
925
1468
1468
1469
1469
5
1469
1469
30
30
1469
71
1469
925
133
471
321
30
1469
1469
12
1469
1469
1120
1469
1469
199
1469
1469
1469
3
321
1120
1470
1470
471
689
1470
1470
1470
1470
1470
925
471
270
170
471
1470
1470
518
19
321
1120
1470
77
1470
147
1471
471
30
1471
1471
1471
1471
925
1471
1471
199
1471
1471
1471
1471
1471
1471
925
1471
471
30
1472
199
30
518
1471
471
925
147
321
1472
1120
1472
12
689
172
1472
133
518
1472
925
1472
1472
1472
1472
471
3
1472
471
1472
1472
1120
1472
1472
1472
1472
1472
30
30
1472
1120
30
147
1472
24
30
1472
1472
1472
1472
30
1473
518
1473
1473
30
321
172
1473
471
147
1473
30
24
1473
1473
1473
1473
1473
1473
1120
1473
1473
1473
147
1473
925
1473
1473
1473
925
1473
1473
1473
471
30
471
1473
1473
471
1474
1120
5
5
321
471
1474
689
1474
1474
199
1474
1474
77
1474
147
1474
1474
1474
471
471
172
1475
1475
170
1475
22
30
925
471
1475
1475
270
321
1475
1475
30
1475
321
1475
1475
1475
1475
30
925
1475
925
147
1476
3
1476
1120
1476
1476
1476
925
1476
1476
471
689
199
1476
147
471
471
1120
172
925
1476
1476
1476
172
199
1476
71
1120
1476
30
1476
12
1476
1120
471
1476
1477
199
925
30
471
1
71
30
77
199
1477
1477
1477
321
1477
1477
1477
1477
1477
1477
199
1477
925
147
1477
471
471
1477
1478
1478
92
1479
30
1479
1479
1478
30
1478
1479
199
1479
1479
1478
321
1479
1478
170
1479
27
22
1479
1120
1479
321
30
1479
30
925
1479
1120
27
1479
170
1
518
1479
30
1479
3
471
1479
925
1479
1479
12
1479
1120
1479
1479
1479
1479
1479
1479
1120
1120
1479
1479
1479
2
30
199
1480
1480
1480
27
1480
30
1480
1480
1480
199
1480
1480
1480
12
1480
1480
1480
1480
1480
1480
1480
925
1481
1481
1481
321
199
1481
1481
1481
1481
1481
1481
30
1481
30
1481
1481
30
1481
92
1481
1481
1481
321
1481
172
270
1481
1481
6
1481
3
1481
1482
2
147
172
199
1482
925
1482
1482
471
1482
30
1482
3
1482
471
518
1482
1482
925
3
1120
925
1482
1482
71
1482
471
172
133
471
925
1482
1482
133
1482
321
471
1482
270
30
147
3
471
1483
1483
471
270
30
1483
1483
1483
3
1483
24
1120
199
689
2
92
1483
92
30
1483
1483
1483
71
1483
1483
1483
1483
689
1483
471
1483
1483
1483
1483
1483
30
1120
1485
1485
3
1485
147
1485
471
1485
1485
199
92
1485
84
3
199
147
1485
925
199
1485
471
30
1485
1485
71
1485
30
1485
1485
321
1485
1485
1485
1485
1485
133
689
1485
172
30
30
1485
3
30
471
27
1485
471
925
27
471
925
71
92
1120
1486
1486
925
199
30
1486
1486
1487
1487
92
71
77
1487
30
71
1120
1487
1120
1487
321
1487
10
1487
925
1487
1487
689
471
1487
925
1487
925
321
1487
518
1487
1487
1120
24
1487
1487
471
1487
147
1487
2
1487
147
1487
925
1120
1487
1487
1488
1487
1487
1487
3
1487
30
1487
92
172
199
1488
30
1120
1487
2
92
1120
1488
1488
1487
321
2
19
1120
1488
925
1488
199
199
1488
1488
925
1488
1489
199
1120
1120
1489
1489
925
1489
2
199
1120
1120
1489
1489
1489
1489
199
1489
925
1
30
1489
1489
22
1489
1489
689
1489
925
147
1120
30
1489
12
321
321
3
30
12
1490
471
1490
71
1490
147
1490
77
30
471
147
1490
1490
1490
321
2
1490
1490
1490
1120
199
30
1490
1490
471
30
1490
199
321
199
471
925
1491
1491
1491
24
3
1491
5
471
321
1491
1491
77
1491
925
172
1491
1492
689
92
77
77
1492
1492
42
1492
12
199
1492
1492
1492
170
147
1492
1492
1492
71
1492
5
1492
1492
1492
1492
1492
471
1492
1492
1492
147
1492
199
321
147
1493
133
1493
1493
1493
1493
1120
1493
1493
5
10
172
471
1493
1493
1493
6
71
1493
1120
30
1493
689
321
1493
1493
12
1493
548
471
12
1493
71
1493
1493
92
1
1493
1494
1494
1494
1494
30
1494
1494
1494
1494
92
12
1494
30
1494
471
30
24
71
77
518
1494
1494
1495
270
1495
30
1495
1495
172
1495
1495
1495
170
1495
130
518
1495
1495
1495
1495
1495
172
1495
471
77
471
1495
1495
133
1495
471
30
172
925
1495
30
2
1495
30
471
1495
6
1495
27
147
170
199
92
71
92
1495
133
27
1495
1495
925
925
1496
172
199
1496
1496
321
1496
1496
1497
1497
1497
1497
1496
1497
1497
1496
1497
1497
30
689
1497
471
1496
518
518
321
1497
1497
689
1497
71
925
1120
925
1497
1496
5
1496
1120
5
1497
1
12
1497
172
1497
1497
1497
1497
12
1497
1497
147
27
1497
1497
270
1497
471
1497
1497
1497
1120
471
1498
1498
10
1498
1498
270
1498
30
71
1498
6
3
1498
92
1498
147
1498
1498
1498
147
1498
321
199
199
1499
30
1120
471
3
1499
3
1499
147
1499
30
92
2
30
471
1499
1499
1499
925
471
1120
1499
1499
133
471
2
30
1499
1499
925
1499
1499
471
1500
172
1120
1500
147
1500
1500
6
1500
1500
471
270
321
1500
6
1500
1500
471
1120
1500
30
1500
1500
1500
1120
30
1501
199
1501
30
3
1501
1501
1501
1501
1501
1501
92
1501
199
1501
2
1501
172
321
92
30
1501
1
518
1501
1501
1501
199
925
12
172
199
71
92
1502
1502
1502
1502
1502
1502
689
1502
1120
92
27
1502
925
1502
1502
689
1502
1502
1502
1502
1502
1120
199
1502
471
2
1503
1503
84
1503
1503
1503
3
1503
1503
1503
30
1503
1503
1503
1503
30
2
3
1504
471
1504
471
1504
30
30
1504
1504
1504
1504
1504
1504
1120
1504
1504
925
1504
1504
1504
689
5
1504
3
71
925
1505
1505
471
1505
1505
1506
1506
77
321
1120
1506
1506
1506
321
3
1506
199
199
30
1506
30
1506
1506
1506
147
1506
199
5
1506
471
3
1506
1120
1506
1506
77
1506
1506
1506
170
1506
199
1506
1120
925
1506
199
1507
1507
30
1120
471
24
1507
6
1507
30
1507
1120
1507
1507
6
471
518
199
3
170
1506
925
1507
3
1507
1507
130
130
925
1507
1507
27
1507
1507
71
925
471
1507
1507
199
270
1507
30
1507
1507
1507
199
1507
1507
1507
27
133
1508
1508
1508
1508
147
1508
30
1508
1508
147
1508
925
925
1509
925
199
1509
1509
1509
1509
30
199
30
27
1509
1509
1509
1509
1509
1509
1509
471
1509
925
1509
1510
1510
199
1510
22
1509
1509
2
30
30
30
199
1
1510
30
199
1510
270
133
1510
1510
1510
1510
1
1510
3
1510
1510
147
1120
1510
1510
518
1510
1510
6
24
1510
925
471
1510
1510
30
1510
1510
1510
3
270
1510
199
199
1510
1510
1510
1510
1510
1510
1510
1510
1510
147
1511
1511
30
1511
925
1511
1510
1510
1511
1511
30
1511
1511
1510
27
1511
1511
1511
10
1511
1511
42
1511
1510
1511
270
1511
147
3
1511
1511
1511
71
1511
1511
1512
30
1512
1120
3
925
5
172
1512
1120
1512
1512
1120
3
30
3
1513
30
1513
1513
1513
689
199
1120
1513
1
1513
1513
133
1514
1514
1120
77
30
1
1513
518
5
1514
1514
1514
30
925
30
1514
1514
1514
30
147
147
1514
147
1514
1120
30
84
12
1514
1514
1514
1514
1514
1514
925
1515
925
471
27
1515
1515
1515
1515
1515
1515
1515
71
133
1515
1
1515
1515
1515
1515
689
1515
471
1515
1515
172
1516
1516
6
925
42
1516
1120
1516
1516
1516
199
1516
1516
1517
1517
172
170
1517
27
71
1517
77
1517
1517
3
1517
1517
1517
689
1517
1517
2
1517
1120
1517
30
1517
5
321
2
92
1517
1517
471
1517
1517
1517
925
30
1517
1120
471
1517
1517
199
518
1517
1517
270
1517
518
147
925
27
1518
1518
24
1120
1518
1518
1120
1518
1518
925
1519
1519
471
199
1519
1120
77
471
30
1
3
925
1519
199
1519
199
1519
1519
1519
1519
1519
1519
24
1519
1519
199
1519
1519
172
27
30
471
1519
27
1519
199
71
689
1519
471
1519
1519
30
1519
1519
1519
1519
1519
321
1519
1519
1519
1519
1519
471
1520
133
1521
1520
1520
30
24
3
1520
1521
172
77
1520
1521
1521
27
689
925
6
199
1521
27
1521
1521
1521
270
1521
1521
30
1521
1521
1521
1120
471
1521
925
1521
199
30
1521
1521
1521
1521
30
1521
1521
1521
12
689
1521
1521
199
1521
1521
71
1521
925
1521
199
321
147
199
1522
77
3
6
1522
925
1522
1522
1522
925
1522
92
1522
77
30
170
27
1523
30
147
1523
1523
199
1523
1120
1523
30
1523
199
1523
1120
1523
270
24
1523
19
1523
3
1523
1523
1523
1523
1120
471
1523
1523
1523
1523
1523
1523
172
689
1120
3
2
689
147
6
1523
199
30
92
471
925
133
1524
1120
1524
92
1120
1524
1524
925
689
1524
1524
689
3
925
1524
1524
1524
1524
1524
1524
1524
1524
1524
1525
1525
270
1525
1120
1525
1525
1525
471
1525
147
471
1525
1525
471
1525
471
1120
1525
925
1525
1525
199
147
30
1525
170
1525
1525
1525
1525
471
172
1525
1525
1525
1525
321
1525
1525
1525
147
1525
471
1525
1525
3
1525
199
1525
30
1525
1525
147
172
1526
1526
199
1526
1526
133
1527
1527
471
92
199
1527
1527
1527
147
518
199
1527
3
1527
1527
5
689
12
1527
1527
1527
1527
199
925
1527
199
1527
1527
1527
3
147
19
1120
1528
1528
147
92
199
1528
925
1120
1120
1528
1528
1528
1528
10
6
518
1528
92
1528
1528
172
147
1528
1528
30
1529
30
1529
1529
1529
1529
1529
1529
172
1529
1529
1529
30
471
10
71
1529
1529
1529
1530
1530
1530
30
30
1530
1120
1530
1530
1530
925
71
1530
30
27
1530
1530
1530
24
172
1530
30
321
689
1530
1530
1530
147
1120
12
1530
1531
30
1531
1531
1
1531
1531
1531
321
1531
1531
1531
1531
27
925
321
1531
925
30
1531
1531
925
1531
30
1531
1531
172
1531
1531
30
925
1120
1531
133
1531
1532
1532
1532
1120
1532
471
1532
1120
199
471
1532
1532
147
30
92
71
6
24
1532
1532
1532
12
1532
1532
27
1531
1532
147
1532
30
1533
270
1533
1533
6
1532
471
3
199
471
1533
5
1120
925
6
30
1533
133
1533
1533
1533
1533
1533
1533
1533
1533
1533
1533
1533
1533
1533
30
1534
1534
30
77
172
30
1120
2
1534
1534
471
5
471
471
1534
1534
1534
30
30
199
199
1535
147
1534
1535
1535
1534
30
1535
1534
1535
71
1534
1120
1535
1534
1535
925
1534
1535
3
30
30
471
1535
1535
1535
1535
1535
1535
24
471
1
1535
30
27
30
1535
1535
42
1120
1535
1535
27
1535
24
1120
77
1535
925
321
71
1535
1535
471
147
1535
147
30
1535
321
3
1535
1535
133
12
321
3
1536
1536
925
1536
1536
1536
42
1536
1536
1536
1536
518
925
1536
1536
1536
1536
1536
1536
689
1536
925
1536
1536
27
1536
1536
1536
133
172
1536
1536
471
471
1537
1537
1537
1537
1537
42
1537
2
925
1120
1537
1537
1537
1537
12
1537
925
147
3
1537
1537
1537
10
270
133
30
71
1537
1537
1537
1537
1537
321
1537
1537
6
199
1537
30
30
199
2
1537
147
471
1537
1537
1537
92
1537
77
1537
1538
1538
1538
1120
689
147
6
1538
3
1538
518
1538
199
30
1538
30
199
1538
71
471
1120
199
1539
30
199
3
30
24
3
10
1539
92
1539
92
3
30
133
10
1540
1540
1540
1540
1540
1540
1540
199
77
1540
12
1540
1540
1540
471
1540
199
689
1540
1541
1120
1541
321
77
199
925
925
27
1541
1541
1541
1541
10
1541
1541
1541
1541
1120
1120
1541
1541
1120
471
1542
925
1542
30
1542
471
1542
1542
1542
1542
925
10
1542
1542
84
30
1542
1542
925
1543
1542
1120
1543
1543
133
1543
321
199
1543
1543
1542
1543
30
1543
1542
1543
92
471
1542
1
172
42
1543
1543
30
1544
1120
1544
321
2
199
471
321
1544
1544
3
30
1544
92
1120
1544
471
30
1544
1544
1544
689
1544
1544
147
1544
321
5
71
30
71
1544
1544
199
30
12
1544
1544
689
270
1544
1544
321
1544
30
1545
24
3
1545
3
77
1120
1545
1545
30
689
2
1545
1545
471
471
1545
92
925
270
1546
27
1546
1546
1546
1546
1546
1546
1546
1546
1546
1120
1546
1120
689
1546
1546
1546
77
1546
147
1546
77
471
6
1546
199
30
1546
30
30
471
147
1546
321
1546
1546
199
1546
1547
147
147
1546
1546
1547
925
1120
1547
92
199
1547
1547
1547
6
1547
147
1547
6
1547
1547
172
199
270
1547
1547
71
321
689
1547
199
1547
1547
1547
92
1547
1547
1547
925
1548
1548
1120
1548
1548
1548
199
471
1548
1
1548
321
30
1548
1548
1548
1548
1548
1120
1548
1548
1548
1548
925
1548
689
1549
471
30
1549
1549
321
1549
77
321
1549
471
1549
321
10
1549
1549
5
1549
1550
1550
1550
1550
1550
92
30
321
1550
1550
6
172
1550
925
71
1550
170
71
172
30
1550
1550
471
1120
1550
30
1550
10
2
30
30
1550
1550
471
170
1550
471
1550
1551
518
1551
1551
1551
12
1551
1551
471
30
1551
1551
1551
30
1551
1120
1551
471
1551
1551
1551
471
1120
689
1551
1551
1551
1551
172
1551
30
77
27
10
1551
925
1551
1551
1
321
1551
199
689
1551
92
925
1552
1552
3
1552
12
1552
1552
172
471
1552
170
27
42
1553
1552
1120
92
1553
172
1553
1553
1553
71
1552
199
30
1553
199
1553
1553
1553
689
147
1553
1553
1553
199
5
199
77
27
1553
1553
1553
471
1553
30
1120
92
1553
24
199
1553
19
30
1553
1553
1553
518
5
1553
1553
1553
30
1554
1554
199
1554
471
133
1554
71
1554
1554
1554
1554
1554
199
1120
1554
1120
1554
1554
1554
1554
1555
1555
518
1555
199
321
1555
1555
1555
1555
925
1120
1555
1555
471
1120
1555
1120
1555
1555
1555
199
1555
1555
471
1555
1555
925
1555
30
321
133
1556
199
2
1556
199
1556
1556
1556
1556
3
30
1556
1556
27
1556
471
518
172
1556
170
1556
1556
1556
1556
1556
925
1120
1556
1556
1556
1557
518
133
147
1557
1557
1557
71
925
24
1557
1557
1557
1557
42
1557
321
1557
92
471
1557
1557
1557
22
84
3
1557
1557
133
471
1557
147
270
199
1557
1557
1557
199
147
1557
1557
3
3
27
1557
1558
1558
1558
170
77
1558
270
1558
471
1558
1558
1558
1558
42
1558
1558
518
1558
925
1558
270
1558
1559
1560
1560
925
1560
1120
1560
199
1560
1560
925
1560
1560
1560
471
321
199
1560
42
6
471
2
1560
199
1560
30
925
1560
1560
199
1560
471
1560
1560
1560
1560
471
1560
199
1560
925
321
199
10
30
471
1120
471
1560
1560
471
1560
925
6
30
1560
30
1120
30
77
1560
1560
1560
1560
199
2
471
1560
1
1120
1120
321
1560
1561
77
1561
1561
1120
1561
1
1561
199
30
199
1561
199
1561
471
1561
172
1562
5
24
1562
471
1562
1120
1120
30
1562
22
5
925
1120
270
1562
147
1562
1562
1562
1562
22
172
22
1562
2
30
925
3
92
147
321
1563
925
471
321
925
925
1563
1563
471
1120
471
3
1563
1563
1120
1563
925
1563
199
1563
1563
1563
1563
1120
27
471
1120
471
84
1564
1564
1564
1564
1564
1564
1564
925
1564
30
1564
925
170
1120
30
1564
30
1564
1564
1564
1564
1564
30
1564
170
1564
1564
1120
199
1565
1120
24
1565
199
1565
1565
199
1565
1565
1
6
1565
1565
42
30
147
1565
689
1565
321
92
30
1565
1565
1565
1565
1565
199
12
1565
1565
1565
1565
1565
1565
270
1566
1566
471
1566
1566
1566
1566
1566
1566
1566
1566
1
1566
1566
1566
3
1566
471
270
1566
1
170
1566
199
1566
199
30
1566
518
170
689
133
1567
925
1567
1567
1567
1567
3
1567
199
1567
71
1567
199
172
1567
1567
1568
1568
71
1568
1568
1568
172
1568
1568
1568
1568
1568
1568
471
30
1568
1568
30
1568
30
1568
1120
1120
30
1568
1120
30
30
30
1569
270
133
1569
1568
92
42
1569
1569
1120
30
1569
1569
1
471
1
1569
1569
1569
1569
925
925
1570
27
1570
1570
1570
471
92
1570
1570
518
1
1570
1570
1120
1570
30
1570
471
1570
471
1120
1570
1570
30
1570
1570
1570
471
170
6
1570
1570
1570
1570
22
1570
92
12
1570
147
1570
147
270
199
689
1570
1570
147
1570
1570
1570
147
147
30
471
1571
925
1571
1120
270
518
77
1571
1571
1571
1120
1571
1571
1571
1571
1571
1120
1571
471
1571
471
92
321
199
3
1571
321
27
321
147
926
1572
689
3
1572
1572
1572
1572
1572
270
1572
1
1572
1120
1572
1572
30
1572
1572
1572
1572
1572
1572
3
199
1573
1120
518
92
71
1573
6
1573
1573
1573
1573
1573
1573
3
147
321
3
1573
1573
1573
925
1573
518
1573
270
1573
1573
199
1573
321
5
1573
1573
1573
1573
1573
77
1573
1573
42
30
1573
1573
30
1573
927
199
1
199
71
1573
1574
1574
925
1574
925
22
199
471
92
1574
84
1574
1574
1574
1574
1574
71
30
471
30
30
77
22
321
71
1575
471
1575
147
1575
30
30
1575
1575
926
1120
27
1575
3
147
689
1575
147
199
1575
1575
1575
1575
1575
1575
1576
321
689
10
30
321
1576
1576
1576
3
1576
1576
1576
168
30
1576
1576
24
1576
1576
1576
1576
92
1120
1576
927
1576
1577
927
1577
1576
1577
1577
30
321
1576
27
1577
1577
199
689
1577
1577
1577
1577
1577
147
1577
1577
1577
471
1577
1577
1577
1577
1577
2
471
1577
1577
24
1578
1578
270
172
689
321
1578
30
1578
71
24
1578
24
3
1578
1578
3
1578
1578
1578
92
147
1578
1578
3
1578
2
1
1578
92
1578
1578
927
1578
77
1579
199
172
1579
1579
471
30
270
1579
1579
1579
1579
1579
1579
321
3
1579
27
471
1579
1579
1579
930
1579
1579
24
1579
147
927
1579
930
199
1580
77
1580
1120
133
930
199
1580
1580
1580
2
1580
30
1580
1580
1580
1580
1580
1580
1580
1580
30
927
199
471
10
927
1580
1580
42
1120
1120
10
199
92
1580
2
1581
1580
1581
1581
199
1581
199
1581
270
321
1581
1581
1581
927
1581
42
1581
147
471
1581
689
1581
1581
927
199
1581
133
1581
1581
30
172
199
927
1581
1581
1581
1581
71
1581
1582
1582
931
518
3
321
3
1582
3
24
1582
1582
27
321
1120
92
1582
518
1582
1582
5
518
1582
1582
518
6
1582
6
1582
1582
1581
1582
1583
1120
147
30
1583
1583
1583
1583
321
1583
1583
6
170
1583
133
1583
1583
1583
1583
1583
1583
199
1583
1583
3
932
92
932
1584
1584
133
471
1583
30
172
1583
10
1
30
1584
1584
1584
927
321
1584
3
1584
2
147
3
1584
1584
1584
199
1584
1584
199
1584
1584
321
77
1581
1585
1585
1585
1120
1585
1585
1585
933
1585
92
1585
30
30
1585
1585
1586
927
1586
1586
933
199
1586
927
1586
1581
471
30
5
1581
1586
147
1586
1581
1586
92
1586
1586
147
3
1586
321
133
71
321
1586
471
1587
1587
1587
30
6
927
1120
5
147
1587
1587
1587
6
518
1587
1587
147
1587
30
1587
1587
71
1588
1588
170
1588
1120
270
1588
172
199
934
1588
1120
1588
1588
1120
1120
147
471
199
1588
30
1588
1588
927
1588
1588
1588
27
1588
1588
518
133
170
1589
3
1589
172
1589
1589
321
1589
1589
1589
1589
84
321
30
1589
1589
1581
518
1589
147
30
1589
1589
1589
1589
22
199
1589
1120
1590
1590
71
1590
1590
1590
1590
12
1590
1590
12
1590
1590
27
1590
1590
1590
199
1120
1590
1590
77
199
5
1581
199
1590
172
1590
6
10
321
927
927
936
1591
1591
1591
518
1591
6
270
1591
270
1591
199
22
927
27
471
1591
1591
1591
1591
1591
1591
1591
30
1591
30
471
199
92
1591
1591
1591
927
1592
1592
92
1581
1592
1592
1592
1120
147
1592
1592
1592
199
1581
936
1592
1592
927
1592
1592
1592
1592
1592
1581
321
147
1592
927
1593
1593
1593
1120
471
199
1581
1593
1594
1594
1581
1594
1594
471
1594
1594
471
3
22
1594
71
471
1594
133
172
1593
77
1594
1593
1594
1594
1594
1594
1594
199
1594
1594
1594
1594
92
1594
1594
1594
1594
1594
1581
1594
471
1594
471
1594
199
689
1594
199
1594
1594
199
518
1594
147
1594
199
1594
1120
1120
1594
1594
471
1594
1594
1594
6
1594
518
1594
27
471
1120
321
471
1594
689
1594
938
2
471
199
1594
1594
12
1594
147
689
270
1595
172
927
1595
30
1595
71
30
1595
92
199
19
927
1596
1596
1596
133
172
1596
30
1596
1596
321
1596
1596
30
1596
1581
6
1596
1596
927
1596
1596
30
30
1596
1596
518
1596
172
1596
1596
1596
133
1596
10
3
1597
1597
1597
1597
1581
133
1597
30
689
1597
1597
1597
321
1597
1597
30
1597
199
1120
321
1598
1581
30
518
30
2
1120
2
1598
1598
84
1598
170
77
3
1599
1599
1120
1599
30
30
1598
1599
270
1599
133
1599
1599
6
270
3
1599
1598
270
1599
471
1599
172
689
1598
471
1598
1599
22
1599
471
199
1599
30
927
927
927
1599
71
1599
30
321
1599
1120
1599
270
172
199
1599
1599
199
1120
1599
1599
1599
77
1
172
199
3
1600
1600
1120
1600
1600
1600
471
1600
27
1600
1601
471
1601
1601
12
1601
1601
1601
1601
1581
321
1601
1601
92
1601
942
321
30
1601
1601
1601
1601
1601
1601
1601
92
471
1601
1602
1602
199
1602
1581
133
1602
1120
84
170
471
1602
321
1602
147
1602
1602
1602
1602
199
1602
1602
1602
10
1602
321
3
1602
1602
1602
1603
199
3
3
1603
22
1603
1581
1603
1603
1603
1603
199
1603
147
1603
30
30
92
1603
1603
1120
199
1603
10
944
1603
1604
689
1604
1604
1604
92
172
1120
1603
1604
199
1604
1581
147
1604
27
1604
1604
1
1604
199
270
1604
1581
30
321
1604
1604
199
30
1581
1604
27
133
133
30
1605
1605
471
1605
1604
471
71
42
199
1605
927
1605
77
1605
689
1605
1605
71
927
927
1605
1605
1605
1605
1605
1606
1606
3
1606
12
1606
1605
92
1606
1606
1120
1606
6
30
1606
1606
1606
1606
199
147
1606
1606
77
1606
1120
172
946
1606
321
1606
927
147
42
3
147
1607
1606
1607
1607
1606
1607
471
1607
1607
1607
1607
77
1607
1607
1607
1607
3
1607
1607
1607
30
1607
1607
30
1607
1607
1607
1607
2
1607
1607
1
1607
172
6
1607
172
321
1607
1608
1608
1608
1608
3
1608
1
471
199
1608
1120
471
30
1120
1581
946
1608
1608
172
42
2
1609
1609
1609
1609
1609
1609
1609
1609
1120
471
471
1609
30
1609
6
1
30
1609
1609
1609
1609
1581
1
471
927
1609
471
71
30
2
6
471
3
30
30
1609
1609
321
927
1581
1609
927
1609
6
1609
927
947
1120
1609
1609
1610
1120
1581
689
1610
1610
1120
5
1610
30
1610
321
1610
1610
1610
927
5
1610
1610
30
22
1610
1610
1610
1610
471
1610
1610
1610
199
1610
30
1610
270
1610
199
1610
2
92
30
1611
172
1611
147
1611
1611
1611
1611
77
24
1611
199
1611
1611
1611
2
1611
1611
1581
1611
1611
1120
1611
1611
1581
1611
1611
1611
71
199
1612
199
92
1612
471
2
1611
1612
1
927
1613
949
1613
1613
3
30
199
1613
1120
1613
1613
71
1120
1613
1613
1613
1613
1613
3
471
1613
1613
1613
1613
1613
1613
1120
1613
1613
1613
471
1613
1613
1613
30
1613
689
1613
199
1613
1613
927
24
1613
2
270
1581
1613
1613
270
1613
270
1613
1613
199
1613
1613
927
1614
270
471
71
1120
1613
1614
471
30
471
1120
1614
1614
19
927
1614
1614
1614
1614
689
1581
1614
92
10
1120
1615
1615
92
927
77
1615
321
1615
471
950
518
1615
133
321
172
92
1615
1615
1615
1615
1615
30
42
927
1120
1120
950
950
950
1616
689
1616
199
1616
77
30
471
6
199
471
1616
3
471
172
1616
1616
1616
1120
1616
1616
172
927
1616
147
170
689
42
1120
471
30
1617
1617
1617
1617
1617
172
1581
471
927
471
1618
548
147
1618
147
1120
71
471
1618
92
1618
147
1618
30
951
199
1618
5
1617
30
1617
71
1618
77
1120
1618
199
1618
471
1618
1618
1618
1120
1618
1618
1618
1120
1618
1618
30
321
689
1618
471
1618
1618
1618
927
199
321
1618
27
1120
1618
471
1619
30
1619
3
30
1619
1619
471
1619
147
1619
199
1120
30
1619
1619
1120
30
1619
30
1619
471
1619
1619
10
1581
1581
1581
1619
1619
199
199
30
1620
1620
1120
1620
270
30
1620
927
172
1620
199
1620
1620
30
689
471
1620
27
1620
1620
1620
133
199
927
1620
1620
1620
71
10
1620
1
1620
927
1620
1620
42
1120
927
1620
471
77
42
27
689
1620
1620
1620
42
270
199
30
1620
1120
71
1620
1620
471
1621
1581
3
147
1621
1621
1621
1621
170
147
471
1
1621
147
1621
1621
1621
1621
1621
1621
927
471
133
1621
30
270
1621
1621
1621
471
1
84
689
1622
10
1120
518
71
30
1622
270
927
24
471
927
321
689
1622
1622
1622
1622
1622
1622
1622
6
270
1622
1623
1623
1120
1120
172
30
927
1120
1623
77
1623
471
1623
1623
1623
1623
321
1623
1623
270
689
1623
1623
1623
71
42
471
172
1120
30
1623
955
1623
30
199
147
1120
1623
1623
1624
1624
1624
30
199
927
689
1624
1624
30
1624
1624
3
1624
199
471
133
170
1624
471
1624
1624
199
1624
927
199
1624
1624
1581
199
1624
956
1624
1624
30
1624
133
1120
30
471
1625
1625
77
1625
1625
1625
1625
1625
199
199
1625
1625
518
518
199
1626
1626
172
30
30
1120
1626
1626
1626
927
30
1626
1626
1626
92
1626
30
471
957
30
30
3
30
1581
1626
1626
42
471
1120
1627
1627
1627
1120
1627
133
1627
1627
689
321
30
1627
1627
270
27
3
1581
1627
1627
71
12
321
1627
1627
1627
1627
1627
1627
1627
1627
6
30
1627
1627
1627
1581
957
1628
5
927
42
1628
1628
1628
689
2
689
147
147
71
1628
147
30
1628
471
471
1120
199
1120
1629
1629
471
1
1629
1581
1629
1629
199
5
1629
172
172
1629
1629
321
30
1629
321
1629
1629
1629
1629
471
1629
1629
1629
471
1630
1630
471
3
147
1630
1120
1630
133
548
1581
1630
1630
1630
1630
1630
518
147
30
1630
1120
471
6
471
471
960
321
1630
199
1630
1630
1630
1630
1630
1630
172
471
147
1630
147
1630
24
471
1630
1630
1630
927
1630
1630
1120
1630
960
1630
172
1630
1630
1120
30
1630
1630
1630
1630
471
1630
689
321
1630
960
1581
321
689
3
1631
1631
321
1631
1631
30
471
10
30
1631
1631
1631
3
71
1631
1631
927
30
172
1120
1632
1120
1632
927
1632
71
1632
1632
1632
1632
1632
30
10
147
1632
1632
1632
689
5
199
270
30
133
1632
1581
3
1632
1632
1632
147
1633
1633
518
133
1633
1633
1
1633
1633
1633
1633
1633
30
1633
147
147
5
1633
1633
1633
1633
1633
1
321
199
1633
172
71
147
170
1635
12
1635
172
927
1635
1
199
1120
321
147
1635
1635
1635
24
1635
1635
471
3
689
1635
471
30
1635
172
1635
27
1635
270
1635
30
1635
5
1120
1635
321
270
1635
1635
24
321
1635
1635
1635
1120
1581
1636
1636
1636
1636
1120
12
1636
172
1636
3
27
1120
1637
961
927
30
1637
1637
471
1637
1120
1637
1637
19
1637
1637
30
1637
471
1637
1637
1120
1638
199
172
30
471
71
1120
1638
6
1581
471
30
1638
1638
1120
1638
147
1581
1638
1638
1638
1638
1638
1638
147
1638
1638
1638
30
471
1638
471
172
1638
3
172
71
1638
1638
1638
6
471
1638
1638
689
1639
92
1639
71
1639
170
1639
170
199
30
1639
92
1639
1581
5
147
92
1639
1
1640
1581
1640
1640
1640
1640
30
5
30
3
3
1640
1640
1120
1640
1640
1640
1120
1640
1
1640
471
689
1640
6
1640
133
270
1640
1641
1641
1641
1641
1120
1641
471
1120
1641
927
1641
1641
927
321
1641
30
30
321
1641
199
1641
1642
1642
1642
1642
147
961
961
1120
1642
1642
92
927
1642
1642
1642
133
1642
199
1642
1120
199
30
1642
24
1120
1642
1642
1642
1642
24
1642
1642
321
1642
1642
1642
689
1642
30
1643
1581
1643
1120
1581
170
1643
199
961
689
689
1581
172
1643
172
1643
199
1643
30
927
30
3
30
1120
321
1644
3
1644
30
1644
471
1644
1644
471
1644
1581
1644
1644
471
22
1644
6
1581
1
1581
1645
71
471
1645
270
471
1645
548
1645
30
1645
1645
147
1645
1645
12
1645
1645
199
170
1646
12
84
199
518
471
1646
321
471
1646
12
1120
199
1646
689
1646
1646
270
199
1646
1646
1646
1646
199
1646
1581
689
1646
27
5
5
927
1646
1646
1646
5
172
147
321
1647
1647
270
927
1
689
1647
199
321
1581
172
1647
471
270
471
1647
1120
199
77
1647
30
1648
30
1648
961
1648
689
1648
1648
199
147
199
1581
1648
172
1648
1648
1581
10
1649
1649
1649
92
1649
1649
1649
30
961
518
1649
1649
321
1649
1649
199
71
1649
1581
172
927
1649
1649
1649
30
1650
1650
6
1650
1650
71
321
71
30
1650
199
1650
1581
1650
1650
84
1650
1650
1120
1650
321
1650
471
1650
27
1650
1650
1650
689
518
6
24
1650
1650
471
71
321
30
1120
133
10
689
689
30
321
471
1650
30
1650
270
321
1650
1651
1581
1651
1651
1651
1651
2
1651
1651
1651
321
689
1651
1651
92
927
1651
927
24
3
3
1120
77
1651
927
1651
1651
1651
42
471
1651
30
1651
1651
1651
1651
1651
1651
1651
1651
1651
1651
5
1651
1651
1651
5
1651
172
1651
1651
30
77
1652
321
30
92
1652
1652
199
2
133
321
471
1652
27
1581
1652
1652
199
30
471
30
1652
927
1652
1652
12
1652
471
1652
1120
1652
1652
321
1653
1653
1653
1653
1653
1120
6
1653
1654
1654
1654
1654
1654
1654
1654
1654
30
961
77
147
1654
30
1654
1655
27
1654
30
1655
1581
1655
1654
27
1654
1654
1655
1655
30
1655
172
471
1120
172
1655
1581
147
1655
12
147
927
1655
270
1655
1655
1
1655
1655
172
1655
1655
961
170
199
1655
199
1581
1655
1655
199
1655
321
6
1655
1655
2
471
961
321
1655
689
1656
1656
1656
270
1656
1656
30
1120
961
1656
199
172
92
321
1657
1120
927
30
1657
71
1120
30
471
1657
518
927
1657
1657
471
1657
3
471
1657
1657
1657
471
471
1657
3
1657
1657
1657
1657
30
471
1657
1657
3
1657
1657
1657
199
1120
270
1657
1658
1658
1658
1581
471
471
1120
1658
1658
1658
30
1658
1658
1658
1658
1120
471
471
471
1
1581
321
6
471
321
1658
1658
3
1658
321
1659
3
1659
1659
689
2
1659
1659
1659
1659
1120
1659
27
1659
927
1659
199
30
30
689
1581
1659
71
199
1660
1660
1120
1659
1660
1660
199
1660
199
1660
1660
1660
270
27
3
1120
1660
147
1660
71
172
1660
1660
172
172
321
1661
3
84
199
1661
92
30
1581
1661
1661
1661
471
1661
1661
84
30
1661
1661
1661
1661
1661
1661
199
1661
1661
961
3
1661
1661
1661
1661
1581
199
1120
1662
1581
1662
689
961
133
961
133
1662
199
92
1662
3
1662
1662
1662
3
1662
1120
1662
321
1662
270
3
1663
689
270
1663
