50194
306245946 0
306245946 304316957
2691 304316957
2691 2361
305963023 2361
305963023 304025617
495892 304025617
495892 488707
305259016 488707
305259016 303861904
504379 303861904
504379 663257
305063617 663257
305063617 303632395
720494 303632395
720494 1149185
304749757 1149185
304749757 303587124
855047 303587124
855047 1289609
304650170 1289609
304650170 303071383
986089 303071383
986089 1577559
304359765 1577559
304359765 302979128
1213235 302979128
1213235 1714171
304159290 1714171
304159290 302825844
1357411 302825844
1357411 1950682
304057198 1950682
304057198 302815780
1479937 302815780
1479937 2238123
303939537 2238123
303939537 302780487
1573863 302780487
1573863 2375895
303455767 2375895
303455767 302624868
1812067 302624868
1812067 2565122
303436199 2565122
303436199 302616000
1839179 302616000
1839179 2734840
303161275 2734840
303161275 302541621
2305004 302541621
2305004 2749362
303157378 2749362
303157378 302387399
2331671 302387399
2331671 3016130
303044303 3016130
303044303 302342520
2597189 302342520
2597189 3153243
303039360 3153243
303039360 302034811
2665351 302034811
2665351 3225572
302908426 3225572
302908426 301970612
2730989 301970612
2730989 3226868
302725803 3226868
302725803 301805439
3026284 301805439
3026284 3235903
302489504 3235903
302489504 301779934
3092650 301779934
3092650 3395983
302261833 3395983
302261833 301760529
3170268 301760529
3170268 3611131
302201425 3611131
302201425 301685903
3232520 301685903
3232520 3649055
302135365 3649055
302135365 301673175
3292013 301673175
3292013 3711318
302008481 3711318
302008481 301580987
3308428 301580987
3308428 3818967
301947538 3818967
301947538 301257938
3423427 301257938
3423427 4036430
301694581 4036430
301694581 301199041
3448859 301199041
3448859 4097390
301608138 4097390
301608138 300998785
3566445 300998785
3566445 4135273
301589223 4135273
301589223 300924083
3574076 300924083
3574076 4304125
301553134 4304125
301553134 300856511
3714631 300856511
3714631 4324541
301418778 4324541
301418778 300811583
3772801 300811583
3772801 4367627
301275280 4367627
301275280 300725310
4068626 300725310
4068626 4461049
301162000 4461049
301162000 300710084
4092265 300710084
4092265 4573046
301104000 4573046
301104000 300639387
4118030 300639387
4118030 4598991
301020226 4598991
301020226 300627224
4284183 300627224
4284183 4800407
300846421 4800407
300846421 300440852
4348852 300440852
4348852 4824699
300708788 4824699
300708788 300428874
4400936 300428874
4400936 4937663
300685693 4937663
300685693 300276902
4540182 300276902
4540182 4942449
300578614 4942449
300578614 300236147
4543955 300236147
4543955 4965443
300518169 4965443
300518169 300153349
4544658 300153349
4544658 4993146
300394872 4993146
300394872 300143215
4550499 300143215
4550499 5059905
300262700 5059905
300262700 300049433
4850092 300049433
4850092 5084518
300204540 5084518
300204540 299967522
4904823 299967522
4904823 5105055
300177901 5105055
300177901 299954682
4924057 299954682
4924057 5224107
299989709 5224107
299989709 299858886
5019499 299858886
5019499 5310344
299948639 5310344
299948639 299846842
5045845 299846842
5045845 5323837
299946116 5323837
299946116 299530170
5046222 299530170
5046222 5361381
299883273 5361381
299883273 299372246
5186571 299372246
5186571 5393122
299804330 5393122
299804330 299362528
5225433 299362528
5225433 5428757
299772923 5428757
299772923 299355270
5261485 299355270
5261485 5530986
299764494 5530986
299764494 299343131
5262089 299343131
5262089 5798029
299632236 5798029
299632236 299230982
5326815 299230982
5326815 5805189
299614043 5805189
299614043 299194329
5376772 299194329
5376772 5860482
299570350 5860482
299570350 299031903
5426050 299031903
5426050 5885065
299369646 5885065
299369646 298909355
5507443 298909355
5507443 5957050
299358032 5957050
299358032 298904491
5521543 298904491
5521543 6111597
299146661 6111597
299146661 298897209
5527397 298897209
5527397 6148639
299042040 6148639
299042040 298869594
5528449 298869594
5528449 6173814
299001238 6173814
299001238 298608531
5545665 298608531
5545665 6174012
298983851 6174012
298983851 298484629
5642192 298484629
5642192 6212884
298727500 6212884
298727500 298449789
5647455 298449789
5647455 6229263
298701586 6229263
298701586 298423478
5726351 298423478
5726351 6284886
298689522 6284886
298689522 298399504
5737152 298399504
5737152 6285812
298669611 6285812
298669611 298316662
5827548 298316662
5827548 6291277
298607101 6291277
298607101 298285956
5908621 298285956
5908621 6310728
298499624 6310728
298499624 298117941
5967124 298117941
5967124 6381206
298498738 6381206
298498738 298065072
6003574 298065072
6003574 6381780
298469484 6381780
298469484 298053731
6162705 298053731
6162705 6399676
298445674 6399676
298445674 297946438
6223964 297946438
6223964 6517482
298441300 6517482
298441300 297703226
6228809 297703226
6228809 6536757
298243578 6536757
298243578 297617302
6283528 297617302
6283528 6550305
298155684 6550305
298155684 297579008
6353401 297579008
6353401 6654117
298129315 6654117
298129315 297562339
6354753 297562339
6354753 6685640
298079822 6685640
298079822 297535112
6444685 297535112
6444685 7085319
298079033 7085319
298079033 297500982
6483535 297500982
6483535 7092714
297927195 7092714
297927195 297369619
6710145 297369619
6710145 7136645
297846392 7136645
297846392 297363571
6734385 297363571
6734385 7161999
297781740 7161999
297781740 297200129
6785966 297200129
6785966 7171246
297715391 7171246
297715391 297032071
6803206 297032071
6803206 7305313
297656078 7305313
297656078 297002627
6811141 297002627
6811141 7330301
297627237 7330301
297627237 296990540
6829965 296990540
6829965 7332082
297565136 7332082
297565136 296895557
7001357 296895557
7001357 7373003
297541477 7373003
297541477 296781250
7059526 296781250
7059526 7380138
297400271 7380138
297400271 296754772
7139124 296754772
7139124 7387995
297345781 7387995
297345781 296656009
7140927 296656009
7140927 7505571
297227234 7505571
297227234 296586553
7267931 296586553
7267931 7510497
297193620 7510497
297193620 296571631
7313881 296571631
7313881 7517993
297166416 7517993
297166416 296516693
7460003 296516693
7460003 7556948
297084744 7556948
297084744 296410305
7461085 296410305
7461085 7564208
297009486 7564208
297009486 296398187
7520846 296398187
7520846 7674434
296964236 7674434
296964236 296372811
7529069 296372811
7529069 7972700
296911909 7972700
296911909 296278986
7536804 296278986
7536804 7991728
296815591 7991728
296815591 295972808
7615022 295972808
7615022 8050409
296752768 8050409
296752768 295924148
7669365 295924148
7669365 8087052
296700397 8087052
296700397 295910233
7780471 295910233
7780471 8112233
296670200 8112233
296670200 295832683
7781764 295832683
7781764 8163517
296652138 8163517
296652138 295790922
7795472 295790922
7795472 8260310
296641330 8260310
296641330 295742676
7841189 295742676
7841189 8338780
296637108 8338780
296637108 295593218
7936485 295593218
7936485 8361852
296501938 8361852
296501938 295433426
8036991 295433426
8036991 8368332
296450320 8368332
296450320 295377534
8037660 295377534
8037660 8397242
296436921 8397242
296436921 295287655
8093114 295287655
8093114 8456415
296388965 8456415
296388965 295226905
8145209 295226905
8145209 8482642
296207186 8482642
296207186 295058153
8161209 295058153
8161209 8530187
296121536 8530187
296121536 295029164
8256332 295029164
8256332 8537449
296109445 8537449
296109445 295001710
8322277 295001710
8322277 8781605
296038857 8781605
296038857 294988571
8361721 294988571
8361721 8809898
296038517 8809898
296038517 294959470
8417746 294959470
8417746 8824155
295911336 8824155
295911336 294847598
8491958 294847598
8491958 8849557
295800297 8849557
295800297 294841730
8512270 294841730
8512270 8851311
295795204 8851311
295795204 294795205
8562601 294795205
8562601 8946387
295789788 8946387
295789788 294679332
8621292 294679332
8621292 8968423
295724374 8968423
295724374 294638181
8627510 294638181
8627510 8971784
295684923 8971784
295684923 294633614
8643493 294633614
8643493 9139680
295607984 9139680
295607984 294587441
8794103 294587441
8794103 9197721
295534881 9197721
295534881 294486582
8849551 294486582
8849551 9247132
295522106 9247132
295522106 294434238
8879631 294434238
8879631 9248540
295507597 9248540
295507597 294370747
8963946 294370747
8963946 9276417
295486674 9276417
295486674 294304349
8993930 294304349
8993930 9312794
295473373 9312794
295473373 294292310
9027038 294292310
9027038 9315799
295309130 9315799
295309130 294255317
9064892 294255317
9064892 9319340
295205329 9319340
295205329 294087907
9115450 294087907
9115450 9417843
295138629 9417843
295138629 294036470
9122247 294036470
9122247 9469077
295104570 9469077
295104570 294005140
9200464 294005140
9200464 9536028
295075532 9536028
295075532 293997003
9209475 293997003
9209475 9561734
295048313 9561734
295048313 293983062
9219293 293983062
9219293 9564058
295027842 9564058
295027842 293982948
9280010 293982948
9280010 9589608
294959439 9589608
294959439 293925894
9296015 293925894
9296015 9733962
294896276 9733962
294896276 293852131
9407881 293852131
9407881 9769147
294887541 9769147
294887541 293846043
9453783 293846043
9453783 9786800
294824935 9786800
294824935 293806303
9475152 293806303
9475152 9787200
294803707 9787200
294803707 293784512
9512114 293784512
9512114 9815389
294796779 9815389
294796779 293724280
9520023 293724280
9520023 9905247
294794862 9905247
294794862 293467716
9546591 293467716
9546591 9933012
294766413 9933012
294766413 293447158
9728859 293447158
9728859 10020925
294679606 10020925
294679606 293349997
9776029 293349997
9776029 10054494
294561474 10054494
294561474 293333819
9778754 293333819
9778754 10057540
294323952 10057540
294323952 293313542
9829511 293313542
9829511 10127287
294290588 10127287
294290588 293290292
9941127 293290292
9941127 10130191
294234845 10130191
294234845 293220988
9963204 293220988
9963204 10171854
294204864 10171854
294204864 293202309
10048762 293202309
10048762 10178835
294194341 10178835
294194341 293122668
10058306 293122668
10058306 10194080
294110196 10194080
294110196 293057340
10239401 293057340
10239401 10199833
294109083 10199833
294109083 293056368
10244738 293056368
10244738 10272091
294062882 10272091
294062882 293044901
10291165 293044901
10291165 10296223
294031854 10296223
294031854 292934959
10301043 292934959
10301043 10309635
293984370 10309635
293984370 292903637
10304353 292903637
10304353 10534143
293953674 10534143
293953674 292869569
10355320 292869569
10355320 10535758
293894520 10535758
293894520 292724732
10372511 292724732
10372511 10540215
293890425 10540215
293890425 292701750
10386556 292701750
10386556 10653650
293871928 10653650
293871928 292699234
10460272 292699234
10460272 10761196
293860725 10761196
293860725 292584992
10560140 292584992
10560140 10768762
293856162 10768762
293856162 292572026
10604200 292572026
10604200 10789210
293828223 10789210
293828223 292544030
10621551 292544030
10621551 10796158
293806598 10796158
293806598 292533100
10669395 292533100
10669395 10822967
293714967 10822967
293714967 292403080
10726866 292403080
10726866 10842759
293601600 10842759
293601600 292365784
10727986 292365784
10727986 10910596
293580914 10910596
293580914 292342049
10765488 292342049
10765488 10959023
293490945 10959023
293490945 292298223
10793884 292298223
10793884 11045338
293487143 11045338
293487143 292295097
10802463 292295097
10802463 11058318
293483986 11058318
293483986 292253788
10880366 292253788
10880366 11073791
293453770 11073791
293453770 292253594
10914905 292253594
10914905 11078598
293437265 11078598
293437265 292250371
10995785 292250371
10995785 11214313
293333612 11214313
293333612 292189729
11009200 292189729
11009200 11328659
293293033 11328659
293293033 292098176
11048207 292098176
11048207 11341879
293205197 11341879
293205197 292080429
11087171 292080429
11087171 11361905
293170738 11361905
293170738 292068214
11136623 292068214
11136623 11498029
293124588 11498029
293124588 292009078
11158121 292009078
11158121 11509923
293121729 11509923
293121729 291939467
11226742 291939467
11226742 11516069
293003538 11516069
293003538 291904340
11230973 291904340
11230973 11629123
292990304 11629123
292990304 291892791
11267451 291892791
11267451 11648805
292980379 11648805
292980379 291845390
11275370 291845390
11275370 11676932
292921058 11676932
292921058 291798181
11322275 291798181
11322275 11766112
292914286 11766112
292914286 291639065
11368153 291639065
11368153 11772011
292860163 11772011
292860163 291632432
11376273 291632432
11376273 11795891
292800533 11795891
292800533 291630533
11390599 291630533
11390599 11807802
292742430 11807802
292742430 291616368
11408826 291616368
11408826 11810242
292714892 11810242
292714892 291594909
11447691 291594909
11447691 11810845
292705833 11810845
292705833 291571279
11479642 291571279
11479642 11937704
292664444 11937704
292664444 291491138
11509084 291491138
11509084 11979149
292620154 11979149
292620154 291446076
11552765 291446076
11552765 11979974
292600582 11979974
292600582 291440789
11674232 291440789
11674232 11996905
292556362 11996905
292556362 291418440
11702640 291418440
11702640 11997959
292544228 11997959
292544228 291409918
11711395 291409918
11711395 12129408
292527518 12129408
292527518 291341474
11723650 291341474
11723650 12156945
292515000 12156945
292515000 291327221
11728642 291327221
11728642 12216317
292501233 12216317
292501233 291282486
11728871 291282486
11728871 12239841
292452085 12239841
292452085 291177095
11799943 291177095
11799943 12281171
292444552 12281171
292444552 291175582
11850015 291175582
11850015 12307549
292432648 12307549
292432648 291155449
11933600 291155449
11933600 12310209
292407551 12310209
292407551 291143169
11944252 291143169
11944252 12332292
292383942 12332292
292383942 291053066
11984621 291053066
11984621 12349249
292366842 12349249
292366842 291008994
12031836 291008994
12031836 12396663
292228331 12396663
292228331 290996976
12048739 290996976
12048739 12417539
292225580 12417539
292225580 290965752
12055344 290965752
12055344 12518394
292110325 12518394
292110325 290948562
12066081 290948562
12066081 12527660
292101333 12527660
292101333 290903725
12083175 290903725
12083175 12554306
292060328 12554306
292060328 290877219
12101123 290877219
12101123 12555317
292033276 12555317
292033276 290809115
12120372 290809115
12120372 12558506
292013256 12558506
292013256 290736473
12192970 290736473
12192970 12562330
291972883 12562330
291972883 290693902
12204146 290693902
12204146 12587049
291964914 12587049
291964914 290671886
12210930 290671886
12210930 12617019
291922688 12617019
291922688 290669215
12259396 290669215
12259396 12654523
291843543 12654523
291843543 290636893
12287728 290636893
12287728 12658609
291804824 12658609
291804824 290581188
12338380 290581188
12338380 12665678
291794538 12665678
291794538 290529533
12381425 290529533
12381425 12676243
291787904 12676243
291787904 290495167
12550742 290495167
12550742 12692292
291728955 12692292
291728955 290429015
12571754 290429015
12571754 12734719
291718309 12734719
291718309 290426452
12659493 290426452
12659493 12759782
291711105 12759782
291711105 290413260
12665545 290413260
12665545 12761164
291701735 12761164
291701735 290351389
12694431 290351389
12694431 12786416
291587945 12786416
291587945 290346302
12697645 290346302
12697645 12813200
291553108 12813200
291553108 290339718
12766150 290339718
12766150 12855535
291544330 12855535
291544330 290300449
12837168 290300449
12837168 12931758
291505454 12931758
291505454 290262807
12841433 290262807
12841433 12985504
291397958 12985504
291397958 290261630
12874044 290261630
12874044 13002462
291299883 13002462
291299883 290255805
12878825 290255805
12878825 13103089
291292947 13103089
291292947 290246487
12887732 290246487
12887732 13116325
291271219 13116325
291271219 290141413
12897312 290141413
12897312 13161124
291265831 13161124
291265831 290033115
12910238 290033115
12910238 13275065
291230047 13275065
291230047 290022478
12938049 290022478
12938049 13285544
291212574 13285544
291212574 289988059
12943852 289988059
12943852 13300772
291187618 13300772
291187618 289954438
12979252 289954438
12979252 13382637
291181525 13382637
291181525 289925716
13032112 289925716
13032112 13405744
291152933 13405744
291152933 289895441
13036626 289895441
13036626 13420939
291085144 13420939
291085144 289865011
13057845 289865011
13057845 13445160
291026055 13445160
291026055 289757353
13066184 289757353
13066184 13445808
290989452 13445808
290989452 289754353
13149614 289754353
13149614 13465920
290962847 13465920
290962847 289749273
13176929 289749273
13176929 13473642
290930525 13473642
290930525 289746829
13208544 289746829
13208544 13517602
290831723 13517602
290831723 289737808
13235550 289737808
13235550 13532399
290818248 13532399
290818248 289725837
13291640 289725837
13291640 13539764
290801741 13539764
290801741 289669670
13445936 289669670
13445936 13574820
290788270 13574820
290788270 289657399
13527354 289657399
13527354 13620704
290776192 13620704
290776192 289581960
13528416 289581960
13528416 13671238
290773897 13671238
290773897 289507846
13536382 289507846
13536382 13787912
290751203 13787912
290751203 289493454
13568199 289493454
13568199 13789065
290733105 13789065
290733105 289391087
13573119 289391087
13573119 13794034
290706131 13794034
290706131 289313759
13601083 289313759
13601083 13836417
290672962 13836417
290672962 289286860
13642721 289286860
13642721 13878394
290640685 13878394
290640685 289251256
13661510 289251256
13661510 13882384
290610016 13882384
290610016 289226500
13663983 289226500
13663983 13935440
290504357 13935440
290504357 289205260
13784828 289205260
13784828 13959684
290482242 13959684
290482242 289188792
13784999 289188792
13784999 13960851
290477626 13960851
290477626 289183668
13815870 289183668
13815870 13966808
290432359 13966808
290432359 289154750
13818556 289154750
13818556 14040597
290417721 14040597
290417721 289106911
13822386 289106911
13822386 14040700
290411090 14040700
290411090 289094168
13855105 289094168
13855105 14065440
290408719 14065440
290408719 289003665
13858063 289003665
13858063 14104712
290390647 14104712
290390647 289001352
13862582 289001352
13862582 14159053
290354669 14159053
290354669 289000872
13927566 289000872
13927566 14186611
290317416 14186611
290317416 288989836
13935290 288989836
13935290 14193136
290308932 14193136
290308932 288959173
13958642 288959173
13958642 14210821
290259725 14210821
290259725 288942990
13995092 288942990
13995092 14222435
290226632 14222435
290226632 288882948
14002257 288882948
14002257 14238561
290226275 14238561
290226275 288863277
14002887 288863277
14002887 14291268
290221719 14291268
290221719 288832003
14029215 288832003
14029215 14304723
290195840 14304723
290195840 288827560
14050205 288827560
14050205 14312963
290195415 14312963
290195415 288795875
14127938 288795875
14127938 14397471
290192737 14397471
290192737 288724486
14143873 288724486
14143873 14409344
290150677 14409344
290150677 288718510
14224942 288718510
14224942 14419687
290150039 14419687
290150039 288699494
14245532 288699494
14245532 14591498
290077577 14591498
290077577 288679827
14387967 288679827
14387967 14616181
289965203 14616181
289965203 288638275
14394949 288638275
14394949 14645534
289910881 14645534
289910881 288620927
14428471 288620927
14428471 14652036
289823941 14652036
289823941 288566197
14449842 288566197
14449842 14674325
289794978 14674325
289794978 288521511
14463862 288521511
14463862 14749138
289788361 14749138
289788361 288516553
14510104 288516553
14510104 14761439
289731603 14761439
289731603 288515226
14511891 288515226
14511891 14777783
289662521 14777783
289662521 288489663
14644513 288489663
14644513 14842471
289649289 14842471
289649289 288470511
14698004 288470511
14698004 14846701
289630369 14846701
289630369 288444588
14719089 288444588
14719089 14958600
289617286 14958600
289617286 288426901
14753844 288426901
14753844 14960413
289599544 14960413
289599544 288425298
14760531 288425298
14760531 15017228
289491402 15017228
289491402 288371682
14770157 288371682
14770157 15045535
289481206 15045535
289481206 288353014
14788133 288353014
14788133 15078717
289473296 15078717
289473296 288341674
14788380 288341674
14788380 15085818
289454126 15085818
289454126 288328132
14792314 288328132
14792314 15160285
289446854 15160285
289446854 288260999
14794326 288260999
14794326 15167879
289435207 15167879
289435207 288196524
14831142 288196524
14831142 15242378
289427469 15242378
289427469 288086516
14876403 288086516
14876403 15265018
289389828 15265018
289389828 288078151
14889175 288078151
14889175 15272553
289380764 15272553
289380764 288074869
14931577 288074869
14931577 15276777
289377045 15276777
289377045 288028575
14932082 288028575
14932082 15284600
289319320 15284600
289319320 288012695
14965232 288012695
14965232 15298883
289299780 15298883
289299780 288000411
15038483 288000411
15038483 15497146
289283650 15497146
289283650 287917567
15090771 287917567
15090771 15532301
289214386 15532301
289214386 287867731
15105564 287867731
15105564 15545192
289185813 15545192
289185813 287836995
15109848 287836995
15109848 15553929
289116829 15553929
289116829 287836589
15148755 287836589
15148755 15570903
289097944 15570903
289097944 287759517
15267278 287759517
15267278 15644099
289046159 15644099
289046159 287699639
15285636 287699639
15285636 15725816
289027016 15725816
289027016 287697854
15329767 287697854
15329767 15728912
289024227 15728912
289024227 287682457
15337945 287682457
15337945 15765526
288958331 15765526
288958331 287663299
15371092 287663299
15371092 15796865
288947402 15796865
288947402 287607962
15422885 287607962
15422885 15805176
288940797 15805176
288940797 287600760
15429774 287600760
15429774 15813848
288913572 15813848
288913572 287592087
15455302 287592087
15455302 15816140
288906401 15816140
288906401 287582963
15488290 287582963
15488290 15823956
288882632 15823956
288882632 287571693
15505141 287571693
15505141 15833466
288866852 15833466
288866852 287562782
15539993 287562782
15539993 15914017
288850344 15914017
288850344 287535400
15541439 287535400
15541439 15965177
288837587 15965177
288837587 287514243
15546281 287514243
15546281 16047855
288834598 16047855
288834598 287414328
15580697 287414328
15580697 16152388
288711242 16152388
288711242 287346083
15650235 287346083
15650235 16216825
288703066 16216825
288703066 287306020
15662228 287306020
15662228 16233507
288686266 16233507
288686266 287286282
15685430 287286282
15685430 16304373
288676794 16304373
288676794 287274704
15695288 287274704
15695288 16411404
288663056 16411404
288663056 287274025
15745136 287274025
15745136 16444228
288660245 16444228
288660245 287261734
15760288 287261734
15760288 16471517
288629734 16471517
288629734 287087480
15768308 287087480
15768308 16544281
288627805 16544281
288627805 287062630
15771661 287062630
15771661 16553731
288534397 16553731
288534397 287017397
15772596 287017397
15772596 16564979
288450191 16564979
288450191 286951839
15806159 286951839
15806159 16568252
288433657 16568252
288433657 286944236
15808042 286944236
15808042 16569964
288419897 16569964
288419897 286904446
15809431 286904446
15809431 16593312
288404442 16593312
288404442 286846244
15860177 286846244
15860177 16643627
288373968 16643627
288373968 286841565
15866352 286841565
15866352 16703597
288314787 16703597
288314787 286827708
15877019 286827708
15877019 16770485
288289490 16770485
288289490 286808900
15924993 286808900
15924993 16777981
288285274 16777981
288285274 286800955
15983704 286800955
15983704 16795376
288252576 16795376
288252576 286800001
16120263 286800001
16120263 16817407
288244618 16817407
288244618 286783256
16123178 286783256
16123178 16819145
288172912 16819145
288172912 286777201
16132079 286777201
16132079 16844188
288171861 16844188
288171861 286765106
16140806 286765106
16140806 16913359
288140528 16913359
288140528 286678229
16151079 286678229
16151079 16926035
288130573 16926035
288130573 286677521
16152592 286677521
16152592 16937029
288128006 16937029
288128006 286660704
16176849 286660704
16176849 16954284
288126653 16954284
288126653 286619140
16180061 286619140
16180061 16959723
288122278 16959723
288122278 286607364
16189672 286607364
16189672 16981106
288105472 16981106
288105472 286592283
16197899 286592283
16197899 16983676
288091387 16983676
288091387 286558055
16199536 286558055
16199536 17030439
288088023 17030439
288088023 286542898
16241413 286542898
16241413 17031543
288077203 17031543
288077203 286530910
16247853 286530910
16247853 17196226
288031750 17196226
288031750 286523962
16284211 286523962
16284211 17236469
288012129 17236469
288012129 286511769
16287756 286511769
16287756 17251476
288000159 17251476
288000159 286499511
16299142 286499511
16299142 17253105
287985461 17253105
287985461 286313931
16302338 286313931
16302338 17319204
287976033 17319204
287976033 286291581
16303863 286291581
16303863 17329401
287971760 17329401
287971760 286283143
16406695 286283143
16406695 17344760
287957510 17344760
287957510 286268551
16420024 286268551
16420024 17365401
287887493 17365401
287887493 286198944
16444171 286198944
16444171 17408265
287875952 17408265
287875952 286133158
16491981 286133158
16491981 17498038
287794499 17498038
287794499 286092594
16559810 286092594
16559810 17520225
287748494 17520225
287748494 286074711
16659419 286074711
16659419 17563953
287746085 17563953
287746085 286056612
16663501 286056612
16663501 17570545
287729431 17570545
287729431 286051056
16678268 286051056
16678268 17582837
287694977 17582837
287694977 286037754
16701596 286037754
16701596 17591227
287631555 17591227
287631555 286030825
16713463 286030825
16713463 17657462
287556163 17657462
287556163 286029593
16764689 286029593
16764689 17688184
287548490 17688184
287548490 285981252
16790204 285981252
16790204 17762685
287521829 17762685
287521829 285976028
16795756 285976028
16795756 17766940
287505212 17766940
287505212 285945298
16858992 285945298
16858992 17769419
287456455 17769419
287456455 285936498
16878489 285936498
16878489 17775747
287415882 17775747
287415882 285931739
16894506 285931739
16894506 17776786
287393378 17776786
287393378 285928075
16917894 285928075
16917894 17785672
287387850 17785672
287387850 285924765
16922341 285924765
16922341 17788541
287385582 17788541
287385582 285898343
16954289 285898343
16954289 17793556
287381723 17793556
287381723 285877037
16958830 285877037
16958830 17800047
287356500 17800047
287356500 285763151
16983768 285763151
16983768 17805530
287348602 17805530
287348602 285669092
16984909 285669092
16984909 17810490
287315356 17810490
287315356 285660246
16991806 285660246
16991806 17844435
287300694 17844435
287300694 285648304
17020857 285648304
17020857 17914162
287259945 17914162
287259945 285644871
17126835 285644871
17126835 17947705
287244464 17947705
287244464 285601750
17138684 285601750
17138684 17949736
287234852 17949736
287234852 285506153
17151678 285506153
17151678 17974062
287222947 17974062
287222947 285490522
17155136 285490522
17155136 18036684
287150881 18036684
287150881 285424633
17160673 285424633
17160673 18043122
287140495 18043122
287140495 285368046
17169967 285368046
17169967 18094188
287125155 18094188
287125155 285359260
17183438 285359260
17183438 18120628
287103835 18120628
287103835 285347824
17221672 285347824
17221672 18145258
287095388 18145258
287095388 285302198
17232175 285302198
17232175 18154741
287051469 18154741
287051469 285288274
17292998 285288274
17292998 18215050
286990294 18215050
286990294 285276675
17304191 285276675
17304191 18371520
286984643 18371520
286984643 285248302
17344679 285248302
17344679 18489056
286960459 18489056
286960459 285210160
17404676 285210160
17404676 18500057
286939338 18500057
286939338 285174646
17415536 285174646
17415536 18527538
286928915 18527538
286928915 285174579
17417850 285174579
17417850 18535029
286908425 18535029
286908425 285149041
17496678 285149041
17496678 18536282
286894282 18536282
286894282 285133030
17499088 285133030
17499088 18544435
286825843 18544435
286825843 285131809
17508285 285131809
17508285 18551154
286810119 18551154
286810119 285114690
17511625 285114690
17511625 18563141
286779143 18563141
286779143 285053922
17548140 285053922
17548140 18576886
286778168 18576886
286778168 285038038
17570703 285038038
17570703 18609649
286721998 18609649
286721998 285027992
17573639 285027992
17573639 18633311
286704759 18633311
286704759 285009451
17624287 285009451
17624287 18656244
286676907 18656244
286676907 284963210
17630744 284963210
17630744 18680102
286620460 18680102
286620460 284933992
17644235 284933992
17644235 18714293
286611816 18714293
286611816 284873824
17744660 284873824
17744660 18769763
286580801 18769763
286580801 284728168
17774155 284728168
17774155 18831392
286575186 18831392
286575186 284716014
17855573 284716014
17855573 18901048
286553081 18901048
286553081 284674223
17880349 284674223
17880349 19003750
286518666 19003750
286518666 284671628
17913123 284671628
17913123 19010111
286488004 19010111
286488004 284651523
17928320 284651523
17928320 19017543
286399903 19017543
286399903 284622638
17964054 284622638
17964054 19066563
286388263 19066563
286388263 284606853
17986091 284606853
17986091 19115917
286385712 19115917
286385712 284575617
17995625 284575617
17995625 19140990
286381112 19140990
286381112 284499973
17998062 284499973
17998062 19148786
286352242 19148786
286352242 284498206
18004751 284498206
18004751 19253528
286325717 19253528
286325717 284464411
18009089 284464411
18009089 19265331
286306173 19265331
286306173 284454185
18009537 284454185
18009537 19283125
286244390 19283125
286244390 284402631
18018330 284402631
18018330 19334770
286228354 19334770
286228354 284387848
18039418 284387848
18039418 19345964
286206637 19345964
286206637 284368947
18065496 284368947
18065496 19352428
286185926 19352428
286185926 284366761
18076956 284366761
18076956 19366649
286151529 19366649
286151529 284354451
18102832 284354451
18102832 19370618
286129121 19370618
286129121 284345326
18112900 284345326
18112900 19416885
286073729 19416885
286073729 284319876
18166780 284319876
18166780 19431935
286067877 19431935
286067877 284314658
18193325 284314658
18193325 19454947
286032139 19454947
286032139 284296706
18214247 284296706
18214247 19484320
286021792 19484320
286021792 284291186
18230750 284291186
18230750 19484574
285906955 19484574
285906955 284285752
18339884 284285752
18339884 19512015
285882007 19512015
285882007 284269061
18385623 284269061
18385623 19521398
285840708 19521398
285840708 284251594
18385864 284251594
18385864 19535523
285838071 19535523
285838071 284219316
18394888 284219316
18394888 19559093
285837948 19559093
285837948 284209411
18406357 284209411
18406357 19615023
285813347 19615023
285813347 284200360
18466888 284200360
18466888 19659035
285812675 19659035
285812675 284043107
18480017 284043107
18480017 19689110
285795304 19689110
285795304 284034678
18485433 284034678
18485433 19742838
285790303 19742838
285790303 284022888
18490154 284022888
18490154 19753289
285788749 19753289
285788749 284018319
18502089 284018319
18502089 19798633
285779676 19798633
285779676 283950676
18534428 283950676
18534428 19804651
285764073 19804651
285764073 283938278
18566404 283938278
18566404 19831587
285742980 19831587
285742980 283909737
18600495 283909737
18600495 19860201
285720499 19860201
285720499 283880726
18608824 283880726
18608824 19897452
285683245 19897452
285683245 283873239
18641188 283873239
18641188 19914438
285670587 19914438
285670587 283816029
18659183 283816029
18659183 20002906
285650477 20002906
285650477 283731570
18682853 283731570
18682853 20072690
285640697 20072690
285640697 283700058
18686617 283700058
18686617 20103343
285605604 20103343
285605604 283695749
18762822 283695749
18762822 20122099
285600819 20122099
285600819 283663265
18772159 283663265
18772159 20204060
285582754 20204060
285582754 283653141
18795573 283653141
18795573 20205662
285580174 20205662
285580174 283626072
18797131 283626072
18797131 20219121
285507627 20219121
285507627 283599012
18831265 283599012
18831265 20228037
285503390 20228037
285503390 283588240
18857501 283588240
18857501 20232188
285502994 20232188
285502994 283576654
18862272 283576654
18862272 20233943
285425718 20233943
285425718 283548315
18873551 283548315
18873551 20309093
285394198 20309093
285394198 283542489
18887274 283542489
18887274 20310180
285360431 20310180
285360431 283507071
18890709 283507071
18890709 20334778
285349049 20334778
285349049 283505688
18915073 283505688
18915073 20340887
285289779 20340887
285289779 283465085
18948626 283465085
18948626 20346952
285247491 20346952
285247491 283446676
18951513 283446676
18951513 20347980
285197265 20347980
285197265 283436596
18952485 283436596
18952485 20410744
285197184 20410744
285197184 283379696
19016837 283379696
19016837 20453115
285102102 20453115
285102102 283370884
19030685 283370884
19030685 20477327
285079763 20477327
285079763 283337736
19046752 283337736
19046752 20517706
285078467 20517706
285078467 283325568
19079087 283325568
19079087 20521075
285036819 20521075
285036819 283290876
19093855 283290876
19093855 20589916
285033913 20589916
285033913 283253545
19103078 283253545
19103078 20600808
285025850 20600808
285025850 283218383
19116625 283218383
19116625 20660480
284986626 20660480
284986626 283204042
19219366 283204042
19219366 20758288
284968602 20758288
284968602 283151763
19306048 283151763
19306048 20761953
284957941 20761953
284957941 283148477
19337406 283148477
19337406 20776647
284911840 20776647
284911840 283139904
19369692 283139904
19369692 20817323
284910932 20817323
284910932 283121381
19370482 283121381
19370482 20860075
284896013 20860075
284896013 283105008
19386775 283105008
19386775 20887647
284893676 20887647
284893676 283102371
19413426 283102371
19413426 20916655
284892075 20916655
284892075 283100469
19426304 283100469
19426304 20950741
284874761 20950741
284874761 283081326
19430115 283081326
19430115 20953375
284850449 20953375
284850449 283054855
19436153 283054855
19436153 20980556
284841926 20980556
284841926 283036435
19457954 283036435
19457954 21024852
284835057 21024852
284835057 283023016
19525438 283023016
19525438 21026093
284778923 21026093
284778923 283013147
19611078 283013147
19611078 21032538
284680289 21032538
284680289 282995503
19657881 282995503
19657881 21033456
284648111 21033456
284648111 282957469
19659781 282957469
19659781 21111729
284639360 21111729
284639360 282957196
19669363 282957196
19669363 21115284
284617552 21115284
284617552 282769166
19692785 282769166
19692785 21137109
284605969 21137109
284605969 282757298
19707008 282757298
19707008 21160007
284579548 21160007
284579548 282728991
19739633 282728991
19739633 21165412
284579454 21165412
284579454 282709035
19774055 282709035
19774055 21192189
284565358 21192189
284565358 282683035
19804210 282683035
19804210 21193882
284479366 21193882
284479366 282665446
19859806 282665446
19859806 21202957
284354727 21202957
284354727 282652525
19866076 282652525
19866076 21206425
284338311 21206425
284338311 282625476
19877899 282625476
19877899 21209711
284336553 21209711
284336553 282617987
19879575 282617987
19879575 21218875
284301101 21218875
284301101 282583028
19913504 282583028
19913504 21220729
284300081 21220729
284300081 282563109
19958253 282563109
19958253 21227930
284289091 21227930
284289091 282551347
20001371 282551347
20001371 21228802
284287114 21228802
284287114 282500610
20027972 282500610
20027972 21242566
284263808 21242566
284263808 282474743
20055357 282474743
20055357 21324343
284251374 21324343
284251374 282455714
20092441 282455714
20092441 21324408
284220729 21324408
284220729 282450121
20122758 282450121
20122758 21329268
284184450 21329268
284184450 282367198
20187627 282367198
20187627 21415129
284182169 21415129
284182169 282355829
20189438 282355829
20189438 21440799
284168389 21440799
284168389 282347076
20195321 282347076
20195321 21447926
284115579 21447926
284115579 282345471
20216474 282345471
20216474 21450349
284086896 21450349
284086896 282283557
20217690 282283557
20217690 21561716
284075999 21561716
284075999 282282059
20279577 282282059
20279577 21646797
284072026 21646797
284072026 282233248
20283595 282233248
20283595 21666098
284070230 21666098
284070230 282223866
20284653 282223866
20284653 21688571
284068856 21688571
284068856 282211809
20302008 282211809
20302008 21694699
284048476 21694699
284048476 282200095
20315588 282200095
20315588 21733191
284033260 21733191
284033260 282179820
20347130 282179820
20347130 21757467
283983633 21757467
283983633 282167558
20348638 282167558
20348638 21771251
283907935 21771251
283907935 282080435
20413154 282080435
20413154 21781322
283903453 21781322
283903453 282059591
20461354 282059591
20461354 21784592
283897125 21784592
283897125 282043687
20483324 282043687
20483324 21814147
283858422 21814147
283858422 281994301
20499632 281994301
20499632 21815984
283853953 21815984
283853953 281921530
20523213 281921530
20523213 21866659
283780474 21866659
283780474 281881126
20560318 281881126
20560318 21880607
283754458 21880607
283754458 281879549
20562572 281879549
20562572 21962171
283736340 21962171
283736340 281872732
20566402 281872732
20566402 21985399
283717905 21985399
283717905 281860338
20597879 281860338
20597879 21993208
283707079 21993208
283707079 281765896
20615892 281765896
20615892 22025102
283629137 22025102
283629137 281762427
20703570 281762427
20703570 22029270
283601305 22029270
283601305 281745219
20715481 281745219
20715481 22049641
283597070 22049641
283597070 281742178
20728598 281742178
20728598 22067366
283576332 22067366
283576332 281720859
20733462 281720859
20733462 22089475
283556746 22089475
283556746 281714169
20737113 281714169
20737113 22092548
283546516 22092548
283546516 281711769
20744497 281711769
20744497 22106969
283478909 22106969
283478909 281708021
20781652 281708021
20781652 22111016
283466874 22111016
283466874 281697831
20791164 281697831
20791164 22142800
283451906 22142800
283451906 281632902
20823996 281632902
20823996 22180892
283408829 22180892
283408829 281604264
20843944 281604264
20843944 22187735
283404619 22187735
283404619 281592009
20844902 281592009
20844902 22210985
283392553 22210985
283392553 281556603
20881099 281556603
20881099 22419212
283368624 22419212
283368624 281499687
20893981 281499687
20893981 22421678
283339667 22421678
283339667 281479316
20921044 281479316
20921044 22459125
283300191 22459125
283300191 281477428
20975025 281477428
20975025 22476438
283290774 22476438
283290774 281465576
20981724 281465576
20981724 22510909
283280736 22510909
283280736 281460533
20989912 281460533
20989912 22532833
283257763 22532833
283257763 281433122
20991736 281433122
20991736 22607115
283177039 22607115
283177039 281430803
21015301 281430803
21015301 22618172
283175690 22618172
283175690 281423696
21032681 281423696
21032681 22640151
283169117 22640151
283169117 281411705
21033343 281411705
21033343 22642842
283164936 22642842
283164936 281360067
21044503 281360067
21044503 22647035
283151560 22647035
283151560 281291468
21123162 281291468
21123162 22648287
283149699 22648287
283149699 281289874
21201060 281289874
21201060 22673338
283147833 22673338
283147833 281280381
21224059 281280381
21224059 22682069
283138633 22682069
283138633 281278363
21238440 281278363
21238440 22725640
283135779 22725640
283135779 281265714
21257245 281265714
21257245 22735534
282974414 22735534
282974414 281089585
21302766 281089585
21302766 22794355
282917747 22794355
282917747 281077622
21309384 281077622
21309384 22800754
282896216 22800754
282896216 281069373
21310093 281069373
21310093 22813626
282893731 22813626
282893731 281066238
21319916 281066238
21319916 22837878
282876056 22837878
282876056 280996749
21413972 280996749
21413972 22852721
282861248 22852721
282861248 280991028
21443367 280991028
21443367 22866683
282838363 22866683
282838363 280986141
21457779 280986141
21457779 22872596
282798961 22872596
282798961 280964612
21459905 280964612
21459905 22884390
282786904 22884390
282786904 280958923
21508733 280958923
21508733 22889426
282754858 22889426
282754858 280958426
21508776 280958426
21508776 22899548
282748546 22899548
282748546 280957195
21530240 280957195
21530240 22934874
282732326 22934874
282732326 280937378
21539301 280937378
21539301 22968522
282682909 22968522
282682909 280924382
21548973 280924382
21548973 22976451
282673196 22976451
282673196 280903294
21561506 280903294
21561506 22998214
282659536 22998214
282659536 280851899
21573767 280851899
21573767 23017199
282628625 23017199
282628625 280828010
21599157 280828010
21599157 23024760
282614912 23024760
282614912 280781275
21622684 280781275
21622684 23039427
282581701 23039427
282581701 280775716
21679858 280775716
21679858 23066245
282577315 23066245
282577315 280771980
21692989 280771980
21692989 23067597
282558359 23067597
282558359 280769491
21693959 280769491
21693959 23073184
282551965 23073184
282551965 280766667
21733523 280766667
21733523 23082912
282545868 23082912
282545868 280699292
21742273 280699292
21742273 23083988
282507911 23083988
282507911 280689496
21757028 280689496
21757028 23110657
282346756 23110657
282346756 280670417
21791178 280670417
21791178 23226930
282302024 23226930
282302024 280630740
21829463 280630740
21829463 23228920
282277966 23228920
282277966 280614638
21868855 280614638
21868855 23231541
282271649 23231541
282271649 280613383
21878706 280613383
21878706 23266711
282242848 23266711
282242848 280597600
21936922 280597600
21936922 23333830
282240916 23333830
282240916 280584764
21965518 280584764
21965518 23368405
282228225 23368405
282228225 280536036
22008608 280536036
22008608 23403124
282176519 23403124
282176519 280517848
22026493 280517848
22026493 23452762
282172353 23452762
282172353 280511013
22054349 280511013
22054349 23459363
282166237 23459363
282166237 280500191
22073764 280500191
22073764 23469881
282126111 23469881
282126111 280446009
22076551 280446009
22076551 23507624
282103682 23507624
282103682 280423108
22087084 280423108
22087084 23527725
282049621 23527725
282049621 280418353
22095990 280418353
22095990 23527979
282048272 23527979
282048272 280407870
22136127 280407870
22136127 23570586
282036528 23570586
282036528 280329370
22165471 280329370
22165471 23572692
282017702 23572692
282017702 280318079
22168481 280318079
22168481 23588026
282011629 23588026
282011629 280316493
22215863 280316493
22215863 23590683
281988867 23590683
281988867 280298708
22244682 280298708
22244682 23601141
281986782 23601141
281986782 280296906
22296010 280296906
22296010 23641790
281976443 23641790
281976443 280295969
22306534 280295969
22306534 23657116
281963774 23657116
281963774 280212230
22414265 280212230
22414265 23665317
281947106 23665317
281947106 280121647
22416059 280121647
22416059 23666742
281946683 23666742
281946683 280103164
22428800 280103164
22428800 23676324
281910826 23676324
281910826 280074653
22431748 280074653
22431748 23712153
281902859 23712153
281902859 280068873
22440781 280068873
22440781 23724565
281858765 23724565
281858765 280049136
22458215 280049136
22458215 23748702
281851057 23748702
281851057 280044012
22495474 280044012
22495474 23789910
281761967 23789910
281761967 280014894
22515647 280014894
22515647 23873730
281703626 23873730
281703626 279975091
22526855 279975091
22526855 23880121
281667456 23880121
281667456 279966510
22535488 279966510
22535488 23883955
281661709 23883955
281661709 279965933
22549427 279965933
22549427 23886622
281658668 23886622
281658668 279963753
22550703 279963753
22550703 23946962
281614538 23946962
281614538 279918672
22551798 279918672
22551798 23953336
281580523 23953336
281580523 279886694
22573408 279886694
22573408 23988658
281573076 23988658
281573076 279867652
22583780 279867652
22583780 24054501
281550146 24054501
281550146 279844318
22615792 279844318
22615792 24071750
281508953 24071750
281508953 279818895
22617070 279818895
22617070 24082501
281497116 24082501
281497116 279807373
22626863 279807373
22626863 24084039
281450641 24084039
281450641 279806775
22666107 279806775
22666107 24089279
281423816 24089279
281423816 279739468
22710741 279739468
22710741 24091850
281405878 24091850
281405878 279700417
22734258 279700417
22734258 24191254
281403391 24191254
281403391 279692192
22735427 279692192
22735427 24197784
281373940 24197784
281373940 279654252
22736203 279654252
22736203 24214320
281358257 24214320
281358257 279599047
22766481 279599047
22766481 24233532
281312294 24233532
281312294 279546668
22772663 279546668
22772663 24239805
281263801 24239805
281263801 279520103
22818664 279520103
22818664 24305397
281262472 24305397
281262472 279506928
22834919 279506928
22834919 24308962
281256133 24308962
281256133 279415397
22850675 279415397
22850675 24320891
281247002 24320891
281247002 279402160
22875572 279402160
22875572 24328213
281245450 24328213
281245450 279372593
22931408 279372593
22931408 24363829
281242997 24363829
281242997 279353640
22992975 279353640
22992975 24373849
281242814 24373849
281242814 279332472
23026859 279332472
23026859 24389443
281241560 24389443
281241560 279322939
23042090 279322939
23042090 24406894
281206819 24406894
281206819 279303592
23054715 279303592
23054715 24416035
281203660 24416035
281203660 279297510
23075404 279297510
23075404 24421374
281196470 24421374
281196470 279290663
23111790 279290663
23111790 24426396
281156714 24426396
281156714 279268010
23115276 279268010
23115276 24431691
281132997 24431691
281132997 279154357
23172010 279154357
23172010 24433016
281131845 24433016
281131845 279150538
23199485 279150538
23199485 24446248
281113506 24446248
281113506 279124892
23210274 279124892
23210274 24456675
281100405 24456675
281100405 279117390
23243366 279117390
23243366 24465059
281089548 24465059
281089548 279100783
23257665 279100783
23257665 24499873
281055728 24499873
281055728 279091391
23300467 279091391
23300467 24522920
281023008 24522920
281023008 279083153
23321301 279083153
23321301 24539574
281017605 24539574
281017605 279054771
23397838 279054771
23397838 24544414
281011313 24544414
281011313 279040222
23402942 279040222
23402942 24562440
281005229 24562440
281005229 279021410
23420466 279021410
23420466 24571217
280932750 24571217
280932750 279017804
23432489 279017804
23432489 24583718
280932174 24583718
280932174 279004134
23445357 279004134
23445357 24595905
280918729 24595905
280918729 279001418
23447439 279001418
23447439 24596161
280889092 24596161
280889092 278989344
23457433 278989344
23457433 24604391
280887820 24604391
280887820 278971389
23492962 278971389
23492962 24633179
280804649 24633179
280804649 278969980
23493265 278969980
23493265 24651251
280799866 24651251
280799866 278929540
23502173 278929540
23502173 24672499
280782653 24672499
280782653 278824805
23544521 278824805
23544521 24673482
280730336 24673482
280730336 278730212
23563821 278730212
23563821 24682919
280646826 24682919
280646826 278703566
23576174 278703566
23576174 24683503
280598669 24683503
280598669 278701421
23592115 278701421
23592115 24709999
280590359 24709999
280590359 278654961
23603365 278654961
23603365 24760738
280586207 24760738
280586207 278649892
23627057 278649892
23627057 24790144
280569144 24790144
280569144 278626349
23679507 278626349
23679507 24800134
280567471 24800134
280567471 278582110
23686574 278582110
23686574 24832243
280550182 24832243
280550182 278561099
23733275 278561099
23733275 24903994
280522401 24903994
280522401 278516571
23743258 278516571
23743258 24971238
280521406 24971238
280521406 278515228
23745862 278515228
23745862 24971873
280509319 24971873
280509319 278513434
23749251 278513434
23749251 24981614
280483076 24981614
280483076 278508644
23756695 278508644
23756695 25038576
280472673 25038576
280472673 278505954
23800280 278505954
23800280 25059970
280450909 25059970
280450909 278504202
23827148 278504202
23827148 25096355
280426568 25096355
280426568 278486397
23867641 278486397
23867641 25097858
280336570 25097858
280336570 278472900
23873015 278472900
23873015 25140640
280313998 25140640
280313998 278458201
23917209 278458201
23917209 25168631
280309656 25168631
280309656 278456256
23935550 278456256
23935550 25190689
280299064 25190689
280299064 278455199
23943671 278455199
23943671 25217225
280270297 25217225
280270297 278422827
23945666 278422827
23945666 25260526
280258819 25260526
280258819 278409115
23945786 278409115
23945786 25266135
280255776 25266135
280255776 278400522
23960069 278400522
23960069 25278929
280236708 25278929
280236708 278382918
23968722 278382918
23968722 25282649
280225297 25282649
280225297 278360956
24031116 278360956
24031116 25289840
280172007 25289840
280172007 278354827
24037582 278354827
24037582 25300840
280162460 25300840
280162460 278346552
24059873 278346552
24059873 25313530
280133030 25313530
280133030 278316775
24088006 278316775
24088006 25324675
280126737 25324675
280126737 278299618
24088640 278299618
24088640 25344535
280117718 25344535
280117718 278158351
24132406 278158351
24132406 25346625
280089392 25346625
280089392 278148332
24149567 278148332
24149567 25384209
280083968 25384209
280083968 278125046
24149856 278125046
24149856 25388533
280071020 25388533
280071020 278088065
24160916 278088065
24160916 25413579
280060238 25413579
280060238 278068141
24171067 278068141
24171067 25424738
280024642 25424738
280024642 278030969
24223763 278030969
24223763 25439794
280004283 25439794
280004283 278028956
24224183 278028956
24224183 25446605
279998435 25446605
279998435 277969259
24271096 277969259
24271096 25462659
279973401 25462659
279973401 277936919
24289120 277936919
24289120 25543602
279880490 25543602
279880490 277873630
24290677 277873630
24290677 25564970
279870669 25564970
279870669 277859770
24293599 277859770
24293599 25567178
279847846 25567178
279847846 277857332
24294268 277857332
24294268 25603185
279843918 25603185
279843918 277853084
24295467 277853084
24295467 25613204
279804472 25613204
279804472 277840902
24331383 277840902
24331383 25629496
279761025 25629496
279761025 277808115
24354251 277808115
24354251 25631910
279742668 25631910
279742668 277753644
24364254 277753644
24364254 25639908
279717201 25639908
279717201 277710266
24366882 277710266
24366882 25639974
279686927 25639974
279686927 277706804
24394903 277706804
24394903 25646904
279665890 25646904
279665890 277704087
24397664 277704087
24397664 25653981
279664824 25653981
279664824 277663029
24431478 277663029
24431478 25656166
279646628 25656166
279646628 277654829
24438371 277654829
24438371 25663830
279612262 25663830
279612262 277648789
24474655 277648789
24474655 25669511
279610481 25669511
279610481 277645509
24479273 277645509
24479273 25750203
279583899 25750203
279583899 277623161
24480869 277623161
24480869 25757998
279581371 25757998
279581371 277616185
24553373 277616185
24553373 25850390
279577754 25850390
279577754 277602211
24562079 277602211
24562079 25895369
279572330 25895369
279572330 277592386
24579185 277592386
24579185 25920604
279571934 25920604
279571934 277592073
24598481 277592073
24598481 25939178
279559031 25939178
279559031 277541021
24620774 277541021
24620774 25976471
279550361 25976471
279550361 277533729
24653574 277533729
24653574 26021812
279527895 26021812
279527895 277523851
24659449 277523851
24659449 26030665
279520213 26030665
279520213 277495528
24663679 277495528
24663679 26046101
279488680 26046101
279488680 277491206
24663756 277491206
24663756 26068585
279455137 26068585
279455137 277409685
24664314 277409685
24664314 26089653
279446746 26089653
279446746 277396806
24675872 277396806
24675872 26089785
279402593 26089785
279402593 277378362
24693444 277378362
24693444 26146872
279336088 26146872
279336088 277370287
24733081 277370287
24733081 26147421
279298252 26147421
279298252 277357330
24755000 277357330
24755000 26168175
279291865 26168175
279291865 277355570
24756784 277355570
24756784 26169850
279271961 26169850
279271961 277322135
24771955 277322135
24771955 26186663
279269678 26186663
279269678 277304760
24772582 277304760
24772582 26192088
279258815 26192088
279258815 277280723
24791158 277280723
24791158 26214832
279236563 26214832
279236563 277261577
24792558 277261577
24792558 26220085
279227193 26220085
279227193 277248473
24792806 277248473
24792806 26237104
279189791 26237104
279189791 277236326
24798453 277236326
24798453 26264534
279155595 26264534
279155595 277199663
24818887 277199663
24818887 26264637
279140178 26264637
279140178 277145342
24855257 277145342
24855257 26272487
279137689 26272487
279137689 277128200
24860469 277128200
24860469 26318388
279070413 26318388
279070413 277107402
24862549 277107402
24862549 26326728
279038443 26326728
279038443 277073914
24929327 277073914
24929327 26386866
279026628 26386866
279026628 277072782
24948057 277072782
24948057 26390079
279006754 26390079
279006754 277071498
24955446 277071498
24955446 26411818
278989788 26411818
278989788 277062486
24980712 277062486
24980712 26459141
278981303 26459141
278981303 277033937
25002145 277033937
25002145 26475829
278970530 26475829
278970530 277000719
25007340 277000719
25007340 26492614
278955013 26492614
278955013 276977937
25038076 276977937
25038076 26513056
278947522 26513056
278947522 276932553
25044900 276932553
25044900 26515404
278913289 26515404
278913289 276924846
25051457 276924846
25051457 26516365
278909399 26516365
278909399 276915026
25055663 276915026
25055663 26524796
278891227 26524796
278891227 276864790
25094863 276864790
25094863 26533646
278875225 26533646
278875225 276846298
25125438 276846298
25125438 26543666
278855319 26543666
278855319 276838095
25137082 276838095
25137082 26557964
278835237 26557964
278835237 276819386
25139167 276819386
25139167 26613843
278828674 26613843
278828674 276789718
25155820 276789718
25155820 26620565
278827859 26620565
278827859 276763681
25180718 276763681
25180718 26628875
278786477 26628875
278786477 276762113
25232924 276762113
25232924 26637318
278758406 26637318
278758406 276746497
25236222 276746497
25236222 26682564
278742298 26682564
278742298 276744170
25249883 276744170
25249883 26717008
278740286 26717008
278740286 276741671
25268597 276741671
25268597 26755409
278738765 26755409
278738765 276737582
25277185 276737582
25277185 26768562
278729617 26768562
278729617 276729264
25280071 276729264
25280071 26784438
278684806 26784438
278684806 276713074
25283694 276713074
25283694 26816843
278677526 26816843
278677526 276678146
25411124 276678146
25411124 26847769
278656676 26847769
278656676 276676503
25415301 276676503
25415301 26855035
278646191 26855035
278646191 276656456
25519358 276656456
25519358 26896187
278633032 26896187
278633032 276606760
25529337 276606760
25529337 26935835
278593872 26935835
278593872 276594635
25538828 276594635
25538828 26987528
278582626 26987528
278582626 276570551
25546490 276570551
25546490 26992872
278525765 26992872
278525765 276569277
25556054 276569277
25556054 27017110
278521752 27017110
278521752 276495027
25556085 276495027
25556085 27042102
278472455 27042102
278472455 276489151
25556822 276489151
25556822 27048709
278433500 27048709
278433500 276466769
25557775 276466769
25557775 27054459
278431856 27054459
278431856 276452203
25609908 276452203
25609908 27067878
278383788 27067878
278383788 276440843
25615365 276440843
25615365 27110672
278337554 27110672
278337554 276425428
25640855 276425428
25640855 27119276
278327473 27119276
278327473 276398257
25650806 276398257
25650806 27120594
278327345 27120594
278327345 276371997
25652269 276371997
25652269 27125094
278285159 27125094
278285159 276361538
25662589 276361538
25662589 27127671
278278698 27127671
278278698 276361401
25711539 276361401
25711539 27205714
278260881 27205714
278260881 276360958
25729308 276360958
25729308 27213115
278260640 27213115
278260640 276355786
25729522 276355786
25729522 27237820
278259703 27237820
278259703 276350137
25755327 276350137
25755327 27243074
278249915 27243074
278249915 276243464
25760517 276243464
25760517 27246296
278211117 27246296
278211117 276232018
25834980 276232018
25834980 27253754
278173235 27253754
278173235 276205725
25846361 276205725
25846361 27262928
278166688 27262928
278166688 276193024
25850998 276193024
25850998 27267677
278162999 27267677
278162999 276164027
25864285 276164027
25864285 27321942
278149483 27321942
278149483 276151040
25937217 276151040
25937217 27322237
278142875 27322237
278142875 276123842
25943294 276123842
25943294 27322472
278122115 27322472
278122115 276120643
25984229 276120643
25984229 27359826
278102884 27359826
278102884 276113566
25984860 276113566
25984860 27361044
278078333 27361044
278078333 276097354
25985191 276097354
25985191 27412704
278069252 27412704
278069252 276080807
25994941 276080807
25994941 27422083
278066926 27422083
278066926 276074876
25995729 276074876
25995729 27430940
278047793 27430940
278047793 275997634
26031713 275997634
26031713 27437439
278043000 27437439
278043000 275987608
26032065 275987608
26032065 27462532
278021701 27462532
278021701 275986617
26042436 275986617
26042436 27473907
278017640 27473907
278017640 275982228
26089124 275982228
26089124 27500728
278013180 27500728
278013180 275978410
26095821 275978410
26095821 27508044
278011103 27508044
278011103 275966330
26102992 275966330
26102992 27528133
277999374 27528133
277999374 275956251
26103594 275956251
26103594 27533627
277992205 27533627
277992205 275924820
26106862 275924820
26106862 27543769
277988829 27543769
277988829 275903852
26113539 275903852
26113539 27586998
277986157 27586998
277986157 275897755
26125544 275897755
26125544 27611972
277975353 27611972
277975353 275874762
26129081 275874762
26129081 27618033
277958904 27618033
277958904 275839351
26132358 275839351
26132358 27625970
277856881 27625970
277856881 275798859
26173702 275798859
26173702 27648274
277840993 27648274
277840993 275789374
26213781 275789374
26213781 27650020
277830425 27650020
277830425 275788095
26219088 275788095
26219088 27684950
277813694 27684950
277813694 275787992
26225585 275787992
26225585 27688702
277782216 27688702
277782216 275750589
26231193 275750589
26231193 27778914
277769133 27778914
277769133 275718278
26251926 275718278
26251926 27806676
277718863 27806676
277718863 275711972
26272060 275711972
26272060 27861012
277693521 27861012
277693521 275655609
26299955 275655609
26299955 27875752
277693280 27875752
277693280 275616906
26365484 275616906
26365484 27906169
277666210 27906169
277666210 275589106
26367385 275589106
26367385 27923501
277665126 27923501
277665126 275579243
26376679 275579243
26376679 27929182
277587464 27929182
277587464 275577955
26388949 275577955
26388949 27931093
277568402 27931093
277568402 275570759
26391425 275570759
26391425 27966041
277567874 27966041
277567874 275569107
26403671 275569107
26403671 27967955
277537754 27967955
277537754 275558101
26413851 275558101
26413851 27988072
277531499 27988072
277531499 275540782
26422709 275540782
26422709 28007342
277497571 28007342
277497571 275471047
26460823 275471047
26460823 28025628
277480778 28025628
277480778 275459253
26483210 275459253
26483210 28068472
277478336 28068472
277478336 275439971
26491066 275439971
26491066 28072058
277467478 28072058
277467478 275417529
26498829 275417529
26498829 28110278
277432964 28110278
277432964 275379566
26506378 275379566
26506378 28123591
277423552 28123591
277423552 275292005
26507811 275292005
26507811 28126122
277411035 28126122
277411035 275291708
26528718 275291708
26528718 28129821
277401621 28129821
277401621 275286304
26533272 275286304
26533272 28131965
277393593 28131965
277393593 275266025
26569879 275266025
26569879 28133959
277360363 28133959
277360363 275224775
26578883 275224775
26578883 28136527
277352786 28136527
277352786 275215949
26589141 275215949
26589141 28165195
277338125 28165195
277338125 275206876
26591248 275206876
26591248 28197343
277336078 28197343
277336078 275197555
26592270 275197555
26592270 28217751
277260593 28217751
277260593 275189774
26650701 275189774
26650701 28224019
277252931 28224019
277252931 275180299
26673140 275180299
26673140 28247759
277232327 28247759
277232327 275170790
26674065 275170790
26674065 28256094
277186641 28256094
277186641 275150595
26682184 275150595
26682184 28283145
277184866 28283145
277184866 275134737
26687444 275134737
26687444 28292181
277178811 28292181
277178811 275128697
26739323 275128697
26739323 28308239
277170950 28308239
277170950 275127580
26746359 275127580
26746359 28330144
277153109 28330144
277153109 275119578
26747426 275119578
26747426 28330914
277145470 28330914
277145470 275115260
26753771 275115260
26753771 28340362
277145349 28340362
277145349 275103153
26774531 275103153
26774531 28340646
277130479 28340646
277130479 275093049
26780968 275093049
26780968 28350311
277083693 28350311
277083693 275066474
26792985 275066474
26792985 28379873
277083500 28379873
277083500 275043579
26801186 275043579
26801186 28414870
277079545 28414870
277079545 275017807
26809608 275017807
26809608 28426897
277058888 28426897
277058888 274933482
26847908 274933482
26847908 28454379
277050875 28454379
277050875 274928781
26868693 274928781
26868693 28498258
277048758 28498258
277048758 274925452
26887074 274925452
26887074 28499103
277046531 28499103
277046531 274883897
26891722 274883897
26891722 28501097
276951863 28501097
276951863 274863801
26915595 274863801
26915595 28512358
276943301 28512358
276943301 274842100
26931509 274842100
26931509 28534670
276930583 28534670
276930583 274840539
26940829 274840539
26940829 28550853
276928803 28550853
276928803 274830407
26981430 274830407
26981430 28591378
276925748 28591378
276925748 274821232
26982643 274821232
26982643 28652858
276922326 28652858
276922326 274814976
26985754 274814976
26985754 28662118
276918530 28662118
276918530 274775114
26999577 274775114
26999577 28669240
276858158 28669240
276858158 274767151
27030396 274767151
27030396 28701321
276835982 28701321
276835982 274755773
27039852 274755773
27039852 28719842
276829065 28719842
276829065 274703965
27062246 274703965
27062246 28731976
276807280 28731976
276807280 274700841
27090188 274700841
27090188 28779039
276787479 28779039
276787479 274662169
27091618 274662169
27091618 28789866
276719687 28789866
276719687 274626437
27108173 274626437
27108173 28792678
276687939 28792678
276687939 274620145
27149328 274620145
27149328 28826930
276685174 28826930
276685174 274598397
27150404 274598397
27150404 28839709
276676994 28839709
276676994 274577049
27152662 274577049
27152662 28886758
276646635 28886758
276646635 274533184
27167052 274533184
27167052 28887095
276631051 28887095
276631051 274528792
27229820 274528792
27229820 28888613
276616854 28888613
276616854 274471703
27263498 274471703
27263498 28891011
276616383 28891011
276616383 274451894
27275953 274451894
27275953 28916675
276597454 28916675
276597454 274448501
27276715 274448501
27276715 28917344
276595666 28917344
276595666 274425229
27285316 274425229
27285316 28925577
276553540 28925577
276553540 274386937
27290298 274386937
27290298 28933764
276550632 28933764
276550632 274356736
27296893 274356736
27296893 28948275
276544183 28948275
276544183 274341119
27331576 274341119
27331576 29012880
276534121 29012880
276534121 274334193
27344386 274334193
27344386 29025830
276525574 29025830
276525574 274330453
27350473 274330453
27350473 29032707
276499617 29032707
276499617 274329746
27351805 274329746
27351805 29052708
276494189 29052708
276494189 274307877
27364294 274307877
27364294 29084425
276456173 29084425
276456173 274300431
27404178 274300431
27404178 29094574
276455383 29094574
276455383 274297048
27420687 274297048
27420687 29095000
276436871 29095000
276436871 274283022
27427935 274283022
27427935 29104518
276427486 29104518
276427486 274274212
27440525 274274212
27440525 29105444
276357408 29105444
276357408 274257788
27440848 274257788
27440848 29142741
276350100 29142741
276350100 274216332
27441709 274216332
27441709 29149328
276337509 29149328
276337509 274204125
27457076 274204125
27457076 29212044
276327127 29212044
276327127 274197710
27460778 274197710
27460778 29250127
276308734 29250127
276308734 274195761
27464774 274195761
27464774 29254217
276281781 29254217
276281781 274180838
27471442 274180838
27471442 29260978
276268941 29260978
276268941 274178600
27484716 274178600
27484716 29270567
276244315 29270567
276244315 274171338
27508777 274171338
27508777 29279518
276210699 29279518
276210699 274171288
27509840 274171288
27509840 29297234
276164865 29297234
276164865 274163998
27511899 274163998
27511899 29321524
276139828 29321524
276139828 274129277
27526300 274129277
27526300 29330978
276122895 29330978
276122895 274125241
27532247 274125241
27532247 29377643
276115387 29377643
276115387 274095406
27534635 274095406
27534635 29409034
276108742 29409034
276108742 274088400
27542676 274088400
27542676 29419438
276085891 29419438
276085891 274046446
27552795 274046446
27552795 29427880
276062980 29427880
276062980 274037874
27566633 274037874
27566633 29474536
276026839 29474536
276026839 274006305
27624101 274006305
27624101 29499973
276020375 29499973
276020375 273996733
27648114 273996733
27648114 29505033
275988645 29505033
275988645 273965355
27685052 273965355
27685052 29508137
275987085 29508137
275987085 273889226
27689588 273889226
27689588 29515106
275977592 29515106
275977592 273855512
27715103 273855512
27715103 29538794
275950282 29538794
275950282 273823002
27722027 273823002
27722027 29549437
275934147 29549437
275934147 273821698
27722796 273821698
27722796 29570358
275916331 29570358
275916331 273812304
27724906 273812304
27724906 29609437
275905417 29609437
275905417 273776271
27743298 273776271
27743298 29623593
275894070 29623593
275894070 273752417
27763680 273752417
27763680 29634818
275893045 29634818
275893045 273718799
27824028 273718799
27824028 29635678
275871385 29635678
275871385 273656334
27824159 273656334
27824159 29640233
275866834 29640233
275866834 273649005
27842017 273649005
27842017 29644187
275861889 29644187
275861889 273644394
27844506 273644394
27844506 29653520
275854090 29653520
275854090 273633078
27852704 273633078
27852704 29693173
275824069 29693173
275824069 273565528
27892356 273565528
27892356 29695456
275743488 29695456
275743488 273547744
27906704 273547744
27906704 29725776
275721589 29725776
275721589 273530871
27910991 273530871
27910991 29734111
275716845 29734111
275716845 273529663
27922774 273529663
27922774 29749881
275684229 29749881
275684229 273500800
27964606 273500800
27964606 29795979
275683281 29795979
275683281 273489937
27996528 273489937
27996528 29804337
275675435 29804337
275675435 273482618
28018580 273482618
28018580 29818725
275659105 29818725
275659105 273438790
28033635 273438790
28033635 29833597
275654396 29833597
275654396 273434558
28039655 273434558
28039655 29843324
275653759 29843324
275653759 273433515
28055651 273433515
28055651 29849925
275628574 29849925
275628574 273419211
28082550 273419211
28082550 29874508
275616282 29874508
275616282 273416907
28085142 273416907
28085142 29897376
275591843 29897376
275591843 273413202
28086420 273413202
28086420 29902790
275563694 29902790
275563694 273375868
28126181 273375868
28126181 29912411
275539623 29912411
275539623 273339912
28126572 273339912
28126572 29915925
275532610 29915925
275532610 273324496
28246017 273324496
28246017 29930264
275471828 29930264
275471828 273320682
28251854 273320682
28251854 29983636
275465924 29983636
275465924 273315866
28252733 273315866
28252733 30002801
275460540 30002801
275460540 273312813
28266805 273312813
28266805 30007819
275457755 30007819
275457755 273308929
28273100 273308929
28273100 30009677
275457441 30009677
275457441 273307074
28295855 273307074
28295855 30036205
275437540 30036205
275437540 273284541
28298063 273284541
28298063 30062632
275428038 30062632
275428038 273283874
28320226 273283874
28320226 30100901
275423004 30100901
275423004 273279133
28320381 273279133
28320381 30116691
275421396 30116691
275421396 273266155
28331526 273266155
28331526 30123982
275405506 30123982
275405506 273249927
28341386 273249927
28341386 30174246
275402859 30174246
275402859 273180614
28342712 273180614
28342712 30199233
275393477 30199233
275393477 273170365
28348598 273170365
28348598 30210502
275364384 30210502
275364384 273162289
28367809 273162289
28367809 30218920
275352828 30218920
275352828 273117447
28370392 273117447
28370392 30239943
275352327 30239943
275352327 273092868
28375491 273092868
28375491 30270139
275347154 30270139
275347154 273080160
28378397 273080160
28378397 30277388
275339198 30277388
275339198 273074306
28401686 273074306
28401686 30295630
275323877 30295630
275323877 273070691
28466796 273070691
28466796 30326169
275315093 30326169
275315093 273014024
28482104 273014024
28482104 30333259
275292616 30333259
275292616 272991830
28486033 272991830
28486033 30363725
275197488 30363725
275197488 272933511
28487723 272933511
28487723 30392648
275176927 30392648
275176927 272932142
28492711 272932142
28492711 30395511
275172080 30395511
275172080 272918527
28498484 272918527
28498484 30425806
275157266 30425806
275157266 272895865
28532473 272895865
28532473 30428421
275118019 30428421
275118019 272874152
28537754 272874152
28537754 30448295
275105942 30448295
275105942 272805282
28561867 272805282
28561867 30471789
275098161 30471789
275098161 272804292
28569899 272804292
28569899 30479931
275092221 30479931
275092221 272803681
28605489 272803681
28605489 30483736
275062570 30483736
275062570 272803266
28606221 272803266
28606221 30485028
275039474 30485028
275039474 272792052
28611436 272792052
28611436 30486795
275037580 30486795
275037580 272784324
28622160 272784324
28622160 30522382
275036769 30522382
275036769 272746629
28650410 272746629
28650410 30543363
275024042 30543363
275024042 272744983
28656597 272744983
28656597 30569287
275023221 30569287
275023221 272737793
28681071 272737793
28681071 30596553
275020480 30596553
275020480 272729047
28682838 272729047
28682838 30601839
275000150 30601839
275000150 272713507
28722524 272713507
28722524 30604794
274941168 30604794
274941168 272701460
28724625 272701460
28724625 30627963
274931651 30627963
274931651 272687001
28728318 272687001
28728318 30634480
274916629 30634480
274916629 272675780
28761656 272675780
28761656 30690220
274916049 30690220
274916049 272669680
28765401 272669680
28765401 30693980
274911224 30693980
274911224 272663993
28774904 272663993
28774904 30695440
274890732 30695440
274890732 272660872
28792071 272660872
28792071 30699438
274861221 30699438
274861221 272650793
28800516 272650793
28800516 30700508
274856507 30700508
274856507 272641385
28817347 272641385
28817347 30706172
274812562 30706172
274812562 272575594
28830111 272575594
28830111 30757936
274809096 30757936
274809096 272573536
28840369 272573536
28840369 30782424
274767490 30782424
274767490 272567470
28867755 272567470
28867755 30784148
274756852 30784148
274756852 272563192
28870963 272563192
28870963 30803627
274755807 30803627
274755807 272556046
28887683 272556046
28887683 30809257
274749304 30809257
274749304 272538765
28892298 272538765
28892298 30869140
274748820 30869140
274748820 272519551
28914241 272519551
28914241 30871594
274741106 30871594
274741106 272512160
28962015 272512160
28962015 30878198
274733191 30878198
274733191 272484802
28992088 272484802
28992088 30901487
274728036 30901487
274728036 272464695
29010569 272464695
29010569 30909653
274727006 30909653
274727006 272457436
29027917 272457436
29027917 30986009
274663380 30986009
274663380 272429593
29081303 272429593
29081303 31000767
274662377 31000767
274662377 272384297
29084562 272384297
29084562 31003994
274625668 31003994
274625668 272358490
29102181 272358490
29102181 31008000
274591488 31008000
274591488 272356266
29103358 272356266
29103358 31048304
274589379 31048304
274589379 272350561
29104070 272350561
29104070 31053051
274572268 31053051
274572268 272345057
29150933 272345057
29150933 31060374
274559848 31060374
274559848 272341843
29192582 272341843
29192582 31074103
274530970 31074103
274530970 272336153
29197153 272336153
29197153 31078032
274516014 31078032
274516014 272326779
29202396 272326779
29202396 31081375
274512354 31081375
274512354 272285317
29223309 272285317
29223309 31108562
274500395 31108562
274500395 272277821
29223395 272277821
29223395 31126736
274485664 31126736
274485664 272255976
29227900 272255976
29227900 31171749
274443682 31171749
274443682 272247080
29229263 272247080
29229263 31178888
274442001 31178888
274442001 272227801
29233526 272227801
29233526 31195468
274433151 31195468
274433151 272210835
29240356 272210835
29240356 31205825
274431861 31205825
274431861 272199513
29240417 272199513
29240417 31233905
274424316 31233905
274424316 272198615
29258912 272198615
29258912 31234132
274417408 31234132
274417408 272189450
29268101 272189450
29268101 31264599
274417170 31264599
274417170 272186341
29268270 272186341
29268270 31274389
274392975 31274389
274392975 272156683
29297626 272156683
29297626 31295297
274366465 31295297
274366465 272144203
29298263 272144203
29298263 31307629
274351394 31307629
274351394 272140063
29323907 272140063
29323907 31346650
274331437 31346650
274331437 272132983
29331464 272132983
29331464 31354128
274299102 31354128
274299102 272121769
29341283 272121769
29341283 31366227
274293252 31366227
274293252 272121136
29345731 272121136
29345731 31376837
274286903 31376837
274286903 272059389
29346516 272059389
29346516 31399718
274263290 31399718
274263290 272018361
29355332 272018361
29355332 31402055
274260920 31402055
274260920 272006416
29358936 272006416
29358936 31406048
274257435 31406048
274257435 271998673
29366674 271998673
29366674 31412006
274251599 31412006
274251599 271964629
29413746 271964629
29413746 31444299
274224508 31444299
274224508 271959738
29417253 271959738
29417253 31502884
274181747 31502884
274181747 271953356
29432249 271953356
29432249 31518585
274175918 31518585
274175918 271868419
29484594 271868419
29484594 31528534
274171989 31528534
274171989 271833942
29504576 271833942
29504576 31558655
274152273 31558655
274152273 271813180
29524746 271813180
29524746 31583423
274147905 31583423
274147905 271792719
29535997 271792719
29535997 31586279
274125450 31586279
274125450 271787071
29555043 271787071
29555043 31599799
274120648 31599799
274120648 271781096
29567439 271781096
29567439 31601224
274078533 31601224
274078533 271778009
29575804 271778009
29575804 31611490
274068410 31611490
274068410 271771660
29579636 271771660
29579636 31612830
274032173 31612830
274032173 271765559
29606709 271765559
29606709 31622284
274016142 31622284
274016142 271758971
29618886 271758971
29618886 31647268
274007029 31647268
274007029 271752340
29627240 271752340
29627240 31657251
273985799 31657251
273985799 271742875
29650504 271742875
29650504 31666953
273943473 31666953
273943473 271736626
29652742 271736626
29652742 31685025
273932838 31685025
273932838 271719284
29669300 271719284
29669300 31740724
273928061 31740724
273928061 271717261
29678431 271717261
29678431 31778313
273925385 31778313
273925385 271707202
29681332 271707202
29681332 31779436
273922362 31779436
273922362 271703549
29690956 271703549
29690956 31790857
273893483 31790857
273893483 271702755
29698605 271702755
29698605 31809887
273876552 31809887
273876552 271683644
29733330 271683644
29733330 31831949
273865422 31831949
273865422 271658704
29761007 271658704
29761007 31832378
273846499 31832378
273846499 271610813
29767537 271610813
29767537 31833616
273806636 31833616
273806636 271600603
29773640 271600603
29773640 31841151
273789287 31841151
273789287 271527884
29777768 271527884
29777768 31858203
273771285 31858203
273771285 271521609
29778902 271521609
29778902 31867205
273760311 31867205
273760311 271519223
29807542 271519223
29807542 31882032
273744736 31882032
273744736 271517954
29817880 271517954
29817880 31927846
273740437 31927846
273740437 271514125
29825482 271514125
29825482 31947597
273734562 31947597
273734562 271501327
29827037 271501327
29827037 31956714
273702043 31956714
273702043 271486437
29862313 271486437
29862313 31961523
273698349 31961523
273698349 271477137
29863988 271477137
29863988 31982037
273671932 31982037
273671932 271403828
29932677 271403828
29932677 31989245
273671543 31989245
273671543 271393987
29937995 271393987
29937995 32058411
273669320 32058411
273669320 271389895
29957583 271389895
29957583 32084091
273664427 32084091
273664427 271387907
29986022 271387907
29986022 32084490
273662077 32084490
273662077 271354119
30003750 271354119
30003750 32111801
273660361 32111801
273660361 271343978
30016803 271343978
30016803 32132041
273646699 32132041
273646699 271336039
30050220 271336039
30050220 32157568
273634189 32157568
273634189 271333548
30076632 271333548
30076632 32164439
273619022 32164439
273619022 271328470
30079402 271328470
30079402 32182920
273602092 32182920
273602092 271318792
30080314 271318792
30080314 32192426
273596999 32192426
273596999 271310397
30081839 271310397
30081839 32202753
273584606 32202753
273584606 271305715
30092444 271305715
30092444 32205616
273574899 32205616
273574899 271266888
30093932 271266888
30093932 32241823
273560465 32241823
273560465 271264501
30094430 271264501
30094430 32245827
273551123 32245827
273551123 271261802
30109771 271261802
30109771 32255857
273520964 32255857
273520964 271259261
30121714 271259261
30121714 32262571
273506708 32262571
273506708 271240858
30121929 271240858
30121929 32286067
273489739 32286067
273489739 271236464
30132769 271236464
30132769 32290061
273488180 32290061
273488180 271215964
30158852 271215964
30158852 32306652
273483326 32306652
273483326 271200694
30174561 271200694
30174561 32347037
273449112 32347037
273449112 271200441
30175887 271200441
30175887 32356048
273446552 32356048
273446552 271191919
30190260 271191919
30190260 32363342
273436608 32363342
273436608 271178486
30191291 271178486
30191291 32408629
273417489 32408629
273417489 271166389
30199336 271166389
30199336 32425088
273401532 32425088
273401532 271153912
30215787 271153912
30215787 32425961
273401478 32425961
273401478 271150251
30223936 271150251
30223936 32427552
273379074 32427552
273379074 271120557
30226862 271120557
30226862 32448212
273372289 32448212
273372289 271112228
30235093 271112228
30235093 32451930
273353093 32451930
273353093 271111256
30253782 271111256
30253782 32458648
273351272 32458648
273351272 271089129
30262332 271089129
30262332 32465779
273342735 32465779
273342735 271077042
30286108 271077042
30286108 32473153
273336121 32473153
273336121 271043196
30345167 271043196
30345167 32484342
273301423 32484342
273301423 271015375
30353042 271015375
30353042 32485387
273216008 32485387
273216008 271001435
30353367 271001435
30353367 32526670
273213213 32526670
273213213 270988723
30353948 270988723
30353948 32568304
273189087 32568304
273189087 270972709
30383002 270972709
30383002 32610966
273148923 32610966
273148923 270960839
30411199 270960839
30411199 32624996
273139096 32624996
273139096 270960023
30413504 270960023
30413504 32641502
273112414 32641502
273112414 270954681
30454352 270954681
30454352 32650733
273089984 32650733
273089984 270908758
30460457 270908758
30460457 32655842
273089667 32655842
273089667 270896173
30480501 270896173
30480501 32679433
273051653 32679433
273051653 270874298
30525038 270874298
30525038 32702637
273022752 32702637
273022752 270854749
30534902 270854749
30534902 32711137
273000208 32711137
273000208 270847227
30555877 270847227
30555877 32727045
272992291 32727045
272992291 270830227
30603563 270830227
30603563 32734069
272985636 32734069
272985636 270790716
30609798 270790716
30609798 32750317
272908495 32750317
272908495 270774860
30627337 270774860
30627337 32755581
272904816 32755581
272904816 270761724
30630861 270761724
30630861 32783675
272903201 32783675
272903201 270754172
30643005 270754172
30643005 32790722
272892646 32790722
272892646 270746947
30676685 270746947
30676685 32800803
272885956 32800803
272885956 270736046
30678527 270736046
30678527 32832678
272878476 32832678
272878476 270735529
30687347 270735529
30687347 32840685
272863940 32840685
272863940 270692902
30687410 270692902
30687410 32848056
272861537 32848056
272861537 270599100
30723268 270599100
30723268 32848069
272858456 32848069
272858456 270592376
30754955 270592376
30754955 32857197
272851519 32857197
272851519 270579835
30757440 270579835
30757440 32859798
272843683 32859798
272843683 270562375
30759700 270562375
30759700 32869126
272833495 32869126
272833495 270553491
30767188 270553491
30767188 32918872
272832860 32918872
272832860 270550202
30793559 270550202
30793559 32953788
272816152 32953788
272816152 270543362
30840749 270543362
30840749 32957415
272791111 32957415
272791111 270529403
30841060 270529403
30841060 32992861
272790572 32992861
272790572 270526928
30843725 270526928
30843725 33045998
272761373 33045998
272761373 270520583
30851576 270520583
30851576 33058325
272758873 33058325
272758873 270518491
30876055 270518491
30876055 33065206
272738702 33065206
272738702 270489316
30879337 270489316
30879337 33071674
272736197 33071674
272736197 270486981
30952402 270486981
30952402 33075279
272729722 33075279
272729722 270451849
30960641 270451849
30960641 33093690
272721339 33093690
272721339 270446353
30963800 270446353
30963800 33118737
272708968 33118737
272708968 270440536
30964610 270440536
30964610 33131082
272706370 33131082
272706370 270421887
30997425 270421887
30997425 33139041
272689939 33139041
272689939 270417513
31016595 270417513
31016595 33155993
272687944 33155993
272687944 270411293
31037484 270411293
31037484 33163394
272631495 33163394
272631495 270380403
31038480 270380403
31038480 33164211
272602349 33164211
272602349 270377225
31039974 270377225
31039974 33165031
272600653 33165031
272600653 270372715
31071173 270372715
31071173 33201237
272597565 33201237
272597565 270370086
31073603 270370086
31073603 33213925
272593440 33213925
272593440 270367235
31109978 270367235
31109978 33218312
272576011 33218312
272576011 270352762
31123527 270352762
31123527 33218880
272545857 33218880
272545857 270350793
31141319 270350793
31141319 33229186
272514997 33229186
272514997 270350338
31183913 270350338
31183913 33256376
272507080 33256376
272507080 270336967
31196017 270336967
31196017 33261785
272501915 33261785
272501915 270306211
31221735 270306211
31221735 33265217
272491996 33265217
272491996 270306045
31226418 270306045
31226418 33382862
272488228 33382862
272488228 270297788
31252934 270297788
31252934 33383477
272461201 33383477
272461201 270273228
31257623 270273228
31257623 33389355
272451814 33389355
272451814 270243852
31260358 270243852
31260358 33403035
272398672 33403035
272398672 270236256
31262083 270236256
31262083 33415312
272354364 33415312
272354364 270233409
31292633 270233409
31292633 33416336
272344472 33416336
272344472 270224666
31301964 270224666
31301964 33420144
272341405 33420144
272341405 270194002
31304944 270194002
31304944 33425909
272309377 33425909
272309377 270179155
31316691 270179155
31316691 33430576
272303695 33430576
272303695 270157602
31341323 270157602
31341323 33483572
272274039 33483572
272274039 270145937
31344952 270145937
31344952 33496999
272241988 33496999
272241988 270114212
31346187 270114212
31346187 33504688
272238342 33504688
272238342 270100489
31351806 270100489
31351806 33527584
272220304 33527584
272220304 270098510
31371533 270098510
31371533 33565113
272210589 33565113
272210589 270095538
31424427 270095538
31424427 33566934
272199683 33566934
272199683 270076985
31429998 270076985
31429998 33603556
272192050 33603556
272192050 270076135
31439326 270076135
31439326 33615510
272190670 33615510
272190670 270051154
31441596 270051154
31441596 33628332
272187763 33628332
272187763 270039549
31441946 270039549
31441946 33639985
272162292 33639985
272162292 270038248
31448513 270038248
31448513 33670807
272118823 33670807
272118823 270026942
31452180 270026942
31452180 33689733
272101322 33689733
272101322 269989860
31464702 269989860
31464702 33699086
272085989 33699086
272085989 269983940
31483111 269983940
31483111 33706269
272083483 33706269
272083483 269955123
31493208 269955123
31493208 33733811
272081029 33733811
272081029 269919865
31517994 269919865
31517994 33748652
272065452 33748652
272065452 269910980
31534006 269910980
31534006 33758456
272056119 33758456
272056119 269869798
31536109 269869798
31536109 33764783
272046462 33764783
272046462 269859808
31546193 269859808
31546193 33824479
272028049 33824479
272028049 269845426
31565363 269845426
31565363 33854637
272026078 33854637
272026078 269827518
31574215 269827518
31574215 33868744
272022488 33868744
272022488 269821349
31580731 269821349
31580731 33906339
272021716 33906339
272021716 269797669
31581719 269797669
31581719 33918322
272018682 33918322
272018682 269797357
31586079 269797357
31586079 33922482
271997812 33922482
271997812 269796403
31600609 269796403
31600609 33927902
271981366 33927902
271981366 269787815
31603301 269787815
31603301 33928060
271981112 33928060
271981112 269779425
31612277 269779425
31612277 33934201
271980235 33934201
271980235 269773637
31630201 269773637
31630201 33940854
271961517 33940854
271961517 269769973
31637562 269769973
31637562 33945461
271940557 33945461
271940557 269756137
31685734 269756137
31685734 33948751
271922453 33948751
271922453 269744279
31705102 269744279
31705102 33951023
271916693 33951023
271916693 269743505
31718986 269743505
31718986 33972778
271916580 33972778
271916580 269733209
31722844 269733209
31722844 33977460
271907103 33977460
271907103 269729611
31732640 269729611
31732640 34001078
271890384 34001078
271890384 269676470
31770263 269676470
31770263 34022396
271875559 34022396
271875559 269671003
31771033 269671003
31771033 34036694
271871883 34036694
271871883 269638223
31819711 269638223
31819711 34039393
271832426 34039393
271832426 269580774
31828207 269580774
31828207 34042982
271829454 34042982
271829454 269565088
31844085 269565088
31844085 34048322
271778585 34048322
271778585 269563178
31850040 269563178
31850040 34083848
271757732 34083848
271757732 269557765
31856623 269557765
31856623 34089888
271755259 34089888
271755259 269545633
31865591 269545633
31865591 34104803
271750795 34104803
271750795 269516564
31897730 269516564
31897730 34148261
271725641 34148261
271725641 269506101
31911074 269506101
31911074 34166358
271720468 34166358
271720468 269495871
31951224 269495871
31951224 34172287
271688278 34172287
271688278 269480297
31961611 269480297
31961611 34180920
271665932 34180920
271665932 269445480
31968891 269445480
31968891 34194679
271647235 34194679
271647235 269423324
31980151 269423324
31980151 34205045
271635303 34205045
271635303 269354049
31987190 269354049
31987190 34208699
271613520 34208699
271613520 269294710
31996448 269294710
31996448 34209045
271608727 34209045
271608727 269273599
32003553 269273599
32003553 34238312
271597256 34238312
271597256 269253357
32015345 269253357
32015345 34269507
271587100 34269507
271587100 269230645
32023901 269230645
32023901 34350131
271576465 34350131
271576465 269226716
32045919 269226716
32045919 34369243
271563851 34369243
271563851 269210305
32055789 269210305
32055789 34372042
271539069 34372042
271539069 269198859
32056541 269198859
32056541 34372061
271519660 34372061
271519660 269174659
32072753 269174659
32072753 34379197
271515162 34379197
271515162 269170647
32104205 269170647
32104205 34384689
271508184 34384689
271508184 269166873
32146003 269166873
32146003 34387337
271503477 34387337
271503477 269153113
32151621 269153113
32151621 34394001
271500362 34394001
271500362 269118113
32168718 269118113
32168718 34413366
271494291 34413366
271494291 269097175
32184455 269097175
32184455 34431614
271474775 34431614
271474775 269067014
32203321 269067014
32203321 34443932
271471730 34443932
271471730 269061384
32204405 269061384
32204405 34466675
271447874 34466675
271447874 269023812
32224001 269023812
32224001 34467757
271445169 34467757
271445169 269020501
32239587 269020501
32239587 34518750
271437514 34518750
271437514 269013743
32241065 269013743
32241065 34523888
271420562 34523888
271420562 268990932
32246421 268990932
32246421 34534696
271398005 34534696
271398005 268965796
32254605 268965796
32254605 34537809
271395310 34537809
271395310 268963465
32269513 268963465
32269513 34549051
271378904 34549051
271378904 268956293
32275921 268956293
32275921 34549220
271355912 34549220
271355912 268953085
32289538 268953085
32289538 34552663
271342564 34552663
271342564 268943552
32289741 268943552
32289741 34571547
271317157 34571547
271317157 268937922
32297442 268937922
32297442 34595638
271313017 34595638
271313017 268933282
32312505 268933282
32312505 34617576
271283993 34617576
271283993 268888801
32329112 268888801
32329112 34633618
271264031 34633618
271264031 268855326
32336554 268855326
32336554 34666499
271258082 34666499
271258082 268847880
32347910 268847880
32347910 34687132
271252398 34687132
271252398 268846486
32360829 268846486
32360829 34707500
271238463 34707500
271238463 268836056
32370391 268836056
32370391 34735766
271229005 34735766
271229005 268828798
32394464 268828798
32394464 34780389
271211617 34780389
271211617 268818944
32397805 268818944
32397805 34802331
271182589 34802331
271182589 268817242
32409478 268817242
32409478 34814063
271167034 34814063
271167034 268762874
32434602 268762874
32434602 34818801
271166095 34818801
271166095 268748284
32476229 268748284
32476229 34824288
271155880 34824288
271155880 268741673
32476752 268741673
32476752 34827131
271154843 34827131
271154843 268738095
32499014 268738095
32499014 34828135
271149683 34828135
271149683 268736966
32505683 268736966
32505683 34834648
271124941 34834648
271124941 268724680
32565215 268724680
32565215 34835859
271106442 34835859
271106442 268723934
32571408 268723934
32571408 34848218
271099605 34848218
271099605 268722711
32578720 268722711
32578720 34883791
271086878 34883791
271086878 268711390
32580889 268711390
32580889 34894575
271065454 34894575
271065454 268671573
32580913 268671573
32580913 34904216
271062785 34904216
271062785 268649526
32581316 268649526
32581316 34942729
271050698 34942729
271050698 268642904
32592042 268642904
32592042 34955744
271045208 34955744
271045208 268641807
32594243 268641807
32594243 34963737
271042786 34963737
271042786 268633391
32665821 268633391
32665821 34987123
271037878 34987123
271037878 268594102
32667777 268594102
32667777 34987130
271003452 34987130
271003452 268579892
32688818 268579892
32688818 34988290
270994810 34988290
270994810 268567059
32691254 268567059
32691254 34993280
270993968 34993280
270993968 268556493
32703275 268556493
32703275 35013874
270986187 35013874
270986187 268537173
32720733 268537173
32720733 35019532
270955498 35019532
270955498 268535839
32737999 268535839
32737999 35020520
270945358 35020520
270945358 268515916
32761994 268515916
32761994 35062531
270929492 35062531
270929492 268511652
32763576 268511652
32763576 35090135
270928446 35090135
270928446 268460587
32768311 268460587
32768311 35090661
270925115 35090661
270925115 268448959
32785795 268448959
32785795 35099216
270918595 35099216
270918595 268436547
32787331 268436547
32787331 35100391
270916504 35100391
270916504 268413777
32804362 268413777
32804362 35111877
270906331 35111877
270906331 268407731
32814699 268407731
32814699 35122062
270875449 35122062
270875449 268386836
32832864 268386836
32832864 35128980
270857283 35128980
270857283 268386564
32838160 268386564
32838160 35148424
270852403 35148424
270852403 268369550
32877867 268369550
32877867 35160251
270818886 35160251
270818886 268366786
32885841 268366786
32885841 35214202
270818519 35214202
270818519 268351446
32909490 268351446
32909490 35278801
270807246 35278801
270807246 268312706
32925056 268312706
32925056 35330637
270795867 35330637
270795867 268295249
32936800 268295249
32936800 35332371
270782728 35332371
270782728 268283849
32943640 268283849
32943640 35336472
270757867 35336472
270757867 268269737
32953417 268269737
32953417 35342995
270738413 35342995
270738413 268265332
32961533 268265332
32961533 35380768
270684285 35380768
270684285 268259226
32962060 268259226
32962060 35385736
270665150 35385736
270665150 268255326
33002006 268255326
33002006 35387945
270639918 35387945
270639918 268239231
33051232 268239231
33051232 35399555
270610396 35399555
270610396 268225306
33056318 268225306
33056318 35405056
270609253 35405056
270609253 268210829
33061522 268210829
33061522 35408332
270607967 35408332
270607967 268197665
33063620 268197665
33063620 35412535
270580101 35412535
270580101 268186528
33065430 268186528
33065430 35431666
270575421 35431666
270575421 268160942
33090491 268160942
33090491 35437512
270553880 35437512
270553880 268156156
33108061 268156156
33108061 35463406
270551596 35463406
270551596 268146977
33122134 268146977
33122134 35464631
270544033 35464631
270544033 268134546
33128940 268134546
33128940 35467837
270543094 35467837
270543094 268119526
33155295 268119526
33155295 35502595
270528896 35502595
270528896 268101847
33179534 268101847
33179534 35523718
270514493 35523718
270514493 268076099
33186079 268076099
33186079 35544645
270514386 35544645
270514386 268052900
33189963 268052900
33189963 35557737
270510006 35557737
270510006 268051064
33205136 268051064
33205136 35582627
270506084 35582627
270506084 268039014
33218711 268039014
33218711 35605782
270482673 35605782
270482673 268027398
33229840 268027398
33229840 35606425
270468072 35606425
270468072 268014580
33231147 268014580
33231147 35655586
270459714 35655586
270459714 268011995
33245018 268011995
33245018 35693208
270422833 35693208
270422833 268002271
33245690 268002271
33245690 35715110
270419653 35715110
270419653 267962127
33264133 267962127
33264133 35725171
270411623 35725171
270411623 267962042
33279829 267962042
33279829 35735251
270360062 35735251
270360062 267959472
33300476 267959472
33300476 35742052
270354922 35742052
270354922 267948622
33307214 267948622
33307214 35742719
270325148 35742719
270325148 267943251
33316519 267943251
33316519 35743614
270295266 35743614
270295266 267932135
33320731 267932135
33320731 35751500
270272616 35751500
270272616 267896303
33325276 267896303
33325276 35760191
270257795 35760191
270257795 267895859
33336486 267895859
33336486 35767843
270253611 35767843
270253611 267895097
33339591 267895097
33339591 35769859
270250383 35769859
270250383 267890888
33347021 267890888
33347021 35782061
270222644 35782061
270222644 267880622
33348551 267880622
33348551 35808087
270213930 35808087
270213930 267859929
33354651 267859929
33354651 35843482
270175279 35843482
270175279 267852328
33358660 267852328
33358660 35866927
270171034 35866927
270171034 267835023
33365661 267835023
33365661 35868168
270160279 35868168
270160279 267834054
33412129 267834054
33412129 35891400
270159600 35891400
270159600 267801684
33429576 267801684
33429576 35893570
270140031 35893570
270140031 267791959
33463236 267791959
33463236 35921245
270108436 35921245
270108436 267786104
33487339 267786104
33487339 35926086
270099621 35926086
270099621 267752971
33489917 267752971
33489917 35969998
270083804 35969998
270083804 267730163
33510963 267730163
33510963 35970089
270073239 35970089
270073239 267728689
33535855 267728689
33535855 35978561
270037479 35978561
270037479 267723178
33548611 267723178
33548611 35988573
270029892 35988573
270029892 267720053
33569769 267720053
33569769 35991356
270021935 35991356
270021935 267702060
33607735 267702060
33607735 35993810
270016399 35993810
270016399 267684476
33613803 267684476
33613803 36050938
270012925 36050938
270012925 267674012
33633817 267674012
33633817 36057253
269994348 36057253
269994348 267673315
33647892 267673315
33647892 36060465
269968015 36060465
269968015 267653320
33657459 267653320
33657459 36066828
269953456 36066828
269953456 267615611
33667332 267615611
33667332 36071376
269953372 36071376
269953372 267615310
33683000 267615310
33683000 36076032
269941933 36076032
269941933 267578447
33685214 267578447
33685214 36095482
269935011 36095482
269935011 267565046
33687910 267565046
33687910 36099071
269922201 36099071
269922201 267558309
33725578 267558309
33725578 36111905
269922155 36111905
269922155 267516290
33751763 267516290
33751763 36117087
269871092 36117087
269871092 267512865
33757864 267512865
33757864 36118327
269853259 36118327
269853259 267485114
33763703 267485114
33763703 36127362
269827556 36127362
269827556 267474029
33768825 267474029
33768825 36188917
269827500 36188917
269827500 267461560
33773470 267461560
33773470 36195345
269810724 36195345
269810724 267428858
33781048 267428858
33781048 36232987
269769661 36232987
269769661 267396359
33782560 267396359
33782560 36235465
269715264 36235465
269715264 267381664
33782866 267381664
33782866 36238925
269676194 36238925
269676194 267373325
33796072 267373325
33796072 36268628
269660364 36268628
269660364 267346782
33796805 267346782
33796805 36292045
269652160 36292045
269652160 267324346
33809260 267324346
33809260 36299743
269648215 36299743
269648215 267323072
33810248 267323072
33810248 36310625
269647717 36310625
269647717 267298680
33816892 267298680
33816892 36334226
269646967 36334226
269646967 267291195
33848970 267291195
33848970 36342756
269642054 36342756
269642054 267290836
33886699 267290836
33886699 36351123
269639451 36351123
269639451 267288962
33939173 267288962
33939173 36361687
269633141 36361687
269633141 267270306
33939341 267270306
33939341 36364024
269625248 36364024
269625248 267257212
33940494 267257212
33940494 36386377
269623936 36386377
269623936 267256816
33985287 267256816
33985287 36386623
269617403 36386623
269617403 267252574
34011837 267252574
34011837 36398392
269585489 36398392
269585489 267245497
34027388 267245497
34027388 36402305
269562399 36402305
269562399 267227692
34028813 267227692
34028813 36421679
269536085 36421679
269536085 267207376
34038523 267207376
34038523 36430933
269531308 36430933
269531308 267179357
34063807 267179357
34063807 36434257
269525488 36434257
269525488 267170177
34079594 267170177
34079594 36436559
269514083 36436559
269514083 267160196
34079641 267160196
34079641 36436855
269512001 36436855
269512001 267156901
34089071 267156901
34089071 36443423
269491591 36443423
269491591 267121589
34097416 267121589
34097416 36507227
269459463 36507227
269459463 267086769
34098883 267086769
34098883 36529171
269457136 36529171
269457136 267081951
34117873 267081951
34117873 36529441
269441541 36529441
269441541 267080881
34145451 267080881
34145451 36538453
269428658 36538453
269428658 267080525
34155140 267080525
34155140 36564509
269418528 36564509
269418528 267073744
34162086 267073744
34162086 36571165
269414257 36571165
269414257 267055144
34183974 267055144
34183974 36571400
269391966 36571400
269391966 267042294
34189680 267042294
34189680 36594861
269386917 36594861
269386917 267039632
34190658 267039632
34190658 36611226
269353594 36611226
269353594 267039391
34194925 267039391
34194925 36612901
269345603 36612901
269345603 267016561
34206327 267016561
34206327 36619963
269340343 36619963
269340343 266982998
34222515 266982998
34222515 36627141
269315512 36627141
269315512 266974783
34223252 266974783
34223252 36635188
269315090 36635188
269315090 266967847
34234675 266967847
34234675 36654856
269275448 36654856
269275448 266924795
34240521 266924795
34240521 36690669
269262310 36690669
269262310 266904867
34257897 266904867
34257897 36726664
269253014 36726664
269253014 266899229
34264998 266899229
34264998 36730307
269240380 36730307
269240380 266887881
34285832 266887881
34285832 36771577
269218564 36771577
269218564 266883706
34302208 266883706
34302208 36782068
269212311 36782068
269212311 266874628
34320516 266874628
34320516 36789815
269208847 36789815
269208847 266866261
34323420 266866261
34323420 36819286
269200644 36819286
269200644 266837208
34323699 266837208
34323699 36830582
269179155 36830582
269179155 266820720
34330871 266820720
34330871 36831110
269173906 36831110
269173906 266781431
34367371 266781431
34367371 36875201
269162246 36875201
269162246 266779964
34371184 266779964
34371184 36912084
269155050 36912084
269155050 266768777
34378480 266768777
34378480 36913953
269153843 36913953
269153843 266767747
34390153 266767747
34390153 36915476
269125257 36915476
269125257 266731481
34391405 266731481
34391405 36918985
269114039 36918985
269114039 266701649
34400724 266701649
34400724 36940025
269095361 36940025
269095361 266700935
34427304 266700935
34427304 36946760
269060237 36946760
269060237 266697743
34453142 266697743
34453142 36967121
269055981 36967121
269055981 266679089
34489081 266679089
34489081 36974374
269042809 36974374
269042809 266660318
34496696 266660318
34496696 37017487
269028452 37017487
269028452 266657630
34502337 266657630
34502337 37026490
268991107 37026490
268991107 266644467
34507290 266644467
34507290 37029832
268978942 37029832
268978942 266643165
34507346 266643165
34507346 37039674
268967710 37039674
268967710 266602432
34540705 266602432
34540705 37043905
268956652 37043905
268956652 266583483
34551382 266583483
34551382 37046670
268945372 37046670
268945372 266568742
34557023 266568742
34557023 37055440
268934907 37055440
268934907 266551905
34581849 266551905
34581849 37075079
268934644 37075079
268934644 266503177
34595518 266503177
34595518 37075985
268926287 37075985
268926287 266494509
34603315 266494509
34603315 37091714
268912933 37091714
268912933 266486710
34611357 266486710
34611357 37098018
268911780 37098018
268911780 266478317
34625974 266478317
34625974 37099303
268909836 37099303
268909836 266376991
34645526 266376991
34645526 37105342
268892232 37105342
268892232 266368662
34660290 266368662
34660290 37121036
268872241 37121036
268872241 266368391
34680259 266368391
34680259 37171660
268867816 37171660
268867816 266363417
34685484 266363417
34685484 37208424
268851790 37208424
268851790 266333481
34698542 266333481
34698542 37271378
268838308 37271378
268838308 266323526
34739458 266323526
34739458 37281099
268822237 37281099
268822237 266321357
34788131 266321357
34788131 37282144
268798604 37282144
268798604 266320689
34797741 266320689
34797741 37288302
268782196 37288302
268782196 266318992
34800320 266318992
34800320 37298305
268778743 37298305
268778743 266300532
34848809 266300532
34848809 37300213
268771060 37300213
268771060 266297002
34851098 266297002
34851098 37307158
268748680 37307158
268748680 266294736
34859360 266294736
34859360 37314981
268725714 37314981
268725714 266293815
34863472 266293815
34863472 37322642
268719497 37322642
268719497 266292997
34870700 266292997
34870700 37326793
268718504 37326793
268718504 266282241
34871606 266282241
34871606 37331422
268717400 37331422
268717400 266262269
34874783 266262269
34874783 37336806
268692907 37336806
268692907 266215831
34906230 266215831
34906230 37351612
268685003 37351612
268685003 266211334
34911020 266211334
34911020 37354743
268673004 37354743
268673004 266185182
34915685 266185182
34915685 37357037
268650390 37357037
268650390 266133896
34947562 266133896
34947562 37370461
268593845 37370461
268593845 266127233
34964415 266127233
34964415 37376530
268573666 37376530
268573666 266125921
34968536 266125921
34968536 37385623
268572056 37385623
268572056 266116902
34976502 266116902
34976502 37389877
268511349 37389877
268511349 266107689
34981002 266107689
34981002 37437982
268508665 37437982
268508665 266101125
34982758 266101125
34982758 37494753
268464592 37494753
268464592 266089430
34992532 266089430
34992532 37501668
268459424 37501668
268459424 266068843
35003911 266068843
35003911 37505232
268427782 37505232
268427782 266062769
35024076 266062769
35024076 37512188
268411392 37512188
268411392 266033995
35029767 266033995
35029767 37516658
268403386 37516658
268403386 266012424
35045027 266012424
35045027 37524414
268385050 37524414
268385050 265996390
35046046 265996390
35046046 37529747
268380086 37529747
268380086 265983959
35084760 265983959
35084760 37577604
268369260 37577604
268369260 265975661
35086407 265975661
35086407 37586403
268365607 37586403
268365607 265974675
35091846 265974675
35091846 37593089
268351005 37593089
268351005 265959085
35113586 265959085
35113586 37619693
268337522 37619693
268337522 265937085
35125418 265937085
35125418 37638565
268336337 37638565
268336337 265927019
35148643 265927019
35148643 37650934
268319658 37650934
268319658 265895558
35167990 265895558
35167990 37661077
268315295 37661077
268315295 265805950
35168241 265805950
35168241 37669863
268307717 37669863
268307717 265798754
35169631 265798754
35169631 37677973
268291653 37677973
268291653 265798655
35171693 265798655
35171693 37695057
268284341 37695057
268284341 265789478
35172003 265789478
35172003 37743006
268266840 37743006
268266840 265786817
35173389 265786817
35173389 37752570
268262371 37752570
268262371 265778268
35214953 265778268
35214953 37775677
268255043 37775677
268255043 265766589
35268798 265766589
35268798 37813021
268241099 37813021
268241099 265737464
35278273 265737464
35278273 37827349
268234481 37827349
268234481 265734723
35300950 265734723
35300950 37837518
268191751 37837518
268191751 265726877
35301318 265726877
35301318 37846698
268160542 37846698
268160542 265720379
35303820 265720379
35303820 37850222
268144216 37850222
268144216 265701958
35358563 265701958
35358563 37854779
268140392 37854779
268140392 265699826
35358822 265699826
35358822 37854840
268097039 37854840
268097039 265682802
35369600 265682802
35369600 37870830
268037649 37870830
268037649 265679123
35382351 265679123
35382351 37876145
268030865 37876145
268030865 265668551
35400356 265668551
35400356 37890628
268017762 37890628
268017762 265645026
35405232 265645026
35405232 37915899
268016994 37915899
268016994 265637351
35490285 265637351
35490285 37922270
268010218 37922270
268010218 265632441
35490420 265632441
35490420 37937442
267998008 37937442
267998008 265613421
35503634 265613421
35503634 37954395
267995529 37954395
267995529 265600744
35504715 265600744
35504715 37978740
267954450 37978740
267954450 265576631
35521886 265576631
35521886 37982585
267954073 37982585
267954073 265567374
35525488 265567374
35525488 37984855
267935664 37984855
267935664 265529718
35528011 265529718
35528011 38001239
267929060 38001239
267929060 265527341
35534430 265527341
35534430 38015202
267921170 38015202
267921170 265515321
35542613 265515321
35542613 38032585
267919088 38032585
267919088 265488616
35549086 265488616
35549086 38066900
267884235 38066900
267884235 265477730
35552020 265477730
35552020 38072469
267857785 38072469
267857785 265461825
35570693 265461825
35570693 38089518
267856408 38089518
267856408 265454062
35574988 265454062
35574988 38100170
267846048 38100170
267846048 265448639
35599597 265448639
35599597 38102302
267839165 38102302
267839165 265430303
35613636 265430303
35613636 38106351
267827719 38106351
267827719 265427142
35636718 265427142
35636718 38163067
267821723 38163067
267821723 265419101
35647195 265419101
35647195 38183254
267804385 38183254
267804385 265412723
35680140 265412723
35680140 38194663
267801796 38194663
267801796 265391389
35681815 265391389
35681815 38201751
267768076 38201751
267768076 265380400
35687141 265380400
35687141 38210640
267761160 38210640
267761160 265370338
35718790 265370338
35718790 38231653
267760718 38231653
267760718 265353445
35734574 265353445
35734574 38253416
267759704 38253416
267759704 265343510
35739048 265343510
35739048 38260095
267735624 38260095
267735624 265307546
35776289 265307546
35776289 38277347
267714935 38277347
267714935 265301438
35786136 265301438
35786136 38280220
267712710 38280220
267712710 265300586
35789937 265300586
35789937 38285539
267692140 38285539
267692140 265300495
35799394 265300495
35799394 38313041
267675210 38313041
267675210 265299624
35827448 265299624
35827448 38322483
267664243 38322483
267664243 265253507
35828179 265253507
35828179 38330257
267645213 38330257
267645213 265246734
35831093 265246734
35831093 38331719
267637817 38331719
267637817 265233994
35839498 265233994
35839498 38345528
267607799 38345528
267607799 265216534
35846158 265216534
35846158 38347263
267588930 38347263
267588930 265177131
35852026 265177131
35852026 38379080
267564963 38379080
267564963 265156178
35892774 265156178
35892774 38422583
267560080 38422583
267560080 265142826
35893889 265142826
35893889 38426353
267551425 38426353
267551425 265139380
35946098 265139380
35946098 38427463
267545317 38427463
267545317 265137670
35962176 265137670
35962176 38470552
267536145 38470552
267536145 265103081
35967279 265103081
35967279 38473197
267501665 38473197
267501665 265091839
35971517 265091839
35971517 38473546
267492782 38473546
267492782 265085950
35980473 265085950
35980473 38505105
267431301 38505105
267431301 265067980
35988298 265067980
35988298 38511763
267428061 38511763
267428061 265062129
35990902 265062129
35990902 38514932
267415129 38514932
267415129 265049936
35991058 265049936
35991058 38516093
267409570 38516093
267409570 265037415
35992983 265037415
35992983 38521815
267401451 38521815
267401451 265017839
36021178 265017839
36021178 38548838
267374189 38548838
267374189 265017129
36032274 265017129
36032274 38551791
267371199 38551791
267371199 264988610
36039960 264988610
36039960 38556242
267364769 38556242
267364769 264984679
36049002 264984679
36049002 38558722
267347108 38558722
267347108 264964326
36057306 264964326
36057306 38615257
267344050 38615257
267344050 264952852
36074980 264952852
36074980 38618338
267331928 38618338
267331928 264936736
36077841 264936736
36077841 38621054
267324216 38621054
267324216 264932052
36103063 264932052
36103063 38629582
267323088 38629582
267323088 264927913
36112724 264927913
36112724 38651597
267294643 38651597
267294643 264923005
36135114 264923005
36135114 38655714
267294498 38655714
267294498 264909368
36135139 264909368
36135139 38699976
267275777 38699976
267275777 264899982
36155708 264899982
36155708 38708993
267271213 38708993
267271213 264881612
36161705 264881612
36161705 38733369
267257183 38733369
267257183 264874065
36162645 264874065
36162645 38737100
267256616 38737100
267256616 264854688
36168474 264854688
36168474 38737372
267240181 38737372
267240181 264832280
36273578 264832280
36273578 38738654
267221522 38738654
267221522 264831745
36296898 264831745
36296898 38746622
267202799 38746622
267202799 264819711
36319190 264819711
36319190 38755194
267167641 38755194
267167641 264817221
36350075 264817221
36350075 38761240
267149616 38761240
267149616 264813704
36354727 264813704
36354727 38762180
267114454 38762180
267114454 264793643
36356364 264793643
36356364 38784676
267112673 38784676
267112673 264792313
36368247 264792313
36368247 38816477
267104698 38816477
267104698 264761900
36368496 264761900
36368496 38822532
267096401 38822532
267096401 264747560
36392257 264747560
36392257 38827109
267092404 38827109
267092404 264731598
36432001 264731598
36432001 38839322
267089959 38839322
267089959 264717771
36435437 264717771
36435437 38848247
267070067 38848247
267070067 264712547
36445913 264712547
36445913 38854856
267063110 38854856
267063110 264710179
36460436 264710179
36460436 38857403
267041325 38857403
267041325 264708858
36460787 264708858
36460787 38859826
267031850 38859826
267031850 264686635
36483167 264686635
36483167 38870546
267003281 38870546
267003281 264682510
36490625 264682510
36490625 38872853
266992948 38872853
266992948 264659932
36505209 264659932
36505209 38906637
266978492 38906637
266978492 264634505
36525442 264634505
36525442 38915091
266975955 38915091
266975955 264624193
36528304 264624193
36528304 38930627
266969622 38930627
266969622 264604978
36540151 264604978
36540151 38933287
266946714 38933287
266946714 264581909
36576419 264581909
36576419 38952895
266941329 38952895
266941329 264558941
36588679 264558941
36588679 38971172
266926001 38971172
266926001 264557505
36589457 264557505
36589457 38980846
266919933 38980846
266919933 264550097
36599914 264550097
36599914 38988253
266907589 38988253
266907589 264538980
36607009 264538980
36607009 38992219
266894970 38992219
266894970 264518020
36608705 264518020
36608705 39013208
266880694 39013208
266880694 264514356
36608771 264514356
36608771 39036213
266863489 39036213
266863489 264499284
36613360 264499284
36613360 39058143
266838038 39058143
266838038 264498119
36614557 264498119
36614557 39066633
266808303 39066633
266808303 264481821
36620733 264481821
36620733 39084789
266780744 39084789
266780744 264477486
36648897 264477486
36648897 39088801
266764931 39088801
266764931 264467179
36707275 264467179
36707275 39091246
266738789 39091246
266738789 264454817
36711337 264454817
36711337 39106123
266734265 39106123
266734265 264435266
36726600 264435266
36726600 39106192
266717837 39106192
266717837 264432462
36741482 264432462
36741482 39125733
266710266 39125733
266710266 264429989
36752051 264429989
36752051 39170312
266706362 39170312
266706362 264426718
36762713 264426718
36762713 39173611
266699494 39173611
266699494 264415145
36779376 264415145
36779376 39198025
266688554 39198025
266688554 264414388
36802855 264414388
36802855 39202304
266674455 39202304
266674455 264409292
36815981 264409292
36815981 39252909
266633302 39252909
266633302 264392218
36816726 264392218
36816726 39254281
266610620 39254281
266610620 264382092
36817905 264382092
36817905 39268927
266594776 39268927
266594776 264380500
36820752 264380500
36820752 39278480
266591077 39278480
266591077 264349513
36828096 264349513
36828096 39280600
266588639 39280600
266588639 264284473
36831558 264284473
36831558 39297779
266585952 39297779
266585952 264282975
36861099 264282975
36861099 39308462
266566565 39308462
266566565 264279024
36863709 264279024
36863709 39337380
266558544 39337380
266558544 264274912
36864957 264274912
36864957 39351486
266539897 39351486
266539897 264274674
36881944 264274674
36881944 39352208
266530837 39352208
266530837 264256892
36886391 264256892
36886391 39367521
266523070 39367521
266523070 264245931
36909923 264245931
36909923 39374060
266519012 39374060
266519012 264225081
36910748 264225081
36910748 39378786
266515963 39378786
266515963 264216822
36911796 264216822
36911796 39389444
266511794 39389444
266511794 264213719
36913408 264213719
36913408 39393920
266469296 39393920
266469296 264172000
36934233 264172000
36934233 39416082
266454657 39416082
266454657 264100329
36946775 264100329
36946775 39422279
266439671 39422279
266439671 264094230
36969648 264094230
36969648 39438126
266436236 39438126
266436236 264064096
36981431 264064096
36981431 39466679
266417857 39466679
266417857 264045173
36994497 264045173
36994497 39471938
266411458 39471938
266411458 264017594
37009188 264017594
37009188 39475606
266402709 39475606
266402709 263998959
37018654 263998959
37018654 39476251
266400535 39476251
266400535 263991084
37040134 263991084
37040134 39477789
266378869 39477789
266378869 263973207
37042511 263973207
37042511 39485638
266364325 39485638
266364325 263961498
37069805 263961498
37069805 39489716
266360451 39489716
266360451 263959440
37075733 263959440
37075733 39492594
266339484 39492594
266339484 263950378
37087460 263950378
37087460 39515458
266336528 39515458
266336528 263932592
37089280 263932592
37089280 39559065
266335622 39559065
266335622 263925468
37111393 263925468
37111393 39560947
266334196 39560947
266334196 263906080
37189636 263906080
37189636 39585371
266316717 39585371
266316717 263846822
37197942 263846822
37197942 39585960
266298332 39585960
266298332 263833039
37212994 263833039
37212994 39606046
266290795 39606046
266290795 263822475
37221815 263822475
37221815 39619393
266257975 39619393
266257975 263815341
37268838 263815341
37268838 39637604
266240054 39637604
266240054 263802469
37282366 263802469
37282366 39651769
266231371 39651769
266231371 263800256
37292188 263800256
37292188 39661480
266227675 39661480
266227675 263797262
37322857 263797262
37322857 39661718
266223697 39661718
266223697 263771389
37325590 263771389
37325590 39670655
266203896 39670655
266203896 263756330
37325707 263756330
37325707 39684792
266201731 39684792
266201731 263749341
37328413 263749341
37328413 39686990
266162659 39686990
266162659 263743082
37334249 263743082
37334249 39695719
266160847 39695719
266160847 263741715
37369343 263741715
37369343 39696386
266141343 39696386
266141343 263739540
37378695 263739540
37378695 39710698
266139994 39710698
266139994 263737061
37385730 263737061
37385730 39756923
266126030 39756923
266126030 263723131
37389118 263723131
37389118 39775606
266125926 39775606
266125926 263701765
37397377 263701765
37397377 39775699
266124381 39775699
266124381 263687877
37426632 263687877
37426632 39797378
266108431 39797378
266108431 263675816
37432179 263675816
37432179 39799032
266105409 39799032
266105409 263664017
37433792 263664017
37433792 39850066
266103471 39850066
266103471 263649400
37439143 263649400
37439143 39851190
266097637 39851190
266097637 263640151
37470758 263640151
37470758 39854831
266078615 39854831
266078615 263637238
37475163 263637238
37475163 39860355
266048245 39860355
266048245 263634527
37502486 263634527
37502486 39866859
266045968 39866859
266045968 263633769
37503498 263633769
37503498 39872643
266014178 39872643
266014178 263631498
37506012 263631498
37506012 39882257
266008170 39882257
266008170 263614147
37518536 263614147
37518536 39912360
265992636 39912360
265992636 263611248
37523506 263611248
37523506 39912956
265985579 39912956
265985579 263609851
37551768 263609851
37551768 39921065
265970588 39921065
265970588 263597661
37556730 263597661
37556730 39921589
265968673 39921589
265968673 263563366
37557121 263563366
37557121 39923656
265903583 39923656
265903583 263507763
37568716 263507763
37568716 39929763
265883648 39929763
265883648 263505327
37578090 263505327
37578090 39962669
265865567 39962669
265865567 263486837
37584270 263486837
37584270 39969758
265864918 39969758
265864918 263472793
37616554 263472793
37616554 39983266
265863602 39983266
265863602 263470497
37617469 263470497
37617469 40030141
265836612 40030141
265836612 263465474
37626582 263465474
37626582 40039260
265820524 40039260
265820524 263462392
37632737 263462392
37632737 40077374
265810281 40077374
265810281 263457196
37640299 263457196
37640299 40122582
265806885 40122582
265806885 263441103
37646074 263441103
37646074 40143955
265804105 40143955
265804105 263436499
37674273 263436499
37674273 40146078
265788363 40146078
265788363 263434594
37690678 263434594
37690678 40176864
265767462 40176864
265767462 263408107
37695289 263408107
37695289 40184160
265740712 40184160
265740712 263407191
37697080 263407191
37697080 40231196
265730737 40231196
265730737 263395076
37728718 263395076
37728718 40236440
265717642 40236440
265717642 263374507
37729945 263374507
37729945 40239825
265696576 40239825
265696576 263332102
37735099 263332102
37735099 40251453
265695484 40251453
265695484 263317529
37757064 263317529
37757064 40270302
265693095 40270302
265693095 263302694
37758679 263302694
37758679 40272661
265682915 40272661
265682915 263269137
37766681 263269137
37766681 40274475
265680910 40274475
265680910 263255926
37779192 263255926
37779192 40288725
265637750 40288725
265637750 263250937
37783550 263250937
37783550 40289365
265631382 40289365
265631382 263250901
37796185 263250901
37796185 40317653
265617728 40317653
265617728 263217781
37800021 263217781
37800021 40340184
265582942 40340184
265582942 263217629
37803480 263217629
37803480 40365309
265520851 40365309
265520851 263194865
37805627 263194865
37805627 40366690
265502091 40366690
265502091 263186141
37806868 263186141
37806868 40371814
265497813 40371814
265497813 263173253
37810174 263173253
37810174 40372452
265496429 40372452
265496429 263172780
37820582 263172780
37820582 40397874
265466985 40397874
265466985 263154768
37828772 263154768
37828772 40399775
265445639 40399775
265445639 263154750
37838911 263154750
37838911 40409414
265439935 40409414
265439935 263151385
37861665 263151385
37861665 40416590
265434635 40416590
265434635 263131410
37878307 263131410
37878307 40439038
265427352 40439038
265427352 263118713
37900545 263118713
37900545 40443391
265420640 40443391
265420640 263098068
37929840 263098068
37929840 40444514
265419223 40444514
265419223 263093714
37936900 263093714
37936900 40449419
265417975 40449419
265417975 263058472
37958254 263058472
37958254 40464550
265412535 40464550
265412535 263057276
37969937 263057276
37969937 40498995
265389755 40498995
265389755 263050598
37978369 263050598
37978369 40511695
265373653 40511695
265373653 263038859
37979446 263038859
37979446 40518641
265365351 40518641
265365351 263000767
37999696 263000767
37999696 40520590
265356018 40520590
265356018 263000260
38014307 263000260
38014307 40522358
265341328 40522358
265341328 262997072
38032136 262997072
38032136 40534558
265305322 40534558
265305322 262980547
38060932 262980547
38060932 40540951
265304234 40540951
265304234 262968626
38084318 262968626
38084318 40557957
265298081 40557957
265298081 262958890
38087275 262958890
38087275 40560330
265297452 40560330
265297452 262953637
38136569 262953637
38136569 40591685
265280341 40591685
265280341 262946363
38139851 262946363
38139851 40603071
265277558 40603071
265277558 262925903
38160095 262925903
38160095 40634643
265262640 40634643
265262640 262905487
38162713 262905487
38162713 40659809
265262075 40659809
265262075 262895873
38170563 262895873
38170563 40690050
265229332 40690050
265229332 262883368
38177990 262883368
38177990 40700590
265221625 40700590
265221625 262874644
38185258 262874644
38185258 40705186
265219560 40705186
265219560 262859343
38186601 262859343
38186601 40707813
265215286 40707813
265215286 262858967
38231900 262858967
38231900 40709720
265211140 40709720
265211140 262857257
38240414 262857257
38240414 40716951
265206119 40716951
265206119 262848013
38241679 262848013
38241679 40729591
265201571 40729591
265201571 262844673
38245145 262844673
38245145 40745850
265197316 40745850
265197316 262829749
38246367 262829749
38246367 40760473
265178789 40760473
265178789 262829650
38263091 262829650
38263091 40767254
265168824 40767254
265168824 262826039
38271758 262826039
38271758 40770115
265160693 40770115
265160693 262816963
38273013 262816963
38273013 40783394
265107195 40783394
265107195 262792929
38273866 262792929
38273866 40790283
265077767 40790283
265077767 262782379
38281038 262782379
38281038 40808312
265072247 40808312
265072247 262751169
38281493 262751169
38281493 40832237
265056411 40832237
265056411 262733459
38300405 262733459
38300405 40842316
265045081 40842316
265045081 262728837
38321689 262728837
38321689 40843759
265023849 40843759
265023849 262724077
38328167 262724077
38328167 40849382
264974136 40849382
264974136 262711435
38330139 262711435
38330139 40883739
264969035 40883739
264969035 262708395
38345858 262708395
38345858 40886200
264948100 40886200
264948100 262703807
38349592 262703807
38349592 40893667
264923163 40893667
264923163 262685028
38353360 262685028
38353360 40895843
264908691 40895843
264908691 262656984
38355626 262656984
38355626 40902608
264906692 40902608
264906692 262642850
38380115 262642850
38380115 40905962
264870965 40905962
264870965 262641501
38383390 262641501
38383390 40935565
264867613 40935565
264867613 262634864
38387075 262634864
38387075 40939540
264864643 40939540
264864643 262604523
38400302 262604523
38400302 40950143
264863455 40950143
264863455 262594392
38409852 262594392
38409852 40955807
264837429 40955807
264837429 262580963
38448415 262580963
38448415 41018713
264836911 41018713
264836911 262577742
38453897 262577742
38453897 41035435
264814233 41035435
264814233 262575432
38468607 262575432
38468607 41038338
264783678 41038338
264783678 262574706
38473933 262574706
38473933 41065504
264773065 41065504
264773065 262573802
38479954 262573802
38479954 41079327
264769169 41079327
264769169 262564975
38489402 262564975
38489402 41080645
264729447 41080645
264729447 262555463
38505582 262555463
38505582 41103744
264729008 41103744
264729008 262550567
38507666 262550567
38507666 41117736
264728588 41117736
264728588 262543565
38509128 262543565
38509128 41125121
264704053 41125121
264704053 262512176
38555449 262512176
38555449 41149868
264701884 41149868
264701884 262488108
38556949 262488108
38556949 41154927
264682763 41154927
264682763 262473493
38602255 262473493
38602255 41156016
264659960 41156016
264659960 262454316
38602600 262454316
38602600 41174680
264651179 41174680
264651179 262450449
38612429 262450449
38612429 41198574
264650127 41198574
264650127 262442902
38626132 262442902
38626132 41223334
264648309 41223334
264648309 262418160
38674488 262418160
38674488 41223596
264637076 41223596
264637076 262410223
38686607 262410223
38686607 41228525
264627992 41228525
264627992 262401146
38690285 262401146
38690285 41232538
264623353 41232538
264623353 262394593
38695058 262394593
38695058 41235454
264612972 41235454
264612972 262393708
38709154 262393708
38709154 41251051
264608743 41251051
264608743 262381321
38721231 262381321
38721231 41266931
264605666 41266931
264605666 262380236
38723526 262380236
38723526 41277864
264591377 41277864
264591377 262365262
38746739 262365262
38746739 41347549
264578101 41347549
264578101 262356901
38753320 262356901
38753320 41360318
264564970 41360318
264564970 262330784
38759148 262330784
38759148 41368824
264547969 41368824
264547969 262324233
38761771 262324233
38761771 41375559
264527597 41375559
264527597 262307348
38814532 262307348
38814532 41426530
264487438 41426530
264487438 262291434
38831640 262291434
38831640 41430838
264481069 41430838
264481069 262268024
38855405 262268024
38855405 41435362
264478874 41435362
264478874 262253752
38856546 262253752
38856546 41449617
264474173 41449617
264474173 262251335
38867570 262251335
38867570 41470016
264460531 41470016
264460531 262247690
38875934 262247690
38875934 41478730
264445994 41478730
264445994 262242784
38881105 262242784
38881105 41488002
264418732 41488002
264418732 262234838
38888160 262234838
38888160 41500889
264401711 41500889
264401711 262225393
38890984 262225393
38890984 41506961
264398912 41506961
264398912 262215109
38902039 262215109
38902039 41554362
264392550 41554362
264392550 262201702
38903899 262201702
38903899 41562832
264378639 41562832
264378639 262196741
38937841 262196741
38937841 41565643
264369276 41565643
264369276 262147695
38946980 262147695
38946980 41567024
264366114 41567024
264366114 262125547
38947624 262125547
38947624 41572464
264358685 41572464
264358685 262089699
38964211 262089699
38964211 41574689
264356966 41574689
264356966 262077048
38967208 262077048
38967208 41596124
264349990 41596124
264349990 262070111
38977252 262070111
38977252 41598700
264347157 41598700
264347157 262052933
38980693 262052933
38980693 41625882
264321831 41625882
264321831 262049028
38988121 262049028
38988121 41626129
264321349 41626129
264321349 262043281
38992469 262043281
38992469 41630853
264318776 41630853
264318776 262033676
39008926 262033676
39008926 41650313
264317771 41650313
264317771 262026000
39013973 262026000
39013973 41664416
264317229 41664416
264317229 262021115
39054882 262021115
39054882 41671852
264299561 41671852
264299561 261995637
39055241 261995637
39055241 41701180
264276519 41701180
264276519 261990504
39063052 261990504
39063052 41728035
264274004 41728035
264274004 261982708
39080288 261982708
39080288 41728729
264254054 41728729
264254054 261980746
39084098 261980746
39084098 41731950
264233444 41731950
264233444 261967998
39085064 261967998
39085064 41738690
264231489 41738690
264231489 261966548
39091008 261966548
39091008 41751585
264226447 41751585
264226447 261958373
39096977 261958373
39096977 41752505
264221283 41752505
264221283 261949424
39113965 261949424
39113965 41755522
264213564 41755522
264213564 261935219
39119768 261935219
39119768 41773434
264194431 41773434
264194431 261934553
39141244 261934553
39141244 41781496
264177635 41781496
264177635 261910370
39190423 261910370
39190423 41782672
264172269 41782672
264172269 261902106
39216155 261902106
39216155 41803910
264120777 41803910
264120777 261900860
39220267 261900860
39220267 41826980
264111695 41826980
264111695 261891850
39229392 261891850
39229392 41842418
264105236 41842418
264105236 261890681
39236303 261890681
39236303 41878194
264102097 41878194
264102097 261879748
39240122 261879748
39240122 41890824
264095926 41890824
264095926 261871493
39248199 261871493
39248199 41921132
264084764 41921132
264084764 261860509
39253801 261860509
39253801 41942755
264079031 41942755
264079031 261844348
39262235 261844348
39262235 41958739
264057700 41958739
264057700 261841586
39263876 261841586
39263876 41963183
264057571 41963183
264057571 261841038
39275619 261841038
39275619 41975479
264034592 41975479
264034592 261826233
39319089 261826233
39319089 41976081
263980977 41976081
263980977 261825314
39331993 261825314
39331993 42000098
263968247 42000098
263968247 261815816
39337000 261815816
39337000 42006923
263960900 42006923
263960900 261802129
39363332 261802129
39363332 42011030
263922753 42011030
263922753 261738340
39363896 261738340
39363896 42015852
263889579 42015852
263889579 261689764
39365409 261689764
39365409 42034943
263878092 42034943
263878092 261687728
39398433 261687728
39398433 42036292
263867892 42036292
263867892 261669401
39405132 261669401
39405132 42036352
263863823 42036352
263863823 261668281
39419143 261668281
39419143 42060170
263858555 42060170
263858555 261665273
39421159 261665273
39421159 42074429
263834348 42074429
263834348 261641333
39422788 261641333
39422788 42105365
263826650 42105365
263826650 261623000
39428963 261623000
39428963 42108200
263823860 42108200
263823860 261603601
39459204 261603601
39459204 42131145
263805226 42131145
263805226 261591881
39480152 261591881
39480152 42135206
263802502 42135206
263802502 261591462
39486457 261591462
39486457 42143296
263795611 42143296
263795611 261586021
39523512 261586021
39523512 42169154
263795112 42169154
263795112 261584147
39529105 261584147
39529105 42176508
263777768 42176508
263777768 261582197
39531657 261582197
39531657 42190140
263773981 42190140
263773981 261579290
39539735 261579290
39539735 42207047
263749178 42207047
263749178 261562530
39545014 261562530
39545014 42215692
263744091 42215692
263744091 261562427
39551723 261562427
39551723 42227630
263739922 42227630
263739922 261555904
39557404 261555904
39557404 42243503
263738432 42243503
263738432 261535845
39619962 261535845
39619962 42243866
263719389 42243866
263719389 261517083
39621075 261517083
39621075 42315599
263712591 42315599
263712591 261514239
39625993 261514239
39625993 42316105
263702072 42316105
263702072 261488682
39708264 261488682
39708264 42333344
263677774 42333344
263677774 261479632
39713699 261479632
39713699 42339957
263677769 42339957
263677769 261476305
39718997 261476305
39718997 42346447
263665762 42346447
263665762 261458547
39741195 261458547
39741195 42359469
263636026 42359469
263636026 261396295
39791310 261396295
39791310 42363062
263628879 42363062
263628879 261371203
39792852 261371203
39792852 42374703
263626983 42374703
263626983 261365445
39808764 261365445
39808764 42376365
263623384 42376365
263623384 261359115
39824560 261359115
39824560 42386601
263610501 42386601
263610501 261357113
39826610 261357113
39826610 42408681
263578330 42408681
263578330 261353623
39840173 261353623
39840173 42423840
263575236 42423840
263575236 261290976
39840846 261290976
39840846 42430816
263573522 42430816
263573522 261290956
39890796 261290956
39890796 42441584
263530686 42441584
263530686 261282964
39902087 261282964
39902087 42452273
263526402 42452273
263526402 261270129
39906965 261270129
39906965 42457026
263506660 42457026
263506660 261263090
39911753 261263090
39911753 42481983
263493557 42481983
263493557 261258624
39916403 261258624
39916403 42482490
263474565 42482490
263474565 261244576
39923884 261244576
39923884 42491085
263466103 42491085
263466103 261239905
39927727 261239905
39927727 42502314
263459174 42502314
263459174 261229360
39932608 261229360
39932608 42521860
263428381 42521860
263428381 261220300
39944000 261220300
39944000 42539745
263420297 42539745
263420297 261196881
39947849 261196881
39947849 42551224
263415608 42551224
263415608 261189758
39960452 261189758
39960452 42559285
263414841 42559285
263414841 261185215
39962799 261185215
39962799 42559434
263372970 42559434
263372970 261160531
39970045 261160531
39970045 42602249
263361227 42602249
263361227 261157138
39974507 261157138
39974507 42602389
263354351 42602389
263354351 261117494
39980454 261117494
39980454 42608581
263343168 42608581
263343168 261070246
39982073 261070246
39982073 42617604
263329309 42617604
263329309 261066513
39985549 261066513
39985549 42630345
263322248 42630345
263322248 261034792
39989090 261034792
39989090 42645903
263321829 42645903
263321829 261032093
39997457 261032093
39997457 42646047
263287218 42646047
263287218 261031797
40020319 261031797
40020319 42650389
263273453 42650389
263273453 261022948
40038013 261022948
40038013 42652557
263271087 42652557
263271087 261021915
40043665 261021915
40043665 42654434
263264065 42654434
263264065 261017862
40055922 261017862
40055922 42658725
263243813 42658725
263243813 261009892
40073427 261009892
40073427 42661789
263243417 42661789
263243417 261008574
40085884 261008574
40085884 42711323
263227005 42711323
263227005 260987742
40089695 260987742
40089695 42722379
263224989 42722379
263224989 260968353
40103054 260968353
40103054 42737126
263223956 42737126
263223956 260960211
40119603 260960211
40119603 42767493
263220738 42767493
263220738 260951170
40142384 260951170
40142384 42801762
263215603 42801762
263215603 260949317
40143344 260949317
40143344 42807525
263195841 42807525
263195841 260937895
40170048 260937895
40170048 42826513
263188575 42826513
263188575 260929299
40172722 260929299
40172722 42839605
263181476 42839605
263181476 260911724
40176066 260911724
40176066 42844862
263170137 42844862
263170137 260906208
40181754 260906208
40181754 42849377
263160643 42849377
263160643 260895782
40193785 260895782
40193785 42870439
263159971 42870439
263159971 260882994
40194811 260882994
40194811 42877329
263157754 42877329
263157754 260876171
40218353 260876171
40218353 42909598
263154339 42909598
263154339 260865280
40229480 260865280
40229480 42915256
263139095 42915256
263139095 260846673
40230783 260846673
40230783 42922157
263111217 42922157
263111217 260841250
40265446 260841250
40265446 42923776
263098573 42923776
263098573 260832752
40267335 260832752
40267335 42933334
263095657 42933334
263095657 260831612
40293859 260831612
40293859 42934105
263087103 42934105
263087103 260813235
40320380 260813235
40320380 42934508
263085349 42934508
263085349 260784446
40332490 260784446
40332490 42942392
263077977 42942392
263077977 260778606
40334746 260778606
40334746 42942515
263043405 42942515
263043405 260750936
40348582 260750936
40348582 42958515
263040000 42958515
263040000 260735771
40363349 260735771
40363349 42963727
263034875 42963727
263034875 260727520
40370345 260727520
40370345 42966231
263022624 42966231
263022624 260707528
40382068 260707528
40382068 42973768
263022408 42973768
263022408 260705282
40394137 260705282
40394137 42977507
262993075 42977507
262993075 260704210
40404878 260704210
40404878 42981616
262986398 42981616
262986398 260700424
40446024 260700424
40446024 42990971
262972413 42990971
262972413 260675197
40447380 260675197
40447380 42998430
262964649 42998430
262964649 260672806
40452831 260672806
40452831 43016538
262960457 43016538
262960457 260671281
40464808 260671281
40464808 43022762
262945643 43022762
262945643 260663090
40492832 260663090
40492832 43023052
262906134 43023052
262906134 260652364
40499832 260652364
40499832 43036896
262885532 43036896
262885532 260625678
40508764 260625678
40508764 43046026
262878610 43046026
262878610 260615728
40509574 260615728
40509574 43084690
262874213 43084690
262874213 260608302
40511911 260608302
40511911 43088220
262863816 43088220
262863816 260564624
40512348 260564624
40512348 43119622
262842242 43119622
262842242 260560147
40513460 260560147
40513460 43131473
262814617 43131473
262814617 260557069
40547790 260557069
40547790 43167904
262805483 43167904
262805483 260547216
40561043 260547216
40561043 43179792
262797125 43179792
262797125 260516845
40564853 260516845
40564853 43187617
262789596 43187617
262789596 260513115
40574263 260513115
40574263 43197340
262784863 43197340
262784863 260471363
40588598 260471363
40588598 43241239
262781520 43241239
262781520 260456526
40595528 260456526
40595528 43249146
262761668 43249146
262761668 260449683
40602788 260449683
40602788 43259274
262754860 43259274
262754860 260445601
40632131 260445601
40632131 43294659
262747423 43294659
262747423 260438835
40656915 260438835
40656915 43310610
262741091 43310610
262741091 260436826
40669864 260436826
40669864 43317528
262739749 43317528
262739749 260428429
40684385 260428429
40684385 43319577
262736528 43319577
262736528 260427224
40684924 260427224
40684924 43327226
262725534 43327226
262725534 260417898
40715900 260417898
40715900 43331285
262718322 43331285
262718322 260408544
40733241 260408544
40733241 43357064
262717743 43357064
262717743 260403329
40736367 260403329
40736367 43367109
262705058 43367109
262705058 260402806
40742741 260402806
40742741 43371425
262691528 43371425
262691528 260400601
40754910 260400601
40754910 43379031
262681834 43379031
262681834 260400330
40759131 260400330
40759131 43393083
262644905 43393083
262644905 260387315
40762790 260387315
40762790 43409515
262639479 43409515
262639479 260382341
40764878 260382341
40764878 43411420
262603152 43411420
262603152 260378913
40807401 260378913
40807401 43415944
262600660 43415944
262600660 260355216
40811952 260355216
40811952 43422243
262590456 43422243
262590456 260340700
40835570 260340700
40835570 43430346
262578155 43430346
262578155 260317665
40856790 260317665
40856790 43458726
262558619 43458726
262558619 260297486
40864318 260297486
40864318 43462722
262554004 43462722
262554004 260260715
40889886 260260715
40889886 43465508
262534303 43465508
262534303 260251375
40905001 260251375
40905001 43473218
262508476 43473218
262508476 260250090
40905604 260250090
40905604 43512656
262492089 43512656
262492089 260226557
40909460 260226557
40909460 43526888
262465061 43526888
262465061 260222127
40910960 260222127
40910960 43541546
262447435 43541546
262447435 260202152
40913125 260202152
40913125 43551973
262422138 43551973
262422138 260198963
40919859 260198963
40919859 43554105
262408305 43554105
262408305 260194733
40930332 260194733
40930332 43570986
262400470 43570986
262400470 260189612
40932671 260189612
40932671 43579652
262399932 43579652
262399932 260186623
40940623 260186623
40940623 43579871
262378781 43579871
262378781 260183676
40943047 260183676
40943047 43584684
262375949 43584684
262375949 260168552
40953075 260168552
40953075 43588197
262364397 43588197
262364397 260148371
40955321 260148371
40955321 43595101
262361177 43595101
262361177 260129316
40958114 260129316
40958114 43599709
262353412 43599709
262353412 260099953
40974350 260099953
40974350 43602647
262346685 43602647
262346685 260077091
40980726 260077091
40980726 43627376
262345471 43627376
262345471 260068096
40980764 260068096
40980764 43630246
262344252 43630246
262344252 260067335
40984937 260067335
40984937 43642426
262334381 43642426
262334381 260058280
40986040 260058280
40986040 43682706
262316860 43682706
262316860 260054677
40992812 260054677
40992812 43702382
262316748 43702382
262316748 260027254
40997065 260027254
40997065 43741503
262311497 43741503
262311497 260009891
41038766 260009891
41038766 43755085
262303940 43755085
262303940 260003022
41048406 260003022
41048406 43758686
262300640 43758686
262300640 259996912
41058514 259996912
41058514 43769377
262291805 43769377
262291805 259994475
41066358 259994475
41066358 43771588
262273771 43771588
262273771 259991384
41066693 259991384
41066693 43780501
262269495 43780501
262269495 259990898
41067440 259990898
41067440 43786944
262262247 43786944
262262247 259984762
41067902 259984762
41067902 43796429
262217333 43796429
262217333 259972270
41091110 259972270
41091110 43839841
262204224 43839841
262204224 259965785
41091486 259965785
41091486 43842870
262203043 43842870
262203043 259957328
41103955 259957328
41103955 43864058
262184850 43864058
262184850 259952424
41104321 259952424
41104321 43882786
262182969 43882786
262182969 259931332
41119576 259931332
41119576 43886476
262181714 43886476
262181714 259912204
41123895 259912204
41123895 43890392
262161611 43890392
262161611 259889873
41137864 259889873
41137864 43893078
262159472 43893078
262159472 259879522
41174075 259879522
41174075 43898856
262159278 43898856
262159278 259874775
41274792 259874775
41274792 43909179
262158574 43909179
262158574 259861063
41286425 259861063
41286425 43935068
262158238 43935068
262158238 259777041
41290545 259777041
41290545 43936162
262158091 43936162
262158091 259776860
41294683 259776860
41294683 43943969
262143455 43943969
262143455 259766761
41314785 259766761
41314785 43950057
262143006 43950057
262143006 259764052
41319495 259764052
41319495 43962403
262136665 43962403
262136665 259754545
41339243 259754545
41339243 43974185
262132677 43974185
262132677 259747141
41350218 259747141
41350218 43993356
262123430 43993356
262123430 259745686
41376476 259745686
41376476 43998084
262099860 43998084
262099860 259735302
41385189 259735302
41385189 44024837
262098386 44024837
262098386 259722662
41410955 259722662
41410955 44027109
262095860 44027109
262095860 259714373
41413617 259714373
41413617 44040741
262062645 44040741
262062645 259713401
41414187 259713401
41414187 44042100
262040616 44042100
262040616 259672079
41424488 259672079
41424488 44090358
262032033 44090358
262032033 259667945
41430470 259667945
41430470 44105727
262017739 44105727
262017739 259665847
41433295 259665847
41433295 44123802
262008966 44123802
262008966 259658834
41439944 259658834
41439944 44128713
261998481 44128713
261998481 259638272
41440159 259638272
41440159 44140902
261979428 44140902
261979428 259638229
41445726 259638229
41445726 44158185
261975867 44158185
261975867 259631582
41447085 259631582
41447085 44176572
261958175 44176572
261958175 259620445
41458879 259620445
41458879 44177912
261901022 44177912
261901022 259620235
41462941 259620235
41462941 44189704
261899035 44189704
261899035 259554735
41506355 259554735
41506355 44208676
261877107 44208676
261877107 259525056
41531044 259525056
41531044 44210142
261855676 44210142
261855676 259515051
41532866 259515051
41532866 44213441
261854450 44213441
261854450 259492334
41542584 259492334
41542584 44217285
261832119 44217285
261832119 259486680
41544154 259486680
41544154 44218716
261829845 44218716
261829845 259464405
41564300 259464405
41564300 44223164
261820275 44223164
261820275 259462213
41567784 259462213
41567784 44225929
261819793 44225929
261819793 259459244
41568518 259459244
41568518 44230360
261807231 44230360
261807231 259456411
41578822 259456411
41578822 44249138
261804936 44249138
261804936 259453947
41614726 259453947
41614726 44272207
261793271 44272207
261793271 259448944
41632692 259448944
41632692 44281657
261790805 44281657
261790805 259438513
41634719 259438513
41634719 44282792
261787930 44282792
261787930 259427260
41640742 259427260
41640742 44286359
261784723 44286359
261784723 259411196
41654918 259411196
41654918 44287854
261761157 44287854
261761157 259406554
41691978 259406554
41691978 44298002
261740715 44298002
261740715 259403659
41706051 259403659
41706051 44299312
261704365 44299312
261704365 259395935
41712210 259395935
41712210 44302836
261701816 44302836
261701816 259395496
41719157 259395496
41719157 44306813
261693407 44306813
261693407 259385768
41727988 259385768
41727988 44314787
261677055 44314787
261677055 259383435
41735595 259383435
41735595 44317288
261668976 44317288
261668976 259382998
41753448 259382998
41753448 44331330
261665639 44331330
261665639 259381033
41762694 259381033
41762694 44335490
261663280 44335490
261663280 259366786
41767230 259366786
41767230 44344087
261637750 44344087
261637750 259327745
41786561 259327745
41786561 44348708
261626163 44348708
261626163 259322641
41812014 259322641
41812014 44388432
261619092 44388432
261619092 259316268
41824261 259316268
41824261 44405761
261612018 44405761
261612018 259301398
41829396 259301398
41829396 44423067
261610911 44423067
261610911 259280760
41842741 259280760
41842741 44423934
261601531 44423934
261601531 259280137
41847967 259280137
41847967 44498863
261595393 44498863
261595393 259266991
41854240 259266991
41854240 44506069
261593283 44506069
261593283 259255055
41871171 259255055
41871171 44518867
261590755 44518867
261590755 259253090
41885326 259253090
41885326 44529059
261583771 44529059
261583771 259241714
41907567 259241714
41907567 44532368
261578322 44532368
261578322 259232266
41910456 259232266
41910456 44544477
261573650 44544477
261573650 259231370
41916705 259231370
41916705 44556315
261568373 44556315
261568373 259219621
41927708 259219621
41927708 44558158
261559608 44558158
261559608 259204556
41933529 259204556
41933529 44570637
261532806 44570637
261532806 259191011
41955863 259191011
41955863 44582139
261523544 44582139
261523544 259182810
41956527 259182810
41956527 44588419
261522271 44588419
261522271 259180838
41973943 259180838
41973943 44609498
261520089 44609498
261520089 259170698
41983656 259170698
41983656 44624079
261516529 44624079
261516529 259131685
42015228 259131685
42015228 44629984
261489111 44629984
261489111 259129038
42024562 259129038
42024562 44635538
261468522 44635538
261468522 259115805
42037728 259115805
42037728 44641345
261464444 44641345
261464444 259113394
42043974 259113394
42043974 44643248
261452503 44643248
261452503 259112417
42044691 259112417
42044691 44650992
261443569 44650992
261443569 259109901
42046644 259109901
42046644 44683113
261430458 44683113
261430458 259106904
42056401 259106904
42056401 44693838
261385073 44693838
261385073 259097762
42056475 259097762
42056475 44731290
261355950 44731290
261355950 259085402
42056954 259085402
42056954 44741859
261354104 44741859
261354104 259071702
42059040 259071702
42059040 44748703
261343933 44748703
261343933 259053152
42092168 259053152
42092168 44751787
261331257 44751787
261331257 259049262
42181048 259049262
42181048 44780419
261328015 44780419
261328015 259027138
42183028 259027138
42183028 44796277
261324970 44796277
261324970 259024125
42185597 259024125
42185597 44809017
261315856 44809017
261315856 259020862
42209905 259020862
42209905 44841193
261314626 44841193
261314626 259018665
42248592 259018665
42248592 44849673
261301693 44849673
261301693 259004382
42249271 259004382
42249271 44860308
261295958 44860308
261295958 259001834
42250041 259001834
42250041 44865227
261286741 44865227
261286741 258985150
42250756 258985150
42250756 44870897
261266942 44870897
261266942 258974799
42264912 258974799
42264912 44874571
261250668 44874571
261250668 258971579
42287137 258971579
42287137 44878934
261247587 44878934
261247587 258964727
42289695 258964727
42289695 44882079
261239405 44882079
261239405 258949923
42290698 258949923
42290698 44883656
261229258 44883656
261229258 258947892
42304127 258947892
42304127 44885080
261204680 44885080
261204680 258894722
42326490 258894722
42326490 44893138
261196768 44893138
261196768 258877932
42328644 258877932
42328644 44904451
261179891 44904451
261179891 258875736
42332202 258875736
42332202 44911231
261164116 44911231
261164116 258867551
42361564 258867551
42361564 44913230
261158657 44913230
261158657 258866190
42366024 258866190
42366024 44918563
261157807 44918563
261157807 258842028
42375175 258842028
42375175 44962666
261150445 44962666
261150445 258808888
42396703 258808888
42396703 44969384
261131893 44969384
261131893 258796597
42424086 258796597
42424086 45006076
261105380 45006076
261105380 258786803
42424441 258786803
42424441 45014157
261088635 45014157
261088635 258783212
42459992 258783212
42459992 45026299
261087810 45026299
261087810 258774745
42460851 258774745
42460851 45032226
261081844 45032226
261081844 258774037
42461106 258774037
42461106 45047753
261061744 45047753
261061744 258764373
42465977 258764373
42465977 45063423
261054318 45063423
261054318 258757797
42473467 258757797
42473467 45064442
261026844 45064442
261026844 258706368
42481844 258706368
42481844 45071733
261017489 45071733
261017489 258700861
42496461 258700861
42496461 45079019
261010164 45079019
261010164 258674883
42496988 258674883
42496988 45083701
261010045 45083701
261010045 258667960
42519399 258667960
42519399 45095911
261007476 45095911
261007476 258659796
42524878 258659796
42524878 45107114
261000168 45107114
261000168 258649137
42555491 258649137
42555491 45110972
260987835 45110972
260987835 258646025
42556921 258646025
42556921 45111229
260984134 45111229
260984134 258622912
42564655 258622912
42564655 45111602
260969200 45111602
260969200 258622137
42575511 258622137
42575511 45113656
260958305 45113656
260958305 258600207
42583813 258600207
42583813 45117705
260951721 45117705
260951721 258600067
42596659 258600067
42596659 45129928
260915776 45129928
260915776 258567623
42610818 258567623
42610818 45142143
260895450 45142143
260895450 258546689
42619189 258546689
42619189 45151647
260890780 45151647
260890780 258526636
42622166 258526636
42622166 45181469
260878415 45181469
260878415 258520605
42640891 258520605
42640891 45186411
260848032 45186411
260848032 258514222
42649096 258514222
42649096 45192094
260844857 45192094
260844857 258503884
42649470 258503884
42649470 45204333
260841679 45204333
260841679 258500721
42676295 258500721
42676295 45218188
260836052 45218188
260836052 258499787
42678630 258499787
42678630 45229069
260834095 45229069
260834095 258498111
42691402 258498111
42691402 45232773
260830274 45232773
260830274 258488720
42717167 258488720
42717167 45242596
260821721 45242596
260821721 258486102
42718215 258486102
42718215 45249454
260803407 45249454
260803407 258464382
42730728 258464382
42730728 45266184
260785656 45266184
260785656 258457386
42745640 258457386
42745640 45274108
260753961 45274108
260753961 258426600
42748910 258426600
42748910 45286009
260745452 45286009
260745452 258422428
42765814 258422428
42765814 45289395
260740790 45289395
260740790 258412083
42770249 258412083
42770249 45301814
260726055 45301814
260726055 258407526
42776287 258407526
42776287 45331950
260717968 45331950
260717968 258387156
42788466 258387156
42788466 45348106
260715205 45348106
260715205 258375677
42793120 258375677
42793120 45351414
260701454 45351414
260701454 258374592
42803830 258374592
42803830 45353008
260700466 45353008
260700466 258368828
42805434 258368828
42805434 45357199
260699602 45357199
260699602 258357185
42806783 258357185
42806783 45360309
260693937 45360309
260693937 258352769
42818344 258352769
42818344 45371935
260663911 45371935
260663911 258338981
42820979 258338981
42820979 45440727
260655731 45440727
260655731 258317647
42836762 258317647
42836762 45443999
260643139 45443999
260643139 258308952
42840589 258308952
42840589 45478030
260630649 45478030
260630649 258298724
42873417 258298724
42873417 45482150
260594804 45482150
260594804 258263540
42874959 258263540
42874959 45486902
260576105 45486902
260576105 258260325
42888569 258260325
42888569 45496400
260573827 45496400
260573827 258257039
42891893 258257039
42891893 45505355
260565550 45505355
260565550 258228572
42892583 258228572
42892583 45506454
260562351 45506454
260562351 258223079
42936854 258223079
42936854 45506703
260560404 45506703
260560404 258211857
42945319 258211857
42945319 45508453
260560073 45508453
260560073 258202974
42949964 258202974
42949964 45513007
260549202 45513007
260549202 258193679
42950682 258193679
42950682 45531473
260530648 45531473
260530648 258174294
42951447 258174294
42951447 45539307
260508810 45539307
260508810 258172704
42987496 258172704
42987496 45553927
260505768 45553927
260505768 258164459
43004339 258164459
43004339 45565896
260500836 45565896
260500836 258156230
43006859 258156230
43006859 45619978
260473217 45619978
260473217 258145204
43031621 258145204
43031621 45625205
260458974 45625205
260458974 258138218
43032713 258138218
43032713 45632321
260442150 45632321
260442150 258119192
43041064 258119192
43041064 45652805
260399296 45652805
260399296 258117270
43081241 258117270
43081241 45655262
260396617 45655262
260396617 258108325
43087039 258108325
43087039 45683828
260391008 45683828
260391008 258106933
43106205 258106933
43106205 45690971
260388776 45690971
260388776 258100450
43139527 258100450
43139527 45703971
260367575 45703971
260367575 258097045
43150736 258097045
43150736 45706662
260367043 45706662
260367043 258085162
43177082 258085162
43177082 45713036
260359061 45713036
260359061 258050322
43185981 258050322
43185981 45757562
260352303 45757562
260352303 258035626
43198997 258035626
43198997 45772935
260332471 45772935
260332471 258014555
43202412 258014555
43202412 45775400
260330582 45775400
260330582 258012907
43206840 258012907
43206840 45787474
260296188 45787474
260296188 258012021
43210245 258012021
43210245 45800601
260261290 45800601
260261290 258011228
43213422 258011228
43213422 45801623
260259511 45801623
260259511 257995144
43226193 257995144
43226193 45809236
260222689 45809236
260222689 257972394
43227528 257972394
43227528 45814196
260212515 45814196
260212515 257967820
43228989 257967820
43228989 45821793
260207922 45821793
260207922 257960622
43236539 257960622
43236539 45834104
260186513 45834104
260186513 257957920
43293302 257957920
43293302 45838044
260181288 45838044
260181288 257946418
43296794 257946418
43296794 45841048
260168622 45841048
260168622 257942817
43297605 257942817
43297605 45866777
260153256 45866777
260153256 257928119
43331066 257928119
43331066 45872190
260124908 45872190
260124908 257855131
43334797 257855131
43334797 45875512
260124121 45875512
260124121 257837653
43354558 257837653
43354558 45890030
260119103 45890030
260119103 257833346
43383993 257833346
43383993 45895899
260113387 45895899
260113387 257815057
43397779 257815057
43397779 45896715
260110353 45896715
260110353 257800374
43403305 257800374
43403305 45917424
260109556 45917424
260109556 257783145
43410077 257783145
43410077 45920384
260092892 45920384
260092892 257773323
43426360 257773323
43426360 45925560
260092826 45925560
260092826 257763466
43426397 257763466
43426397 45930491
260090825 45930491
260090825 257744613
43442071 257744613
43442071 45939565
260087727 45939565
260087727 257715164
43453608 257715164
43453608 45951902
260084669 45951902
260084669 257711165
43457390 257711165
43457390 45958322
260060064 45958322
260060064 257706268
43459199 257706268
43459199 45963639
260058575 45963639
260058575 257691445
43490121 257691445
43490121 45989349
260050736 45989349
260050736 257678492
43499198 257678492
43499198 45997148
260033387 45997148
260033387 257673116
43500649 257673116
43500649 46031528
260032237 46031528
260032237 257669972
43511647 257669972
43511647 46041430
260016619 46041430
260016619 257665446
43541632 257665446
43541632 46061700
260014600 46061700
260014600 257655276
43553600 257655276
43553600 46066165
260008124 46066165
260008124 257652107
43571551 257652107
43571551 46085023
259993362 46085023
259993362 257651683
43571669 257651683
43571669 46086488
259991520 46086488
259991520 257611367
43597313 257611367
43597313 46087627
259991404 46087627
259991404 257609048
43598891 257609048
43598891 46092083
259987820 46092083
259987820 257607050
43608349 257607050
43608349 46099512
259986847 46099512
259986847 257598047
43608873 257598047
43608873 46102395
259982451 46102395
259982451 257589998
43608884 257589998
43608884 46117230
259973929 46117230
259973929 257582979
43619230 257582979
43619230 46132575
259971340 46132575
259971340 257541271
43624825 257541271
43624825 46145636
259970508 46145636
259970508 257535932
43625530 257535932
43625530 46147515
259958085 46147515
259958085 257509059
43647163 257509059
43647163 46170494
259929577 46170494
259929577 257507358
43647924 257507358
43647924 46184771
259906900 46184771
259906900 257505288
43653063 257505288
43653063 46189030
259883701 46189030
259883701 257497006
43654186 257497006
43654186 46226615
259878653 46226615
259878653 257486375
43694143 257486375
43694143 46282416
259874887 46282416
259874887 257483591
43700446 257483591
43700446 46283555
259874080 46283555
259874080 257476944
43703260 257476944
43703260 46286838
259870929 46286838
259870929 257463557
43738805 257463557
43738805 46287469
259828187 46287469
259828187 257458807
43739129 257458807
43739129 46292420
259824437 46292420
259824437 257448902
43767270 257448902
43767270 46297717
259811172 46297717
259811172 257443621
43783636 257443621
43783636 46309602
259808631 46309602
259808631 257430143
43786767 257430143
43786767 46321437
259796942 46321437
259796942 257420477
43793257 257420477
43793257 46325686
259795463 46325686
259795463 257412747
43810378 257412747
43810378 46342772
259770201 46342772
259770201 257411479
43823676 257411479
43823676 46359619
259765790 46359619
259765790 257404673
43827598 257404673
43827598 46393790
259750587 46393790
259750587 257402336
43830225 257402336
43830225 46405387
259749304 46405387
259749304 257401318
43868133 257401318
43868133 46410343
259732243 46410343
259732243 257394747
43869845 257394747
43869845 46411007
259728249 46411007
259728249 257380600
43870265 257380600
43870265 46411759
259726413 46411759
259726413 257364019
43911244 257364019
43911244 46436327
259711700 46436327
259711700 257354975
43916138 257354975
43916138 46510314
259684886 46510314
259684886 257312718
43921263 257312718
43921263 46528646
259673021 46528646
259673021 257299371
43922211 257299371
43922211 46535622
259625046 46535622
259625046 257291605
43923717 257291605
43923717 46549851
259622401 46549851
259622401 257290184
43972514 257290184
43972514 46552477
259568503 46552477
259568503 257249336
43993936 257249336
43993936 46556672
259568005 46556672
259568005 257213354
43994317 257213354
43994317 46562123
259561649 46562123
259561649 257209278
44009978 257209278
44009978 46572210
259559425 46572210
259559425 257204517
44017035 257204517
44017035 46575345
259548288 46575345
259548288 257202792
44033550 257202792
44033550 46576063
259545544 46576063
259545544 257194187
44042512 257194187
44042512 46592309
259539891 46592309
259539891 257191449
44054941 257191449
44054941 46602120
259527405 46602120
259527405 257183196
44059647 257183196
44059647 46609521
259524510 46609521
259524510 257181250
44065997 257181250
44065997 46613171
259524274 46613171
259524274 257171297
44066338 257171297
44066338 46614841
259522678 46614841
259522678 257161186
44096525 257161186
44096525 46653729
259507204 46653729
259507204 257149804
44118026 257149804
44118026 46656068
259487048 46656068
259487048 257136569
44124489 257136569
44124489 46664759
259485132 46664759
259485132 257134817
44126390 257134817
44126390 46679369
259484393 46679369
259484393 257133801
44127879 257133801
44127879 46688552
259479878 46688552
259479878 257098070
44133288 257098070
44133288 46708500
259470107 46708500
259470107 257093199
44141190 257093199
44141190 46728315
259464647 46728315
259464647 257091518
44155344 257091518
44155344 46731984
259464109 46731984
259464109 257089817
44166949 257089817
44166949 46738630
259424523 46738630
259424523 257088843
44174129 257088843
44174129 46758379
259419456 46758379
259419456 257087512
44185676 257087512
44185676 46761206
259402992 46761206
259402992 257084718
44212054 257084718
44212054 46764428
259401378 46764428
259401378 257081686
44213617 257081686
44213617 46766347
259400727 46766347
259400727 257056528
44236297 257056528
44236297 46767235
259392477 46767235
259392477 257037314
44250568 257037314
44250568 46769125
259389182 46769125
259389182 257037141
44253214 257037141
44253214 46782850
259389063 46782850
259389063 256978468
44261219 256978468
44261219 46817680
259368526 46817680
259368526 256952167
44262766 256952167
44262766 46827554
259364855 46827554
259364855 256944871
44269105 256944871
44269105 46830437
259357426 46830437
259357426 256940154
44284763 256940154
44284763 46841212
259344204 46841212
259344204 256879881
44292858 256879881
44292858 46850646
259304933 46850646
259304933 256877264
44295523 256877264
44295523 46864506
259281810 46864506
259281810 256873975
44311452 256873975
44311452 46864549
259281016 46864549
259281016 256869175
44321325 256869175
44321325 46877068
259278405 46877068
259278405 256863619
44345919 256863619
44345919 46887718
259276413 46887718
259276413 256861140
44347307 256861140
44347307 46896909
259275896 46896909
259275896 256844588
44369159 256844588
44369159 46907212
259259852 46907212
259259852 256844558
44376350 256844558
44376350 46912001
259258764 46912001
259258764 256829565
44383968 256829565
44383968 46917445
259252653 46917445
259252653 256826910
44384160 256826910
44384160 46935509
259252339 46935509
259252339 256825388
44386497 256825388
44386497 46972523
259239516 46972523
259239516 256807345
44402925 256807345
44402925 46983000
259207702 46983000
259207702 256802904
44410737 256802904
44410737 47001270
259206164 47001270
259206164 256785924
44414670 256785924
44414670 47030336
259204921 47030336
259204921 256771069
44415876 256771069
44415876 47061825
259198705 47061825
259198705 256727914
44424508 256727914
44424508 47068135
259196151 47068135
259196151 256720609
44429152 256720609
44429152 47071437
259180807 47071437
259180807 256718256
44444043 256718256
44444043 47132577
259169435 47132577
259169435 256712986
44456901 256712986
44456901 47138832
259160722 47138832
259160722 256697043
44457170 256697043
44457170 47144776
259148573 47144776
259148573 256689863
44465599 256689863
44465599 47153266
259123768 47153266
259123768 256660587
44488753 256660587
44488753 47172941
259114938 47172941
259114938 256657089
44520072 256657089
44520072 47186806
259103371 47186806
259103371 256651699
44527291 256651699
44527291 47201127
259092624 47201127
259092624 256632138
44533738 256632138
44533738 47221530
259088862 47221530
259088862 256607689
44593081 256607689
44593081 47256998
259067776 47256998
259067776 256602534
44601710 256602534
44601710 47259652
259063185 47259652
259063185 256600315
44602573 256600315
44602573 47265851
258999716 47265851
258999716 256599889
44603248 256599889
44603248 47266599
258996660 47266599
258996660 256563614
44605941 256563614
44605941 47272987
258980824 47272987
258980824 256548816
44622630 256548816
44622630 47273469
258978100 47273469
258978100 256538879
44631746 256538879
44631746 47274821
258978029 47274821
258978029 256518021
44632181 256518021
44632181 47310707
258976331 47310707
258976331 256512150
44640248 256512150
44640248 47341224
258970042 47341224
258970042 256503181
44643619 256503181
44643619 47344174
258967571 47344174
258967571 256492108
44654829 256492108
44654829 47371714
258943436 47371714
258943436 256481457
44660271 256481457
44660271 47403898
258943342 47403898
258943342 256461989
44682721 256461989
44682721 47415006
258943052 47415006
258943052 256435274
44688272 256435274
44688272 47437493
258928779 47437493
258928779 256433660
44690404 256433660
44690404 47441858
258905306 47441858
258905306 256415327
44723726 256415327
44723726 47447883
258901386 47447883
258901386 256413189
44733487 256413189
44733487 47451101
258900847 47451101
258900847 256391308
44750972 256391308
44750972 47467012
258889361 47467012
258889361 256386204
44759548 256386204
44759548 47478728
258871769 47478728
258871769 256384806
44805613 256384806
44805613 47495568
258867045 47495568
258867045 256361672
44811918 256361672
44811918 47518043
258864345 47518043
258864345 256360416
44822677 256360416
44822677 47520248
258842874 47520248
258842874 256349636
44823642 256349636
44823642 47520369
258797098 47520369
258797098 256345347
44827314 256345347
44827314 47523869
258794438 47523869
258794438 256343515
44827705 256343515
44827705 47536597
258781185 47536597
258781185 256335865
44857657 256335865
44857657 47537390
258765029 47537390
258765029 256331408
44859096 256331408
44859096 47546544
258761822 47546544
258761822 256322337
44859239 256322337
44859239 47556459
258754683 47556459
258754683 256292989
44876940 256292989
44876940 47562746
258747748 47562746
258747748 256287103
44886128 256287103
44886128 47563510
258744135 47563510
258744135 256277278
44906545 256277278
44906545 47570791
258731493 47570791
258731493 256247473
44924626 256247473
44924626 47607811
258725200 47607811
258725200 256238326
44928075 256238326
44928075 47618049
258722380 47618049
258722380 256237420
44928153 256237420
44928153 47619506
258718564 47619506
258718564 256229402
44929282 256229402
44929282 47639610
258709387 47639610
258709387 256225779
44939563 256225779
44939563 47648825
258690571 47648825
258690571 256218191
44960544 256218191
44960544 47651050
258689295 47651050
258689295 256211710
44962809 256211710
44962809 47671330
258681763 47671330
258681763 256209112
44967487 256209112
44967487 47672978
258648304 47672978
258648304 256200469
44967653 256200469
44967653 47674025
258634263 47674025
258634263 256193591
44982291 256193591
44982291 47688979
258631995 47688979
258631995 256181302
44987480 256181302
44987480 47690457
258625172 47690457
258625172 256177478
44990467 256177478
44990467 47690884
258604097 47690884
258604097 256175157
45001334 256175157
45001334 47697947
258581418 47697947
258581418 256174573
45012815 256174573
45012815 47702832
258574647 47702832
258574647 256171321
45013534 256171321
45013534 47715076
258565200 47715076
258565200 256163132
45014378 256163132
45014378 47719270
258559911 47719270
258559911 256146227
45015344 256146227
45015344 47720715
258512837 47720715
258512837 256145037
45035338 256145037
45035338 47725480
258504904 47725480
258504904 256129385
45052803 256129385
45052803 47728229
258503976 47728229
258503976 256125521
45067809 256125521
45067809 47736461
258493700 47736461
258493700 256123022
45077821 256123022
45077821 47746039
258489664 47746039
258489664 256103756
45080181 256103756
45080181 47748394
258476944 47748394
258476944 256096875
45085081 256096875
45085081 47777554
258470353 47777554
258470353 256093726
45101079 256093726
45101079 47788468
258459257 47788468
258459257 256042566
45107109 256042566
45107109 47851347
258437602 47851347
258437602 256030600
45136895 256030600
45136895 47852687
258436849 47852687
258436849 256021963
45143560 256021963
45143560 47858046
258434861 47858046
258434861 255994636
45144882 255994636
45144882 47886995
258429264 47886995
258429264 255981547
45160599 255981547
45160599 47906035
258428454 47906035
258428454 255958788
45183591 255958788
45183591 47914800
258422639 47914800
258422639 255953093
45190896 255953093
45190896 47927141
258409071 47927141
258409071 255941606
45191652 255941606
45191652 47941628
258394785 47941628
258394785 255940849
45216241 255940849
45216241 47964759
258377227 47964759
258377227 255935778
45218588 255935778
45218588 47968491
258368744 47968491
258368744 255923744
45245227 255923744
45245227 47990348
258363226 47990348
258363226 255882011
45253687 255882011
45253687 47995143
258347708 47995143
258347708 255879566
45310286 255879566
45310286 47995659
258337405 47995659
258337405 255879406
45313206 255879406
45313206 48002511
258334103 48002511
258334103 255875708
45317975 255875708
45317975 48006882
258333176 48006882
258333176 255873369
45327695 255873369
45327695 48014104
258332814 48014104
258332814 255858346
45333334 255858346
45333334 48021887
258318189 48021887
258318189 255856816
45339865 255856816
45339865 48041477
258293972 48041477
258293972 255851469
45367104 255851469
45367104 48048433
258289919 48048433
258289919 255843154
45390197 255843154
45390197 48059618
258284312 48059618
258284312 255839706
45397732 255839706
45397732 48074947
258277379 48074947
258277379 255817215
45414754 255817215
45414754 48112112
258271997 48112112
258271997 255816492
45420293 255816492
45420293 48115898
258267250 48115898
258267250 255774973
45422422 255774973
45422422 48119508
258233069 48119508
258233069 255766488
45437574 255766488
45437574 48123604
258226935 48123604
258226935 255765719
45442275 255765719
45442275 48127571
258225938 48127571
258225938 255749884
45454603 255749884
45454603 48129654
258210565 48129654
258210565 255744082
45465433 255744082
45465433 48145228
258205556 48145228
258205556 255732734
45495981 255732734
45495981 48153909
258198635 48153909
258198635 255724543
45495995 255724543
45495995 48169631
258177541 48169631
258177541 255698751
45504371 255698751
45504371 48190281
258171830 48190281
258171830 255680899
45508085 255680899
45508085 48205106
258163327 48205106
258163327 255680673
45533379 255680673
45533379 48208279
258154017 48208279
258154017 255650649
45534572 255650649
45534572 48211620
258124243 48211620
258124243 255649404
45538436 255649404
45538436 48226473
258109489 48226473
258109489 255647172
45539016 255647172
45539016 48289426
258106424 48289426
258106424 255628140
45553789 255628140
45553789 48295672
258101623 48295672
258101623 255612852
45560113 255612852
45560113 48305790
258092045 48305790
258092045 255612603
45561510 255612603
45561510 48322371
258091167 48322371
258091167 255608219
45584709 255608219
45584709 48342567
258086073 48342567
258086073 255585883
45597342 255585883
45597342 48350836
258085607 48350836
258085607 255584897
45609209 255584897
45609209 48367259
258073523 48367259
258073523 255581616
45612466 255581616
45612466 48378689
258065986 48378689
258065986 255571803
45613435 255571803
45613435 48420294
258062050 48420294
258062050 255540535
45641625 255540535
45641625 48422602
258028862 48422602
258028862 255529783
45655257 255529783
45655257 48431198
258028832 48431198
258028832 255521604
45658229 255521604
45658229 48440324
258005761 48440324
258005761 255503094
45685652 255503094
45685652 48440919
257979367 48440919
257979367 255498261
45686348 255498261
45686348 48459150
257965449 48459150
257965449 255467891
45707551 255467891
45707551 48466506
257956480 48466506
257956480 255447519
45732344 255447519
45732344 48479183
257901971 48479183
257901971 255435202
45736782 255435202
45736782 48480037
257897513 48480037
257897513 255433138
45750230 255433138
45750230 48486673
257896891 48486673
257896891 255429114
45750634 255429114
45750634 48497179
257895734 48497179
257895734 255423481
45776418 255423481
45776418 48505494
257891000 48505494
257891000 255421296
45778622 255421296
45778622 48513187
257880615 48513187
257880615 255397700
45784137 255397700
45784137 48513574
257869881 48513574
257869881 255376235
45796846 255376235
45796846 48517036
257863372 48517036
257863372 255348103
45800507 255348103
45800507 48545026
257854634 48545026
257854634 255318348
45800700 255318348
45800700 48551288
257852734 48551288
257852734 255317132
45814557 255317132
45814557 48559943
257840241 48559943
257840241 255309514
45855885 255309514
45855885 48559948
257818035 48559948
257818035 255278010
45862096 255278010
45862096 48606302
257791823 48606302
257791823 255266373
45878912 255266373
45878912 48614903
257787704 48614903
257787704 255261209
45894364 255261209
45894364 48630871
257775325 48630871
257775325 255254235
45905443 255254235
45905443 48634474
257757206 48634474
257757206 255247137
45908047 255247137
45908047 48642551
257756301 48642551
257756301 255244379
45917563 255244379
45917563 48642638
257746420 48642638
257746420 255241652
45919215 255241652
45919215 48647696
257744712 48647696
257744712 255229219
45930280 255229219
45930280 48660605
257736521 48660605
257736521 255210263
45941506 255210263
45941506 48669261
257711951 48669261
257711951 255183939
45991925 255183939
45991925 48685721
257696906 48685721
257696906 255174973
46001854 255174973
46001854 48720797
257693670 48720797
257693670 255166148
46007610 255166148
46007610 48728982
257691019 48728982
257691019 255158396
46011764 255158396
46011764 48731868
257684206 48731868
257684206 255152785
46016800 255152785
46016800 48739365
257682823 48739365
257682823 255121699
46017178 255121699
46017178 48744528
257658034 48744528
257658034 255105504
46028676 255105504
46028676 48759416
257647104 48759416
257647104 255081580
46041020 255081580
46041020 48762273
257633424 48762273
257633424 255075584
46050074 255075584
46050074 48769706
257625319 48769706
257625319 255050290
46050878 255050290
46050878 48769947
257604961 48769947
257604961 255038456
46056192 255038456
46056192 48787377
257588913 48787377
257588913 255037193
46062855 255037193
46062855 48803761
257581132 48803761
257581132 255028060
46075777 255028060
46075777 48808504
257579034 48808504
257579034 255017286
46079682 255017286
46079682 48814740
257574754 48814740
257574754 254996606
46099233 254996606
46099233 48827426
257544893 48827426
257544893 254984331
46108314 254984331
46108314 48840847
257504362 48840847
257504362 254976651
46120499 254976651
46120499 48845516
257503771 48845516
257503771 254952690
46137318 254952690
46137318 48846542
257501326 48846542
257501326 254931496
46143820 254931496
46143820 48849520
257490618 48849520
257490618 254930762
46160864 254930762
46160864 48865443
257476502 48865443
257476502 254929966
46179870 254929966
46179870 48884811
257467775 48884811
257467775 254928961
46201711 254928961
46201711 48915407
257464390 48915407
257464390 254926879
46205800 254926879
46205800 48917374
257460477 48917374
257460477 254922119
46256700 254922119
46256700 48919176
257451794 48919176
257451794 254917057
46258179 254917057
46258179 48922258
257446430 48922258
257446430 254912738
46259025 254912738
46259025 48929532
257446216 48929532
257446216 254905509
46262957 254905509
46262957 48930392
257434618 48930392
257434618 254902477
46265498 254902477
46265498 48941551
257433213 48941551
257433213 254895922
46294249 254895922
46294249 48951342
257420610 48951342
257420610 254887442
46327420 254887442
46327420 48955577
257398198 48955577
257398198 254880647
46328699 254880647
46328699 48955648
257396914 48955648
257396914 254872501
46341851 254872501
46341851 48960557
257394450 48960557
257394450 254860833
46343721 254860833
46343721 48972911
257382510 48972911
257382510 254845062
46348725 254845062
46348725 48982286
257339141 48982286
257339141 254840566
46360404 254840566
46360404 48999365
257336119 48999365
257336119 254821404
46371700 254821404
46371700 49006072
257322525 49006072
257322525 254806727
46422734 254806727
46422734 49015282
257309126 49015282
257309126 254787469
46457472 254787469
46457472 49023894
257299740 49023894
257299740 254765066
46469915 254765066
46469915 49025472
257294237 49025472
257294237 254758227
46474576 254758227
46474576 49032319
257290907 49032319
257290907 254719151
46492453 254719151
46492453 49038152
257285968 49038152
257285968 254705315
46497033 254705315
46497033 49052960
257264753 49052960
257264753 254698260
46503337 254698260
46503337 49088835
257262994 49088835
257262994 254687088
46504753 254687088
46504753 49118166
257258060 49118166
257258060 254678756
46507595 254678756
46507595 49205988
257248109 49205988
257248109 254675097
46518327 254675097
46518327 49210766
257245158 49210766
257245158 254675040
46536402 254675040
46536402 49224184
257222069 49224184
257222069 254669320
46538902 254669320
46538902 49225579
257214440 49225579
257214440 254649091
46560321 254649091
46560321 49228412
257205436 49228412
257205436 254637178
46564495 254637178
46564495 49257172
257204961 49257172
257204961 254614872
46574467 254614872
46574467 49265389
257200534 49265389
257200534 254614148
46601730 254614148
46601730 49267638
257187192 49267638
257187192 254593827
46623911 254593827
46623911 49287635
257151073 49287635
257151073 254586691
46645650 254586691
46645650 49289447
257148860 49289447
257148860 254573657
46657996 254573657
46657996 49294474
257143929 49294474
257143929 254564546
46660980 254564546
46660980 49320310
257123694 49320310
257123694 254558053
46681757 254558053
46681757 49334531
257110793 49334531
257110793 254548116
46717714 254548116
46717714 49339711
257107473 49339711
257107473 254544601
46726389 254544601
46726389 49370986
257101995 49370986
257101995 254520068
46727872 254520068
46727872 49380915
257067370 49380915
257067370 254508069
46734850 254508069
46734850 49381931
257045165 49381931
257045165 254491486
46746630 254491486
46746630 49403611
257044419 49403611
257044419 254476958
46759196 254476958
46759196 49406963
257040717 49406963
257040717 254466184
46762303 254466184
46762303 49415120
257026941 49415120
257026941 254464722
46768179 254464722
46768179 49422741
257023212 49422741
257023212 254432375
46771504 254432375
46771504 49430490
257022188 49430490
257022188 254430945
46782988 254430945
46782988 49431367
257022111 49431367
257022111 254414882
46789065 254414882
46789065 49438064
257001675 49438064
257001675 254402694
46800366 254402694
46800366 49446865
256977060 49446865
256977060 254401188
46804558 254401188
46804558 49460325
256973255 49460325
256973255 254395993
46806289 254395993
46806289 49467811
256961471 49467811
256961471 254355528
46810361 254355528
46810361 49475094
256959532 49475094
256959532 254320934
46814274 254320934
46814274 49494533
256956962 49494533
256956962 254314619
46827312 254314619
46827312 49500460
256952829 49500460
256952829 254312125
46830568 254312125
46830568 49504361
256943426 49504361
256943426 254307794
46839657 254307794
46839657 49506199
256932359 49506199
256932359 254295142
46842535 254295142
46842535 49507497
256927743 49507497
256927743 254290051
46865654 254290051
46865654 49529246
256925126 49529246
256925126 254266836
46869640 254266836
46869640 49534755
256918763 49534755
256918763 254259323
46876697 254259323
46876697 49542263
256916689 49542263
256916689 254246225
46898059 254246225
46898059 49572049
256914055 49572049
256914055 254232067
46899566 254232067
46899566 49580150
256902771 49580150
256902771 254230961
46904482 254230961
46904482 49600020
256898148 49600020
256898148 254212362
46925471 254212362
46925471 49609679
256888839 49609679
256888839 254209803
46930865 254209803
46930865 49609903
256867751 49609903
256867751 254206345
46933029 254206345
46933029 49618750
256859329 49618750
256859329 254202466
46956559 254202466
46956559 49633993
256847528 49633993
256847528 254189041
46969271 254189041
46969271 49649956
256831126 49649956
256831126 254187392
46969502 254187392
46969502 49662578
256819115 49662578
256819115 254180788
46973521 254180788
46973521 49672418
256818014 49672418
256818014 254156540
46973803 254156540
46973803 49682487
256809284 49682487
256809284 254127297
46983612 254127297
46983612 49702802
256796143 49702802
256796143 254122643
47013694 254122643
47013694 49705974
256793511 49705974
256793511 254106095
47048225 254106095
47048225 49711627
256789039 49711627
256789039 254102490
47064828 254102490
47064828 49712530
256783103 49712530
256783103 254086036
47084430 254086036
47084430 49716842
256751581 49716842
256751581 254082631
47104081 254082631
47104081 49726251
256743906 49726251
256743906 254058309
47141184 254058309
47141184 49762027
256740324 49762027
256740324 254039945
47148679 254039945
47148679 49785547
256724283 49785547
256724283 254038189
47159479 254038189
47159479 49797038
256703224 49797038
256703224 254033113
47167708 254033113
47167708 49802745
256700599 49802745
256700599 254031367
47168366 254031367
47168366 49810346
256700006 49810346
256700006 254029482
47175563 254029482
47175563 49824963
256698887 49824963
256698887 254024312
47175628 254024312
47175628 49829421
256696534 49829421
256696534 254019250
47177266 254019250
47177266 49844315
256687738 49844315
256687738 254002423
47185537 254002423
47185537 49867825
256662240 49867825
256662240 253979861
47186180 253979861
47186180 49878780
256647343 49878780
256647343 253958485
47191968 253958485
47191968 49885623
256629537 49885623
256629537 253955240
47201989 253955240
47201989 49889156
256629221 49889156
256629221 253954320
47202371 253954320
47202371 49897225
256621515 49897225
256621515 253935002
47204576 253935002
47204576 49897430
256609566 49897430
256609566 253925653
47218298 253925653
47218298 49918610
256600016 49918610
256600016 253916739
47227376 253916739
47227376 49931942
256587350 49931942
256587350 253911078
47228699 253911078
47228699 49950611
256574193 49950611
256574193 253909448
47229370 253909448
47229370 49979272
256551665 49979272
256551665 253906872
47230264 253906872
47230264 49991020
256521635 49991020
256521635 253904931
47246782 253904931
47246782 49992689
256503127 49992689
256503127 253901745
47255899 253901745
47255899 50005403
256498976 50005403
256498976 253899368
47296416 253899368
47296416 50007684
256498265 50007684
256498265 253829186
47313487 253829186
47313487 50034705
256479983 50034705
256479983 253822356
47321352 253822356
47321352 50037497
256472288 50037497
256472288 253821534
47339755 253821534
47339755 50051784
256471147 50051784
256471147 253798787
47349852 253798787
47349852 50066032
256459271 50066032
256459271 253775094
47363863 253775094
47363863 50073767
256455455 50073767
256455455 253743645
47378519 253743645
47378519 50074035
256433430 50074035
256433430 253720899
47407365 253720899
47407365 50095522
256432230 50095522
256432230 253712484
47415900 253712484
47415900 50099188
256426634 50099188
256426634 253692523
47418170 253692523
47418170 50108314
256419172 50108314
256419172 253683968
47421849 253683968
47421849 50112730
256410614 50112730
256410614 253682994
47440667 253682994
47440667 50178106
256402452 50178106
256402452 253672317
47444249 253672317
47444249 50180349
256375044 50180349
256375044 253665217
47478080 253665217
47478080 50182639
256369914 50182639
256369914 253658156
47492177 253658156
47492177 50190320
256345162 50190320
256345162 253657901
47506706 253657901
47506706 50197112
256302389 50197112
256302389 253657603
47517478 253657603
47517478 50204481
256297911 50204481
256297911 253647568
47521452 253647568
47521452 50217165
256295900 50217165
256295900 253641170
47525033 253641170
47525033 50252009
256278046 50252009
256278046 253632956
47536459 253632956
47536459 50268992
256272044 50268992
256272044 253630018
47539382 253630018
47539382 50272244
256269542 50272244
256269542 253624873
47547328 253624873
47547328 50280808
256254242 50280808
256254242 253620743
47548124 253620743
47548124 50282483
256253731 50282483
256253731 253598712
47553766 253598712
47553766 50288417
256237036 50288417
256237036 253578035
47557766 253578035
47557766 50296571
256218228 50296571
256218228 253532316
47592052 253532316
47592052 50304948
256214638 50304948
256214638 253513229
47592588 253513229
47592588 50310243
256214079 50310243
256214079 253472413
47606630 253472413
47606630 50320396
256211712 50320396
256211712 253471064
47623644 253471064
47623644 50330095
256207152 50330095
256207152 253468091
47643896 253468091
47643896 50339643
256202627 50339643
256202627 253453724
47647125 253453724
47647125 50341915
256190541 50341915
256190541 253451934
47649287 253451934
47649287 50366331
256176928 50366331
256176928 253445174
47649718 253445174
47649718 50366939
256160199 50366939
256160199 253440185
47651528 253440185
47651528 50380450
256150723 50380450
256150723 253435138
47656315 253435138
47656315 50383818
256146993 50383818
256146993 253402563
47656482 253402563
47656482 50387706
256121086 50387706
256121086 253376365
47695208 253376365
47695208 50411305
256113699 50411305
256113699 253374421
47698347 253374421
47698347 50423214
256097768 50423214
256097768 253352850
47715938 253352850
47715938 50451204
256094335 50451204
256094335 253350358
47731753 253350358
47731753 50464128
256072525 50464128
256072525 253348726
47743272 253348726
47743272 50465438
256056477 50465438
256056477 253322452
47744851 253322452
47744851 50466530
256050801 50466530
256050801 253284856
47749444 253284856
47749444 50476021
256025351 50476021
256025351 253283826
47753790 253283826
47753790 50481407
256009652 50481407
256009652 253268289
47754939 253268289
47754939 50486447
256005197 50486447
256005197 253267133
47769496 253267133
47769496 50491210
256004273 50491210
256004273 253259486
47788670 253259486
47788670 50492156
256001111 50492156
256001111 253255236
47791499 253255236
47791499 50528120
256000890 50528120
256000890 253246553
47805506 253246553
47805506 50534159
255989734 50534159
255989734 253245847
47817586 253245847
47817586 50543471
255978426 50543471
255978426 253244948
47838219 253244948
47838219 50550775
255962068 50550775
255962068 253243262
47839187 253243262
47839187 50590326
255956637 50590326
255956637 253231074
47842110 253231074
47842110 50592504
255944433 50592504
255944433 253211900
47844629 253211900
47844629 50601520
255939137 50601520
255939137 253201390
47852857 253201390
47852857 50605684
255896391 50605684
255896391 253182869
47867369 253182869
47867369 50629275
255891171 50629275
255891171 253157251
47867491 253157251
47867491 50633308
255882373 50633308
255882373 253151439
47887800 253151439
47887800 50656777
255878869 50656777
255878869 253139558
47888178 253139558
47888178 50667631
255862417 50667631
255862417 253133378
47888773 253133378
47888773 50681415
255853531 50681415
255853531 253132413
47930096 253132413
47930096 50696120
255852321 50696120
255852321 253128532
47949352 253128532
47949352 50700507
255830645 50700507
255830645 253117523
47949526 253117523
47949526 50700568
255806263 50700568
255806263 253115979
47997224 253115979
47997224 50705572
255805862 50705572
255805862 253110703
48013797 253110703
48013797 50707920
255799130 50707920
255799130 253090421
48034754 253090421
48034754 50713785
255787293 50713785
255787293 253083871
48061121 253083871
48061121 50715531
255786262 50715531
255786262 253072852
48064909 253072852
48064909 50717613
255781931 50717613
255781931 253053159
48074609 253053159
48074609 50719707
255774865 50719707
255774865 253046360
48083329 253046360
48083329 50736351
255771815 50736351
255771815 253045062
48089764 253045062
48089764 50744916
255763911 50744916
255763911 253039023
48102230 253039023
48102230 50763036
255743459 50763036
255743459 253038622
48114454 253038622
48114454 50767776
255740104 50767776
255740104 253023141
48120512 253023141
48120512 50773306
255721396 50773306
255721396 252995864
48124160 252995864
48124160 50786730
255706905 50786730
255706905 252976410
48124956 252976410
48124956 50793863
255701814 50793863
255701814 252976299
48131290 252976299
48131290 50794189
255690468 50794189
255690468 252957745
48139997 252957745
48139997 50796121
255682591 50796121
255682591 252956634
48149809 252956634
48149809 50817558
255661557 50817558
255661557 252952388
48157762 252952388
48157762 50820334
255653612 50820334
255653612 252951531
48159522 252951531
48159522 50835495
255649741 50835495
255649741 252948597
48191627 252948597
48191627 50838463
255647560 50838463
255647560 252930051
48195990 252930051
48195990 50852335
255631767 50852335
255631767 252909793
48233667 252909793
48233667 50867412
255625840 50867412
255625840 252904422
48242954 252904422
48242954 50867476
255622690 50867476
255622690 252898974
48246858 252898974
48246858 50872783
255600822 50872783
255600822 252895723
48251029 252895723
48251029 50874132
255599686 50874132
255599686 252894687
48253293 252894687
48253293 50885991
255585479 50885991
255585479 252882176
48262039 252882176
48262039 50910407
255535209 50910407
255535209 252881117
48269400 252881117
48269400 50912320
255529622 50912320
255529622 252876298
48269444 252876298
48269444 50919314
255529163 50919314
255529163 252858045
48280298 252858045
48280298 50936068
255520592 50936068
255520592 252857150
48303145 252857150
48303145 50968077
255520107 50968077
255520107 252809035
48314231 252809035
48314231 50975073
255513217 50975073
255513217 252784115
48337966 252784115
48337966 50987636
255502267 50987636
255502267 252777514
48348328 252777514
48348328 51000751
255498445 51000751
255498445 252771065
48363993 252771065
48363993 51009325
255463636 51009325
255463636 252762013
48376711 252762013
48376711 51019167
255460574 51019167
255460574 252757466
48410495 252757466
48410495 51025477
255445436 51025477
255445436 252738136
48414836 252738136
48414836 51054770
255435936 51054770
255435936 252727879
48426598 252727879
48426598 51081620
255415506 51081620
255415506 252715620
48442830 252715620
48442830 51084573
255407863 51084573
255407863 252695698
48449221 252695698
48449221 51085869
255400546 51085869
255400546 252694923
48453158 252694923
48453158 51100702
255382592 51100702
255382592 252693627
48472811 252693627
48472811 51108144
255382171 51108144
255382171 252688253
48484965 252688253
48484965 51129153
255373701 51129153
255373701 252671655
48487361 252671655
48487361 51146600
255341167 51146600
255341167 252670321
48490876 252670321
48490876 51148939
255316393 51148939
255316393 252664043
48497258 252664043
48497258 51151043
255280093 51151043
255280093 252663295
48505378 252663295
48505378 51155397
255263722 51155397
255263722 252661388
48525071 252661388
48525071 51162941
255258061 51162941
255258061 252645486
48558397 252645486
48558397 51184318
255257880 51184318
255257880 252626089
48563902 252626089
48563902 51189290
255229028 51189290
255229028 252609596
48571214 252609596
48571214 51218623
255227186 51218623
255227186 252600174
48572983 252600174
48572983 51220653
255226837 51220653
255226837 252595659
48579715 252595659
48579715 51221826
255210099 51221826
255210099 252502304
48592360 252502304
48592360 51233310
255200663 51233310
255200663 252492960
48593224 252492960
48593224 51245422
255198188 51245422
255198188 252472649
48602657 252472649
48602657 51246318
255195892 51246318
255195892 252467446
48604236 252467446
48604236 51254310
255184640 51254310
255184640 252463466
48614079 252463466
48614079 51274523
255184306 51274523
255184306 252461039
48620361 252461039
48620361 51288072
255174726 51288072
255174726 252431048
48631461 252431048
48631461 51290619
255167408 51290619
255167408 252427270
48650926 252427270
48650926 51292715
255163881 51292715
255163881 252405050
48674921 252405050
48674921 51299179
255161126 51299179
255161126 252403419
48684378 252403419
48684378 51312350
255159461 51312350
255159461 252401906
48693007 252401906
48693007 51324496
255142778 51324496
255142778 252390351
48698992 252390351
48698992 51345337
255140913 51345337
255140913 252383768
48699721 252383768
48699721 51353973
255138923 51353973
255138923 252365391
48699826 252365391
48699826 51357364
255137351 51357364
255137351 252362485
48710083 252362485
48710083 51378468
255132732 51378468
255132732 252355055
48715847 252355055
48715847 51379529
255116085 51379529
255116085 252353507
48716052 252353507
48716052 51388926
255107286 51388926
255107286 252349952
48720174 252349952
48720174 51405771
255079596 51405771
255079596 252332782
48721694 252332782
48721694 51412013
255068442 51412013
255068442 252328370
48726643 252328370
48726643 51413661
255062895 51413661
255062895 252311382
48737179 252311382
48737179 51414762
255062341 51414762
255062341 252301520
48763725 252301520
48763725 51446337
255056893 51446337
255056893 252296798
48765486 252296798
48765486 51451997
255056086 51451997
255056086 252296226
48773387 252296226
48773387 51461669
255031989 51461669
255031989 252293454
48775746 252293454
48775746 51471264
255018918 51471264
255018918 252256064
48808157 252256064
48808157 51471271
255018721 51471271
255018721 252238176
48826813 252238176
48826813 51472564
255009511 51472564
255009511 252214099
48833746 252214099
48833746 51476345
255005391 51476345
255005391 252203771
48837096 252203771
48837096 51480977
254998678 51480977
254998678 252191833
48844273 252191833
48844273 51496173
254982171 51496173
254982171 252186029
48845767 252186029
48845767 51522106
254971686 51522106
254971686 252180096
48850400 252180096
48850400 51526999
254965223 51526999
254965223 252175358
48852658 252175358
48852658 51530649
254956669 51530649
254956669 252170071
48860239 252170071
48860239 51535877
254949314 51535877
254949314 252163657
48882540 252163657
48882540 51543729
254929846 51543729
254929846 252155379
48906421 252155379
48906421 51550444
254918754 51550444
254918754 252152689
48908840 252152689
48908840 51551209
254918215 51551209
254918215 252148488
48975621 252148488
48975621 51552260
254911754 51552260
254911754 252131602
49013607 252131602
49013607 51558813
254907742 51558813
254907742 252129294
49019457 252129294
49019457 51561779
254896869 51561779
254896869 252114028
49031390 252114028
49031390 51580036
254895300 51580036
254895300 252107663
49061951 252107663
49061951 51587878
254894356 51587878
254894356 252097843
49063932 252097843
49063932 51589433
254881094 51589433
254881094 252095995
49068970 252095995
49068970 51599918
254857972 51599918
254857972 252094840
49071807 252094840
49071807 51599954
254853674 51599954
254853674 252094298
49083567 252094298
49083567 51603002
254817983 51603002
254817983 252085504
49089042 252085504
49089042 51609759
254811228 51609759
254811228 252068935
49124665 252068935
49124665 51639911
254796289 51639911
254796289 252030113
49142952 252030113
49142952 51649164
254794794 51649164
254794794 252026380
49177673 252026380
49177673 51653094
254785437 51653094
254785437 252025475
49177895 252025475
49177895 51678376
254776695 51678376
254776695 252002255
49178988 252002255
49178988 51691085
254761669 51691085
254761669 251991883
49179668 251991883
49179668 51698903
254748985 51698903
254748985 251984546
49208048 251984546
49208048 51715284
254742502 51715284
254742502 251973171
49232784 251973171
49232784 51719070
254742094 51719070
254742094 251966460
49236462 251966460
49236462 51723371
254734968 51723371
254734968 251960711
49238046 251960711
49238046 51728312
254734071 51728312
254734071 251957098
49258185 251957098
49258185 51735245
254725860 51735245
254725860 251956634
49279126 251956634
49279126 51757439
254662703 51757439
254662703 251937478
49288236 251937478
49288236 51765753
254657753 51765753
254657753 251925664
49296477 251925664
49296477 51770314
254657031 51770314
254657031 251906881
49309329 251906881
49309329 51775294
254648647 51775294
254648647 251886091
49313011 251886091
49313011 51782522
254648071 51782522
254648071 251885231
49339543 251885231
49339543 51785243
254647280 51785243
254647280 251874620
49340860 251874620
49340860 51809486
254628626 51809486
254628626 251863564
49343369 251863564
49343369 51822754
254621134 51822754
254621134 251862982
49353690 251862982
49353690 51836202
254620977 51836202
254620977 251842259
49381323 251842259
49381323 51861578
254615748 51861578
254615748 251827401
49419721 251827401
49419721 51866926
254609433 51866926
254609433 251813578
49423671 251813578
49423671 51867697
254602194 51867697
254602194 251800994
49432757 251800994
49432757 51941035
254592470 51941035
254592470 251798037
49438300 251798037
49438300 51957064
254591047 51957064
254591047 251793983
49441365 251793983
49441365 51957737
254584576 51957737
254584576 251781756
49450893 251781756
49450893 51969718
254575647 51969718
254575647 251778565
49460674 251778565
49460674 51973796
254553357 51973796
254553357 251744905
49461817 251744905
49461817 51982729
254544975 51982729
254544975 251739425
49466846 251739425
49466846 51994381
254541352 51994381
254541352 251683138
49481679 251683138
49481679 51997932
254539180 51997932
254539180 251672893
49484209 251672893
49484209 52004714
254532117 52004714
254532117 251671556
49492704 251671556
49492704 52040144
254521251 52040144
254521251 251669851
49498613 251669851
49498613 52059771
254520794 52059771
254520794 251669157
49521482 251669157
49521482 52065770
254511354 52065770
254511354 251663743
49547755 251663743
49547755 52068369
254491156 52068369
254491156 251659289
49548839 251659289
49548839 52069446
254482593 52069446
254482593 251658006
49564410 251658006
49564410 52069900
254481498 52069900
254481498 251652584
49566625 251652584
49566625 52073592
254475907 52073592
254475907 251651233
49570668 251651233
49570668 52078684
254474258 52078684
254474258 251603297
49570985 251603297
49570985 52089993
254473039 52089993
254473039 251594929
49589090 251594929
49589090 52092223
254460660 52092223
254460660 251547445
49590277 251547445
49590277 52100349
254460580 52100349
254460580 251546140
49592214 251546140
49592214 52116149
254429249 52116149
254429249 251528132
49617891 251528132
49617891 52125909
254425937 52125909
254425937 251520494
49618727 251520494
49618727 52134360
254406866 52134360
254406866 251515113
49633631 251515113
49633631 52138798
254372660 52138798
254372660 251514606
49635354 251514606
49635354 52143320
254359589 52143320
254359589 251500956
49640407 251500956
49640407 52144113
254346741 52144113
254346741 251478870
49650744 251478870
49650744 52144364
254327238 52144364
254327238 251472419
49660547 251472419
49660547 52145969
254308876 52145969
254308876 251471778
49667256 251471778
49667256 52154481
254306826 52154481
254306826 251470193
49682270 251470193
49682270 52159732
254291560 52159732
254291560 251465620
49692814 251465620
49692814 52178919
254278130 52178919
254278130 251460184
49733748 251460184
49733748 52195406
254275918 52195406
254275918 251459008
49734126 251459008
49734126 52205708
254256107 52205708
254256107 251452434
49734689 251452434
49734689 52211411
254251367 52211411
254251367 251449484
49761648 251449484
49761648 52218042
254243897 52218042
254243897 251446934
49764813 251446934
49764813 52221599
254230339 52221599
254230339 251399660
49769951 251399660
49769951 52238519
254229079 52238519
254229079 251378425
49787961 251378425
49787961 52264473
254165236 52264473
254165236 251374117
49790715 251374117
49790715 52285347
254164761 52285347
254164761 251354798
49793367 251354798
49793367 52302514
254159505 52302514
254159505 251354215
49800404 251354215
49800404 52308008
254158716 52308008
254158716 251353472
49801198 251353472
49801198 52310042
254158231 52310042
254158231 251348728
49830211 251348728
49830211 52312195
254152125 52312195
254152125 251326504
49845418 251326504
49845418 52313240
254141947 52313240
254141947 251316207
49865199 251316207
49865199 52329373
254139260 52329373
254139260 251316086
49878477 251316086
49878477 52335546
254099864 52335546
254099864 251295344
49893653 251295344
49893653 52343730
254099313 52343730
254099313 251271303
49901965 251271303
49901965 52347572
254094933 52347572
254094933 251232884
49910840 251232884
49910840 52358354
254061599 52358354
254061599 251230899
49916925 251230899
49916925 52364310
254048488 52364310
254048488 251228308
49965460 251228308
49965460 52364798
254046610 52364798
254046610 251226946
49969284 251226946
49969284 52368323
254027345 52368323
254027345 251196088
49995895 251196088
49995895 52370676
254027049 52370676
254027049 251192789
49998790 251192789
49998790 52385128
254022537 52385128
254022537 251143279
50005329 251143279
50005329 52385373
253991502 52385373
253991502 251135599
50028714 251135599
50028714 52389901
253987166 52389901
253987166 251119002
50034392 251119002
50034392 52390617
253982542 52390617
253982542 251111855
50037419 251111855
50037419 52401013
253952676 52401013
253952676 251108385
50045910 251108385
50045910 52404489
253943299 52404489
253943299 251102393
50050086 251102393
50050086 52413956
253934831 52413956
253934831 251100193
50052839 251100193
50052839 52431233
253930233 52431233
253930233 251099848
50058713 251099848
50058713 52445895
253885936 52445895
253885936 251095548
50060593 251095548
50060593 52446584
253884860 52446584
253884860 251087768
50073593 251087768
50073593 52452901
253880978 52452901
253880978 251081107
50077011 251081107
50077011 52453052
253880417 52453052
253880417 251067276
50122319 251067276
50122319 52460668
253876482 52460668
253876482 251062336
50122578 251062336
50122578 52466196
253869489 52466196
253869489 251032257
50127214 251032257
50127214 52480417
253868567 52480417
253868567 251023548
50132902 251023548
50132902 52486748
253868473 52486748
253868473 251019124
50184757 251019124
50184757 52503973
253863545 52503973
253863545 251003116
50188514 251003116
50188514 52550744
253857844 52550744
253857844 251000885
50204882 251000885
50204882 52578472
253857303 52578472
253857303 250998774
50210838 250998774
50210838 52587624
253828516 52587624
253828516 250996850
50222255 250996850
50222255 52598618
253813775 52598618
253813775 250982144
50237220 250982144
50237220 52603910
253812853 52603910
253812853 250974876
50242510 250974876
50242510 52613295
253800728 52613295
253800728 250963590
50242542 250963590
50242542 52619975
253799570 52619975
253799570 250954719
50243700 250954719
50243700 52620215
253791154 52620215
253791154 250937125
50244305 250937125
50244305 52629569
253786664 52629569
253786664 250931190
50245279 250931190
50245279 52643639
253775710 52643639
253775710 250923022
50256163 250923022
50256163 52682667
253746192 52682667
253746192 250890587
50260779 250890587
50260779 52686615
253728529 52686615
253728529 250888960
50262267 250888960
50262267 52688314
253716171 52688314
253716171 250871846
50290947 250871846
50290947 52695522
253702789 52695522
253702789 250861144
50322208 250861144
50322208 52710959
253696902 52710959
253696902 250848646
50324567 250848646
50324567 52729441
253691181 52729441
253691181 250848240
50349671 250848240
50349671 52746335
253689147 52746335
253689147 250846060
50350274 250846060
50350274 52750326
253682935 52750326
253682935 250844681
50351264 250844681
50351264 52751159
253675028 52751159
253675028 250834337
50352371 250834337
50352371 52755081
253672953 52755081
253672953 250822123
50353646 250822123
50353646 52759904
253664435 52759904
253664435 250811659
50365901 250811659
50365901 52770533
253662377 52770533
253662377 250800750
50369342 250800750
50369342 52776709
253654478 52776709
253654478 250794280
50379341 250794280
50379341 52783208
253651354 52783208
253651354 250793510
50396171 250793510
50396171 52788823
253649220 52788823
253649220 250785883
50407558 250785883
50407558 52824053
253644805 52824053
253644805 250784973
50411577 250784973
50411577 52827807
253628354 52827807
253628354 250773877
50429327 250773877
50429327 52838554
253626645 52838554
253626645 250765102
50443932 250765102
50443932 52859206
253576376 52859206
253576376 250764331
50450463 250764331
50450463 52859941
253562260 52859941
253562260 250760495
50455712 250760495
50455712 52862233
253559588 52862233
253559588 250754117
50455856 250754117
50455856 52864139
253558985 52864139
253558985 250743960
50458518 250743960
50458518 52866348
253557845 52866348
253557845 250739898
50467213 250739898
50467213 52887501
253553217 52887501
253553217 250717541
50474480 250717541
50474480 52890070
253553111 52890070
253553111 250706885
50475719 250706885
50475719 52890592
253491092 52890592
253491092 250697081
50486083 250697081
50486083 52903212
253488089 52903212
253488089 250696802
50488042 250696802
50488042 52904729
253468975 52904729
253468975 250671010
50492369 250671010
50492369 52916121
253444174 52916121
253444174 250670715
50511694 250670715
50511694 52923970
253404110 52923970
253404110 250668757
50537155 250668757
50537155 52929711
253401343 52929711
253401343 250665440
50544575 250665440
50544575 52929902
253377780 52929902
253377780 250661217
50546299 250661217
50546299 52941211
253320539 52941211
253320539 250646099
50552353 250646099
50552353 52946731
253319756 52946731
253319756 250641436
50566718 250641436
50566718 52948827
253318382 52948827
253318382 250595201
50597192 250595201
50597192 52999702
253312824 52999702
253312824 250582635
50599531 250582635
50599531 53001668
253308285 53001668
253308285 250563102
50658602 250563102
50658602 53018891
253292731 53018891
253292731 250553339
50668201 250553339
50668201 53020967
253292687 53020967
253292687 250553228
50670484 250553228
50670484 53021557
253285093 53021557
253285093 250528768
50685181 250528768
50685181 53022406
253273540 53022406
253273540 250527186
50703838 250527186
50703838 53023728
253267753 53023728
253267753 250489387
50713269 250489387
50713269 53042665
253266125 53042665
253266125 250468097
50732154 250468097
50732154 53057768
253247668 53057768
253247668 250439645
50732868 250439645
50732868 53071294
253237677 53071294
253237677 250425704
50753023 250425704
50753023 53073755
253219336 53073755
253219336 250395994
50758335 250395994
50758335 53076828
253218988 53076828
253218988 250385999
50777968 250385999
50777968 53082760
253204045 53082760
253204045 250382249
50798246 250382249
50798246 53094288
253200233 53094288
253200233 250361973
50839773 250361973
50839773 53098846
253196865 53098846
253196865 250355072
50848800 250355072
50848800 53114960
253195727 53114960
253195727 250346871
50876200 250346871
50876200 53129021
253184802 53129021
253184802 250332194
50886491 250332194
50886491 53138801
253181313 53138801
253181313 250329709
50899510 250329709
50899510 53138864
253180091 53138864
253180091 250318217
50910336 250318217
50910336 53148680
253179180 53148680
253179180 250311834
50953400 250311834
50953400 53154194
253172886 53154194
253172886 250307675
50954047 250307675
50954047 53156883
253170544 53156883
253170544 250299462
50955974 250299462
50955974 53158636
253164004 53158636
253164004 250287854
50963839 250287854
50963839 53171207
253133089 53171207
253133089 250242038
50967511 250242038
50967511 53183436
253129163 53183436
253129163 250239780
50982697 250239780
50982697 53208480
253123425 53208480
253123425 250239511
50997922 250239511
50997922 53221807
253119444 53221807
253119444 250237771
50998052 250237771
50998052 53233347
253107853 53233347
253107853 250228198
51001363 250228198
51001363 53238531
253093615 53238531
253093615 250190777
51012250 250190777
51012250 53259764
253062698 53259764
253062698 250181796
51020800 250181796
51020800 53263980
253057995 53263980
253057995 250174272
51024804 250174272
51024804 53278402
253057536 53278402
253057536 250172198
51027529 250172198
51027529 53280402
253043466 53280402
253043466 250166368
51033314 250166368
51033314 53285488
253042491 53285488
253042491 250154339
51072083 250154339
51072083 53290637
253041140 53290637
253041140 250139251
51072641 250139251
51072641 53304215
253038398 53304215
253038398 250131317
51078187 250131317
51078187 53308897
253037179 53308897
253037179 250131068
51083943 250131068
51083943 53310575
253033305 53310575
253033305 250129375
51084796 250129375
51084796 53313864
253025691 53313864
253025691 250111143
51091589 250111143
51091589 53332003
253011785 53332003
253011785 250097721
51102266 250097721
51102266 53335998
253006022 53335998
253006022 250091950
51110206 250091950
51110206 53359137
252972515 53359137
252972515 250090789
51113533 250090789
51113533 53366529
252972244 53366529
252972244 250088060
51126800 250088060
51126800 53384981
252957723 53384981
252957723 250061544
51127572 250061544
51127572 53401856
252942194 53401856
252942194 250049233
51157932 250049233
51157932 53411323
252928497 53411323
252928497 250047614
51166292 250047614
51166292 53425905
252923821 53425905
252923821 250022862
51172055 250022862
51172055 53426281
252912546 53426281
252912546 250003859
51176957 250003859
51176957 53430440
252897381 53430440
252897381 249994151
51179943 249994151
51179943 53436540
252878042 53436540
252878042 249989649
51198594 249989649
51198594 53447678
252871625 53447678
252871625 249986378
51212239 249986378
51212239 53450186
252859576 53450186
252859576 249979888
51226989 249979888
51226989 53456647
252856172 53456647
252856172 249947380
51235140 249947380
51235140 53457259
252848857 53457259
252848857 249939875
51237002 249939875
51237002 53476390
252828407 53476390
252828407 249938006
51241620 249938006
51241620 53500508
252825605 53500508
252825605 249936818
51278982 249936818
51278982 53524377
252819623 53524377
252819623 249925020
51281217 249925020
51281217 53531676
252803366 53531676
252803366 249919096
51284202 249919096
51284202 53533452
252802918 53533452
252802918 249902094
51303010 249902094
51303010 53543273
252787546 53543273
252787546 249901287
51307804 249901287
51307804 53544066
252753725 53544066
252753725 249897593
51314038 249897593
51314038 53556918
252738409 53556918
252738409 249889130
51314832 249889130
51314832 53568987
252710966 53568987
252710966 249886384
51326135 249886384
51326135 53570296
252700320 53570296
252700320 249879188
51347965 249879188
51347965 53572660
252693794 53572660
252693794 249831298
51350954 249831298
51350954 53573132
252682321 53573132
252682321 249802182
51374931 249802182
51374931 53666159
252681053 53666159
252681053 249779336
51387633 249779336
51387633 53667457
252670008 53667457
252670008 249778457
51407116 249778457
51407116 53682734
252669625 53682734
252669625 249775592
51424520 249775592
51424520 53691729
252660752 53691729
252660752 249757419
51430544 249757419
51430544 53693246
252643420 53693246
252643420 249744617
51431200 249744617
51431200 53721714
252632988 53721714
252632988 249721807
51432608 249721807
51432608 53733372
252631579 53733372
252631579 249705936
51435500 249705936
51435500 53745711
252629749 53745711
252629749 249698466
51447733 249698466
51447733 53759061
252614078 53759061
252614078 249689112
51456049 249689112
51456049 53781234
252601770 53781234
252601770 249672244
51473570 249672244
51473570 53782406
252599302 53782406
252599302 249644507
51513780 249644507
51513780 53786736
252587167 53786736
252587167 249620069
51514287 249620069
51514287 53787522
252584312 53787522
252584312 249614491
51518034 249614491
51518034 53794780
252578149 53794780
252578149 249607822
51538013 249607822
51538013 53795871
252564894 53795871
252564894 249606477
51539204 249606477
51539204 53801120
252561569 53801120
252561569 249603786
51564423 249603786
51564423 53806702
252547314 53806702
252547314 249601652
51569826 249601652
51569826 53808823
252536789 53808823
252536789 249600781
51611681 249600781
51611681 53814433
252521277 53814433
252521277 249588660
51627372 249588660
51627372 53819688
252496727 53819688
252496727 249586626
51634446 249586626
51634446 53823054
252493990 53823054
252493990 249585933
51647965 249585933
51647965 53828204
252477502 53828204
252477502 249582072
51651433 249582072
51651433 53835138
252467049 53835138
252467049 249581426
51652584 249581426
51652584 53853803
252439692 53853803
252439692 249567465
51661522 249567465
51661522 53859489
252429340 53859489
252429340 249548052
51666734 249548052
51666734 53879857
252427244 53879857
252427244 249546418
51668880 249546418
51668880 53880053
252392204 53880053
252392204 249543248
51671221 249543248
51671221 53880289
252389942 53880289
252389942 249542665
51674792 249542665
51674792 53889742
252384094 53889742
252384094 249524010
51675071 249524010
51675071 53895045
252382258 53895045
252382258 249515711
51679951 249515711
51679951 53900079
252373629 53900079
252373629 249498886
51680540 249498886
51680540 53907576
252372422 53907576
252372422 249498215
51684518 249498215
51684518 53908126
252366754 53908126
252366754 249477602
51724342 249477602
51724342 53912021
252366023 53912021
252366023 249476391
51750836 249476391
51750836 53913617
252345122 53913617
252345122 249466443
51751563 249466443
51751563 53928048
252343986 53928048
252343986 249459992
51758284 249459992
51758284 53953693
252342692 53953693
252342692 249436954
51772417 249436954
51772417 53959872
252332574 53959872
252332574 249416206
51774540 249416206
51774540 53961093
252327413 53961093
252327413 249414415
51781114 249414415
51781114 53965988
252319762 53965988
252319762 249410244
51788235 249410244
51788235 53971510
252305540 53971510
252305540 249402629
51808003 249402629
51808003 53979077
252300768 53979077
252300768 249401106
51815070 249401106
51815070 53981792
252270380 53981792
252270380 249394213
51825833 249394213
51825833 53984303
252268261 53984303
252268261 249393288
51826041 249393288
51826041 54008565
252253248 54008565
252253248 249382943
51826096 249382943
51826096 54017449
252252831 54017449
252252831 249370805
51836569 249370805
51836569 54033960
252240345 54033960
252240345 249356798
51849454 249356798
51849454 54059052
252239983 54059052
252239983 249349350
51869443 249349350
51869443 54059312
252228705 54059312
252228705 249325952
51887112 249325952
51887112 54067939
252216498 54067939
252216498 249322879
51887410 249322879
51887410 54068962
252215307 54068962
252215307 249319771
51911619 249319771
51911619 54076916
252214660 54076916
252214660 249311321
51934311 249311321
51934311 54079384
252205572 54079384
252205572 249297783
51941208 249297783
51941208 54116169
252200847 54116169
252200847 249295787
51945617 249295787
51945617 54117382
252195659 54117382
252195659 249295733
51948136 249295733
51948136 54132671
252194374 54132671
252194374 249288607
51968806 249288607
51968806 54136203
252192684 54136203
252192684 249236111
51982675 249236111
51982675 54142388
252180396 54142388
252180396 249203255
52007906 249203255
52007906 54149300
252144029 54149300
252144029 249187746
52007909 249187746
52007909 54197278
252117400 54197278
252117400 249160901
52038254 249160901
52038254 54211482
252107093 54211482
252107093 249135913
52047422 249135913
52047422 54228054
252091071 54228054
252091071 249134686
52060761 249134686
52060761 54229017
252069750 54229017
252069750 249134339
52070172 249134339
52070172 54246953
252066292 54246953
252066292 249115198
52075805 249115198
52075805 54256833
252050128 54256833
252050128 249095130
52082784 249095130
52082784 54267582
252043639 54267582
252043639 249093701
52087266 249093701
52087266 54270959
252039749 54270959
252039749 249093094
52087875 249093094
52087875 54272831
252031903 54272831
252031903 249085415
52091280 249085415
52091280 54282875
252024584 54282875
252024584 249079055
52092116 249079055
52092116 54283463
252012418 54283463
252012418 249038366
52106190 249038366
52106190 54289122
252009817 54289122
252009817 249030896
52133263 249030896
52133263 54298593
252000683 54298593
252000683 249015918
52136827 249015918
52136827 54350435
251999749 54350435
251999749 248983881
52141415 248983881
52141415 54352997
251986669 54352997
251986669 248943544
52155772 248943544
52155772 54371937
251985616 54371937
251985616 248932285
52156090 248932285
52156090 54375617
251958321 54375617
251958321 248930752
52164152 248930752
52164152 54379453
251956877 54379453
251956877 248929077
52182613 248929077
52182613 54400000
251943113 54400000
251943113 248928536
52199452 248928536
52199452 54409706
251941700 54409706
251941700 248928451
52204326 248928451
52204326 54424191
251932233 54424191
251932233 248923577
52204979 248923577
52204979 54444047
251931407 54444047
251931407 248920606
52210275 248920606
52210275 54452470
251923571 54452470
251923571 248917118
52211959 248917118
52211959 54465314
251914034 54465314
251914034 248897834
52227768 248897834
52227768 54467637
251909475 54467637
251909475 248889316
52231769 248889316
52231769 54467705
251908691 54467705
251908691 248878109
52237446 248878109
52237446 54469872
251896229 54469872
251896229 248860931
52250889 248860931
52250889 54497490
251895433 54497490
251895433 248858854
52269577 248858854
52269577 54505011
251874642 54505011
251874642 248850271
52276625 248850271
52276625 54508347
251871504 54508347
251871504 248846007
52278074 248846007
52278074 54528569
251857054 54528569
251857054 248837667
52280197 248837667
52280197 54535302
251846845 54535302
251846845 248835571
52282876 248835571
52282876 54543846
251846411 54543846
251846411 248821269
52317326 248821269
52317326 54546726
251840447 54546726
251840447 248804789
52349513 248804789
52349513 54564806
251819622 54564806
251819622 248801826
52373398 248801826
52373398 54566484
251808616 54566484
251808616 248794493
52385400 248794493
52385400 54569754
251801650 54569754
251801650 248779694
52392302 248779694
52392302 54571505
251758857 54571505
251758857 248777547
52396749 248777547
52396749 54576495
251754144 54576495
251754144 248765582
52399192 248765582
52399192 54593449
251753989 54593449
251753989 248756504
52420924 248756504
52420924 54594875
251753797 54594875
251753797 248745331
52427110 248745331
52427110 54627142
251737285 54627142
251737285 248736267
52440686 248736267
52440686 54627398
251704928 54627398
251704928 248727074
52442074 248727074
52442074 54627770
251704642 54627770
251704642 248723300
52448043 248723300
52448043 54628844
251702318 54628844
251702318 248688501
52468921 248688501
52468921 54634109
251677738 54634109
251677738 248685441
52532347 248685441
52532347 54651350
251672593 54651350
251672593 248665424
52542527 248665424
52542527 54666224
251671891 54666224
251671891 248663767
52565347 248663767
52565347 54674702
251664619 54674702
251664619 248661999
52576094 248661999
52576094 54683489
251647361 54683489
251647361 248661541
52576356 248661541
52576356 54688872
251632730 54688872
251632730 248659015
52591588 248659015
52591588 54690131
251621704 54690131
251621704 248653262
52595997 248653262
52595997 54698055
251620814 54698055
251620814 248645308
52599524 248645308
52599524 54705261
251609825 54705261
251609825 248621763
52608018 248621763
52608018 54706094
251602098 54706094
251602098 248611556
52636516 248611556
52636516 54708493
251601272 54708493
251601272 248608039
52636961 248608039
52636961 54711008
251600855 54711008
251600855 248605471
52640107 248605471
52640107 54714724
251577631 54714724
251577631 248583529
52648702 248583529
52648702 54717793
251567631 54717793
251567631 248578848
52697698 248578848
52697698 54735069
251565246 54735069
251565246 248577382
52699538 248577382
52699538 54739411
251563590 54739411
251563590 248544496
52699785 248544496
52699785 54749541
251557533 54749541
251557533 248536791
52708692 248536791
52708692 54756050
251546172 54756050
251546172 248525685
52722019 248525685
52722019 54756882
251544445 54756882
251544445 248518819
52744691 248518819
52744691 54757577
251542806 54757577
251542806 248501654
52750479 248501654
52750479 54763446
251510145 54763446
251510145 248497977
52755371 248497977
52755371 54768034
251501083 54768034
251501083 248492080
52759632 248492080
52759632 54768168
251488231 54768168
251488231 248491109
52761448 248491109
52761448 54775041
251435768 54775041
251435768 248487802
52785614 248487802
52785614 54787840
251432351 54787840
251432351 248479718
52786412 248479718
52786412 54795328
251428588 54795328
251428588 248478519
52789655 248478519
52789655 54798845
251409423 54798845
251409423 248451299
52794358 248451299
52794358 54808341
251394103 54808341
251394103 248446249
52796695 248446249
52796695 54826720
251371725 54826720
251371725 248433714
52817450 248433714
52817450 54834837
251366847 54834837
251366847 248432516
52821519 248432516
52821519 54847546
251366753 54847546
251366753 248411534
52827014 248411534
52827014 54860129
251362773 54860129
251362773 248411103
52829244 248411103
52829244 54870127
251362758 54870127
251362758 248396197
52831641 248396197
52831641 54888543
251361159 54888543
251361159 248394852
52853692 248394852
52853692 54914154
251356732 54914154
251356732 248384546
52877062 248384546
52877062 54918031
251349488 54918031
251349488 248372440
52922546 248372440
52922546 54921793
251346842 54921793
251346842 248360772
52935104 248360772
52935104 54934807
251340868 54934807
251340868 248341393
52943486 248341393
52943486 54942678
251334464 54942678
251334464 248341176
52944448 248341176
52944448 54950510
251280194 54950510
251280194 248334847
52966291 248334847
52966291 54956801
251275217 54956801
251275217 248323622
52973040 248323622
52973040 54959209
251271424 54959209
251271424 248317777
52991234 248317777
52991234 54964421
251252392 54964421
251252392 248297568
53000283 248297568
53000283 54967656
251242466 54967656
251242466 248297228
53001199 248297228
53001199 54971857
251228468 54971857
251228468 248291959
53017823 248291959
53017823 55040382
251215443 55040382
251215443 248285018
53017897 248285018
53017897 55052466
251195847 55052466
251195847 248276978
53031388 248276978
53031388 55053113
251188224 55053113
251188224 248230312
53033638 248230312
53033638 55060393
251175864 55060393
251175864 248229232
53041267 248229232
53041267 55071424
251172081 55071424
251172081 248217972
53047903 248217972
53047903 55079261
251167576 55079261
251167576 248193444
53049675 248193444
53049675 55125761
251148658 55125761
251148658 248192054
53071288 248192054
53071288 55128290
251140790 55128290
251140790 248174271
53080851 248174271
53080851 55129206
251129778 55129206
251129778 248165829
53094954 248165829
53094954 55130047
251129716 55130047
251129716 248146022
53104398 248146022
53104398 55136529
251115507 55136529
251115507 248142662
53116819 248142662
53116819 55140096
251112865 55140096
251112865 248139354
53124167 248139354
53124167 55142182
251097649 55142182
251097649 248136817
53127746 248136817
53127746 55169157
251083885 55169157
251083885 248128369
53133683 248128369
53133683 55178491
251052869 55178491
251052869 248126308
53138859 248126308
53138859 55211860
251045889 55211860
251045889 248125450
53146698 248125450
53146698 55212006
251029544 55212006
251029544 248116825
53154013 248116825
53154013 55245959
251026298 55245959
251026298 248106890
53156329 248106890
53156329 55249718
251014349 55249718
251014349 248101758
53160316 248101758
53160316 55250092
251011682 55250092
251011682 248094366
53160731 248094366
53160731 55268544
251003408 55268544
251003408 248073856
53166999 248073856
53166999 55275838
250974121 55275838
250974121 248066862
53170002 248066862
53170002 55291121
250969407 55291121
250969407 248049023
53183642 248049023
53183642 55297266
250960280 55297266
250960280 248032097
53201114 248032097
53201114 55307203
250957098 55307203
250957098 248020216
53205715 248020216
53205715 55314033
250942882 55314033
250942882 248015912
53206079 248015912
53206079 55323727
250939914 55323727
250939914 248005949
53211738 248005949
53211738 55324089
250930234 55324089
250930234 247987864
53212013 247987864
53212013 55329083
250908219 55329083
250908219 247964809
53222806 247964809
53222806 55357380
250899351 55357380
250899351 247963820
53248259 247963820
53248259 55375494
250899203 55375494
250899203 247953718
53275756 247953718
53275756 55384575
250897701 55384575
250897701 247941234
53278108 247941234
53278108 55419105
250892018 55419105
250892018 247939843
53283177 247939843
53283177 55428953
250878105 55428953
250878105 247935097
53292990 247935097
53292990 55445941
250868341 55445941
250868341 247926680
53297155 247926680
53297155 55453953
250854633 55453953
250854633 247925817
53313148 247925817
53313148 55454659
250850343 55454659
250850343 247919913
53316654 247919913
53316654 55468824
250838856 55468824
250838856 247917178
53320358 247917178
53320358 55470260
250838593 55470260
250838593 247911788
53415136 247911788
53415136 55482190
250832816 55482190
250832816 247897564
53415945 247897564
53415945 55483091
250829464 55483091
250829464 247896524
53418811 247896524
53418811 55483768
250791848 55483768
250791848 247896366
53421078 247896366
53421078 55490350
250786608 55490350
250786608 247872270
53434234 247872270
53434234 55515966
250767832 55515966
250767832 247870365
53437687 247870365
53437687 55518070
250765018 55518070
250765018 247857792
53461463 247857792
53461463 55519251
250740474 55519251
250740474 247857774
53506248 247857774
53506248 55527598
250728056 55527598
250728056 247848121
53511675 247848121
53511675 55529777
250666625 55529777
250666625 247832140
53517941 247832140
53517941 55549333
250653374 55549333
250653374 247830746
53555853 247830746
53555853 55556361
250626815 55556361
250626815 247825824
53561055 247825824
53561055 55563900
250619113 55563900
250619113 247810322
53585605 247810322
53585605 55564147
250606852 55564147
250606852 247765988
53588748 247765988
53588748 55577621
250593886 55577621
250593886 247762700
53589845 247762700
53589845 55581648
250592683 55581648
250592683 247751218
53614269 247751218
53614269 55592398
250590765 55592398
250590765 247743618
53615499 247743618
53615499 55608357
250589415 55608357
250589415 247743456
53624287 247743456
53624287 55632025
250588068 55632025
250588068 247729100
53633568 247729100
53633568 55643271
250585468 55643271
250585468 247728590
53634237 247728590
53634237 55645427
250581342 55645427
250581342 247690520
53640579 247690520
53640579 55655819
250579555 55655819
250579555 247685974
53671104 247685974
53671104 55658444
250576208 55658444
250576208 247678947
53676395 247678947
53676395 55660584
250573703 55660584
250573703 247667224
53698590 247667224
53698590 55679535
250566158 55679535
250566158 247662718
53699670 247662718
53699670 55693898
250563234 55693898
250563234 247621736
53713705 247621736
53713705 55696398
250555998 55696398
250555998 247596748
53714671 247596748
53714671 55708545
250554924 55708545
250554924 247590550
53718832 247590550
53718832 55717626
250545278 55717626
250545278 247571061
53720719 247571061
53720719 55719029
250544962 55719029
250544962 247569991
53724597 247569991
53724597 55740039
250536211 55740039
250536211 247564793
53733486 247564793
53733486 55741102
250528802 55741102
250528802 247552480
53751886 247552480
53751886 55744749
250496906 55744749
250496906 247544736
53762730 247544736
53762730 55744786
250489187 55744786
250489187 247523513
53771833 247523513
53771833 55750385
250470827 55750385
250470827 247492073
53773375 247492073
53773375 55759522
250450843 55759522
250450843 247484772
53780207 247484772
53780207 55767303
250446723 55767303
250446723 247483014
53811136 247483014
53811136 55791401
250429188 55791401
250429188 247449292
53816405 247449292
53816405 55801010
250426779 55801010
250426779 247440050
53827406 247440050
53827406 55814691
250409226 55814691
250409226 247434237
53829705 247434237
53829705 55822392
250399942 55822392
250399942 247393734
53832668 247393734
53832668 55829236
250395402 55829236
250395402 247391159
53839830 247391159
53839830 55859289
250394547 55859289
250394547 247372930
53847472 247372930
53847472 55880300
250394296 55880300
250394296 247367879
53862041 247367879
53862041 55883173
250392218 55883173
250392218 247364238
53877090 247364238
53877090 55886663
250383538 55886663
250383538 247361249
53900685 247361249
53900685 55894301
250349722 55894301
250349722 247346793
53920698 247346793
53920698 55908883
250340662 55908883
250340662 247340194
53929641 247340194
53929641 55908902
250332471 55908902
250332471 247333641
53929679 247333641
53929679 55910011
250324473 55910011
250324473 247330055
53929919 247330055
53929919 55915691
250322353 55915691
250322353 247320661
53942035 247320661
53942035 55918416
250313475 55918416
250313475 247307865
53983863 247307865
53983863 55937672
250310334 55937672
250310334 247299300
53998615 247299300
53998615 55940334
250305914 55940334
250305914 247287058
53999945 247287058
53999945 55947080
250286001 55947080
250286001 247280570
54000143 247280570
54000143 55969614
250285810 55969614
250285810 247277912
54004519 247277912
54004519 55970972
250274529 55970972
250274529 247277313
54019274 247277313
54019274 55989656
250268174 55989656
250268174 247274539
54021515 247274539
54021515 55991735
250265945 55991735
250265945 247272749
54028174 247272749
54028174 56000133
250265225 56000133
250265225 247265778
54035523 247265778
54035523 56034024
250260728 56034024
250260728 247259501
54069207 247259501
54069207 56036775
250258921 56036775
250258921 247243636
54094042 247243636
54094042 56043514
250243442 56043514
250243442 247230391
54106754 247230391
54106754 56048252
250229795 56048252
250229795 247228076
54119380 247228076
54119380 56056854
250209002 56056854
250209002 247215731
54122716 247215731
54122716 56056952
250205762 56056952
250205762 247203116
54127292 247203116
54127292 56062111
250200668 56062111
250200668 247194007
54141313 247194007
54141313 56077045
250181662 56077045
250181662 247176508
54179909 247176508
54179909 56088271
250159559 56088271
250159559 247175336
54188083 247175336
54188083 56088476
250127133 56088476
250127133 247169017
54189327 247169017
54189327 56108834
250110220 56108834
250110220 247163921
54211891 247163921
54211891 56109816
250105967 56109816
250105967 247160659
54231095 247160659
54231095 56134543
250100821 56134543
250100821 247148234
54248494 247148234
54248494 56174516
250095507 56174516
250095507 247128662
54251455 247128662
54251455 56175104
250086967 56175104
250086967 247123834
54255260 247123834
54255260 56197599
250074902 56197599
250074902 247120341
54276829 247120341
54276829 56199029
250068120 56199029
250068120 247117177
54277434 247117177
54277434 56229135
250063085 56229135
250063085 247116223
54277982 247116223
54277982 56234013
250052024 56234013
250052024 247110132
54286412 247110132
54286412 56242189
250050145 56242189
250050145 247105869
54290604 247105869
54290604 56248210
250048854 56248210
250048854 247095208
54302638 247095208
54302638 56252547
250044387 56252547
250044387 247092120
54308069 247092120
54308069 56254367
250026009 56254367
250026009 247091574
54310980 247091574
54310980 56257032
249999116 56257032
249999116 247087254
54314496 247087254
54314496 56261592
249992804 56261592
249992804 247078903
54316545 247078903
54316545 56273153
249990668 56273153
249990668 247059694
54320753 247059694
54320753 56296458
249973844 56296458
249973844 247049473
54330607 247049473
54330607 56301691
249969160 56301691
249969160 247039627
54350393 247039627
54350393 56311866
249965556 56311866
249965556 247035370
54370683 247035370
54370683 56315114
249964697 56315114
249964697 247032379
54408800 247032379
54408800 56368448
249933819 56368448
249933819 247020352
54432677 247020352
54432677 56373961
249905837 56373961
249905837 247011980
54433259 247011980
54433259 56397968
249904636 56397968
249904636 247011623
54441151 247011623
54441151 56425828
249886272 56425828
249886272 246995112
54445687 246995112
54445687 56433489
249882406 56433489
249882406 246987312
54462110 246987312
54462110 56454812
249871202 56454812
249871202 246966950
54474779 246966950
54474779 56459429
249868556 56459429
249868556 246944239
54475566 246944239
54475566 56483344
249866507 56483344
249866507 246934684
54479222 246934684
54479222 56487891
249851649 56487891
249851649 246930735
54483190 246930735
54483190 56489475
249847896 56489475
249847896 246929752
54483242 246929752
54483242 56507483
249813647 56507483
249813647 246927550
54486929 246927550
54486929 56515585
249807859 56515585
249807859 246927120
54487798 246927120
54487798 56517927
249800138 56517927
249800138 246915031
54507316 246915031
54507316 56522122
249796251 56522122
249796251 246906533
54509230 246906533
54509230 56526432
249787844 56526432
249787844 246875487
54535929 246875487
54535929 56534425
249783259 56534425
249783259 246874099
54543434 246874099
54543434 56536130
249777389 56536130
249777389 246873622
54553879 246873622
54553879 56542981
249774802 56542981
249774802 246863294
54561961 246863294
54561961 56543802
249752696 56543802
249752696 246852506
54573583 246852506
54573583 56544799
249751973 56544799
249751973 246850676
54574672 246850676
54574672 56549416
249725248 56549416
249725248 246833365
54583438 246833365
54583438 56566767
249719605 56566767
249719605 246828745
54583883 246828745
54583883 56580407
249716590 56580407
249716590 246820932
54606406 246820932
54606406 56601384
249704571 56601384
249704571 246814068
54627658 246814068
54627658 56604993
249690754 56604993
249690754 246777969
54638894 246777969
54638894 56620082
249678572 56620082
249678572 246773477
54654288 246773477
54654288 56651310
249666405 56651310
249666405 246719442
54666379 246719442
54666379 56653638
249665722 56653638
249665722 246708266
54682130 246708266
54682130 56654652
249663720 56654652
249663720 246703862
54686628 246703862
54686628 56670167
249662639 56670167
249662639 246693866
54689340 246693866
54689340 56677613
249659429 56677613
249659429 246687890
54702513 246687890
54702513 56689637
249655265 56689637
249655265 246682921
54703212 246682921
54703212 56698342
249640648 56698342
249640648 246654147
54709922 246654147
54709922 56705733
249617392 56705733
249617392 246624940
54719923 246624940
54719923 56710768
249614704 56710768
249614704 246612743
54726864 246612743
54726864 56713006
249606887 56713006
249606887 246609828
54730080 246609828
54730080 56715950
249581408 56715950
249581408 246609328
54734957 246609328
54734957 56722592
249579209 56722592
249579209 246589913
54735848 246589913
54735848 56726190
249579140 56726190
249579140 246589078
54746893 246589078
54746893 56735158
249571122 56735158
249571122 246580251
54747902 246580251
54747902 56765876
249560193 56765876
249560193 246577789
54748445 246577789
54748445 56773937
249543315 56773937
249543315 246564994
54751450 246564994
54751450 56777258
249518205 56777258
249518205 246558557
54768860 246558557
54768860 56777410
249512513 56777410
249512513 246545851
54773214 246545851
54773214 56795781
249507323 56795781
249507323 246535448
54802603 246535448
54802603 56808074
249495348 56808074
249495348 246507261
54811123 246507261
54811123 56819733
249475548 56819733
249475548 246496696
54811461 246496696
54811461 56824553
249475346 56824553
249475346 246493226
54826855 246493226
54826855 56842649
249452153 56842649
249452153 246478097
54827951 246478097
54827951 56852648
249446985 56852648
249446985 246477996
54830639 246477996
54830639 56863102
249443537 56863102
249443537 246477724
54849314 246477724
54849314 56892687
249442706 56892687
249442706 246467553
54857901 246467553
54857901 56906493
249441612 56906493
249441612 246448970
54858370 246448970
54858370 56927665
249423769 56927665
249423769 246432042
54860813 246432042
54860813 56929226
249396119 56929226
249396119 246419033
54876811 246419033
54876811 56940040
249384090 56940040
249384090 246413671
54883666 246413671
54883666 56944893
249380611 56944893
249380611 246410059
54908732 246410059
54908732 56951860
249376515 56951860
249376515 246407516
54919674 246407516
54919674 56966706
249376019 56966706
249376019 246400983
54920599 246400983
54920599 56970879
249342835 56970879
249342835 246391299
54944571 246391299
54944571 56999848
249330408 56999848
249330408 246389773
54962202 246389773
54962202 57003476
249309786 57003476
249309786 246388322
54996361 246388322
54996361 57026075
249303227 57026075
249303227 246372692
55011141 246372692
55011141 57042480
249302480 57042480
249302480 246368199
55014378 246368199
55014378 57044332
249283508 57044332
249283508 246363280
55028658 246363280
55028658 57055182
249280602 57055182
249280602 246353735
55031779 246353735
55031779 57058633
249269573 57058633
249269573 246353408
55042012 246353408
55042012 57078352
249267337 57078352
249267337 246346941
55054818 246346941
55054818 57081339
249265149 57081339
249265149 246344022
55056224 246344022
55056224 57094872
249264089 57094872
249264089 246318455
55079830 246318455
55079830 57108422
249262533 57108422
249262533 246313839
55103374 246313839
55103374 57115035
249251870 57115035
249251870 246305409
55104961 246305409
55104961 57135533
249245375 57135533
249245375 246264774
55107854 246264774
55107854 57139799
249221090 57139799
249221090 246260152
55109055 246260152
55109055 57168367
249215004 57168367
249215004 246255580
55119556 246255580
55119556 57169202
249184566 57169202
249184566 246252466
55129509 246252466
55129509 57171785
249181155 57171785
249181155 246225763
55140493 246225763
55140493 57186710
249178483 57186710
249178483 246186686
55147611 246186686
55147611 57195897
249167595 57195897
249167595 246177423
55149546 246177423
55149546 57219250
249147560 57219250
249147560 246157317
55149631 246157317
55149631 57234026
249146155 57234026
249146155 246155687
55150171 246155687
55150171 57246276
249143063 57246276
249143063 246152178
55168842 246152178
55168842 57255925
249119459 57255925
249119459 246147489
55187432 246147489
55187432 57260747
249092754 57260747
249092754 246143386
55197879 246143386
55197879 57284932
249087442 57284932
249087442 246135757
55206417 246135757
55206417 57292108
249071438 57292108
249071438 246110027
55224892 246110027
55224892 57314497
249066212 57314497
249066212 246103683
55234854 246103683
55234854 57343060
249061571 57343060
249061571 246103062
55236145 246103062
55236145 57344500
249038359 57344500
249038359 246074167
55251029 246074167
55251029 57347181
249033685 57347181
249033685 246054679
55251429 246054679
55251429 57350987
249032446 57350987
249032446 246052058
55259134 246052058
55259134 57355051
249030427 57355051
249030427 246050691
55287748 246050691
55287748 57366961
249020825 57366961
249020825 246036833
55294884 246036833
55294884 57367540
249012835 57367540
249012835 246028412
55318293 246028412
55318293 57370522
248999191 57370522
248999191 246000644
55336037 246000644
55336037 57395052
248993235 57395052
248993235 245982088
55362707 245982088
55362707 57399486
248984993 57399486
248984993 245970958
55401101 245970958
55401101 57406857
248970993 57406857
248970993 245970389
55403133 245970389
55403133 57440665
248965321 57440665
248965321 245968798
55409170 245968798
55409170 57446488
248962917 57446488
248962917 245958838
55416610 245958838
55416610 57447337
248949985 57447337
248949985 245928969
55428331 245928969
55428331 57452505
248947778 57452505
248947778 245922336
55440758 245922336
55440758 57479708
248942724 57479708
248942724 245912685
55443170 245912685
55443170 57485275
248936938 57485275
248936938 245910782
55443894 245910782
55443894 57495652
248932543 57495652
248932543 245910224
55464238 245910224
55464238 57495931
248929720 57495931
248929720 245906267
55464661 245906267
55464661 57505005
248926534 57505005
248926534 245859611
55469618 245859611
55469618 57556998
248875153 57556998
248875153 245856504
55474620 245856504
55474620 57557405
248849605 57557405
248849605 245855141
55480935 245855141
55480935 57563486
248849303 57563486
248849303 245847183
55483900 245847183
55483900 57569405
248844192 57569405
248844192 245842003
55488911 245842003
55488911 57572495
248838598 57572495
248838598 245810510
55497658 245810510
55497658 57602480
248833602 57602480
248833602 245796391
55500170 245796391
55500170 57602827
248833391 57602827
248833391 245794514
55502133 245794514
55502133 57609895
248823323 57609895
248823323 245781935
55508450 245781935
55508450 57615093
248803414 57615093
248803414 245770733
55510537 245770733
55510537 57631082
248799391 57631082
248799391 245768355
55517560 245768355
55517560 57632693
248786879 57632693
248786879 245762991
55525590 245762991
55525590 57638002
248782405 57638002
248782405 245758314
55534373 245758314
55534373 57663829
248773696 57663829
248773696 245754937
55545630 245754937
55545630 57667704
248712217 57667704
248712217 245751937
55563045 245751937
55563045 57670670
248697416 57670670
248697416 245742174
55574779 245742174
55574779 57674099
248695192 57674099
248695192 245733940
55583341 245733940
55583341 57674317
248694770 57674317
248694770 245730999
55585643 245730999
55585643 57684137
248692555 57684137
248692555 245730781
55620767 245730781
55620767 57691530
248670224 57691530
248670224 245720899
55622312 245720899
55622312 57731452
248654166 57731452
248654166 245719712
55622521 245719712
55622521 57737306
248633594 57737306
248633594 245714493
55628537 245714493
55628537 57737629
248633085 57737629
248633085 245711191
55633900 245711191
55633900 57737806
248612636 57737806
248612636 245699214
55637427 245699214
55637427 57741485
248603031 57741485
248603031 245690280
55638100 245690280
55638100 57764564
248585229 57764564
248585229 245673272
55643921 245673272
55643921 57785267
248555562 57785267
248555562 245669056
55651688 245669056
55651688 57789248
248518787 57789248
248518787 245666564
55661175 245666564
55661175 57811466
248502576 57811466
248502576 245665870
55661471 245665870
55661471 57821744
248494845 57821744
248494845 245662276
55675449 245662276
55675449 57828152
248486835 57828152
248486835 245661758
55745825 245661758
55745825 57831380
248481687 57831380
248481687 245638085
55746566 245638085
55746566 57836767
248476047 57836767
248476047 245593638
55759859 245593638
55759859 57857025
248451219 57857025
248451219 245592201
55760429 245592201
55760429 57865361
248449460 57865361
248449460 245590037
55762333 245590037
55762333 57886662
248441560 57886662
248441560 245561158
55767669 245561158
55767669 57936265
248441182 57936265
248441182 245557824
55790204 245557824
55790204 57940998
248439539 57940998
248439539 245556935
55843661 245556935
55843661 57945682
248438823 57945682
248438823 245546703
55845938 245546703
55845938 57990665
248416999 57990665
248416999 245542077
55865321 245542077
55865321 57995630
248408671 57995630
248408671 245541315
55869195 245541315
55869195 57998751
248399645 57998751
248399645 245537024
55885421 245537024
55885421 58001262
248392924 58001262
248392924 245519709
55891949 245519709
55891949 58029442
248383340 58029442
248383340 245513416
55903489 245513416
55903489 58035542
248367716 58035542
248367716 245513008
55919225 245513008
55919225 58046086
248357151 58046086
248357151 245501866
55929284 245501866
55929284 58047472
248352575 58047472
248352575 245497761
55931133 245497761
55931133 58058337
248351644 58058337
248351644 245486405
55958284 245486405
55958284 58078569
248346249 58078569
248346249 245484358
55976070 245484358
55976070 58100879
248326162 58100879
248326162 245477163
55976199 245477163
55976199 58115877
248322144 58115877
248322144 245466822
55977226 245466822
55977226 58125458
248307993 58125458
248307993 245435065
55998725 245435065
55998725 58125772
248298966 58125772
248298966 245414099
56015440 245414099
56015440 58156871
248290982 58156871
248290982 245409974
56022748 245409974
56022748 58166497
248289245 58166497
248289245 245399892
56055901 245399892
56055901 58177171
248283333 58177171
248283333 245398945
56060123 245398945
56060123 58197822
248267896 58197822
248267896 245390140
56065878 245390140
56065878 58205419
248262603 58205419
248262603 245383944
56067195 245383944
56067195 58206968
248259014 58206968
248259014 245370498
56067349 245370498
56067349 58211969
248252841 58211969
248252841 245368548
56077901 245368548
56077901 58215908
248249014 58215908
248249014 245361898
56081181 245361898
56081181 58217642
248226915 58217642
248226915 245358004
56089515 245358004
56089515 58222536
248206846 58222536
248206846 245356233
56102963 245356233
56102963 58228222
248164838 58228222
248164838 245353864
56115313 245353864
56115313 58250342
248140694 58250342
248140694 245306906
56116284 245306906
56116284 58254070
248138372 58254070
248138372 245287936
56124463 245287936
56124463 58270778
248115630 58270778
248115630 245284258
56124820 245284258
56124820 58278889
248115284 58278889
248115284 245265026
56164658 245265026
56164658 58279610
248112754 58279610
248112754 245253839
56170225 245253839
56170225 58286292
248104375 58286292
248104375 245247852
56178681 245247852
56178681 58328402
248097260 58328402
248097260 245241900
56180656 245241900
56180656 58337379
248083737 58337379
248083737 245236122
56183255 245236122
56183255 58340342
248082662 58340342
248082662 245219887
56196113 245219887
56196113 58353679
248075911 58353679
248075911 245199967
56203079 245199967
56203079 58354326
248065292 58354326
248065292 245180801
56203961 245180801
56203961 58355597
248062829 58355597
248062829 245163754
56204341 245163754
56204341 58359041
248053709 58359041
248053709 245153281
56207078 245153281
56207078 58364489
248048834 58364489
248048834 245140626
56208888 245140626
56208888 58365173
248046559 58365173
248046559 245127011
56218987 245127011
56218987 58380302
248046223 58380302
248046223 245120324
56223329 245120324
56223329 58384159
248022144 58384159
248022144 245099727
56228073 245099727
56228073 58406261
248010536 58406261
248010536 245094949
56234897 245094949
56234897 58427006
248006988 58427006
248006988 245085361
56250259 245085361
56250259 58428084
248003163 58428084
248003163 245082349
56257228 245082349
56257228 58436569
247980263 58436569
247980263 245073170
56260129 245073170
56260129 58456698
247964755 58456698
247964755 245072849
56264668 245072849
56264668 58481330
247960209 58481330
247960209 245026915
56268306 245026915
56268306 58501367
247954277 58501367
247954277 245023523
56272106 245023523
56272106 58502807
247948233 58502807
247948233 245022721
56287046 245022721
56287046 58525152
247932775 58525152
247932775 245012385
56291580 245012385
56291580 58527392
247928134 58527392
247928134 245004071
56293941 245004071
56293941 58538148
247906610 58538148
247906610 244994969
56297874 244994969
56297874 58570702
247893296 58570702
247893296 244950667
56327577 244950667
56327577 58572734
247876954 58572734
247876954 244917192
56359033 244917192
56359033 58578072
247871581 58578072
247871581 244905223
56371852 244905223
56371852 58591557
247868399 58591557
247868399 244904645
56377720 244904645
56377720 58592655
247850047 58592655
247850047 244901593
56393040 244901593
56393040 58606228
247843713 58606228
247843713 244895337
56397703 244895337
56397703 58620216
247838163 58620216
247838163 244864168
56404923 244864168
56404923 58628121
247836839 58628121
247836839 244863007
56418683 244863007
56418683 58691709
247823216 58691709
247823216 244855219
56435888 244855219
56435888 58705265
247809642 58705265
247809642 244851487
56443242 244851487
56443242 58710003
247798205 58710003
247798205 244846622
56452205 244846622
56452205 58744344
247782612 58744344
247782612 244827521
56457061 244827521
56457061 58744646
247777860 58744646
247777860 244792482
56465569 244792482
56465569 58756069
247777049 58756069
247777049 244791186
56471887 244791186
56471887 58777534
247774000 58777534
247774000 244790492
56478260 244790492
56478260 58786391
247772700 58786391
247772700 244771160
56478371 244771160
56478371 58791459
247751960 58791459
247751960 244769115
56480829 244769115
56480829 58827234
247748653 58827234
247748653 244758140
56483739 244758140
56483739 58830228
247740469 58830228
247740469 244754188
56488868 244754188
56488868 58836659
247739124 58836659
247739124 244750921
56508061 244750921
56508061 58850878
247735450 58850878
247735450 244750214
56519006 244750214
56519006 58855403
247734900 58855403
247734900 244748656
56529094 244748656
56529094 58860318
247734055 58860318
247734055 244738449
56547780 244738449
56547780 58868972
247716994 58868972
247716994 244722538
56567650 244722538
56567650 58874796
247705413 58874796
247705413 244720323
56576308 244720323
56576308 58883609
247702279 58883609
247702279 244715414
56590326 244715414
56590326 58901758
247701886 58901758
247701886 244701135
56605290 244701135
56605290 58916107
247696119 58916107
247696119 244694090
56606320 244694090
56606320 58925674
247673881 58925674
247673881 244685493
56611778 244685493
56611778 58932677
247671501 58932677
247671501 244679675
56632566 244679675
56632566 58935240
247665147 58935240
247665147 244676622
56648171 244676622
56648171 58942146
247658253 58942146
247658253 244662561
56649548 244662561
56649548 58944248
247655589 58944248
247655589 244660105
56663242 244660105
56663242 58970548
247630669 58970548
247630669 244599226
56674993 244599226
56674993 58972079
247623360 58972079
247623360 244591580
56692406 244591580
56692406 58973931
247620916 58973931
247620916 244590454
56695381 244590454
56695381 58974310
247591255 58974310
247591255 244573935
56708387 244573935
56708387 58978737
247580279 58978737
247580279 244561016
56725599 244561016
56725599 58985148
247569441 58985148
247569441 244558699
56772167 244558699
56772167 58999077
247568387 58999077
247568387 244557393
56792164 244557393
56792164 59012440
247555451 59012440
247555451 244554175
56822422 244554175
56822422 59017270
247552444 59017270
247552444 244552680
56848378 244552680
56848378 59020294
247537986 59020294
247537986 244550160
56849935 244550160
56849935 59024357
247532237 59024357
247532237 244534742
56878180 244534742
56878180 59029189
247521267 59029189
247521267 244520405
56893239 244520405
56893239 59041108
247509859 59041108
247509859 244509614
56904153 244509614
56904153 59047774
247479232 59047774
247479232 244509287
56905830 244509287
56905830 59049512
247472761 59049512
247472761 244507728
56907713 244507728
56907713 59058897
247453179 59058897
247453179 244500444
56910292 244500444
56910292 59062226
247445482 59062226
247445482 244496819
56921638 244496819
56921638 59119743
247423646 59119743
247423646 244487798
56939606 244487798
56939606 59124414
247413829 59124414
247413829 244478646
56941743 244478646
56941743 59126697
247411174 59126697
247411174 244478485
56957154 244478485
56957154 59148542
247406798 59148542
247406798 244448852
56978464 244448852
56978464 59149065
247366352 59149065
247366352 244434404
56980842 244434404
56980842 59149248
247349313 59149248
247349313 244428925
56982587 244428925
56982587 59161325
247344770 59161325
247344770 244426242
56989150 244426242
56989150 59165768
247338935 59165768
247338935 244424978
56999777 244424978
56999777 59177896
247338121 59177896
247338121 244424014
57010476 244424014
57010476 59186342
247334465 59186342
247334465 244416905
57016799 244416905
57016799 59213292
247332264 59213292
247332264 244404719
57022181 244404719
57022181 59216768
247331955 59216768
247331955 244404170
57022463 244404170
57022463 59259413
247315827 59259413
247315827 244402236
57036405 244402236
57036405 59265276
247307910 59265276
247307910 244397019
57037290 244397019
57037290 59266433
247302561 59266433
247302561 244395919
57069335 244395919
57069335 59268632
247296055 59268632
247296055 244383548
57069402 244383548
57069402 59294240
247288047 59294240
247288047 244378263
57072793 244378263
57072793 59309560
247275832 59309560
247275832 244374803
57074684 244374803
57074684 59315841
247235169 59315841
247235169 244369626
57080105 244369626
57080105 59319817
247230672 59319817
247230672 244361752
57097532 244361752
57097532 59325452
247218137 59325452
247218137 244346520
57100528 244346520
57100528 59354517
247212897 59354517
247212897 244344841
57102785 244344841
57102785 59357999
247205380 59357999
247205380 244343852
57111259 244343852
57111259 59364125
247180268 59364125
247180268 244327530
57120054 244327530
57120054 59384052
247169410 59384052
247169410 244324372
57139498 244324372
57139498 59385580
247159114 59385580
247159114 244316292
57148263 244316292
57148263 59399214
247158267 59399214
247158267 244283524
57152003 244283524
57152003 59402761
247148514 59402761
247148514 244281205
57165281 244281205
57165281 59403497
247140166 59403497
247140166 244266112
57169202 244266112
57169202 59447098
247129371 59447098
247129371 244243879
57173875 244243879
57173875 59464733
247125146 59464733
247125146 244221286
57195491 244221286
57195491 59469692
247124982 59469692
247124982 244213385
57201338 244213385
57201338 59485111
247122585 59485111
247122585 244170150
57207606 244170150
57207606 59495965
247055989 59495965
247055989 244158620
57213722 244158620
57213722 59499630
247053411 59499630
247053411 244125984
57226229 244125984
57226229 59507054
247052762 59507054
247052762 244123793
57232192 244123793
57232192 59509460
247050141 59509460
247050141 244114322
57234140 244114322
57234140 59524785
247046736 59524785
247046736 244113632
57255384 244113632
57255384 59542681
247035561 59542681
247035561 244107276
57273552 244107276
57273552 59562704
247024839 59562704
247024839 244101354
57279688 244101354
57279688 59562723
247022428 59562723
247022428 244100439
57281294 244100439
57281294 59563044
247022018 59563044
247022018 244088419
57283518 244088419
57283518 59573861
247001021 59573861
247001021 244079243
57288061 244079243
57288061 59585562
246995865 59585562
246995865 244069191
57290569 244069191
57290569 59585755
246993125 59585755
246993125 244060095
57291915 244060095
57291915 59595742
246991931 59595742
246991931 244048727
57300310 244048727
57300310 59598119
246965178 59598119
246965178 244048371
57311179 244048371
57311179 59599124
246953371 59599124
246953371 244029654
57316903 244029654
57316903 59614138
246925932 59614138
246925932 244027004
57330689 244027004
57330689 59628170
246912910 59628170
246912910 244018741
57365489 244018741
57365489 59631630
246912321 59631630
246912321 244011050
57377917 244011050
57377917 59646072
246910552 59646072
246910552 243999572
57390342 243999572
57390342 59647748
246904879 59647748
246904879 243992225
57412790 243992225
57412790 59657697
246902829 59657697
246902829 243989033
57416094 243989033
57416094 59685269
246889149 59685269
246889149 243980987
57418397 243980987
57418397 59690292
246887720 59690292
246887720 243977004
57422372 243977004
57422372 59692762
246872326 59692762
246872326 243947661
57426427 243947661
57426427 59714998
246859342 59714998
246859342 243945428
57438067 243945428
57438067 59724897
246828295 59724897
246828295 243944730
57441325 243944730
57441325 59728943
246808017 59728943
246808017 243930501
57449655 243930501
57449655 59734070
246805816 59734070
246805816 243911874
57460003 243911874
57460003 59764721
246800997 59764721
246800997 243898319
57472819 243898319
57472819 59792416
246800365 59792416
246800365 243887695
57476672 243887695
57476672 59800250
246791167 59800250
246791167 243887611
57511315 243887611
57511315 59812064
246790634 59812064
246790634 243864517
57514394 243864517
57514394 59818039
246782755 59818039
246782755 243824608
57547470 243824608
57547470 59830151
246769829 59830151
246769829 243817758
57554002 243817758
57554002 59833247
246757584 59833247
246757584 243815041
57561337 243815041
57561337 59837301
246750975 59837301
246750975 243806295
57571199 243806295
57571199 59850952
246745766 59850952
246745766 243798921
57577233 243798921
57577233 59858167
246739877 59858167
246739877 243782392
57584278 243782392
57584278 59870443
246738590 59870443
246738590 243760344
57627672 243760344
57627672 59889572
246704547 59889572
246704547 243756415
57628456 243756415
57628456 59896134
246680567 59896134
246680567 243736538
57644037 243736538
57644037 59896960
246650792 59896960
246650792 243682641
57647842 243682641
57647842 59899992
246646575 59899992
246646575 243676154
57651536 243676154
57651536 59904311
246636619 59904311
246636619 243657145
57661615 243657145
57661615 59905103
246603629 59905103
246603629 243650147
57672831 243650147
57672831 59908294
246596763 59908294
246596763 243647364
57682715 243647364
57682715 59913961
246594588 59913961
246594588 243621658
57688517 243621658
57688517 59915861
246583307 59915861
246583307 243614807
57702770 243614807
57702770 59933153
246580821 59933153
246580821 243605854
57703920 243605854
57703920 59939004
246569956 59939004
246569956 243596138
57711033 243596138
57711033 60002015
246567784 60002015
246567784 243594142
57756772 243594142
57756772 60022367
246552033 60022367
246552033 243586379
57782938 243586379
57782938 60028804
246551936 60028804
246551936 243575535
57783664 243575535
57783664 60039517
246543584 60039517
246543584 243563306
57799837 243563306
57799837 60076183
246528438 60076183
246528438 243557076
57808207 243557076
57808207 60082995
246526369 60082995
246526369 243554593
57813521 243554593
57813521 60083671
246515275 60083671
246515275 243553859
57820938 243553859
57820938 60097879
246508136 60097879
246508136 243545822
57826942 243545822
57826942 60109962
246507366 60109962
246507366 243543376
57842910 243543376
57842910 60118734
246498567 60118734
246498567 243518384
57846760 243518384
57846760 60119279
246474299 60119279
246474299 243512729
57855832 243512729
57855832 60124280
246468071 60124280
246468071 243500173
57860727 243500173
57860727 60138597
246460331 60138597
246460331 243499433
57873790 243499433
57873790 60138916
246445479 60138916
246445479 243489171
57889600 243489171
57889600 60144768
246431403 60144768
246431403 243479586
57894097 243479586
57894097 60164289
246409922 60164289
246409922 243472191
57897960 243472191
57897960 60164310
246409769 60164310
246409769 243461448
57905463 243461448
57905463 60166313
246409203 60166313
246409203 243461110
57906015 243461110
57906015 60172705
246405540 60172705
246405540 243451505
57910526 243451505
57910526 60174879
246392776 60174879
246392776 243446817
57933639 243446817
57933639 60192333
246387691 60192333
246387691 243439341
57951256 243439341
57951256 60200788
246382593 60200788
246382593 243431129
57956618 243431129
57956618 60201617
246381836 60201617
246381836 243425194
57967833 243425194
57967833 60241718
246369526 60241718
246369526 243420492
57970803 243420492
57970803 60245961
246347133 60245961
246347133 243415245
57971787 243415245
57971787 60254630
246346312 60254630
246346312 243385199
57976229 243385199
57976229 60293234
246339012 60293234
246339012 243376021
57990306 243376021
57990306 60305502
246321903 60305502
246321903 243360954
57997653 243360954
57997653 60317402
246319537 60317402
246319537 243352246
58010244 243352246
58010244 60332483
246316987 60332483
246316987 243346647
58022880 243346647
58022880 60332898
246282196 60332898
246282196 243331970
58048777 243331970
58048777 60343454
246276254 60343454
246276254 243330978
58049123 243330978
58049123 60353995
246254825 60353995
246254825 243326918
58052818 243326918
58052818 60365312
246249629 60365312
246249629 243314016
58063664 243314016
58063664 60379222
246248400 60379222
246248400 243307810
58063732 243307810
58063732 60384381
246235820 60384381
246235820 243307801
58080674 243307801
58080674 60393431
246224608 60393431
246224608 243283464
58085694 243283464
58085694 60393740
246222520 60393740
246222520 243279199
58086127 243279199
58086127 60423011
246217592 60423011
246217592 243277312
58095633 243277312
58095633 60426612
246202942 60426612
246202942 243264597
58113618 243264597
58113618 60430510
246200429 60430510
246200429 243262298
58125109 243262298
58125109 60446655
246192716 60446655
246192716 243243037
58125393 243243037
58125393 60448971
246192619 60448971
246192619 243225727
58130450 243225727
58130450 60453532
246165772 60453532
246165772 243202103
58145627 243202103
58145627 60456236
246163748 60456236
246163748 243189802
58179233 243189802
58179233 60465040
246158767 60465040
246158767 243188737
58183365 243188737
58183365 60474145
246129514 60474145
246129514 243186950
58191115 243186950
58191115 60478875
246123509 60478875
246123509 243166043
58202654 243166043
58202654 60491146
246115755 60491146
246115755 243161262
58209163 243161262
58209163 60550445
246098723 60550445
246098723 243140306
58211942 243140306
58211942 60552314
246098023 60552314
246098023 243133903
58219788 243133903
58219788 60557488
246085073 60557488
246085073 243130074
58257246 243130074
58257246 60565275
246061486 60565275
246061486 243110525
58272707 243110525
58272707 60577548
246059431 60577548
246059431 243108634
58274430 243108634
58274430 60582624
246057387 60582624
246057387 243089537
58274793 243089537
58274793 60610782
246022584 60610782
246022584 243084401
58277831 243084401
58277831 60628120
246017726 60628120
246017726 243079775
58307331 243079775
58307331 60653284
245985978 60653284
245985978 243073996
58314102 243073996
58314102 60658262
245977611 60658262
245977611 243070777
58338849 243070777
58338849 60671424
245977369 60671424
245977369 243053044
58349818 243053044
58349818 60700693
245977014 60700693
245977014 243045867
58366957 243045867
58366957 60703763
245973182 60703763
245973182 243040956
58378152 243040956
58378152 60708505
245960102 60708505
245960102 243038962
58406114 243038962
58406114 60717819
245951901 60717819
245951901 243032629
58417436 243032629
58417436 60736471
245945065 60736471
245945065 243028364
58418335 243028364
58418335 60738191
245925007 60738191
245925007 243022233
58419391 243022233
58419391 60743860
245914866 60743860
245914866 243007213
58443090 243007213
58443090 60775237
245851238 60775237
245851238 243001898
58446622 243001898
58446622 60776946
245799981 60776946
245799981 242996823
58467813 242996823
58467813 60780111
245787941 60780111
245787941 242972565
58473300 242972565
58473300 60829359
245785476 60829359
245785476 242969009
58503994 242969009
58503994 60848314
245781043 60848314
245781043 242965791
58510878 242965791
58510878 60856240
245767736 60856240
245767736 242959267
58524614 242959267
58524614 60858931
245766744 60858931
245766744 242956784
58552340 242956784
58552340 60862211
245764812 60862211
245764812 242946781
58552501 242946781
58552501 60868944
245749596 60868944
245749596 242934604
58563946 242934604
58563946 60869281
245746245 60869281
245746245 242930606
58578743 242930606
58578743 60871885
245724830 60871885
245724830 242914943
58581424 242914943
58581424 60873182
245723603 60873182
245723603 242914782
58591267 242914782
58591267 60888406
245715006 60888406
245715006 242909775
58593062 242909775
58593062 60900489
245711712 60900489
245711712 242897227
58593159 242897227
58593159 60912252
245686076 60912252
245686076 242894041
58594634 242894041
58594634 60916997
245685175 60916997
245685175 242893226
58606562 242893226
58606562 60925797
245670217 60925797
245670217 242886041
58611249 242886041
58611249 60926749
245652636 60926749
245652636 242868888
58618318 242868888
58618318 60927448
245648042 60927448
245648042 242865160
58625308 242865160
58625308 60931792
245646868 60931792
245646868 242843632
58635031 242843632
58635031 60932386
245641458 60932386
245641458 242820934
58636323 242820934
58636323 60941627
245613727 60941627
245613727 242819744
58639243 242819744
58639243 60948568
245608645 60948568
245608645 242817092
58658164 242817092
58658164 60952779
245597264 60952779
245597264 242815945
58662422 242815945
58662422 60959913
245590043 60959913
245590043 242809060
58667295 242809060
58667295 60963501
245562310 60963501
245562310 242798420
58668438 242798420
58668438 60970229
245552604 60970229
245552604 242798277
58682172 242798277
58682172 60971058
245540114 60971058
245540114 242783377
58701635 242783377
58701635 60972974
245539692 60972974
245539692 242782628
58712139 242782628
58712139 60993389
245536659 60993389
245536659 242776337
58713111 242776337
58713111 61008659
245533781 61008659
245533781 242770990
58715966 242770990
58715966 61015139
245529053 61015139
245529053 242766431
58723857 242766431
58723857 61068013
245527927 61068013
245527927 242764336
58730626 242764336
58730626 61085356
245524325 61085356
245524325 242763664
58733036 242763664
58733036 61091642
245508204 61091642
245508204 242762369
58745902 242762369
58745902 61096520
245506073 61096520
245506073 242761974
58753556 242761974
58753556 61096861
245504025 61096861
245504025 242759308
58754805 242759308
58754805 61096970
245500942 61096970
245500942 242754363
58762795 242754363
58762795 61097036
245497846 61097036
245497846 242714265
58766179 242714265
58766179 61104083
245492768 61104083
245492768 242699552
58779215 242699552
58779215 61117103
245488944 61117103
245488944 242699389
58793916 242699389
58793916 61141595
245457052 61141595
245457052 242689949
58797183 242689949
58797183 61174080
245443731 61174080
245443731 242680469
58799216 242680469
58799216 61178802
245433503 61178802
245433503 242678335
58805453 242678335
58805453 61200084
245428742 61200084
245428742 242677935
58809725 242677935
58809725 61202770
245424511 61202770
245424511 242671863
58818864 242671863
58818864 61205407
245394227 61205407
245394227 242668171
58819990 242668171
58819990 61223131
245383687 61223131
245383687 242658152
58825518 242658152
58825518 61248240
245382553 61248240
245382553 242646127
58853379 242646127
58853379 61251096
245373372 61251096
245373372 242640654
58856666 242640654
58856666 61254987
245367016 61254987
245367016 242639361
58875561 242639361
58875561 61266611
245352584 61266611
245352584 242635224
58894280 242635224
58894280 61297221
245332938 61297221
245332938 242630933
58905684 242630933
58905684 61318304
245320529 61318304
245320529 242612689
58913819 242612689
58913819 61328651
245316039 61328651
245316039 242594740
58926897 242594740
58926897 61338422
245315354 61338422
245315354 242593128
58928052 242593128
58928052 61357316
245302206 61357316
245302206 242590968
58928617 242590968
58928617 61363417
245260603 61363417
245260603 242569877
58932651 242569877
58932651 61364110
245242574 61364110
245242574 242563266
58936244 242563266
58936244 61383688
245236138 61383688
245236138 242553166
58947921 242553166
58947921 61387715
245235551 61387715
245235551 242544928
58951182 242544928
58951182 61411795
245216048 61411795
245216048 242539439
58961566 242539439
58961566 61417607
245210246 61417607
245210246 242535288
58965291 242535288
58965291 61420634
245207132 61420634
245207132 242529534
58974998 242529534
58974998 61425697
245201301 61425697
245201301 242521850
58981153 242521850
58981153 61445627
245197184 61445627
245197184 242516888
58981722 242516888
58981722 61447539
245188833 61447539
245188833 242514504
58993291 242514504
58993291 61477303
245187696 61477303
245187696 242508140
58993973 242508140
58993973 61479955
245176105 61479955
245176105 242481028
59010443 242481028
59010443 61498949
245171854 61498949
245171854 242471290
59014514 242471290
59014514 61501168
245171423 61501168
245171423 242470017
59019755 242470017
59019755 61514437
245148633 61514437
245148633 242469098
59020538 242469098
59020538 61526499
245143853 61526499
245143853 242465736
59020730 242465736
59020730 61534767
245132760 61534767
245132760 242452262
59023121 242452262
59023121 61551101
245131582 61551101
245131582 242421140
59034457 242421140
59034457 61575205
245104288 61575205
245104288 242414872
59036423 242414872
59036423 61599011
245091829 61599011
245091829 242411064
59052791 242411064
59052791 61616808
245090455 61616808
245090455 242407319
59056372 242407319
59056372 61642200
245085609 61642200
245085609 242403782
59090180 242403782
59090180 61644945
245064760 61644945
245064760 242402368
59102986 242402368
59102986 61648087
245064683 61648087
245064683 242401909
59109659 242401909
59109659 61653936
245054556 61653936
245054556 242361123
59111049 242361123
59111049 61655612
245043266 61655612
245043266 242352286
59139909 242352286
59139909 61663779
245041578 61663779
245041578 242333928
59140352 242333928
59140352 61684126
245036207 61684126
245036207 242330893
59141843 242330893
59141843 61693251
245026779 61693251
245026779 242316022
59154386 242316022
59154386 61699508
245026754 61699508
245026754 242285477
59163721 242285477
59163721 61700686
245022997 61700686
245022997 242274606
59166554 242274606
59166554 61714283
245020337 61714283
245020337 242261499
59187005 242261499
59187005 61715626
245016694 61715626
245016694 242261383
59193261 242261383
59193261 61717501
244998196 61717501
244998196 242254734
59208377 242254734
59208377 61724875
244984916 61724875
244984916 242248011
59214875 242248011
59214875 61729768
244973662 61729768
244973662 242240763
59231255 242240763
59231255 61731652
244963165 61731652
244963165 242213141
59259586 242213141
59259586 61741118
244950108 61741118
244950108 242185890
59284483 242185890
59284483 61753023
244939912 61753023
244939912 242180455
59287158 242180455
59287158 61756082
244929479 61756082
244929479 242178479
59302653 242178479
59302653 61759608
244918332 61759608
244918332 242167841
59322637 242167841
59322637 61766068
244892907 61766068
244892907 242166530
59327968 242166530
59327968 61780296
244889771 61780296
244889771 242155142
59328873 242155142
59328873 61810456
244868707 61810456
244868707 242152154
59332462 242152154
59332462 61836101
244868537 61836101
244868537 242128688
59335749 242128688
59335749 61844256
244856700 61844256
244856700 242115696
59336526 242115696
59336526 61855544
244821086 61855544
244821086 242100293
59344648 242100293
59344648 61863105
244819973 61863105
244819973 242093458
59349805 242093458
59349805 61868974
244815732 61868974
244815732 242084258
59374849 242084258
59374849 61869246
244815575 61869246
244815575 242079647
59402626 242079647
59402626 61871526
244813038 61871526
244813038 242054451
59431887 242054451
59431887 61879603
244804999 61879603
244804999 242042660
59441191 242042660
59441191 61884261
244792464 61884261
244792464 242024898
59459069 242024898
59459069 61892099
244791406 61892099
244791406 242023220
59475699 242023220
59475699 61893525
244776841 61893525
244776841 242022269
59484584 242022269
59484584 61898722
244776234 61898722
244776234 242008774
59486602 242008774
59486602 61911714
244774773 61911714
244774773 242002313
59487403 242002313
59487403 61911803
244765110 61911803
244765110 241995997
59491305 241995997
59491305 61913565
244759988 61913565
244759988 241991394
59492923 241991394
59492923 61929405
244733259 61929405
244733259 241986287
59525406 241986287
59525406 61941722
244720578 61941722
244720578 241954847
59534706 241954847
59534706 61943189
244714583 61943189
244714583 241946583
59538947 241946583
59538947 61947577
244709084 61947577
244709084 241945677
59541265 241945677
59541265 61970636
244708009 61970636
244708009 241928198
59552803 241928198
59552803 61984282
244699094 61984282
244699094 241926705
59553860 241926705
59553860 61988989
244697491 61988989
244697491 241915149
59554503 241915149
59554503 62005043
244694180 62005043
244694180 241902519
59557815 241902519
59557815 62008743
244693281 62008743
244693281 241896250
59570439 241896250
59570439 62064783
244675198 62064783
244675198 241893742
59578183 241893742
59578183 62065337
244673742 62065337
244673742 241886814
59587046 241886814
59587046 62093586
244661751 62093586
244661751 241873345
59595084 241873345
59595084 62105285
244653703 62105285
244653703 241872112
59601884 241872112
59601884 62106279
244642509 62106279
244642509 241869330
59632592 241869330
59632592 62116002
244629424 62116002
244629424 241867124
59638155 241867124
59638155 62120760
244613106 62120760
244613106 241855794
59652525 241855794
59652525 62129424
244596048 62129424
244596048 241850124
59663240 241850124
59663240 62142167
244590609 62142167
244590609 241849668
59663519 241849668
59663519 62142724
244584228 62142724
244584228 241848869
59674063 241848869
59674063 62152590
244583684 62152590
244583684 241848416
59679200 241848416
59679200 62217400
244580630 62217400
244580630 241830960
59686681 241830960
59686681 62232466
244534098 62232466
244534098 241829188
59704882 241829188
59704882 62236701
244520314 62236701
244520314 241820409
59708228 241820409
59708228 62252703
244515530 62252703
244515530 241815586
59709084 241815586
59709084 62252885
244497894 62252885
244497894 241815410
59726360 241815410
59726360 62261124
244492861 62261124
244492861 241810590
59727149 241810590
59727149 62274765
244492634 62274765
244492634 241802837
59736320 241802837
59736320 62305280
244486303 62305280
244486303 241787490
59742082 241787490
59742082 62313973
244471683 62313973
244471683 241780031
59751128 241780031
59751128 62319948
244459904 62319948
244459904 241753413
59755083 241753413
59755083 62322464
244427893 62322464
244427893 241746944
59755796 241746944
59755796 62326845
244413150 62326845
244413150 241743644
59762913 241743644
59762913 62337343
244401290 62337343
244401290 241733545
59779539 241733545
59779539 62341821
244387854 62341821
244387854 241714100
59779813 241714100
59779813 62361429
244370931 62361429
244370931 241711873
59786802 241711873
59786802 62364453
244368493 62364453
244368493 241692112
59788279 241692112
59788279 62422257
244363408 62422257
244363408 241681143
59828109 241681143
59828109 62429145
244353052 62429145
244353052 241681127
59847734 241681127
59847734 62429950
244347806 62429950
244347806 241679542
59850635 241679542
59850635 62443800
244323035 62443800
244323035 241653117
59854595 241653117
59854595 62464288
244320574 62464288
244320574 241643721
59872219 241643721
59872219 62468961
244311776 62468961
244311776 241606716
59882621 241606716
59882621 62500603
244278562 62500603
244278562 241595134
59893100 241595134
59893100 62503253
244271307 62503253
244271307 241554203
59910409 241554203
59910409 62539700
244260765 62539700
244260765 241540897
59913202 241540897
59913202 62542247
244253927 62542247
244253927 241533381
59914013 241533381
59914013 62547196
244252710 62547196
244252710 241528112
59916993 241528112
59916993 62560002
244238794 62560002
244238794 241526309
59930298 241526309
59930298 62564944
244215248 62564944
244215248 241511830
59931511 241511830
59931511 62587137
244206865 62587137
244206865 241499930
59940401 241499930
59940401 62599078
244187708 62599078
244187708 241490509
59949279 241490509
59949279 62621919
244184311 62621919
244184311 241486264
59952154 241486264
59952154 62627158
244183571 62627158
244183571 241478260
59968931 241478260
59968931 62628323
244162317 62628323
244162317 241460858
59981991 241460858
59981991 62643267
244150352 62643267
244150352 241440785
59990045 241440785
59990045 62644928
244138883 62644928
244138883 241431852
60019803 241431852
60019803 62654311
244135047 62654311
244135047 241429108
60024244 241429108
60024244 62670304
244123146 62670304
244123146 241423262
60032786 241423262
60032786 62676020
244115020 62676020
244115020 241420821
60050024 241420821
60050024 62682708
244108977 62682708
244108977 241417950
60073257 241417950
60073257 62687149
244095275 62687149
244095275 241381951
60082768 241381951
60082768 62698531
244079943 62698531
244079943 241380380
60088145 241380380
60088145 62702444
244070163 62702444
244070163 241378224
60097283 241378224
60097283 62707627
244069448 62707627
244069448 241352824
60102622 241352824
60102622 62710876
244067656 62710876
244067656 241339452
60106503 241339452
60106503 62718938
244066251 62718938
244066251 241321730
60131091 241321730
60131091 62721442
244061688 62721442
244061688 241318997
60133774 241318997
60133774 62726988
244058227 62726988
244058227 241300583
60134333 241300583
60134333 62729075
244046269 62729075
244046269 241297145
60155148 241297145
60155148 62734641
244046084 62734641
244046084 241296174
60158424 241296174
60158424 62785648
244039128 62785648
244039128 241293981
60172619 241293981
60172619 62792452
244038298 62792452
244038298 241276853
60175721 241276853
60175721 62809281
244028814 62809281
244028814 241252391
60176293 241252391
60176293 62816341
244011759 62816341
244011759 241249514
60184503 241249514
60184503 62819297
243994229 62819297
243994229 241233497
60198324 241233497
60198324 62827834
243972358 62827834
243972358 241208388
60217659 241208388
60217659 62828024
243951148 62828024
243951148 241202226
60222332 241202226
60222332 62833770
243920808 62833770
243920808 241185686
60226379 241185686
60226379 62833887
243919180 62833887
243919180 241173019
60247190 241173019
60247190 62856887
243918258 62856887
243918258 241163230
60258331 241163230
60258331 62864966
243911228 62864966
243911228 241161153
60280346 241161153
60280346 62878091
243896496 62878091
243896496 241157661
60297235 241157661
60297235 62898514
243891590 62898514
243891590 241147506
60300367 241147506
60300367 62899486
243885538 62899486
243885538 241131133
60311846 241131133
60311846 62924774
243881816 62924774
243881816 241128592
60319961 241128592
60319961 62931686
243879404 62931686
243879404 241109121
60335154 241109121
60335154 62980007
243878986 62980007
243878986 241107333
60350694 241107333
60350694 62991217
243863625 62991217
243863625 241095797
60356482 241095797
60356482 62993742
243855913 62993742
243855913 241094393
60364055 241094393
60364055 63000227
243840078 63000227
243840078 241091189
60377910 241091189
60377910 63018556
243827436 63018556
243827436 241086252
60384411 241086252
60384411 63053476
243821251 63053476
243821251 241084382
60411122 241084382
60411122 63056878
243815985 63056878
243815985 241076375
60414656 241076375
60414656 63063478
243804565 63063478
243804565 241072720
60414698 241072720
60414698 63073365
243803067 63073365
243803067 241068624
60414879 241068624
60414879 63103719
243799520 63103719
243799520 241067685
60420805 241067685
60420805 63109540
243787030 63109540
243787030 241063681
60425269 241063681
60425269 63112317
243780993 63112317
243780993 241055080
60434133 241055080
60434133 63113482
243764821 63113482
243764821 241048277
60436543 241048277
60436543 63125078
243757308 63125078
243757308 241035094
60461641 241035094
60461641 63126758
243752022 63126758
243752022 241018341
60468990 241018341
60468990 63127847
243740056 63127847
243740056 241017784
60476594 241017784
60476594 63137434
243735997 63137434
243735997 241012406
60476669 241012406
60476669 63162724
243734433 63162724
243734433 241005694
60489108 241005694
60489108 63210254
243719676 63210254
243719676 241000444
60501650 241000444
60501650 63217402
243715130 63217402
243715130 240996405
60518417 240996405
60518417 63219681
243685477 63219681
243685477 240973258
60522112 240973258
60522112 63227739
243655109 63227739
243655109 240962556
60547645 240962556
60547645 63256591
243643577 63256591
243643577 240958572
60555952 240958572
60555952 63260584
243635018 63260584
243635018 240943647
60569924 240943647
60569924 63261300
243622564 63261300
243622564 240939008
60577241 240939008
60577241 63271490
243619877 63271490
243619877 240929896
60582147 240929896
60582147 63277209
243617885 63277209
243617885 240917220
60591520 240917220
60591520 63302897
243598562 63302897
243598562 240891825
60605838 240891825
60605838 63306172
243589377 63306172
243589377 240891379
60605932 240891379
60605932 63307267
243579546 63307267
243579546 240883118
60630797 240883118
60630797 63311029
243565440 63311029
243565440 240879720
60655126 240879720
60655126 63327132
243555878 63327132
243555878 240866589
60679554 240866589
60679554 63343015
243539391 63343015
243539391 240862668
60684937 240862668
60684937 63354907
243536781 63354907
243536781 240850296
60686337 240850296
60686337 63355074
243521054 63355074
243521054 240836372
60686987 240836372
60686987 63366842
243520271 63366842
243520271 240828901
60689796 240828901
60689796 63376018
243504441 63376018
243504441 240786709
60697579 240786709
60697579 63402588
243498288 63402588
243498288 240775805
60716397 240775805
60716397 63413591
243487989 63413591
243487989 240775361
60738910 240775361
60738910 63426294
243485162 63426294
243485162 240762596
60747718 240762596
60747718 63431764
243479105 63431764
243479105 240758327
60754230 240758327
60754230 63443454
243471735 63443454
243471735 240753590
60758122 240753590
60758122 63444914
243463284 63444914
243463284 240733454
60773740 240733454
60773740 63448966
243443396 63448966
243443396 240722000
60795505 240722000
60795505 63457994
243433634 63457994
243433634 240721208
60804341 240721208
60804341 63459335
243425097 63459335
243425097 240699918
60805198 240699918
60805198 63467341
243404337 63467341
243404337 240699863
60820368 240699863
60820368 63468664
243399112 63468664
243399112 240694087
60823178 240694087
60823178 63472618
243399051 63472618
243399051 240691351
60826442 240691351
60826442 63491727
243398525 63491727
243398525 240671874
60836231 240671874
60836231 63492286
243394834 63492286
243394834 240671173
60836238 240671173
60836238 63517514
243392669 63517514
243392669 240670255
60860561 240670255
60860561 63525544
243385978 63525544
243385978 240658158
60865127 240658158
60865127 63529320
243374984 63529320
243374984 240657172
60870277 240657172
60870277 63547682
243372921 63547682
243372921 240630730
60891947 240630730
60891947 63570215
243361231 63570215
243361231 240623912
60895732 240623912
60895732 63578443
243337958 63578443
243337958 240622908
60922258 240622908
60922258 63584126
243324558 63584126
243324558 240606189
60939090 240606189
60939090 63620043
243299005 63620043
243299005 240600261
60945771 240600261
60945771 63638297
243288633 63638297
243288633 240594954
60952452 240594954
60952452 63641189
243286188 63641189
243286188 240594213
60973940 240594213
60973940 63644770
243281263 63644770
243281263 240583327
60975456 240583327
60975456 63654708
243273838 63654708
243273838 240565313
60991270 240565313
60991270 63662589
243273823 63662589
243273823 240547043
60999070 240547043
60999070 63665414
243253568 63665414
243253568 240539771
61006631 240539771
61006631 63682947
243234288 63682947
243234288 240526574
61020518 240526574
61020518 63694276
243204769 63694276
243204769 240524828
61024493 240524828
61024493 63706185
243201313 63706185
243201313 240517501
61038037 240517501
61038037 63726766
243198592 63726766
243198592 240507317
61056495 240507317
61056495 63730303
243194990 63730303
243194990 240495644
61059547 240495644
61059547 63733520
243191192 63733520
243191192 240494385
61068637 240494385
61068637 63746057
243188337 63746057
243188337 240479682
61071922 240479682
61071922 63756557
243188157 63756557
243188157 240478296
61082536 240478296
61082536 63757847
243186547 63757847
243186547 240442811
61096660 240442811
61096660 63772540
243184161 63772540
243184161 240442729
61097168 240442729
61097168 63776565
243172758 63776565
243172758 240436858
61107737 240436858
61107737 63789196
243162660 63789196
243162660 240414752
61111870 240414752
61111870 63789879
243138463 63789879
243138463 240414176
61112840 240414176
61112840 63832572
243135940 63832572
243135940 240403724
61121620 240403724
61121620 63854320
243112279 63854320
243112279 240402448
61121853 240402448
61121853 63856222
243090914 63856222
243090914 240395195
61196560 240395195
61196560 63879259
243086064 63879259
243086064 240387938
61206228 240387938
61206228 63889916
243070466 63889916
243070466 240381637
61222310 240381637
61222310 63895160
243068183 63895160
243068183 240376385
61237459 240376385
61237459 63907569
243052709 63907569
243052709 240374837
61240755 240374837
61240755 63910001
243026635 63910001
243026635 240372198
61263386 240372198
61263386 63911617
243017779 63911617
243017779 240370436
61269022 240370436
61269022 63913054
243006038 63913054
243006038 240359154
61290668 240359154
61290668 63914032
243003581 63914032
243003581 240348021
61298529 240348021
61298529 63915214
242993429 63915214
242993429 240338121
61303883 240338121
61303883 63921430
242977072 63921430
242977072 240331219
61315948 240331219
61315948 63926994
242965018 63926994
242965018 240329964
61329531 240329964
61329531 63944229
242963003 63944229
242963003 240326893
61332061 240326893
61332061 63999648
242954207 63999648
242954207 240326862
61348578 240326862
61348578 64050308
242950393 64050308
242950393 240304376
61352503 240304376
61352503 64061415
242945855 64061415
242945855 240288170
61368545 240288170
61368545 64080990
242939991 64080990
242939991 240285320
61370477 240285320
61370477 64098565
242930007 64098565
242930007 240283837
61382119 240283837
61382119 64122490
242927104 64122490
242927104 240278313
61382184 240278313
61382184 64124726
242920792 64124726
242920792 240275653
61410008 240275653
61410008 64124885
242912992 64124885
242912992 240259379
61418376 240259379
61418376 64152665
242905674 64152665
242905674 240247365
61440504 240247365
61440504 64157953
242896708 64157953
242896708 240241872
61443968 240241872
61443968 64159532
242892299 64159532
242892299 240233949
61445481 240233949
61445481 64188314
242870568 64188314
242870568 240220273
61474487 240220273
61474487 64201720
242868003 64201720
242868003 240219670
61496658 240219670
61496658 64202997
242854201 64202997
242854201 240212318
61498542 240212318
61498542 64203754
242839083 64203754
242839083 240210636
61499242 240210636
61499242 64212158
242826260 64212158
242826260 240207935
61505695 240207935
61505695 64216108
242819608 64216108
242819608 240204118
61518008 240204118
61518008 64219174
242813130 64219174
242813130 240193067
61521595 240193067
61521595 64222954
242762643 64222954
242762643 240187682
61527051 240187682
61527051 64230782
242762132 64230782
242762132 240165751
61527419 240165751
61527419 64231794
242759875 64231794
242759875 240162664
61533011 240162664
61533011 64239184
242741543 64239184
242741543 240158074
61535602 240158074
61535602 64242459
242736537 64242459
242736537 240141146
61554877 240141146
61554877 64242609
242729810 64242609
242729810 240136388
61557556 240136388
61557556 64257020
242725079 64257020
242725079 240135492
61560676 240135492
61560676 64277825
242715987 64277825
242715987 240128397
61562166 240128397
61562166 64284347
242708004 64284347
242708004 240120827
61577211 240120827
61577211 64294408
242699458 64294408
242699458 240116973
61600413 240116973
61600413 64304926
242693098 64304926
242693098 240102650
61600662 240102650
61600662 64307380
242691619 64307380
242691619 240091791
61607397 240091791
61607397 64330800
242682140 64330800
242682140 240090664
61613512 240090664
61613512 64332005
242680393 64332005
242680393 240088316
61625630 240088316
61625630 64339071
242673386 64339071
242673386 240087135
61643199 240087135
61643199 64347781
242665280 64347781
242665280 240077089
61643207 240077089
61643207 64370240
242659386 64370240
242659386 240057051
61645842 240057051
61645842 64371708
242641013 64371708
242641013 240055019
61650845 240055019
61650845 64375294
242631068 64375294
242631068 240031141
61658093 240031141
61658093 64375529
242607447 64375529
242607447 240027657
61661727 240027657
61661727 64385728
242602555 64385728
242602555 240020800
61668135 240020800
61668135 64387745
242586939 64387745
242586939 240016895
61678644 240016895
61678644 64399819
242583453 64399819
242583453 240012946
61685996 240012946
61685996 64409116
242578750 64409116
242578750 239972463
61688968 239972463
61688968 64410841
242531216 64410841
242531216 239933044
61725739 239933044
61725739 64431818
242522533 64431818
242522533 239928644
61730600 239928644
61730600 64439451
242498260 64439451
242498260 239913462
61739906 239913462
61739906 64443351
242497872 64443351
242497872 239911661
61755316 239911661
61755316 64447080
242496437 64447080
242496437 239908222
61764346 239908222
61764346 64449134
242481546 64449134
242481546 239903795
61772115 239903795
61772115 64457311
242470095 64457311
242470095 239896000
61772675 239896000
61772675 64459133
242463857 64459133
242463857 239892751
61776819 239892751
61776819 64463933
242456682 64463933
242456682 239881626
61777587 239881626
61777587 64467665
242448503 64467665
242448503 239878563
61805925 239878563
61805925 64481610
242436025 64481610
242436025 239873995
61815512 239873995
61815512 64489811
242431983 64489811
242431983 239869041
61821996 239869041
61821996 64497345
242425831 64497345
242425831 239852053
61828294 239852053
61828294 64497692
242419899 64497692
242419899 239844394
61854996 239844394
61854996 64505817
242418185 64505817
242418185 239831135
61867526 239831135
61867526 64533845
242408255 64533845
242408255 239815865
61875207 239815865
61875207 64561280
242400076 64561280
242400076 239800884
61882761 239800884
61882761 64607748
242366705 64607748
242366705 239769720
61883666 239769720
61883666 64611244
242363421 64611244
242363421 239724769
61902892 239724769
61902892 64615694
242339641 64615694
242339641 239717620
61929469 239717620
61929469 64627972
242336072 64627972
242336072 239709699
61929518 239709699
61929518 64630742
242311229 64630742
242311229 239704882
61943752 239704882
61943752 64631256
242309884 64631256
242309884 239695317
61957397 239695317
61957397 64642137
242305621 64642137
242305621 239667359
61997160 239667359
61997160 64666582
242299690 64666582
242299690 239650651
61998401 239650651
61998401 64704584
242279216 64704584
242279216 239620799
62007309 239620799
62007309 64708622
242278827 64708622
242278827 239603317
62054237 239603317
62054237 64718111
242274008 64718111
242274008 239603223
62066673 239603223
62066673 64736441
242267449 64736441
242267449 239602511
62066893 239602511
62066893 64748786
242252425 64748786
242252425 239556735
62086262 239556735
62086262 64751485
242243428 64751485
242243428 239545832
62093856 239545832
62093856 64754287
242237226 64754287
242237226 239540821
62108066 239540821
62108066 64763258
242229626 64763258
242229626 239531020
62113815 239531020
62113815 64764848
242228177 64764848
242228177 239523254
62117915 239523254
62117915 64803741
242190192 64803741
242190192 239510872
62123972 239510872
62123972 64812005
242184936 64812005
242184936 239491764
62124050 239491764
62124050 64814481
242174672 64814481
242174672 239476669
62139855 239476669
62139855 64823341
242166708 64823341
242166708 239473833
62146435 239473833
62146435 64845996
242163231 64845996
242163231 239471316
62146876 239471316
62146876 64872002
242162746 64872002
242162746 239456960
62147241 239456960
62147241 64882360
242150944 64882360
242150944 239453788
62150474 239453788
62150474 64886220
242150064 64886220
242150064 239453253
62156816 239453253
62156816 64891053
242145738 64891053
242145738 239437776
62174265 239437776
62174265 64908035
242143660 64908035
242143660 239422688
62181243 239422688
62181243 64908273
242135819 64908273
242135819 239422596
62191912 239422596
62191912 64930241
242133257 64930241
242133257 239404366
62206822 239404366
62206822 64936824
242124258 64936824
242124258 239400572
62217725 239400572
62217725 64947862
242111821 64947862
242111821 239383632
62227099 239383632
62227099 64950634
242100778 64950634
242100778 239383381
62228191 239383381
62228191 64953536
242100630 64953536
242100630 239382579
62231241 239382579
62231241 64960827
242094017 64960827
242094017 239367258
62243165 239367258
62243165 64984202
242088312 64984202
242088312 239361213
62244534 239361213
62244534 64987313
242078134 64987313
242078134 239337390
62258579 239337390
62258579 65002497
242072907 65002497
242072907 239324153
62260091 239324153
62260091 65012576
242070449 65012576
242070449 239314432
62271690 239314432
62271690 65026176
242061083 65026176
242061083 239295764
62276565 239295764
62276565 65043358
242033157 65043358
242033157 239284546
62287112 239284546
62287112 65043592
242018225 65043592
242018225 239274214
62299700 239274214
62299700 65062212
242011270 65062212
242011270 239270673
62309868 239270673
62309868 65067769
242003468 65067769
242003468 239265918
62313113 239265918
62313113 65073225
242001856 65073225
242001856 239262187
62313678 239262187
62313678 65087570
241989520 65087570
241989520 239255261
62334113 239255261
62334113 65090784
241977728 65090784
241977728 239253417
62335019 239253417
62335019 65095041
241974536 65095041
241974536 239243590
62352642 239243590
62352642 65115514
241973232 65115514
241973232 239228781
62359474 239228781
62359474 65118458
241972903 65118458
241972903 239227382
62361413 239227382
62361413 65133538
241942025 65133538
241942025 239224348
62368763 239224348
62368763 65137245
241941181 65137245
241941181 239197709
62385265 239197709
62385265 65147984
241940058 65147984
241940058 239182273
62416537 239182273
62416537 65150501
241921398 65150501
241921398 239156871
62423785 239156871
62423785 65164844
241920389 65164844
241920389 239147239
62437497 239147239
62437497 65172103
241919158 65172103
241919158 239128087
62447272 239128087
62447272 65173667
241913364 65173667
241913364 239121904
62453953 239121904
62453953 65179712
241912192 65179712
241912192 239119918
62454612 239119918
62454612 65189520
241886019 65189520
241886019 239116754
62460678 239116754
62460678 65190009
241885491 65190009
241885491 239109361
62461988 239109361
62461988 65190785
241883619 65190785
241883619 239108038
62462850 239108038
62462850 65227803
241870621 65227803
241870621 239106131
62489623 239106131
62489623 65230564
241868082 65230564
241868082 239094999
62500543 239094999
62500543 65244049
241840752 65244049
241840752 239090643
62501587 239090643
62501587 65245539
241837072 65245539
241837072 239084361
62503165 239084361
62503165 65249831
241833640 65249831
241833640 239050724
62561454 239050724
62561454 65249902
241824982 65249902
241824982 239013119
62574290 239013119
62574290 65253879
241801961 65253879
241801961 239008624
62581772 239008624
62581772 65254277
241797127 65254277
241797127 239005917
62590361 239005917
62590361 65282761
241784122 65282761
241784122 238991022
62602190 238991022
62602190 65300377
241774069 65300377
241774069 238983710
62603141 238983710
62603141 65301163
241764631 65301163
241764631 238962770
62625438 238962770
62625438 65301620
241758272 65301620
241758272 238952127
62629085 238952127
62629085 65331103
241753670 65331103
241753670 238948887
62645312 238948887
62645312 65339484
241745829 65339484
241745829 238936894
62669076 238936894
62669076 65352505
241728310 65352505
241728310 238929549
62669785 238929549
62669785 65359418
241708037 65359418
241708037 238929018
62685914 238929018
62685914 65367615
241705452 65367615
241705452 238910343
62690830 238910343
62690830 65380175
241693959 65380175
241693959 238868846
62696299 238868846
62696299 65389370
241688496 65389370
241688496 238862096
62707551 238862096
62707551 65391222
241685996 65391222
241685996 238860316
62718415 238860316
62718415 65393481
241683246 65393481
241683246 238859172
62723022 238859172
62723022 65408515
241682109 65408515
241682109 238857081
62731158 238857081
62731158 65421230
241676647 65421230
241676647 238844372
62733564 238844372
62733564 65424019
241669992 65424019
241669992 238840122
62734869 238840122
62734869 65425502
241659001 65425502
241659001 238837850
62738177 238837850
62738177 65435866
241658870 65435866
241658870 238790323
62738425 238790323
62738425 65438257
241649221 65438257
241649221 238770982
62738598 238770982
62738598 65468842
241638529 65468842
241638529 238769639
62741634 238769639
62741634 65500470
241638413 65500470
241638413 238769588
62758996 238769588
62758996 65501371
241589804 65501371
241589804 238762840
62765943 238762840
62765943 65511347
241588051 65511347
241588051 238722607
62786930 238722607
62786930 65568160
241584162 65568160
241584162 238707986
62802614 238707986
62802614 65573554
241583265 65573554
241583265 238689241
62824104 238689241
62824104 65575838
241582388 65575838
241582388 238657816
62842148 238657816
62842148 65583234
241580554 65583234
241580554 238618349
62871431 238618349
62871431 65590333
241559643 65590333
241559643 238616659
62890611 238616659
62890611 65609047
241550443 65609047
241550443 238590615
62897896 238590615
62897896 65616232
241538473 65616232
241538473 238590597
62905414 238590597
62905414 65665373
241504876 65665373
241504876 238583437
62912286 238583437
62912286 65667162
241498403 65667162
241498403 238582019
62916200 238582019
62916200 65668997
241455314 65668997
241455314 238578976
62934617 238578976
62934617 65677945
241439494 65677945
241439494 238578446
62938562 238578446
62938562 65680053
241429204 65680053
241429204 238578216
62985903 238578216
62985903 65697262
241428503 65697262
241428503 238577759
62995674 238577759
62995674 65734068
241427826 65734068
241427826 238565861
63019221 238565861
63019221 65753165
241425707 65753165
241425707 238560728
63020129 238560728
63020129 65759088
241410672 65759088
241410672 238558129
63022960 238558129
63022960 65770075
241406206 65770075
241406206 238554673
63026956 238554673
63026956 65785130
241380774 65785130
241380774 238545360
63033558 238545360
63033558 65785494
241375991 65785494
241375991 238539742
63039489 238539742
63039489 65787000
241371656 65787000
241371656 238526731
63047655 238526731
63047655 65806240
241355006 65806240
241355006 238509645
63049042 238509645
63049042 65812308
241335272 65812308
241335272 238499118
63049890 238499118
63049890 65816814
241333867 65816814
241333867 238493807
63097439 238493807
63097439 65831744
241323323 65831744
241323323 238479534
63111822 238479534
63111822 65835238
241322473 65835238
241322473 238474844
63114873 238474844
63114873 65852308
241321668 65852308
241321668 238455998
63121969 238455998
63121969 65860839
241318860 65860839
241318860 238454963
63131677 238454963
63131677 65869062
241317831 65869062
241317831 238451794
63135142 238451794
63135142 65871385
241317829 65871385
241317829 238440984
63136813 238440984
63136813 65878103
241304767 65878103
241304767 238434205
63141033 238434205
63141033 65914958
241295048 65914958
241295048 238429924
63169559 238429924
63169559 65921341
241279066 65921341
241279066 238420596
63179307 238420596
63179307 65924073
241269018 65924073
241269018 238413543
63192191 238413543
63192191 65931970
241267140 65931970
241267140 238410240
63199523 238410240
63199523 65933140
241253804 65933140
241253804 238402149
63211885 238402149
63211885 65951419
241245291 65951419
241245291 238388427
63215135 238388427
63215135 65952156
241229122 65952156
241229122 238388357
63218979 238388357
63218979 65962029
241227246 65962029
241227246 238384123
63223952 238384123
63223952 65973277
241215896 65973277
241215896 238360603
63227633 238360603
63227633 65976056
241210331 65976056
241210331 238352610
63235883 238352610
63235883 66002462
241199725 66002462
241199725 238349655
63236333 238349655
63236333 66005425
241194551 66005425
241194551 238346010
63253136 238346010
63253136 66015026
241181284 66015026
241181284 238331665
63270427 238331665
63270427 66037199
241152568 66037199
241152568 238329367
63271200 238329367
63271200 66038471
241145267 66038471
241145267 238319919
63273161 238319919
63273161 66057604
241126458 66057604
241126458 238315661
63276236 238315661
63276236 66073682
241094929 66073682
241094929 238315633
63290814 238315633
63290814 66097705
241092090 66097705
241092090 238293752
63302343 238293752
63302343 66104544
241076259 66104544
241076259 238287811
63310506 238287811
63310506 66104951
241072741 66104951
241072741 238284675
63322964 238284675
63322964 66113283
241070824 66113283
241070824 238283517
63340317 238283517
63340317 66114434
241063454 66114434
241063454 238281490
63349607 238281490
63349607 66120379
241062399 66120379
241062399 238265574
63351365 238265574
63351365 66122232
241062052 66122232
241062052 238264989
63368415 238264989
63368415 66131738
241060911 66131738
241060911 238260863
63380589 238260863
63380589 66141348
241060262 66141348
241060262 238259504
63393767 238259504
63393767 66141689
241058350 66141689
241058350 238248164
63394466 238248164
63394466 66141989
241056682 66141989
241056682 238219629
63417311 238219629
63417311 66159583
241050280 66159583
241050280 238218451
63428645 238218451
63428645 66162492
241043770 66162492
241043770 238218381
63438809 238218381
63438809 66163371
241032316 66163371
241032316 238183991
63444232 238183991
63444232 66172269
241015305 66172269
241015305 238172097
63452380 238172097
63452380 66182831
241007969 66182831
241007969 238164493
63458505 238164493
63458505 66192032
241006791 66192032
241006791 238155138
63500597 238155138
63500597 66194377
240997293 66194377
240997293 238143915
63533529 238143915
63533529 66197128
240975254 66197128
240975254 238135158
63538515 238135158
63538515 66214029
240963863 66214029
240963863 238132096
63539967 238132096
63539967 66215961
240939259 66215961
240939259 238128377
63572856 238128377
63572856 66224165
240929513 66224165
240929513 238106558
63577193 238106558
63577193 66226623
240923807 66226623
240923807 238101745
63577770 238101745
63577770 66233736
240914580 66233736
240914580 238099927
63580246 238099927
63580246 66242224
240906910 66242224
240906910 238091662
63607433 238091662
63607433 66247196
240905442 66247196
240905442 238091534
63617352 238091534
63617352 66277887
240868905 66277887
240868905 238086474
63619451 238086474
63619451 66279089
240854310 66279089
240854310 238058958
63620071 238058958
63620071 66319767
240853440 66319767
240853440 238054656
63622669 238054656
63622669 66332880
240852706 66332880
240852706 238045828
63625298 238045828
63625298 66353116
240846697 66353116
240846697 238041710
63626928 238041710
63626928 66364890
240833899 66364890
240833899 238039763
63640276 238039763
63640276 66388539
240831729 66388539
240831729 238029622
63648117 238029622
63648117 66397553
240811928 66397553
240811928 238015215
63654529 238015215
63654529 66403927
240808905 66403927
240808905 237977175
63656466 237977175
63656466 66418796
240808506 66418796
240808506 237974881
63659778 237974881
63659778 66421963
240807193 66421963
240807193 237964499
63694036 237964499
63694036 66422244
240795176 66422244
240795176 237959026
63707934 237959026
63707934 66422959
240793206 66422959
240793206 237935304
63732954 237935304
63732954 66436121
240790901 66436121
240790901 237923380
63737799 237923380
63737799 66455692
240772524 66455692
240772524 237846856
63738810 237846856
63738810 66456703
240771827 66456703
240771827 237845608
63769825 237845608
63769825 66461575
240740745 66461575
240740745 237843104
63779916 237843104
63779916 66471438
240729479 66471438
240729479 237825167
63779920 237825167
63779920 66472295
240722191 66472295
240722191 237823465
63781824 237823465
63781824 66488842
240721779 66488842
240721779 237807800
63789024 237807800
63789024 66489262
240721746 66489262
240721746 237796239
63802253 237796239
63802253 66497002
240720876 66497002
240720876 237793355
63811861 237793355
63811861 66525315
240720646 66525315
240720646 237785869
63843751 237785869
63843751 66538017
240711895 66538017
240711895 237780227
63847367 237780227
63847367 66539268
240688928 66539268
240688928 237774507
63850703 237774507
63850703 66552976
240687557 66552976
240687557 237770449
63853945 237770449
63853945 66572756
240664113 66572756
240664113 237765382
63858767 237765382
63858767 66581073
240655263 66581073
240655263 237764380
63886732 237764380
63886732 66608654
240647186 66608654
240647186 237760831
63906462 237760831
63906462 66611241
240637205 66611241
240637205 237753152
63912732 237753152
63912732 66630410
240632094 66630410
240632094 237743430
63914254 237743430
63914254 66633910
240621475 66633910
240621475 237716196
63919001 237716196
63919001 66638793
240614991 66638793
240614991 237695162
63925349 237695162
63925349 66650659
240555538 66650659
240555538 237676143
63958356 237676143
63958356 66660633
240552583 66660633
240552583 237669527
63967307 237669527
63967307 66671621
240544289 66671621
240544289 237656544
63970483 237656544
63970483 66694893
240510196 66694893
240510196 237649543
63981450 237649543
63981450 66709495
240509754 66709495
240509754 237627686
63995554 237627686
63995554 66712708
240508444 66712708
240508444 237618890
63995871 237618890
63995871 66722228
240505277 66722228
240505277 237612599
63997784 237612599
63997784 66727322
240492971 66727322
240492971 237585350
64003960 237585350
64003960 66737040
240489242 66737040
240489242 237572926
64009549 237572926
64009549 66737299
240487891 66737299
240487891 237569907
64009964 237569907
64009964 66739208
240487446 66739208
240487446 237568736
64014884 237568736
64014884 66748687
240480149 66748687
240480149 237565546
64024241 237565546
64024241 66766457
240475081 66766457
240475081 237553605
64033184 237553605
64033184 66806624
240473728 66806624
240473728 237553386
64034731 237553386
64034731 66808373
240469008 66808373
240469008 237547727
64037200 237547727
64037200 66817101
240452396 66817101
240452396 237532636
64042490 237532636
64042490 66843500
240449407 66843500
240449407 237529401
64054546 237529401
64054546 66848541
240445713 66848541
240445713 237522966
64056564 237522966
64056564 66894745
240437139 66894745
240437139 237522240
64062480 237522240
64062480 66895095
240436742 66895095
240436742 237508459
64112699 237508459
64112699 66903510
240432049 66903510
240432049 237498010
64116065 237498010
64116065 66905466
240424766 66905466
240424766 237470626
64116418 237470626
64116418 66913908
240391103 66913908
240391103 237463411
64120748 237463411
64120748 66937720
240370975 66937720
240370975 237459250
64142248 237459250
64142248 66946106
240356256 66946106
240356256 237457494
64142306 237457494
64142306 66950512
240344149 66950512
240344149 237445509
64148220 237445509
64148220 66951552
240322311 66951552
240322311 237444265
64148371 237444265
64148371 66951587
240318519 66951587
240318519 237416024
64151656 237416024
64151656 66951718
240297201 66951718
240297201 237406593
64166429 237406593
64166429 66971719
240291145 66971719
240291145 237375797
64171075 237375797
64171075 66976518
240287863 66976518
240287863 237368404
64172644 237368404
64172644 67000921
240279543 67000921
240279543 237361247
64185386 237361247
64185386 67001369
240274806 67001369
240274806 237351967
64188918 237351967
64188918 67002402
240262702 67002402
240262702 237337947
64197014 237337947
64197014 67010210
240260788 67010210
240260788 237324658
64201151 237324658
64201151 67011682
240248690 67011682
240248690 237313242
64203836 237313242
64203836 67018179
240242625 67018179
240242625 237280683
64205299 237280683
64205299 67025808
240238341 67025808
240238341 237279252
64277166 237279252
64277166 67028966
240237796 67028966
240237796 237276544
64291365 237276544
64291365 67053830
240235281 67053830
240235281 237268850
64312444 237268850
64312444 67075647
240218129 67075647
240218129 237261976
64318247 237261976
64318247 67077670
240194371 67077670
240194371 237258123
64327846 237258123
64327846 67098553
240190251 67098553
240190251 237256269
64328301 237256269
64328301 67102034
240188921 67102034
240188921 237228539
64329181 237228539
64329181 67118335
240188266 67118335
240188266 237176228
64330385 237176228
64330385 67119173
240177042 67119173
240177042 237168779
64336718 237168779
64336718 67119539
240172466 67119539
240172466 237168690
64344027 237168690
64344027 67139270
240169012 67139270
240169012 237139951
64346081 237139951
64346081 67150277
240161802 67150277
240161802 237130885
64359891 237130885
64359891 67157814
240149006 67157814
240149006 237104073
64369147 237104073
64369147 67158432
240143499 67158432
240143499 237100383
64371618 237100383
64371618 67165541
240140364 67165541
240140364 237094334
64379597 237094334
64379597 67186503
240134263 67186503
240134263 237092488
64389716 237092488
64389716 67193439
240134157 67193439
240134157 237082944
64392462 237082944
64392462 67208915
240133103 67208915
240133103 237065623
64400964 237065623
64400964 67209541
240129465 67209541
240129465 237018353
64402958 237018353
64402958 67211570
240125768 67211570
240125768 237004500
64405196 237004500
64405196 67223043
240118027 67223043
240118027 236996762
64426342 236996762
64426342 67230851
240105959 67230851
240105959 236971118
64430297 236971118
64430297 67235321
240103621 67235321
240103621 236944122
64474456 236944122
64474456 67264233
240098078 67264233
240098078 236932795
64490635 236932795
64490635 67265570
240088813 67265570
240088813 236922184
64536429 236922184
64536429 67276722
240084390 67276722
240084390 236913585
64560422 236913585
64560422 67284450
240077522 67284450
240077522 236911913
64566000 236911913
64566000 67322047
240044404 67322047
240044404 236880405
64567088 236880405
64567088 67340526
240038874 67340526
240038874 236875440
64573763 236875440
64573763 67343978
240029477 67343978
240029477 236863617
64576604 236863617
64576604 67348845
240025578 67348845
240025578 236851078
64592298 236851078
64592298 67360323
240024469 67360323
240024469 236844967
64596415 236844967
64596415 67368969
239986869 67368969
239986869 236844456
64600257 236844456
64600257 67373762
239972534 67373762
239972534 236831066
64608745 236831066
64608745 67392455
239966133 67392455
239966133 236826317
64612707 236826317
64612707 67397860
239961713 67397860
239961713 236818715
64614109 236818715
64614109 67426936
239956959 67426936
239956959 236802588
64618631 236802588
64618631 67433166
239944635 67433166
239944635 236795263
64623045 236795263
64623045 67442184
239941012 67442184
239941012 236794970
64632570 236794970
64632570 67454704
239933597 67454704
239933597 236794703
64686309 236794703
64686309 67462495
239910582 67462495
239910582 236788755
64689045 236788755
64689045 67473757
239899141 67473757
239899141 236788193
64701529 236788193
64701529 67478693
239883982 67478693
239883982 236775564
64714267 236775564
64714267 67497408
239870011 67497408
239870011 236774240
64718411 236774240
64718411 67506485
239865479 67506485
239865479 236762498
64721518 236762498
64721518 67512576
239861486 67512576
239861486 236750416
64725323 236750416
64725323 67513251
239858077 67513251
239858077 236746696
64726991 236746696
64726991 67528595
239857099 67528595
239857099 236746458
64729287 236746458
64729287 67531139
239856518 67531139
239856518 236744943
64729685 236744943
64729685 67545880
239849212 67545880
239849212 236743861
64730972 236743861
64730972 67567479
239842888 67567479
239842888 236730260
64737339 236730260
64737339 67570435
239841482 67570435
239841482 236712688
64745391 236712688
64745391 67577918
239838642 67577918
239838642 236690567
64762329 236690567
64762329 67590610
239818319 67590610
239818319 236683558
64770186 236683558
64770186 67591324
239817083 67591324
239817083 236667253
64772055 236667253
64772055 67591697
239791870 67591697
239791870 236665836
64788276 236665836
64788276 67593224
239752662 67593224
239752662 236639962
64795689 236639962
64795689 67603884
239743369 67603884
239743369 236622481
64801255 236622481
64801255 67604027
239740042 67604027
239740042 236618360
64814397 236618360
64814397 67605056
239716812 67605056
239716812 236608051
64828213 236608051
64828213 67612183
239707153 67612183
239707153 236606614
64831981 236606614
64831981 67618685
239695066 67618685
239695066 236602338
64852179 236602338
64852179 67619841
239694425 67619841
239694425 236591110
64855802 236591110
64855802 67625966
239655779 67625966
239655779 236584219
64859679 236584219
64859679 67634908
239654442 67634908
239654442 236561688
64869925 236561688
64869925 67644077
239652030 67644077
239652030 236559516
64886773 236559516
64886773 67655869
239644838 67655869
239644838 236549809
64888484 236549809
64888484 67680985
239636302 67680985
239636302 236544531
64893966 236544531
64893966 67688608
239632364 67688608
239632364 236538417
64897061 236538417
64897061 67703096
239626686 67703096
239626686 236531255
64927392 236531255
64927392 67708732
239619349 67708732
239619349 236513277
64929668 236513277
64929668 67709772
239589381 67709772
239589381 236507543
64931329 236507543
64931329 67726074
239584563 67726074
239584563 236485711
64935698 236485711
64935698 67731294
239579766 67731294
239579766 236475278
64963289 236475278
64963289 67761537
239567639 67761537
239567639 236443860
64968437 236443860
64968437 67763807
239558321 67763807
239558321 236424917
64993454 236424917
64993454 67788342
239542923 67788342
239542923 236422384
65003427 236422384
65003427 67801100
239539477 67801100
239539477 236415055
65011994 236415055
65011994 67803082
239523267 67803082
239523267 236408423
65012356 236408423
65012356 67804193
239510809 67804193
239510809 236389473
65012388 236389473
65012388 67806751
239492579 67806751
239492579 236386655
65027985 236386655
65027985 67808338
239482320 67808338
239482320 236386089
65037192 236386089
65037192 67824220
239462684 67824220
239462684 236382049
65049381 236382049
65049381 67831094
239437389 67831094
239437389 236370949
65094752 236370949
65094752 67858248
239419981 67858248
239419981 236370932
65098798 236370932
65098798 67866766
239418597 67866766
239418597 236366819
65101076 236366819
65101076 67872139
239413976 67872139
239413976 236362345
65116185 236362345
65116185 67880740
239393343 67880740
239393343 236356040
65121928 236356040
65121928 67912633
239391353 67912633
239391353 236351589
65142489 236351589
65142489 67915636
239379644 67915636
239379644 236346290
65151013 236346290
65151013 67916365
239373417 67916365
239373417 236332313
65152725 236332313
65152725 67916652
239370928 67916652
239370928 236329001
65160989 236329001
65160989 67928147
239353300 67928147
239353300 236326424
65164983 236326424
65164983 67963501
239329639 67963501
239329639 236320772
65198023 236320772
65198023 67968588
239325421 67968588
239325421 236317592
65208247 236317592
65208247 67972190
239322478 67972190
239322478 236314861
65212928 236314861
65212928 67974746
239305005 67974746
239305005 236305779
65226769 236305779
65226769 67987985
239276026 67987985
239276026 236293712
65268870 236293712
65268870 67999597
239235279 67999597
239235279 236270956
65276166 236270956
65276166 68004369
239222421 68004369
239222421 236258675
65278420 236258675
65278420 68008016
239211746 68008016
239211746 236258350
65282742 236258350
65282742 68027305
239206755 68027305
239206755 236254591
65305422 236254591
65305422 68042155
239201335 68042155
239201335 236184576
65316490 236184576
65316490 68096423
239197340 68096423
239197340 236178807
65329903 236178807
65329903 68106231
239185905 68106231
239185905 236176530
65335760 236176530
65335760 68113314
239182021 68113314
239182021 236163461
65346648 236163461
65346648 68114525
239168449 68114525
239168449 236161989
65347285 236161989
65347285 68117875
239153576 68117875
239153576 236159389
65353466 236159389
65353466 68153216
239149245 68153216
239149245 236139517
65362851 236139517
65362851 68154481
239145798 68154481
239145798 236139202
65363594 236139202
65363594 68164936
239119242 68164936
239119242 236134371
65372420 236134371
65372420 68170759
239107989 68170759
239107989 236129490
65393015 236129490
65393015 68180313
239093170 68180313
239093170 236127783
65396155 236127783
65396155 68183680
239087779 68183680
239087779 236105024
65405528 236105024
65405528 68196340
239077992 68196340
239077992 236094804
65406572 236094804
65406572 68199495
239077570 68199495
239077570 236056449
65420285 236056449
65420285 68203057
239048026 68203057
239048026 236035338
65434928 236035338
65434928 68208273
239041257 68208273
239041257 236023569
65451345 236023569
65451345 68212448
239026476 68212448
239026476 236022264
65454860 236022264
65454860 68221703
239015073 68221703
239015073 236021184
65461995 236021184
65461995 68229865
239013125 68229865
239013125 236012821
65468392 236012821
65468392 68231859
239011957 68231859
239011957 236008625
65476996 236008625
65476996 68235391
239008355 68235391
239008355 236000542
65481660 236000542
65481660 68239047
239003126 68239047
239003126 235990942
65510262 235990942
65510262 68243521
238994468 68243521
238994468 235968289
65516842 235968289
65516842 68278264
238994126 68278264
238994126 235967539
65523538 235967539
65523538 68281937
238985341 68281937
238985341 235960283
65529054 235960283
65529054 68285630
238983828 68285630
238983828 235949386
65529683 235949386
65529683 68312051
238965177 68312051
238965177 235946678
65538104 235946678
65538104 68312989
238963298 68312989
238963298 235937901
65556436 235937901
65556436 68319621
238961343 68319621
238961343 235905436
65570987 235905436
65570987 68322925
238961281 68322925
238961281 235900182
65590508 235900182
65590508 68336568
238937333 68336568
238937333 235899684
65596076 235899684
65596076 68338208
238937050 68338208
238937050 235896994
65599265 235896994
65599265 68362828
238930099 68362828
238930099 235882289
65605909 235882289
65605909 68367167
238929805 68367167
238929805 235878171
65621908 235878171
65621908 68382301
238911894 68382301
238911894 235871710
65627704 235871710
65627704 68383961
238911864 68383961
238911864 235871700
65660176 235871700
65660176 68389629
238910299 68389629
238910299 235866470
65663970 235866470
65663970 68389801
238907028 68389801
238907028 235865366
65699406 235865366
65699406 68401905
238901068 68401905
238901068 235860186
65700859 235860186
65700859 68407673
238882990 68407673
238882990 235855342
65702839 235855342
65702839 68419253
238878569 68419253
238878569 235841121
65706943 235841121
65706943 68423837
238876567 68423837
238876567 235840576
65710944 235840576
65710944 68425766
238856859 68425766
238856859 235839382
65727113 235839382
65727113 68441502
238856052 68441502
238856052 235832277
65727835 235832277
65727835 68441583
238853597 68441583
238853597 235831679
65737860 235831679
65737860 68449758
238833855 68449758
238833855 235825268
65770929 235825268
65770929 68449847
238833618 68449847
238833618 235820268
65782204 235820268
65782204 68455960
238827802 68455960
238827802 235811754
65793468 235811754
65793468 68475531
238823656 68475531
238823656 235799554
65806410 235799554
65806410 68477179
238823383 68477179
238823383 235758224
65821175 235758224
65821175 68478838
238813683 68478838
238813683 235752566
65822631 235752566
65822631 68489288
238795452 68489288
238795452 235742070
65828603 235742070
65828603 68499258
238792809 68499258
238792809 235729812
65831916 235729812
65831916 68523599
238791321 68523599
238791321 235670108
65838770 235670108
65838770 68523700
238778045 68523700
238778045 235653165
65838853 235653165
65838853 68524984
238757651 68524984
238757651 235644200
65842421 235644200
65842421 68525449
238749365 68525449
238749365 235642715
65850737 235642715
65850737 68534751
238749029 68534751
238749029 235623843
65863106 235623843
65863106 68535510
238747738 68535510
238747738 235602822
65878290 235602822
65878290 68545135
238730987 68545135
238730987 235597563
65885845 235597563
65885845 68558034
238720801 68558034
238720801 235576355
65887157 235576355
65887157 68558062
238710310 68558062
238710310 235557423
65890847 235557423
65890847 68577618
238709665 68577618
238709665 235550093
65894510 235550093
65894510 68591782
238684417 68591782
238684417 235543592
65898326 235543592
65898326 68601925
238679778 68601925
238679778 235537591
65906431 235537591
65906431 68624441
238650116 68624441
238650116 235511829
65916687 235511829
65916687 68628807
238647750 68628807
238647750 235500501
65923054 235500501
65923054 68648660
238636620 68648660
238636620 235477835
65926940 235477835
65926940 68652498
238600743 68652498
238600743 235475278
65953837 235475278
65953837 68658895
238597829 68658895
238597829 235471262
65966770 235471262
65966770 68661975
238591643 68661975
238591643 235468617
65970673 235468617
65970673 68663390
238591532 68663390
238591532 235423400
65977067 235423400
65977067 68664018
238506780 68664018
238506780 235415137
65987707 235415137
65987707 68695288
238504513 68695288
238504513 235410410
65997976 235410410
65997976 68697311
238497560 68697311
238497560 235396498
66009925 235396498
66009925 68702120
238495728 68702120
238495728 235392448
66011464 235392448
66011464 68703321
238455361 68703321
238455361 235380270
66014622 235380270
66014622 68719262
238452212 68719262
238452212 235372793
66015460 235372793
66015460 68725440
238449024 68725440
238449024 235363719
66036089 235363719
66036089 68746082
238441904 68746082
238441904 235352534
66039338 235352534
66039338 68753697
238410633 68753697
238410633 235351198
66045021 235351198
66045021 68765191
238408522 68765191
238408522 235348213
66067036 235348213
66067036 68775612
238398324 68775612
238398324 235325367
66091214 235325367
66091214 68804388
238391802 68804388
238391802 235283616
66095562 235283616
66095562 68822240
238391670 68822240
238391670 235275823
66101322 235275823
66101322 68830444
238381634 68830444
238381634 235266368
66122223 235266368
66122223 68831767
238378556 68831767
238378556 235257448
66124235 235257448
66124235 68846021
238371465 68846021
238371465 235254615
66133376 235254615
66133376 68851854
238358911 68851854
238358911 235234760
66141024 235234760
66141024 68852831
238356411 68852831
238356411 235221428
66142584 235221428
66142584 68873162
238355226 68873162
238355226 235216410
66155326 235216410
66155326 68895186
238352388 68895186
238352388 235214850
66167667 235214850
66167667 68904997
238350462 68904997
238350462 235201184
66175834 235201184
66175834 68927488
238347183 68927488
238347183 235199781
66194439 235199781
66194439 68934284
238336069 68934284
238336069 235194480
66216200 235194480
66216200 68966839
238328188 68966839
238328188 235192816
66220592 235192816
66220592 68968338
238301878 68968338
238301878 235187991
66232767 235187991
66232767 68968412
238290389 68968412
238290389 235187254
66239211 235187254
66239211 68970663
238287113 68970663
238287113 235185413
66289614 235185413
66289614 68971353
238281848 68971353
238281848 235183655
66296446 235183655
66296446 68994146
238280514 68994146
238280514 235180340
66311242 235180340
66311242 68999881
238276503 68999881
238276503 235159219
66319586 235159219
66319586 69003649
238265528 69003649
238265528 235152742
66323853 235152742
66323853 69009299
238264160 69009299
238264160 235145063
66337205 235145063
66337205 69030222
238253060 69030222
238253060 235125000
66338561 235125000
66338561 69031585
238251636 69031585
238251636 235120554
66345821 235120554
66345821 69041037
238250996 69041037
238250996 235113338
66350380 235113338
66350380 69064286
238245050 69064286
238245050 235103574
66359619 235103574
66359619 69070482
238217583 69070482
238217583 235102820
66367838 235102820
66367838 69072219
238195309 69072219
238195309 235093035
66375206 235093035
66375206 69107363
238193534 69107363
238193534 235086553
66381817 235086553
66381817 69121928
238190885 69121928
238190885 235078260
66395241 235078260
66395241 69129214
238185666 69129214
238185666 235070808
66396909 235070808
66396909 69137976
238176860 69137976
238176860 235064748
66404835 235064748
66404835 69147522
238159920 69147522
238159920 235058661
66410637 235058661
66410637 69153939
238155353 69153939
238155353 235016102
66411313 235016102
66411313 69155337
238153609 69155337
238153609 235009479
66418602 235009479
66418602 69167935
238144770 69167935
238144770 235006240
66418780 235006240
66418780 69179675
238141761 69179675
238141761 234973670
66422072 234973670
66422072 69187983
238141423 69187983
238141423 234957245
66454006 234957245
66454006 69188903
238134155 69188903
238134155 234941959
66463467 234941959
66463467 69197573
238130366 69197573
238130366 234926304
66469230 234926304
66469230 69200061
238091782 69200061
238091782 234916272
66473554 234916272
66473554 69221235
238090903 69221235
238090903 234912278
66481913 234912278
66481913 69221560
238084883 69221560
238084883 234908270
66490249 234908270
66490249 69246082
238072071 69246082
238072071 234904805
66503016 234904805
66503016 69259272
238060436 69259272
238060436 234896133
66510747 234896133
66510747 69277473
238033559 69277473
238033559 234895780
66521195 234895780
66521195 69277847
238026588 69277847
238026588 234882020
66522569 234882020
66522569 69290438
238015083 69290438
238015083 234880989
66528954 234880989
66528954 69321262
238013796 69321262
238013796 234873701
66529525 234873701
66529525 69327007
238008874 69327007
238008874 234856434
66540026 234856434
66540026 69336973
238006175 69336973
238006175 234845673
66543392 234845673
66543392 69345970
237993023 69345970
237993023 234841670
66556060 234841670
66556060 69351632
237992807 69351632
237992807 234835644
66566435 234835644
66566435 69354994
237958238 69354994
237958238 234833390
66576955 234833390
66576955 69364456
237957986 69364456
237957986 234828814
66582584 234828814
66582584 69372028
237956275 69372028
237956275 234828486
66591450 234828486
66591450 69381632
237933493 69381632
237933493 234816880
66591803 234816880
66591803 69385934
237918189 69385934
237918189 234804666
66592643 234804666
66592643 69388601
237900472 69388601
237900472 234782809
66607154 234782809
66607154 69397502
237899767 69397502
237899767 234773279
66612366 234773279
66612366 69399795
237893590 69399795
237893590 234754614
66617866 234754614
66617866 69402046
237892958 69402046
237892958 234753658
66623018 234753658
66623018 69404152
237892259 69404152
237892259 234739447
66625761 234739447
66625761 69412520
237862604 69412520
237862604 234730144
66632940 234730144
66632940 69414875
237847519 69414875
237847519 234730126
66635489 234730126
66635489 69428528
237832515 69428528
237832515 234727482
66665601 234727482
66665601 69438665
237825510 69438665
237825510 234719859
66666420 234719859
66666420 69465217
237823985 69465217
237823985 234719275
66678818 234719275
66678818 69469937
237809303 69469937
237809303 234706065
66705912 234706065
66705912 69484666
237808063 69484666
237808063 234684348
66715150 234684348
66715150 69486312
237802560 69486312
237802560 234679947
66715353 234679947
66715353 69487246
237795268 69487246
237795268 234674629
66718774 234674629
66718774 69490643
237791902 69490643
237791902 234665487
66739709 234665487
66739709 69501990
237782357 69501990
237782357 234651024
66757504 234651024
66757504 69510538
237773349 69510538
237773349 234628586
66772983 234628586
66772983 69520803
237768501 69520803
237768501 234600553
66786352 234600553
66786352 69523050
237765490 69523050
237765490 234561697
66812622 234561697
66812622 69526725
237761945 69526725
237761945 234550084
66813043 234550084
66813043 69532024
237738572 69532024
237738572 234546623
66816891 234546623
66816891 69538015
237716366 69538015
237716366 234543864
66818664 234543864
66818664 69556829
237712273 69556829
237712273 234524830
66847347 234524830
66847347 69560052
237710234 69560052
237710234 234509148
66859852 234509148
66859852 69561654
237697601 69561654
237697601 234485724
66865581 234485724
66865581 69572209
237694338 69572209
237694338 234469622
66890244 234469622
66890244 69582506
237693732 69582506
237693732 234466030
66900015 234466030
66900015 69586491
237687961 69586491
237687961 234441491
66921139 234441491
66921139 69591838
237674940 69591838
237674940 234430953
66922017 234430953
66922017 69607278
237661520 69607278
237661520 234429851
66933462 234429851
66933462 69627228
237657939 69627228
237657939 234408104
66938075 234408104
66938075 69642808
237657380 69642808
237657380 234404349
66941404 234404349
66941404 69644313
237652874 69644313
237652874 234399602
66941760 234399602
66941760 69659981
237648034 69659981
237648034 234394955
66947378 234394955
66947378 69662316
237647037 69662316
237647037 234392124
66955967 234392124
66955967 69686186
237646236 69686186
237646236 234386895
66964018 234386895
66964018 69696066
237635589 69696066
237635589 234383868
66965295 234383868
66965295 69708824
237633809 69708824
237633809 234377795
66966898 234377795
66966898 69710785
237626914 69710785
237626914 234374222
66992799 234374222
66992799 69720842
237602707 69720842
237602707 234362319
66995426 234362319
66995426 69724827
237575292 69724827
237575292 234356388
66995481 234356388
66995481 69732070
237566573 69732070
237566573 234353740
67048430 234353740
67048430 69738739
237538817 69738739
237538817 234342164
67071086 234342164
67071086 69745027
237462495 69745027
237462495 234338447
67072156 234338447
67072156 69755521
237433502 69755521
237433502 234332141
67085454 234332141
67085454 69770450
237433246 69770450
237433246 234331716
67086984 234331716
67086984 69772313
237420201 69772313
237420201 234293279
67087138 234293279
67087138 69792341
237415896 69792341
237415896 234285576
67090754 234285576
67090754 69796710
237412543 69796710
237412543 234263904
67099292 234263904
67099292 69806097
237410406 69806097
237410406 234238848
67133813 234238848
67133813 69806529
237400307 69806529
237400307 234227866
67139582 234227866
67139582 69810565
237388925 69810565
237388925 234222692
67166417 234222692
67166417 69814992
237387074 69814992
237387074 234222227
67173302 234222227
67173302 69832018
237372922 69832018
237372922 234219536
67175657 234219536
67175657 69832624
237370789 69832624
237370789 234209787
67192384 234209787
67192384 69850088
237361646 69850088
237361646 234206189
67195880 234206189
67195880 69865509
237360025 69865509
237360025 234203636
67197312 234203636
67197312 69885674
237356938 69885674
237356938 234203606
67208886 234203606
67208886 69889687
237350414 69889687
237350414 234192386
67222649 234192386
67222649 69892620
237349456 69892620
237349456 234192364
67236479 234192364
67236479 69897144
237344203 69897144
237344203 234182165
67261603 234182165
67261603 69899715
237331939 69899715
237331939 234162268
67261867 234162268
67261867 69908367
237320090 69908367
237320090 234157051
67283946 234157051
67283946 69911106
237318256 69911106
237318256 234150909
67287229 234150909
67287229 69936679
237316500 69936679
237316500 234140581
67302336 234140581
67302336 69946910
237287523 69946910
237287523 234130046
67305301 234130046
67305301 69951880
237260566 69951880
237260566 234124149
67324839 234124149
67324839 69970067
237251745 69970067
237251745 234113145
67326151 234113145
67326151 69980084
237245193 69980084
237245193 234112957
67332364 234112957
67332364 69991386
237238643 69991386
237238643 234112042
67345582 234112042
67345582 69993084
237235013 69993084
237235013 234087078
67352161 234087078
67352161 70000783
237220103 70000783
237220103 234077140
67367179 234077140
67367179 70001697
237216687 70001697
237216687 234066538
67373681 234066538
67373681 70007384
237212590 70007384
237212590 234059042
67379497 234059042
67379497 70008554
237207079 70008554
237207079 234055827
67391584 234055827
67391584 70017599
237201969 70017599
237201969 234028226
67401965 234028226
67401965 70068667
237179995 70068667
237179995 234020269
67402641 234020269
67402641 70096012
237178792 70096012
237178792 234015410
67405095 234015410
67405095 70101097
237175570 70101097
237175570 234004789
67405485 234004789
67405485 70115422
237157357 70115422
237157357 233994931
67411383 233994931
67411383 70120272
237146161 70120272
237146161 233990372
67413842 233990372
67413842 70133928
237130507 70133928
237130507 233989881
67417495 233989881
67417495 70135655
237107709 70135655
237107709 233986034
67421517 233986034
67421517 70138943
237102634 70138943
237102634 233984068
67434476 233984068
67434476 70142543
237096725 70142543
237096725 233980193
67436256 233980193
67436256 70183479
237089145 70183479
237089145 233971279
67440109 233971279
67440109 70190493
237088470 70190493
237088470 233958135
67452789 233958135
67452789 70200238
237088110 70200238
237088110 233953533
67463242 233953533
67463242 70210316
237083067 70210316
237083067 233950391
67464980 233950391
67464980 70210434
237065195 70210434
237065195 233945772
67486405 233945772
67486405 70214668
237059711 70214668
237059711 233941927
67498163 233941927
67498163 70224658
237058402 70224658
237058402 233928858
67504518 233928858
67504518 70239987
237053710 70239987
237053710 233923737
67522667 233923737
67522667 70257383
237043222 70257383
237043222 233919605
67530418 233919605
67530418 70260008
237030928 70260008
237030928 233918894
67533218 233918894
67533218 70270258
237030657 70270258
237030657 233906421
67557008 233906421
67557008 70295995
237004846 70295995
237004846 233903854
67579309 233903854
67579309 70299646
236993120 70299646
236993120 233902494
67587317 233902494
67587317 70306834
236991328 70306834
236991328 233883920
67589707 233883920
67589707 70321768
236989169 70321768
236989169 233861705
67608650 233861705
67608650 70322126
236967091 70322126
236967091 233858491
67609976 233858491
67609976 70327918
236923414 70327918
236923414 233849366
67613263 233849366
67613263 70335451
236920720 70335451
236920720 233846714
67614325 233846714
67614325 70345926
236904419 70345926
236904419 233827237
67618362 233827237
67618362 70356172
236893741 70356172
236893741 233816475
67632781 233816475
67632781 70359387
236890272 70359387
236890272 233816263
67647771 233816263
67647771 70365768
236885661 70365768
236885661 233794606
67655020 233794606
67655020 70395517
236880992 70395517
236880992 233783691
67656880 233783691
67656880 70397147
236869449 70397147
236869449 233758252
67673296 233758252
67673296 70402133
236864612 70402133
236864612 233757371
67676540 233757371
67676540 70430981
236862123 70430981
236862123 233740771
67699243 233740771
67699243 70437678
236855378 70437678
236855378 233731381
67701352 233731381
67701352 70444194
236838229 70444194
236838229 233723817
67711374 233723817
67711374 70448433
236836335 70448433
236836335 233721581
67715491 233721581
67715491 70458373
236834345 70458373
236834345 233713935
67720515 233713935
67720515 70479237
236832784 70479237
236832784 233712858
67732720 233712858
67732720 70480095
236827256 70480095
236827256 233695886
67736251 233695886
67736251 70486980
236827007 70486980
236827007 233685616
67739554 233685616
67739554 70507481
236822346 70507481
236822346 233683551
67747719 233683551
67747719 70514344
236807399 70514344
236807399 233682774
67754885 233682774
67754885 70527145
236790626 70527145
236790626 233665082
67774460 233665082
67774460 70539791
236771182 70539791
236771182 233622538
67789405 233622538
67789405 70565128
236770559 70565128
236770559 233606105
67803009 233606105
67803009 70575856
236757800 70575856
236757800 233584546
67809464 233584546
67809464 70578525
236751145 70578525
236751145 233580669
67811946 233580669
67811946 70583404
236747104 70583404
236747104 233564366
67812752 233564366
67812752 70601315
236732621 70601315
236732621 233563128
67818260 233563128
67818260 70610960
236728226 70610960
236728226 233555965
67834815 233555965
67834815 70616205
236723195 70616205
236723195 233549062
67839319 233549062
67839319 70622788
236722110 70622788
236722110 233545835
67847217 233545835
67847217 70645232
236719936 70645232
236719936 233541741
67864213 233541741
67864213 70647642
236707603 70647642
236707603 233523148
67865223 233523148
67865223 70686199
236699135 70686199
236699135 233518734
67874646 233518734
67874646 70696647
236668778 70696647
236668778 233514814
67881701 233514814
67881701 70712005
236666456 70712005
236666456 233507943
67885977 233507943
67885977 70730097
236660533 70730097
236660533 233506225
67910491 233506225
67910491 70730790
236646793 70730790
236646793 233488368
67920619 233488368
67920619 70731253
236628011 70731253
236628011 233467591
67923886 233467591
67923886 70737519
236613625 70737519
236613625 233456509
67953583 233456509
67953583 70741454
236610642 70741454
236610642 233452268
67982514 233452268
67982514 70763950
236609810 70763950
236609810 233448392
67997570 233448392
67997570 70778701
236575007 70778701
236575007 233440308
67997793 233440308
67997793 70781547
236565167 70781547
236565167 233432429
68002504 233432429
68002504 70782026
236558419 70782026
236558419 233419243
68002724 233419243
68002724 70783208
236548211 70783208
236548211 233411672
68024938 233411672
68024938 70788179
236543712 70788179
236543712 233411402
68029472 233411402
68029472 70793600
236507470 70793600
236507470 233402346
68035445 233402346
68035445 70799841
236501447 70799841
236501447 233386204
68036683 233386204
68036683 70802753
236490083 70802753
236490083 233371521
68067618 233371521
68067618 70814314
236489247 70814314
236489247 233360636
68069663 233360636
68069663 70822128
236489118 70822128
236489118 233350649
68071616 233350649
68071616 70823668
236487352 70823668
236487352 233330241
68074187 233330241
68074187 70828918
236485913 70828918
236485913 233320820
68076524 233320820
68076524 70840311
236472484 70840311
236472484 233320046
68122495 233320046
68122495 70844628
236459614 70844628
236459614 233305304
68126048 233305304
68126048 70860640
236455399 70860640
236455399 233276359
68131825 233276359
68131825 70863795
236440399 70863795
236440399 233275493
68135185 233275493
68135185 70864365
236434826 70864365
236434826 233268886
68147760 233268886
68147760 70869129
236427271 70869129
236427271 233255231
68149303 233255231
68149303 70870368
236410021 70870368
236410021 233252295
68152020 233252295
68152020 70879355
236396220 70879355
236396220 233249253
68169890 233249253
68169890 70890914
236378985 70890914
236378985 233240134
68186068 233240134
68186068 70892041
236374500 70892041
236374500 233238970
68212799 233238970
68212799 70897035
236350199 70897035
236350199 233231257
68235422 233231257
68235422 70897474
236349742 70897474
236349742 233212120
68248959 233212120
68248959 70902128
236341771 70902128
236341771 233211766
68262351 233211766
68262351 70903124
236327853 70903124
236327853 233209911
68262544 233209911
68262544 70911874
236322994 70911874
236322994 233197648
68280864 233197648
68280864 70913951
236316359 70913951
236316359 233193541
68282420 233193541
68282420 70927237
236315140 70927237
236315140 233183240
68283006 233183240
68283006 70954217
236303356 70954217
236303356 233164168
68290984 233164168
68290984 70964604
236294197 70964604
236294197 233153168
68328571 233153168
68328571 70965196
236282769 70965196
236282769 233152704
68332304 233152704
68332304 70971033
236277237 70971033
236277237 233115992
68334081 233115992
68334081 70980032
236273718 70980032
236273718 233105411
68362975 233105411
68362975 71011196
236259552 71011196
236259552 233104745
68376685 233104745
68376685 71011976
236259460 71011976
236259460 233098947
68380094 233098947
68380094 71028999
236258095 71028999
236258095 233095200
68386602 233095200
68386602 71029802
236244680 71029802
236244680 233092580
68393216 233092580
68393216 71052066
236236588 71052066
236236588 233083473
68409162 233083473
68409162 71056479
236230613 71056479
236230613 233076046
68432450 233076046
68432450 71059654
236229808 71059654
236229808 233069455
68435848 233069455
68435848 71082489
236205202 71082489
236205202 233062480
68446400 233062480
68446400 71093181
236204288 71093181
236204288 233060731
68450651 233060731
68450651 71096511
236199395 71096511
236199395 233052095
68457445 233052095
68457445 71108506
236199201 71108506
236199201 233048297
68461696 233048297
68461696 71110139
236188130 71110139
236188130 233047097
68464703 233047097
68464703 71132043
236164491 71132043
236164491 233037442
68476354 233037442
68476354 71138313
236143362 71138313
236143362 233037061
68482245 233037061
68482245 71156825
236132037 71156825
236132037 233027213
68482540 233027213
68482540 71157305
236127881 71157305
236127881 233002890
68494181 233002890
68494181 71181350
236118226 71181350
236118226 233002150
68533086 233002150
68533086 71184772
236117658 71184772
236117658 232986283
68557263 232986283
68557263 71186603
236093282 71186603
236093282 232950254
68574939 232950254
68574939 71198116
236058832 71198116
236058832 232939143
68575236 232939143
68575236 71198241
236045969 71198241
236045969 232926444
68580342 232926444
68580342 71206722
236039786 71206722
236039786 232914663
68585162 232914663
68585162 71207925
236032015 71207925
236032015 232912130
68585689 232912130
68585689 71218448
236010217 71218448
236010217 232905441
68586747 232905441
68586747 71219715
235985216 71219715
235985216 232891601
68590725 232891601
68590725 71238745
235981930 71238745
235981930 232869049
68596835 232869049
68596835 71277597
235974803 71277597
235974803 232859980
68598240 232859980
68598240 71287876
235956109 71287876
235956109 232836898
68599857 232836898
68599857 71292174
235955614 71292174
235955614 232825562
68616062 232825562
68616062 71294176
235941479 71294176
235941479 232801397
68629655 232801397
68629655 71299565
235927182 71299565
235927182 232761195
68634166 232761195
68634166 71319364
235923397 71319364
235923397 232738659
68666808 232738659
68666808 71334075
235916820 71334075
235916820 232724808
68676887 232724808
68676887 71336547
235914665 71336547
235914665 232712586
68693605 232712586
68693605 71345139
235893362 71345139
235893362 232710159
68704237 232710159
68704237 71345800
235885671 71345800
235885671 232708144
68718707 232708144
68718707 71350095
235877541 71350095
235877541 232698650
68725396 232698650
68725396 71354276
235871353 71354276
235871353 232696649
68737970 232696649
68737970 71355383
235866715 71355383
235866715 232673730
68768564 232673730
68768564 71364176
235859393 71364176
235859393 232660349
68775490 232660349
68775490 71376441
235847338 71376441
235847338 232651400
68784234 232651400
68784234 71379955
235837306 71379955
235837306 232649766
68796695 232649766
68796695 71380789
235823594 71380789
235823594 232626740
68812393 232626740
68812393 71393103
235822049 71393103
235822049 232599374
68819505 232599374
68819505 71402468
235802912 71402468
235802912 232593207
68829136 232593207
68829136 71423007
235800721 71423007
235800721 232571275
68830290 232571275
68830290 71429354
235779384 71429354
235779384 232569481
68838344 232569481
68838344 71436239
235775911 71436239
235775911 232568895
68839227 232568895
68839227 71437920
235763114 71437920
235763114 232568601
68846495 232568601
68846495 71471538
235757674 71471538
235757674 232564090
68880391 232564090
68880391 71473721
235757060 71473721
235757060 232544025
68883320 232544025
68883320 71474403
235755927 71474403
235755927 232528912
68896168 232528912
68896168 71475102
235742337 71475102
235742337 232523407
68900499 232523407
68900499 71486338
235738250 71486338
235738250 232520267
68901991 232520267
68901991 71500910
235733492 71500910
235733492 232513602
68905549 232513602
68905549 71502219
235731887 71502219
235731887 232509672
68905889 232509672
68905889 71513594
235727619 71513594
235727619 232505234
68910081 232505234
68910081 71516309
235720528 71516309
235720528 232495922
68910202 232495922
68910202 71537863
235679540 71537863
235679540 232481453
68922040 232481453
68922040 71549040
235675768 71549040
235675768 232478117
68934199 232478117
68934199 71559233
235670680 71559233
235670680 232473338
68947950 232473338
68947950 71575012
235669142 71575012
235669142 232463355
68960138 232463355
68960138 71575589
235662833 71575589
235662833 232454755
68966048 232454755
68966048 71576534
235657598 71576534
235657598 232453169
68966868 232453169
68966868 71583516
235654547 71583516
235654547 232449183
68970769 232449183
68970769 71591192
235643384 71591192
235643384 232445831
68975263 232445831
68975263 71593794
235642243 71593794
235642243 232440338
68996173 232440338
68996173 71594609
235639068 71594609
235639068 232423300
69023425 232423300
69023425 71623402
235637847 71623402
235637847 232407180
69023720 232407180
69023720 71648574
235635102 71648574
235635102 232406032
69028438 232406032
69028438 71653370
235634428 71653370
235634428 232404977
69033531 232404977
69033531 71671881
235613595 71671881
235613595 232398063
69040819 232398063
69040819 71683649
235599538 71683649
235599538 232392312
69046709 232392312
69046709 71688798
235593936 71688798
235593936 232377643
69049802 232377643
69049802 71701955
235574555 71701955
235574555 232366415
69058258 232366415
69058258 71705049
235569814 71705049
235569814 232348677
69061481 232348677
69061481 71709636
235569073 71709636
235569073 232330138
69070917 232330138
69070917 71710231
235560033 71710231
235560033 232328104
69095797 232328104
69095797 71712276
235559845 71712276
235559845 232325048
69101665 232325048
69101665 71716259
235557947 71716259
235557947 232314073
69109981 232314073
69109981 71719184
235543522 71719184
235543522 232302266
69114425 232302266
69114425 71723967
235538706 71723967
235538706 232301291
69156917 232301291
69156917 71732735
235531400 71732735
235531400 232297794
69168684 232297794
69168684 71740734
235520756 71740734
235520756 232286799
69187423 232286799
69187423 71741471
235474223 71741471
235474223 232278664
69189196 232278664
69189196 71749952
235450107 71749952
235450107 232274676
69199008 232274676
69199008 71781652
235434614 71781652
235434614 232254610
69216497 232254610
69216497 71814327
235431903 71814327
235431903 232249377
69220884 232249377
69220884 71834754
235427188 71834754
235427188 232240474
69221637 232240474
69221637 71841733
235393093 71841733
235393093 232217700
69230909 232217700
69230909 71869866
235389372 71869866
235389372 232211639
69232856 232211639
69232856 71884462
235369873 71884462
235369873 232210906
69241513 232210906
69241513 71907432
235366408 71907432
235366408 232198821
69272546 232198821
69272546 71907507
235350675 71907507
235350675 232175086
69275291 232175086
69275291 71911486
235302300 71911486
235302300 232158871
69281990 232158871
69281990 71917940
235301243 71917940
235301243 232155321
69286370 232155321
69286370 71922221
235293486 71922221
235293486 232149508
69287844 232149508
69287844 71923677
235263309 71923677
235263309 232148202
69294287 232148202
69294287 71925179
235257936 71925179
235257936 232145753
69297506 232145753
69297506 71925388
235252614 71925388
235252614 232135383
69300989 232135383
69300989 71953663
235236519 71953663
235236519 232130113
69310346 232130113
69310346 71986930
235229469 71986930
235229469 232117405
69325544 232117405
69325544 71989126
235220858 71989126
235220858 232115516
69327237 232115516
69327237 71999237
235206992 71999237
235206992 232097091
69346741 232097091
69346741 72031592
235187101 72031592
235187101 232095693
69363096 232095693
69363096 72032422
235182535 72032422
235182535 232071966
69365293 232071966
69365293 72037542
235173909 72037542
235173909 232059349
69368941 232059349
69368941 72045232
235161474 72045232
235161474 232053273
69376597 232053273
69376597 72054943
235160002 72054943
235160002 232043649
69388679 232043649
69388679 72069644
235157626 72069644
235157626 232035415
69395045 232035415
69395045 72074464
235155949 72074464
235155949 232031247
69406445 232031247
69406445 72094635
235152466 72094635
235152466 231947469
69411854 231947469
69411854 72095973
235152059 72095973
235152059 231941355
69428754 231941355
69428754 72119204
235145716 72119204
235145716 231924972
69432734 231924972
69432734 72130814
235127520 72130814
235127520 231923779
69439226 231923779
69439226 72130817
235124390 72130817
235124390 231921795
69456191 231921795
69456191 72131870
235124234 72131870
235124234 231883846
69458083 231883846
69458083 72140310
235113036 72140310
235113036 231871005
69469719 231871005
69469719 72145683
235111878 72145683
235111878 231869144
69485812 231869144
69485812 72148038
235100128 72148038
235100128 231855209
69486206 231855209
69486206 72151535
235090925 72151535
235090925 231854933
69490647 231854933
69490647 72160420
235079134 72160420
235079134 231847142
69503881 231847142
69503881 72179364
235078704 72179364
235078704 231839591
69527787 231839591
69527787 72193535
235076337 72193535
235076337 231811373
69531608 231811373
69531608 72198863
235064868 72198863
235064868 231810869
69533380 231810869
69533380 72240187
235062185 72240187
235062185 231810610
69547331 231810610
69547331 72248613
235030024 72248613
235030024 231798888
69552894 231798888
69552894 72252760
235025909 72252760
235025909 231798346
69561609 231798346
69561609 72262959
235022161 72262959
235022161 231794927
69565129 231794927
69565129 72274248
235020738 72274248
235020738 231792544
69592641 231792544
69592641 72286036
235019130 72286036
235019130 231784846
69597261 231784846
69597261 72287468
235015862 72287468
235015862 231763291
69629843 231763291
69629843 72288446
235014897 72288446
235014897 231753546
69642812 231753546
69642812 72306449
235003061 72306449
235003061 231751912
69644543 231751912
69644543 72311328
234994643 72311328
234994643 231750620
69650558 231750620
69650558 72314816
234984747 72314816
234984747 231731883
69682893 231731883
69682893 72316144
234975045 72316144
234975045 231724926
69693816 231724926
69693816 72318891
234968758 72318891
234968758 231693123
69713595 231693123
69713595 72350925
234959098 72350925
234959098 231690254
69724872 231690254
69724872 72370749
234922912 72370749
234922912 231675633
69729874 231675633
69729874 72386391
234911410 72386391
234911410 231658289
69753496 231658289
69753496 72400947
234905868 72400947
234905868 231655685
69768991 231655685
69768991 72401750
234899396 72401750
234899396 231642720
69770648 231642720
69770648 72402446
234899219 72402446
234899219 231637526
69782562 231637526
69782562 72407905
234883188 72407905
234883188 231630415
69786039 231630415
69786039 72415496
234870340 72415496
234870340 231622030
69789206 231622030
69789206 72425845
234841260 72425845
234841260 231611118
69791466 231611118
69791466 72429951
234834965 72429951
234834965 231610072
69805996 231610072
69805996 72438063
234822145 72438063
234822145 231604596
69822561 231604596
69822561 72439002
234818935 72439002
234818935 231600885
69824427 231600885
69824427 72440060
234814433 72440060
234814433 231595263
69840700 231595263
69840700 72444140
234807402 72444140
234807402 231591910
69847601 231591910
69847601 72456776
234789543 72456776
234789543 231583461
69853543 231583461
69853543 72467746
234777176 72467746
234777176 231582413
69856280 231582413
69856280 72470826
234773736 72470826
234773736 231563757
69871055 231563757
69871055 72470897
234763501 72470897
234763501 231557892
69882181 231557892
69882181 72474200
234740305 72474200
234740305 231553831
69883916 231553831
69883916 72476462
234739884 72476462
234739884 231540452
69886641 231540452
69886641 72485239
234730842 72485239
234730842 231517177
69895623 231517177
69895623 72501829
234730249 72501829
234730249 231509970
69896077 231509970
69896077 72530685
234701257 72530685
234701257 231499844
69901946 231499844
69901946 72539460
234672365 72539460
234672365 231497594
69904432 231497594
69904432 72549733
234667327 72549733
234667327 231482138
69914962 231482138
69914962 72550744
234653067 72550744
234653067 231471747
69923045 231471747
69923045 72562530
234626397 72562530
234626397 231461706
69931423 231461706
69931423 72563510
234625385 72563510
234625385 231427078
69951364 231427078
69951364 72576893
234613434 72576893
234613434 231421889
69955160 231421889
69955160 72584600
234604669 72584600
234604669 231417609
69961021 231417609
69961021 72603781
234598319 72603781
234598319 231416068
69965161 231416068
69965161 72604679
234596315 72604679
234596315 231385717
69973914 231385717
69973914 72616429
234596220 72616429
234596220 231373311
69974394 231373311
69974394 72620577
234592615 72620577
234592615 231372441
69975140 231372441
69975140 72627911
234587388 72627911
234587388 231368607
69998822 231368607
69998822 72640574
234564492 72640574
234564492 231361519
70013782 231361519
70013782 72643390
234552554 72643390
234552554 231348942
70016602 231348942
70016602 72645638
234544151 72645638
234544151 231346676
70023947 231346676
70023947 72651989
234542641 72651989
234542641 231344888
70033502 231344888
70033502 72666512
234536631 72666512
234536631 231341917
70040139 231341917
70040139 72676427
234529729 72676427
234529729 231334828
70041433 231334828
70041433 72693640
234522810 72693640
234522810 231324208
70043690 231324208
70043690 72703515
234504540 72703515
234504540 231319102
70051088 231319102
70051088 72703524
234504517 72703524
234504517 231308920
70056837 231308920
70056837 72708329
234503956 72708329
234503956 231301278
70064303 231301278
70064303 72724694
234502517 72724694
234502517 231300193
70068305 231300193
70068305 72732904
234487957 72732904
234487957 231274833
70068387 231274833
70068387 72734773
234457117 72734773
234457117 231261858
70073701 231261858
70073701 72738509
234441849 72738509
234441849 231254094
70074708 231254094
70074708 72754034
234416673 72754034
234416673 231225912
70083754 231225912
70083754 72754454
234413992 72754454
234413992 231218747
70086210 231218747
70086210 72761116
234381728 72761116
234381728 231216361
70089703 231216361
70089703 72761538
234368834 72761538
234368834 231212217
70130467 231212217
70130467 72774114
234365188 72774114
234365188 231189934
70137754 231189934
70137754 72785965
234362229 72785965
234362229 231172927
70160110 231172927
70160110 72787765
234359865 72787765
234359865 231162708
70163649 231162708
70163649 72810389
234346291 72810389
234346291 231158873
70172983 231158873
70172983 72818132
234342877 72818132
234342877 231152741
70194031 231152741
70194031 72826645
234309509 72826645
234309509 231124134
70216847 231124134
70216847 72870834
234304189 72870834
234304189 231100249
70217899 231100249
70217899 72873837
234276693 72873837
234276693 231099640
70219378 231099640
70219378 72900586
234254192 72900586
234254192 231088144
70219861 231088144
70219861 72909784
234242033 72909784
234242033 231082548
70221512 231082548
70221512 72930652
234241792 72930652
234241792 231076866
70221649 231076866
70221649 72931267
234236781 72931267
234236781 231076144
70263446 231076144
70263446 72944621
234232908 72944621
234232908 231075075
70265114 231075075
70265114 72962732
234228355 72962732
234228355 231061921
70266055 231061921
70266055 72982937
234225465 72982937
234225465 231029099
70275660 231029099
70275660 72986378
234218982 72986378
234218982 231023152
70276954 231023152
70276954 72995995
234217945 72995995
234217945 230996729
70295099 230996729
70295099 73003726
234191223 73003726
234191223 230996146
70295309 230996146
70295309 73012145
234179143 73012145
234179143 230992531
70298059 230992531
70298059 73034336
234172466 73034336
234172466 230976610
70313263 230976610
70313263 73057001
234162393 73057001
234162393 230928694
70325187 230928694
70325187 73057129
234132113 73057129
234132113 230922943
70342395 230922943
70342395 73059831
234116231 73059831
234116231 230919988
70358648 230919988
70358648 73075171
234107249 73075171
234107249 230908723
70360290 230908723
70360290 73081183
234102194 73081183
234102194 230902396
70363518 230902396
70363518 73089592
234094750 73089592
234094750 230902235
70366399 230902235
70366399 73101694
234092157 73101694
234092157 230887755
70375241 230887755
70375241 73107960
234080286 73107960
234080286 230886814
70392117 230886814
70392117 73117261
234079591 73117261
234079591 230881743
70406557 230881743
70406557 73149451
234071766 73149451
234071766 230876713
70419565 230876713
70419565 73161481
234071391 73161481
234071391 230872881
70438320 230872881
70438320 73176636
234065952 73176636
234065952 230863994
70440700 230863994
70440700 73183163
234034676 73183163
234034676 230850197
70445845 230850197
70445845 73183700
234023898 73183700
234023898 230848725
70451151 230848725
70451151 73183794
234019651 73183794
234019651 230848384
70454412 230848384
70454412 73202209
234011332 73202209
234011332 230841735
70475470 230841735
70475470 73212242
234007305 73212242
234007305 230835737
70477847 230835737
70477847 73216453
233996232 73216453
233996232 230829068
70481527 230829068
70481527 73219810
233994917 73219810
233994917 230815202
70489912 230815202
70489912 73223180
233984002 73223180
233984002 230815181
70491867 230815181
70491867 73223226
233976216 73223226
233976216 230801288
70543542 230801288
70543542 73230332
233971611 73230332
233971611 230771109
70543780 230771109
70543780 73230628
233969316 73230628
233969316 230760366
70545531 230760366
70545531 73235984
233960624 73235984
233960624 230758134
70552494 230758134
70552494 73238000
233944078 73238000
233944078 230756484
70566621 230756484
70566621 73244366
233929664 73244366
233929664 230717660
70568064 230717660
70568064 73257259
233929022 73257259
233929022 230710668
70589299 230710668
70589299 73260595
233917112 73260595
233917112 230708707
70600488 230708707
70600488 73268785
233910899 73268785
233910899 230675969
70607869 230675969
70607869 73290813
233910496 73290813
233910496 230659043
70613371 230659043
70613371 73299661
233884470 73299661
233884470 230654883
70619216 230654883
70619216 73309060
233884078 73309060
233884078 230654266
70625491 230654266
70625491 73309968
233876522 73309968
233876522 230653492
70631378 230653492
70631378 73313113
233872468 73313113
233872468 230646989
70640697 230646989
70640697 73320319
233852165 73320319
233852165 230644774
70650260 230644774
70650260 73337362
233833135 73337362
233833135 230634484
70662877 230634484
70662877 73399088
233813547 73399088
233813547 230634054
70665816 230634054
70665816 73403705
233807633 73403705
233807633 230624840
70689541 230624840
70689541 73416728
233803746 73416728
233803746 230618240
70711508 230618240
70711508 73417493
233797321 73417493
233797321 230614622
70746789 230614622
70746789 73418228
233796705 73418228
233796705 230603955
70755716 230603955
70755716 73420693
233782388 73420693
233782388 230586360
70764953 230586360
70764953 73425236
233777962 73425236
233777962 230572501
70778808 230572501
70778808 73427269
233766142 73427269
233766142 230540390
70791655 230540390
70791655 73469788
233763354 73469788
233763354 230529410
70795045 230529410
70795045 73484952
233763018 73484952
233763018 230513337
70811848 230513337
70811848 73493252
233762344 73493252
233762344 230503876
70817362 230503876
70817362 73508045
233751897 73508045
233751897 230488569
70821132 230488569
70821132 73514311
233748110 73514311
233748110 230469144
70853946 230469144
70853946 73535739
233740609 73535739
233740609 230467940
70859636 230467940
70859636 73536973
233739236 73536973
233739236 230464729
70868447 230464729
70868447 73543077
233724861 73543077
233724861 230462174
70877915 230462174
70877915 73543768
233699876 73543768
233699876 230450926
70884650 230450926
70884650 73546723
233698535 73546723
233698535 230443399
70894610 230443399
70894610 73548213
233698388 73548213
233698388 230443073
70907762 230443073
70907762 73586568
233690150 73586568
233690150 230438762
70912435 230438762
70912435 73596119
233668547 73596119
233668547 230437596
70912633 230437596
70912633 73598228
233658040 73598228
233658040 230401590
70922886 230401590
70922886 73598621
233635427 73598621
233635427 230376833
70923908 230376833
70923908 73599324
233629602 73599324
233629602 230375112
70942250 230375112
70942250 73600780
233624530 73600780
233624530 230371292
70959802 230371292
70959802 73607093
233616731 73607093
233616731 230361569
70962296 230361569
70962296 73608577
233607801 73608577
233607801 230345231
70983266 230345231
70983266 73622802
233563105 73622802
233563105 230343848
70983303 230343848
70983303 73626945
233563021 73626945
233563021 230333679
70986166 230333679
70986166 73636597
233559251 73636597
233559251 230324973
71011884 230324973
71011884 73639979
233558919 73639979
233558919 230317431
71014154 230317431
71014154 73658851
233552195 73658851
233552195 230311668
71030545 230311668
71030545 73668491
233546910 73668491
233546910 230294132
71038080 230294132
71038080 73671599
233546624 73671599
233546624 230286882
71040135 230286882
71040135 73674300
233540329 73674300
233540329 230280432
71043899 230280432
71043899 73678199
233531535 73678199
233531535 230249248
71052866 230249248
71052866 73695182
233520064 73695182
233520064 230245627
71061800 230245627
71061800 73702372
233516852 73702372
233516852 230228498
71065872 230228498
71065872 73705111
233496184 73705111
233496184 230223898
71080579 230223898
71080579 73726198
233469589 73726198
233469589 230216701
71086340 230216701
71086340 73726499
233465324 73726499
233465324 230214333
71094225 230214333
71094225 73751090
233461663 73751090
233461663 230204598
71102229 230204598
71102229 73763864
233453057 73763864
233453057 230188315
71128462 230188315
71128462 73771948
233451102 73771948
233451102 230181162
71135619 230181162
71135619 73774184
233434443 73774184
233434443 230178372
71140199 230178372
71140199 73818904
233429726 73818904
233429726 230133541
71141493 230133541
71141493 73823310
233427494 73823310
233427494 230133511
71144365 230133511
71144365 73824162
233426179 73824162
233426179 230129709
71149018 230129709
71149018 73829562
233418224 73829562
233418224 230118409
71149880 230118409
71149880 73839014
233412111 73839014
233412111 230100000
71166818 230100000
71166818 73842551
233410272 73842551
233410272 230087795
71168167 230087795
71168167 73850482
233402578 73850482
233402578 230070008
71171121 230070008
71171121 73852863
233401963 73852863
233401963 230061907
71177793 230061907
71177793 73854579
233396148 73854579
233396148 230055670
71183377 230055670
71183377 73867548
233393364 73867548
233393364 230045630
71187561 230045630
71187561 73880727
233380251 73880727
233380251 230025403
71215465 230025403
71215465 73895485
233351317 73895485
233351317 230014752
71235259 230014752
71235259 73898461
233339390 73898461
233339390 229993345
71235584 229993345
71235584 73903546
233335369 73903546
233335369 229991852
71239154 229991852
71239154 73907472
233327489 73907472
233327489 229964304
71243497 229964304
71243497 73915446
233322503 73915446
233322503 229928538
71245452 229928538
71245452 73919714
233314956 73919714
233314956 229920710
71250906 229920710
71250906 73923143
233299604 73923143
233299604 229901705
71267949 229901705
71267949 73944131
233277121 73944131
233277121 229894167
71268871 229894167
71268871 73960714
233272747 73960714
233272747 229888354
71295447 229888354
71295447 73977954
233264272 73977954
233264272 229887746
71306160 229887746
71306160 73999689
233262012 73999689
233262012 229885737
71329827 229885737
71329827 74000192
233259453 74000192
233259453 229872857
71335600 229872857
71335600 74004679
233233666 74004679
233233666 229869675
71340573 229869675
71340573 74022580
233219103 74022580
233219103 229863283
71344210 229863283
71344210 74051942
233212472 74051942
233212472 229853940
71349725 229853940
71349725 74063935
233194982 74063935
233194982 229850111
71369034 229850111
71369034 74074415
233194674 74074415
233194674 229849221
71371116 229849221
71371116 74076732
233183122 74076732
233183122 229817016
71376398 229817016
71376398 74077196
233182604 74077196
233182604 229799166
71381006 229799166
71381006 74092438
233181778 74092438
233181778 229797366
71382723 229797366
71382723 74097770
233160330 74097770
233160330 229793564
71383292 229793564
71383292 74103238
233159593 74103238
233159593 229789702
71390746 229789702
71390746 74112104
233149258 74112104
233149258 229785035
71400160 229785035
71400160 74138694
233149189 74138694
233149189 229780298
71402853 229780298
71402853 74154915
233137545 74154915
233137545 229778822
71403235 229778822
71403235 74169261
233131982 74169261
233131982 229778594
71412048 229778594
71412048 74186603
233123464 74186603
233123464 229765040
71414913 229765040
71414913 74187208
233099868 74187208
233099868 229753141
71417862 229753141
71417862 74188331
233089763 74188331
233089763 229744726
71428445 229744726
71428445 74193194
233063503 74193194
233063503 229742363
71430775 229742363
71430775 74215628
233058152 74215628
233058152 229740975
71445733 229740975
71445733 74216611
233049724 74216611
233049724 229736540
71452334 229736540
71452334 74216674
233028351 74216674
233028351 229726094
71458331 229726094
71458331 74217333
233020367 74217333
233020367 229720032
71489707 229720032
71489707 74217595
233004113 74217595
233004113 229714333
71496089 229714333
71496089 74232646
232997257 74232646
232997257 229706246
71498424 229706246
71498424 74236299
232982434 74236299
232982434 229691637
71509256 229691637
71509256 74244950
232972446 74244950
232972446 229681820
71521558 229681820
71521558 74252740
232965874 74252740
232965874 229661538
71524620 229661538
71524620 74261185
232949248 74261185
232949248 229655575
71532556 229655575
71532556 74280632
232926000 74280632
232926000 229650960
71532749 229650960
71532749 74284197
232921653 74284197
232921653 229648563
71559684 229648563
71559684 74302763
232920693 74302763
232920693 229627612
71571650 229627612
71571650 74319873
232895755 74319873
232895755 229602642
71572928 229602642
71572928 74340709
232885350 74340709
232885350 229577131
71575782 229577131
71575782 74360501
232879930 74360501
232879930 229568785
71576904 229568785
71576904 74373200
232846128 74373200
232846128 229565820
71594957 229565820
71594957 74378097
232836761 74378097
232836761 229551251
71603959 229551251
71603959 74390415
232809934 74390415
232809934 229536437
71612575 229536437
71612575 74405440
232785495 74405440
232785495 229535596
71616737 229535596
71616737 74407556
232744291 74407556
232744291 229520648
71622619 229520648
71622619 74412682
232740082 74412682
232740082 229514513
71644102 229514513
71644102 74413994
232739935 74413994
232739935 229513982
71644562 229513982
71644562 74440931
232739638 74440931
232739638 229502943
71657796 229502943
71657796 74477464
232728977 74477464
232728977 229487671
71669492 229487671
71669492 74481205
232724797 74481205
232724797 229484623
71674563 229484623
71674563 74499219
232720345 74499219
232720345 229483718
71681801 229483718
71681801 74505261
232718766 74505261
232718766 229475641
71685049 229475641
71685049 74506620
232718260 74506620
232718260 229472766
71735747 229472766
71735747 74518133
232718038 74518133
232718038 229462885
71762425 229462885
71762425 74538010
232714889 74538010
232714889 229424642
71763865 229424642
71763865 74545318
232700871 74545318
232700871 229405590
71772213 229405590
71772213 74548686
232695263 74548686
232695263 229402270
71810390 229402270
71810390 74573145
232666186 74573145
232666186 229386995
71812173 229386995
71812173 74578597
232641170 74578597
232641170 229386806
71815554 229386806
71815554 74581073
232636670 74581073
232636670 229380407
71829814 229380407
71829814 74589731
232628725 74589731
232628725 229378368
71834385 229378368
71834385 74598106
232623677 74598106
232623677 229376482
71839926 229376482
71839926 74599528
232619317 74599528
232619317 229363718
71842504 229363718
71842504 74609610
232613856 74609610
232613856 229354990
71846001 229354990
71846001 74622653
232607860 74622653
232607860 229339874
71851629 229339874
71851629 74642080
232604350 74642080
232604350 229329789
71854103 229329789
71854103 74643529
232583230 74643529
232583230 229326093
71858627 229326093
71858627 74660356
232574734 74660356
232574734 229315281
71859474 229315281
71859474 74664478
232552507 74664478
232552507 229304436
71862628 229304436
71862628 74684284
232541017 74684284
232541017 229298791
71879852 229298791
71879852 74687834
232540804 74687834
232540804 229297964
71889943 229297964
71889943 74688704
232539312 74688704
232539312 229253359
71890278 229253359
71890278 74693708
232527807 74693708
232527807 229243382
71906260 229243382
71906260 74704768
232514710 74704768
232514710 229242847
71912413 229242847
71912413 74707546
232499325 74707546
232499325 229222050
71927694 229222050
71927694 74711655
232497032 74711655
232497032 229218519
71938432 229218519
71938432 74715846
232496001 74715846
232496001 229211216
71941865 229211216
71941865 74723763
232493468 74723763
232493468 229199600
71959018 229199600
71959018 74725801
232488236 74725801
232488236 229191683
71959283 229191683
71959283 74731872
232485475 74731872
232485475 229186147
71974963 229186147
71974963 74737736
232483227 74737736
232483227 229186064
71980589 229186064
71980589 74780104
232479950 74780104
232479950 229172237
71986235 229172237
71986235 74782412
232470750 74782412
232470750 229171554
71996142 229171554
71996142 74790856
232461399 74790856
232461399 229169600
72000673 229169600
72000673 74796602
232460947 74796602
232460947 229142563
72004673 229142563
72004673 74798893
232441827 74798893
232441827 229133393
72012904 229133393
72012904 74800142
232433008 74800142
232433008 229082863
72029207 229082863
72029207 74811124
232424514 74811124
232424514 229070098
72029839 229070098
72029839 74823152
232417791 74823152
232417791 229069716
72055301 229069716
72055301 74847835
232405810 74847835
232405810 229069285
72056805 229069285
72056805 74856110
232401273 74856110
232401273 229063992
72061950 229063992
72061950 74862266
232379840 74862266
232379840 229061069
72069465 229061069
72069465 74874742
232379536 74874742
232379536 229050613
72099996 229050613
72099996 74884500
232378346 74884500
232378346 229028891
72104264 229028891
72104264 74896560
232371857 74896560
232371857 229028111
72110603 229028111
72110603 74898141
232351619 74898141
232351619 229024957
72114987 229024957
72114987 74902694
232328125 74902694
232328125 229015767
72124228 229015767
72124228 74913333
232321152 74913333
232321152 229014984
72130732 229014984
72130732 74951511
232320843 74951511
232320843 229012234
72143052 229012234
72143052 74956797
232283469 74956797
232283469 229006569
72148817 229006569
72148817 74963008
232280204 74963008
232280204 228998485
72150181 228998485
72150181 74965566
232269559 74965566
232269559 228985574
72151767 228985574
72151767 74979071
232262556 74979071
232262556 228979753
72163017 228979753
72163017 74980322
232247119 74980322
232247119 228978130
72175815 228978130
72175815 74991219
232205372 74991219
232205372 228975791
72184344 228975791
72184344 74999341
232192374 74999341
232192374 228973358
72185021 228973358
72185021 75010142
232192262 75010142
232192262 228966618
72204964 228966618
72204964 75014237
232186193 75014237
232186193 228964843
72216409 228964843
72216409 75039677
232182097 75039677
232182097 228945866
72223909 228945866
72223909 75045211
232181854 75045211
232181854 228921478
72255008 228921478
72255008 75047696
232176708 75047696
232176708 228916528
72259701 228916528
72259701 75060646
232171525 75060646
232171525 228910659
72260146 228910659
72260146 75068482
232166296 75068482
232166296 228900507
72266042 228900507
72266042 75072749
232157865 75072749
232157865 228899196
72270449 228899196
72270449 75089257
232141301 75089257
232141301 228893988
72270541 228893988
72270541 75089524
232138166 75089524
232138166 228890930
72278628 228890930
72278628 75101864
232136438 75101864
232136438 228885669
72284637 228885669
72284637 75107205
232091695 75107205
232091695 228885644
72287077 228885644
72287077 75141504
232057910 75141504
232057910 228880956
72292573 228880956
72292573 75150522
232040604 75150522
232040604 228873967
72294662 228873967
72294662 75156405
232032665 75156405
232032665 228871749
72301425 228871749
72301425 75164282
232010419 75164282
232010419 228860938
72306523 228860938
72306523 75173385
232006123 75173385
232006123 228858750
72307158 228858750
72307158 75181699
232004834 75181699
232004834 228855810
72312593 228855810
72312593 75201781
231975482 75201781
231975482 228850717
72315527 228850717
72315527 75206079
231959834 75206079
231959834 228850478
72323418 228850478
72323418 75208617
231951804 75208617
231951804 228842142
72357786 228842142
72357786 75237743
231948181 75237743
231948181 228826965
72358152 228826965
72358152 75267485
231945782 75267485
231945782 228822079
72365214 228822079
72365214 75268046
231940894 75268046
231940894 228821525
72399076 228821525
72399076 75278189
231939069 75278189
231939069 228819505
72413230 228819505
72413230 75282863
231937361 75282863
231937361 228819131
72442190 228819131
72442190 75293262
231920564 75293262
231920564 228815400
72457176 228815400
72457176 75294524
231914051 75294524
231914051 228815375
72488301 228815375
72488301 75303355
231912349 75303355
231912349 228811129
72504595 228811129
72504595 75303371
231911861 75303371
231911861 228793970
72509169 228793970
72509169 75307628
231911682 75307628
231911682 228789220
72522174 228789220
72522174 75313575
231890205 75313575
231890205 228777197
72522528 228777197
72522528 75338340
231890127 75338340
231890127 228769275
72533763 228769275
72533763 75341610
231877161 75341610
231877161 228736891
72564471 228736891
72564471 75342303
231852454 75342303
231852454 228733360
72565803 228733360
72565803 75355062
231850187 75355062
231850187 228710959
72568542 228710959
72568542 75373243
231833663 75373243
231833663 228684217
72600624 228684217
72600624 75429080
231832219 75429080
231832219 228682973
72602914 228682973
72602914 75429790
231831320 75429790
231831320 228643455
72604008 228643455
72604008 75433914
231826659 75433914
231826659 228637823
72623675 228637823
72623675 75435897
231824715 75435897
231824715 228632424
72638477 228632424
72638477 75445582
231816408 75445582
231816408 228627677
72656432 228627677
72656432 75447583
231809480 75447583
231809480 228622685
72660247 228622685
72660247 75464230
231807170 75464230
231807170 228613484
72670626 228613484
72670626 75468960
231789913 75468960
231789913 228597410
72672119 228597410
72672119 75490159
231766693 75490159
231766693 228568559
72685698 228568559
72685698 75493065
231752175 75493065
231752175 228556490
72697747 228556490
72697747 75498534
231746204 75498534
231746204 228555345
72703332 228555345
72703332 75519862
231731374 75519862
231731374 228547728
72712420 228547728
72712420 75553581
231730505 75553581
231730505 228541548
72716737 228541548
72716737 75553642
231704991 75553642
231704991 228536155
72720085 228536155
72720085 75566674
231688110 75566674
231688110 228532533
72728436 228532533
72728436 75571005
231687267 75571005
231687267 228529547
72736746 228529547
72736746 75575814
231680731 75575814
231680731 228517453
72749021 228517453
72749021 75577556
231669229 75577556
231669229 228508093
72768229 228508093
72768229 75582403
231588793 75582403
231588793 228507720
72773138 228507720
72773138 75584007
231583419 75584007
231583419 228489450
72785847 228489450
72785847 75593796
231578590 75593796
231578590 228486944
72807954 228486944
72807954 75601257
231573841 75601257
231573841 228478082
72824885 228478082
72824885 75622584
231572063 75622584
231572063 228462997
72836497 228462997
72836497 75642009
231569540 75642009
231569540 228451847
72843894 228451847
72843894 75644381
231562420 75644381
231562420 228435804
72844794 228435804
72844794 75662669
231551386 75662669
231551386 228432260
72845960 228432260
72845960 75676178
231541977 75676178
231541977 228384076
72848783 228384076
72848783 75678550
231527823 75678550
231527823 228376440
72851514 228376440
72851514 75679709
231523755 75679709
231523755 228345885
72854988 228345885
72854988 75680837
231503605 75680837
231503605 228316524
72860442 228316524
72860442 75690170
231498145 75690170
231498145 228305711
72872541 228305711
72872541 75711087
231485652 75711087
231485652 228297395
72872764 228297395
72872764 75739639
231465596 75739639
231465596 228296755
72878379 228296755
72878379 75751027
231461641 75751027
231461641 228293004
72878384 228293004
72878384 75757789
231448532 75757789
231448532 228285510
72880279 228285510
72880279 75759232
231432873 75759232
231432873 228280717
72883074 228280717
72883074 75762711
231432551 75762711
231432551 228278516
72891932 228278516
72891932 75764855
231427158 75764855
231427158 228262021
72892367 228262021
72892367 75778062
231427130 75778062
231427130 228260753
72919556 228260753
72919556 75779514
231412099 75779514
231412099 228226889
72927436 228226889
72927436 75794897
231405131 75794897
231405131 228206311
72936103 228206311
72936103 75810572
231369084 75810572
231369084 228198647
72948868 228198647
72948868 75814480
231367975 75814480
231367975 228172764
72969893 228172764
72969893 75827701
231366871 75827701
231366871 228158269
72982203 228158269
72982203 75839735
231363925 75839735
231363925 228156550
72990921 228156550
72990921 75848618
231356133 75848618
231356133 228142668
72995586 228142668
72995586 75855778
231346701 75855778
231346701 228123875
73005049 228123875
73005049 75873617
231337515 75873617
231337515 228105145
73005264 228105145
73005264 75890449
231328926 75890449
231328926 228102618
73024199 228102618
73024199 75901637
231327550 75901637
231327550 228100758
73032530 228100758
73032530 75902335
231311103 75902335
231311103 228087288
73033137 228087288
73033137 75902704
231301110 75902704
231301110 228073922
73047361 228073922
73047361 75906086
231298433 75906086
231298433 228071633
73048670 228071633
73048670 75951397
231278169 75951397
231278169 228069724
73055713 228069724
73055713 75967799
231255046 75967799
231255046 228068567
73066634 228068567
73066634 75990667
231253912 75990667
231253912 228065562
73069938 228065562
73069938 76002161
231251650 76002161
231251650 228064016
73073066 228064016
73073066 76002626
231249926 76002626
231249926 228062267
73074495 228062267
73074495 76012279
231249532 76012279
231249532 228061533
73075532 228061533
73075532 76053970
231242613 76053970
231242613 228055591
73093016 228055591
73093016 76054347
231240892 76054347
231240892 228037831
73096613 228037831
73096613 76067636
231230266 76067636
231230266 228034317
73113514 228034317
73113514 76069043
231229559 76069043
231229559 228032939
73118659 228032939
73118659 76076024
231226508 76076024
231226508 228023036
73118773 228023036
73118773 76081480
231218445 76081480
231218445 228018391
73134339 228018391
73134339 76114556
231206273 76114556
231206273 227993680
73141675 227993680
73141675 76114958
231200842 76114958
231200842 227975435
73143396 227975435
73143396 76123369
231196253 76123369
231196253 227974985
73151570 227974985
73151570 76156449
231189879 76156449
231189879 227974440
73160768 227974440
73160768 76174200
231182068 76174200
231182068 227952115
73188373 227952115
73188373 76177014
231180056 76177014
231180056 227949618
73197333 227949618
73197333 76177534
231166517 76177534
231166517 227947658
73214080 227947658
73214080 76179392
231143292 76179392
231143292 227912907
73225309 227912907
73225309 76183716
231142014 76183716
231142014 227906290
73241010 227906290
73241010 76189537
231135152 76189537
231135152 227905672
73241520 227905672
73241520 76204703
231135122 76204703
231135122 227902751
73265997 227902751
73265997 76228450
231125746 76228450
231125746 227863505
73268194 227863505
73268194 76239732
231101221 76239732
231101221 227854094
73268340 227854094
73268340 76245383
231091938 76245383
231091938 227842512
73296155 227842512
73296155 76250388
231090484 76250388
231090484 227841463
73298621 227841463
73298621 76264378
231046073 76264378
231046073 227838428
73301734 227838428
73301734 76273590
231044984 76273590
231044984 227833265
73309948 227833265
73309948 76289687
231029734 76289687
231029734 227826408
73332608 227826408
73332608 76307940
231010084 76307940
231010084 227816931
73339338 227816931
73339338 76309011
231004860 76309011
231004860 227814903
73350474 227814903
73350474 76312301
231003081 76312301
231003081 227806586
73359434 227806586
73359434 76327738
230989918 76327738
230989918 227805451
73370099 227805451
73370099 76343030
230987861 76343030
230987861 227798664
73370348 227798664
73370348 76343614
230965231 76343614
230965231 227788455
73374548 227788455
73374548 76358159
230964081 76358159
230964081 227786781
73382803 227786781
73382803 76366370
230957966 76366370
230957966 227763921
73403094 227763921
73403094 76376290
230953197 76376290
230953197 227760438
73408652 227760438
73408652 76376585
230947937 76376585
230947937 227742789
73431160 227742789
73431160 76387985
230924789 76387985
230924789 227715597
73451756 227715597
73451756 76390561
230924334 76390561
230924334 227704467
73454306 227704467
73454306 76397054
230895386 76397054
230895386 227700495
73460495 227700495
73460495 76397694
230885671 76397694
230885671 227699212
73470735 227699212
73470735 76398566
230882072 76398566
230882072 227697870
73475748 227697870
73475748 76400642
230874572 76400642
230874572 227690294
73490329 227690294
73490329 76400768
230857185 76400768
230857185 227689655
73493209 227689655
73493209 76400999
230854838 76400999
230854838 227663993
73507470 227663993
73507470 76414211
230833192 76414211
230833192 227638580
73519328 227638580
73519328 76416177
230832929 76416177
230832929 227634832
73528070 227634832
73528070 76417627
230825517 76417627
230825517 227630358
73535323 227630358
73535323 76428969
230825372 76428969
230825372 227610939
73539682 227610939
73539682 76439714
230822915 76439714
230822915 227605041
73546261 227605041
73546261 76439749
230817247 76439749
230817247 227603952
73554261 227603952
73554261 76444619
230813483 76444619
230813483 227576942
73557636 227576942
73557636 76451873
230803448 76451873
230803448 227563369
73598601 227563369
73598601 76458289
230802232 76458289
230802232 227557657
73601900 227557657
73601900 76463886
230777609 76463886
230777609 227547210
73638731 227547210
73638731 76476002
230772705 76476002
230772705 227530588
73646199 227530588
73646199 76479792
230772326 76479792
230772326 227504025
73647267 227504025
73647267 76491162
230762493 76491162
230762493 227491244
73650043 227491244
73650043 76491913
230759975 76491913
230759975 227490352
73663893 227490352
73663893 76501189
230737251 76501189
230737251 227456749
73665197 227456749
73665197 76503876
230732156 76503876
230732156 227445888
73677915 227445888
73677915 76511166
230730963 76511166
230730963 227441067
73705237 227441067
73705237 76534941
230726725 76534941
230726725 227437846
73714380 227437846
73714380 76538168
230724599 76538168
230724599 227414148
73721183 227414148
73721183 76542961
230714632 76542961
230714632 227407167
73726790 227407167
73726790 76549219
230705125 76549219
230705125 227403047
73746349 227403047
73746349 76550574
230693159 76550574
230693159 227359594
73748519 227359594
73748519 76565055
230685525 76565055
230685525 227352657
73751295 227352657
73751295 76575602
230661095 76575602
230661095 227326280
73766460 227326280
73766460 76582633
230649782 76582633
230649782 227310877
73778042 227310877
73778042 76586008
230648276 76586008
230648276 227305701
73780029 227305701
73780029 76602143
230643494 76602143
230643494 227303912
73784532 227303912
73784532 76610416
230643179 76610416
230643179 227297447
73790677 227297447
73790677 76621242
230631703 76621242
230631703 227292300
73795825 227292300
73795825 76636687
230615172 76636687
230615172 227288817
73806849 227288817
73806849 76664129
230600872 76664129
230600872 227262216
73815248 227262216
73815248 76673740
230586867 76673740
230586867 227239035
73825269 227239035
73825269 76705446
230586036 76705446
230586036 227234565
73830730 227234565
73830730 76706050
230574068 76706050
230574068 227224954
73848257 227224954
73848257 76715211
230568721 76715211
230568721 227211745
73858270 227211745
73858270 76722300
230560555 76722300
230560555 227200748
73866753 227200748
73866753 76749409
230541093 76749409
230541093 227195099
73868734 227195099
73868734 76751795
230529882 76751795
230529882 227191507
73869319 227191507
73869319 76755071
230521434 76755071
230521434 227190706
73870942 227190706
73870942 76760683
230515465 76760683
230515465 227178353
73883782 227178353
73883782 76762581
230496130 76762581
230496130 227175171
73888010 227175171
73888010 76766233
230479903 76766233
230479903 227159323
73889621 227159323
73889621 76766442
230471959 76766442
230471959 227155716
73892426 227155716
73892426 76771164
230469848 76771164
230469848 227154355
73901988 227154355
73901988 76772572
230448740 76772572
230448740 227151958
73911695 227151958
73911695 76801452
230442850 76801452
230442850 227147712
73920577 227147712
73920577 76805244
230400684 76805244
230400684 227135255
73929597 227135255
73929597 76840834
230397933 76840834
230397933 227132233
73948159 227132233
73948159 76845900
230371687 76845900
230371687 227131201
73960166 227131201
73960166 76849096
230362708 76849096
230362708 227122622
73962083 227122622
73962083 76875339
230353936 76875339
230353936 227120806
73974734 227120806
73974734 76882166
230349676 76882166
230349676 227110813
73987992 227110813
73987992 76906109
230334040 76906109
230334040 227109097
73994548 227109097
73994548 76922711
230304093 76922711
230304093 227077952
74025148 227077952
74025148 76931068
230301638 76931068
230301638 227073937
74037669 227073937
74037669 76969416
230292053 76969416
230292053 227064615
74048974 227064615
74048974 76987305
230291718 76987305
230291718 227055482
74050122 227055482
74050122 77011891
230276532 77011891
230276532 227039983
74057512 227039983
74057512 77022055
230274312 77022055
230274312 227036398
74064236 227036398
74064236 77036893
230268633 77036893
230268633 227032856
74066297 227032856
74066297 77046038
230252587 77046038
230252587 227032557
74066397 227032557
74066397 77046510
230247988 77046510
230247988 227026718
74084414 227026718
74084414 77059601
230246534 77059601
230246534 226998623
74099761 226998623
74099761 77077444
230243415 77077444
230243415 226990791
74123439 226990791
74123439 77085013
230234581 77085013
230234581 226980085
74129400 226980085
74129400 77086981
230229930 77086981
230229930 226978433
74132669 226978433
74132669 77087605
230227420 77087605
230227420 226956122
74133991 226956122
74133991 77088946
230221154 77088946
230221154 226951289
74143092 226951289
74143092 77090990
230210237 77090990
230210237 226925570
74169663 226925570
74169663 77093906
230182379 77093906
230182379 226920018
74181890 226920018
74181890 77097006
230165780 77097006
230165780 226910573
74199278 226910573
74199278 77112970
230165448 77112970
230165448 226907530
74201373 226907530
74201373 77121397
230163665 77121397
230163665 226895338
74207339 226895338
74207339 77135364
230135821 77135364
230135821 226879647
74223072 226879647
74223072 77137215
230130059 77137215
230130059 226877024
74249372 226877024
74249372 77140332
230121221 77140332
230121221 226875545
74253538 226875545
74253538 77148611
230105883 77148611
230105883 226851972
74270343 226851972
74270343 77157835
230102319 77157835
230102319 226845949
74274082 226845949
74274082 77164211
230090897 77164211
230090897 226842830
74274169 226842830
74274169 77197551
230082863 77197551
230082863 226841802
74288915 226841802
74288915 77208249
230079396 77208249
230079396 226841050
74293885 226841050
74293885 77211111
230079216 77211111
230079216 226831738
74298321 226831738
74298321 77211593
230074354 77211593
230074354 226807394
74316620 226807394
74316620 77227583
230072889 77227583
230072889 226804153
74329186 226804153
74329186 77231914
230069992 77231914
230069992 226802553
74330150 226802553
74330150 77239795
230061309 77239795
230061309 226798502
74333807 226798502
74333807 77241392
230060928 77241392
230060928 226796586
74338192 226796586
74338192 77250580
230050597 77250580
230050597 226792572
74344332 226792572
74344332 77267868
230040324 77267868
230040324 226791054
74344801 226791054
74344801 77296457
230031064 77296457
230031064 226762665
74382653 226762665
74382653 77303222
230021283 77303222
230021283 226761264
74388740 226761264
74388740 77303541
229995913 77303541
229995913 226747362
74394647 226747362
74394647 77305735
229989655 77305735
229989655 226735587
74398645 226735587
74398645 77326589
229989271 77326589
229989271 226724405
74417311 226724405
74417311 77330293
229974903 77330293
229974903 226716486
74438521 226716486
74438521 77334984
229972107 77334984
229972107 226716065
74452110 226716065
74452110 77336072
229968846 77336072
229968846 226705261
74459308 226705261
74459308 77339697
229966300 77339697
229966300 226688170
74460227 226688170
74460227 77340163
229929314 77340163
229929314 226682901
74469471 226682901
74469471 77351554
229928799 77351554
229928799 226678380
74482185 226678380
74482185 77352299
229900920 77352299
229900920 226675082
74487549 226675082
74487549 77361782
229900694 77361782
229900694 226666503
74502856 226666503
74502856 77362324
229884468 77362324
229884468 226654519
74503050 226654519
74503050 77368623
229877223 77368623
229877223 226636608
74504007 226636608
74504007 77382159
229866315 77382159
229866315 226634724
74506076 226634724
74506076 77392371
229865337 77392371
229865337 226624434
74537005 226624434
74537005 77396349
229852739 77396349
229852739 226616653
74537820 226616653
74537820 77403661
229824607 77403661
229824607 226613934
74541274 226613934
74541274 77412607
229813771 77412607
229813771 226604571
74550923 226604571
74550923 77439813
229813169 77439813
229813169 226574660
74568354 226574660
74568354 77452440
229811095 77452440
229811095 226560975
74577264 226560975
74577264 77458937
229764786 77458937
229764786 226548553
74607935 226548553
74607935 77462093
229757516 77462093
229757516 226541629
74609036 226541629
74609036 77467472
229741731 77467472
229741731 226532191
74609205 226532191
74609205 77471052
229736991 77471052
229736991 226530481
74613935 226530481
74613935 77476305
229735201 77476305
229735201 226509575
74632125 226509575
74632125 77481685
229730227 77481685
229730227 226499108
74648981 226499108
74648981 77483183
229714186 77483183
229714186 226470141
74661062 226470141
74661062 77519214
229713822 77519214
229713822 226467934
74664571 226467934
74664571 77530518
229690299 77530518
229690299 226465786
74679660 226465786
74679660 77530864
229686198 77530864
229686198 226456965
74682845 226456965
74682845 77543353
229685984 77543353
229685984 226451209
74683810 226451209
74683810 77549397
229682963 77549397
229682963 226446403
74696280 226446403
74696280 77568396
229671161 77568396
229671161 226437030
74703799 226437030
74703799 77571695
229639440 77571695
229639440 226435671
74711898 226435671
74711898 77576772
229631676 77576772
229631676 226429827
74726337 226429827
74726337 77577392
229629620 77577392
229629620 226416428
74732721 226416428
74732721 77601613
229620799 77601613
229620799 226386645
74736203 226386645
74736203 77626255
229619768 77626255
229619768 226372724
74746411 226372724
74746411 77635891
229609648 77635891
229609648 226370921
74771855 226370921
74771855 77645014
229597331 77645014
229597331 226357830
74779036 226357830
74779036 77652142
229590763 77652142
229590763 226310870
74789382 226310870
74789382 77657386
229534808 77657386
229534808 226288169
74790084 226288169
74790084 77678163
229530525 77678163
229530525 226283380
74802083 226283380
74802083 77680496
229515157 77680496
229515157 226274072
74809075 226274072
74809075 77680943
229507377 77680943
229507377 226270563
74811001 226270563
74811001 77691971
229503762 77691971
229503762 226270157
74812916 226270157
74812916 77699795
229502230 77699795
229502230 226247221
74818914 226247221
74818914 77706476
229494297 77706476
229494297 226241386
74839155 226241386
74839155 77709023
229484235 77709023
229484235 226233502
74858526 226233502
74858526 77712252
229471992 77712252
229471992 226232797
74886931 226232797
74886931 77713642
229464262 77713642
229464262 226218414
74891629 226218414
74891629 77718477
229452655 77718477
229452655 226207377
74894696 226207377
74894696 77734006
229444627 77734006
229444627 226204066
74897957 226204066
74897957 77743226
229440084 77743226
229440084 226200752
74899887 226200752
74899887 77756352
229415614 77756352
229415614 226196526
74907076 226196526
74907076 77776706
229413937 77776706
229413937 226193851
74918326 226193851
74918326 77799106
229411141 77799106
229411141 226190028
74934897 226190028
74934897 77806181
229369185 77806181
229369185 226180148
74960452 226180148
74960452 77808765
229353375 77808765
229353375 226174001
74963966 226174001
74963966 77821429
229341210 77821429
229341210 226172497
74965982 226172497
74965982 77823143
229337698 77823143
229337698 226171361
74996169 226171361
74996169 77825054
229335848 77825054
229335848 226160080
74998945 226160080
74998945 77825241
229335774 77825241
229335774 226151926
75023153 226151926
75023153 77841706
229335565 77841706
229335565 226145753
75026427 226145753
75026427 77871577
229329450 77871577
229329450 226143683
75061321 226143683
75061321 77885801
229320051 77885801
229320051 226119320
75067596 226119320
75067596 77889846
229299504 77889846
229299504 226074943
75073275 226074943
75073275 77893443
229278412 77893443
229278412 226072736
75081986 226072736
75081986 77894788
229276414 77894788
229276414 226070862
75084098 226070862
75084098 77900296
229252304 77900296
229252304 226052821
75085477 226052821
75085477 77902139
229252038 77902139
229252038 226044192
75087190 226044192
75087190 77902746
229243713 77902746
229243713 226037804
75088949 226037804
75088949 77907663
229232681 77907663
229232681 226037218
75092238 226037218
75092238 77913908
229222464 77913908
229222464 226035744
75112940 226035744
75112940 77919005
229221804 77919005
229221804 226026496
75114928 226026496
75114928 77921073
229215325 77921073
229215325 226019626
75119758 226019626
75119758 77929879
229205324 77929879
229205324 226000297
75125293 226000297
75125293 77940149
229202667 77940149
229202667 225987005
75159069 225987005
75159069 77947247
229200472 77947247
229200472 225986731
75160366 225986731
75160366 77950628
229189106 77950628
229189106 225965264
75171802 225965264
75171802 77959027
229181549 77959027
229181549 225957281
75186754 225957281
75186754 77960164
229153620 77960164
229153620 225954266
75189163 225954266
75189163 77964532
229150780 77964532
229150780 225954036
75190959 225954036
75190959 77975140
229148810 77975140
229148810 225951829
75194592 225951829
75194592 77976293
229141866 77976293
229141866 225930851
75200079 225930851
75200079 77976577
229134978 77976577
229134978 225928334
75208630 225928334
75208630 77989138
229127791 77989138
229127791 225927089
75224994 225927089
75224994 77999629
229124263 77999629
229124263 225916987
75233088 225916987
75233088 78005968
229121693 78005968
229121693 225915004
75234898 225915004
75234898 78011523
229111523 78011523
229111523 225912296
75251984 225912296
75251984 78012196
229101039 78012196
229101039 225910389
75258500 225910389
75258500 78020946
229094841 78020946
229094841 225890292
75268234 225890292
75268234 78026370
229088168 78026370
229088168 225886690
75271406 225886690
75271406 78042676
229083886 78042676
229083886 225881915
75304405 225881915
75304405 78045805
229055532 78045805
229055532 225881625
75317702 225881625
75317702 78061296
229017748 78061296
229017748 225874997
75322153 225874997
75322153 78071574
229001462 78071574
229001462 225867135
75322770 225867135
75322770 78072995
228987653 78072995
228987653 225858171
75349526 225858171
75349526 78082243
228981134 78082243
228981134 225846835
75358274 225846835
75358274 78098088
228974016 78098088
228974016 225845995
75364341 225845995
75364341 78101462
228957538 78101462
228957538 225844212
75381481 225844212
75381481 78103547
228934361 78103547
228934361 225837049
75391374 225837049
75391374 78109778
228912316 78109778
228912316 225810494
75393775 225810494
75393775 78137299
228907807 78137299
228907807 225804270
75415468 225804270
75415468 78160413
228904976 78160413
228904976 225772232
75441544 225772232
75441544 78161972
228891659 78161972
228891659 225721224
75462086 225721224
75462086 78177391
228888026 78177391
228888026 225717359
75487737 225717359
75487737 78178827
228876826 78178827
228876826 225713129
75506268 225713129
75506268 78181283
228860550 78181283
228860550 225696261
75525466 225696261
75525466 78187805
228858390 78187805
228858390 225683281
75539823 225683281
75539823 78221392
228855195 78221392
228855195 225677827
75543128 225677827
75543128 78222294
228851705 78222294
228851705 225658742
75551169 225658742
75551169 78227139
228850135 78227139
228850135 225656447
75551184 225656447
75551184 78257938
228839899 78257938
228839899 225654307
75553495 225654307
75553495 78267644
228835906 78267644
228835906 225626400
75565463 225626400
75565463 78271029
228808256 78271029
228808256 225611907
75583342 225611907
75583342 78296655
228787157 78296655
228787157 225608154
75584702 225608154
75584702 78299976
228786605 78299976
228786605 225594734
75601900 225594734
75601900 78314836
228785827 78314836
228785827 225576651
75613232 225576651
75613232 78322015
228785061 78322015
228785061 225566652
75618894 225566652
75618894 78322437
228779123 78322437
228779123 225564650
75619714 225564650
75619714 78347179
228762269 78347179
228762269 225554039
75623634 225554039
75623634 78422718
228760088 78422718
228760088 225532729
75630428 225532729
75630428 78429898
228720951 78429898
228720951 225532612
75644907 225532612
75644907 78433533
228713621 78433533
228713621 225520649
75660507 225520649
75660507 78446346
228704346 78446346
228704346 225515141
75661058 225515141
75661058 78466776
228699986 78466776
228699986 225512804
75676522 225512804
75676522 78468015
228695665 78468015
228695665 225503443
75679153 225503443
75679153 78478079
228685109 78478079
228685109 225488722
75689642 225488722
75689642 78481960
228676712 78481960
228676712 225488194
75712666 225488194
75712666 78491569
228672586 78491569
228672586 225481844
75721833 225481844
75721833 78495478
228670061 78495478
228670061 225473672
75724564 225473672
75724564 78511473
228663807 78511473
228663807 225466564
75741741 225466564
75741741 78515281
228657027 78515281
228657027 225464383
75741742 225464383
75741742 78524382
228651729 78524382
228651729 225454727
75776272 225454727
75776272 78535509
228646728 78535509
228646728 225446470
75779914 225446470
75779914 78536062
228643548 78536062
228643548 225443056
75785726 225443056
75785726 78537213
228642331 78537213
228642331 225434861
75789959 225434861
75789959 78563553
228641968 78563553
228641968 225424439
75838236 225424439
75838236 78571172
228633696 78571172
228633696 225412599
75846443 225412599
75846443 78576751
228626766 78576751
228626766 225400189
75847646 225400189
75847646 78577165
228618919 78577165
228618919 225387956
75858584 225387956
75858584 78588961
228609129 78588961
228609129 225384602
75867472 225384602
75867472 78589327
228605301 78589327
228605301 225382267
75869577 225382267
75869577 78598206
228604612 78598206
228604612 225374006
75875624 225374006
75875624 78603230
228601785 78603230
228601785 225373284
75881865 225373284
75881865 78606302
228599098 78606302
228599098 225372741
75895170 225372741
75895170 78610812
228590886 78610812
228590886 225371365
75923288 225371365
75923288 78617847
228571550 78617847
228571550 225367145
75945125 225367145
75945125 78626024
228555971 78626024
228555971 225360730
75945302 225360730
75945302 78634936
228546868 78634936
228546868 225338068
75948758 225338068
75948758 78641378
228511569 78641378
228511569 225333098
75950224 225333098
75950224 78642857
228492251 78642857
228492251 225303753
75951094 225303753
75951094 78651829
228491351 78651829
228491351 225301224
75968849 225301224
75968849 78652601
228489509 78652601
228489509 225281520
75973055 225281520
75973055 78662730
228470845 78662730
228470845 225270792
75985054 225270792
75985054 78690224
228469078 78690224
228469078 225269658
75985079 225269658
75985079 78697335
228453678 78697335
228453678 225258583
75988324 225258583
75988324 78703045
228449922 78703045
228449922 225257169
75992435 225257169
75992435 78707748
228422166 78707748
228422166 225252881
75999698 225252881
75999698 78708860
228413088 78708860
228413088 225247773
76011224 225247773
76011224 78712387
228410099 78712387
228410099 225235378
76023695 225235378
76023695 78720317
228387154 78720317
228387154 225227287
76042734 225227287
76042734 78724332
228370284 78724332
228370284 225212290
76050656 225212290
76050656 78756131
228370039 78756131
228370039 225185793
76053811 225185793
76053811 78758948
228351253 78758948
228351253 225183053
76055896 225183053
76055896 78773584
228343951 78773584
228343951 225165472
76059070 225165472
76059070 78789853
228333902 78789853
228333902 225156164
76081901 225156164
76081901 78798572
228332423 78798572
228332423 225154451
76087910 225154451
76087910 78817507
228325677 78817507
228325677 225151282
76090518 225151282
76090518 78845443
228309508 78845443
228309508 225145023
76090860 225145023
76090860 78846923
228297181 78846923
228297181 225138010
76097588 225138010
76097588 78847395
228294671 78847395
228294671 225131234
76099402 225131234
76099402 78853873
228291900 78853873
228291900 225128184
76102102 225128184
76102102 78860649
228264420 78860649
228264420 225124346
76107720 225124346
76107720 78862636
228260267 78862636
228260267 225106353
76148624 225106353
76148624 78873703
228236930 78873703
228236930 225102062
76178659 225102062
76178659 78882612
228234311 78882612
228234311 225099720
76187114 225099720
76187114 78884281
228232922 78884281
228232922 225094060
76195986 225094060
76195986 78888965
228229935 78888965
228229935 225092701
76210800 225092701
76210800 78893945
228229892 78893945
228229892 225083701
76224635 225083701
76224635 78914412
228228079 78914412
228228079 225069035
76225418 225069035
76225418 78927421
228223382 78927421
228223382 225058200
76232069 225058200
76232069 78940100
228212997 78940100
228212997 225057079
76232311 225057079
76232311 78941183
228197429 78941183
228197429 225055978
76234229 225055978
76234229 78944462
228189761 78944462
228189761 225055601
76247137 225055601
76247137 78952802
228169630 78952802
228169630 225051700
76260057 225051700
76260057 78967999
228164608 78967999
228164608 225029762
76288769 225029762
76288769 78976860
228149530 78976860
228149530 225012316
76311409 225012316
76311409 78995262
228139464 78995262
228139464 225010470
76314780 225010470
76314780 79004399
228138793 79004399
228138793 224978694
76315450 224978694
76315450 79012693
228136233 79012693
228136233 224967020
76339600 224967020
76339600 79013878
228135244 79013878
228135244 224964010
76339669 224964010
76339669 79025221
228120356 79025221
228120356 224952030
76347528 224952030
76347528 79036241
228117117 79036241
228117117 224935595
76349459 224935595
76349459 79037125
228101957 79037125
228101957 224934436
76381432 224934436
76381432 79049859
228095474 79049859
228095474 224932988
76384290 224932988
76384290 79051089
228080824 79051089
228080824 224917871
76400290 224917871
76400290 79072038
228067303 79072038
228067303 224905520
76405096 224905520
76405096 79080117
228052010 79080117
228052010 224889850
76407394 224889850
76407394 79086279
228037645 79086279
228037645 224860731
76419947 224860731
76419947 79113533
228031510 79113533
228031510 224853488
76425375 224853488
76425375 79121939
228015640 79121939
228015640 224848744
76437707 224848744
76437707 79139532
228013725 79139532
228013725 224846925
76452028 224846925
76452028 79149620
227999603 79149620
227999603 224821617
76460436 224821617
76460436 79165361
227998014 79165361
227998014 224814609
76464987 224814609
76464987 79171694
227975769 79171694
227975769 224802633
76465754 224802633
76465754 79187231
227956914 79187231
227956914 224799131
76474867 224799131
76474867 79191130
227913616 79191130
227913616 224786614
76477443 224786614
76477443 79191591
227912899 79191591
227912899 224761539
76485946 224761539
76485946 79193884
227904240 79193884
227904240 224717697
76491590 224717697
76491590 79193886
227896541 79193886
227896541 224708680
76491612 224708680
76491612 79212143
227884431 79212143
227884431 224708429
76500832 224708429
76500832 79227939
227874575 79227939
227874575 224704826
76502706 224704826
76502706 79234799
227843730 79234799
227843730 224695803
76542188 224695803
76542188 79242685
227842347 79242685
227842347 224691203
76549019 224691203
76549019 79257597
227838881 79257597
227838881 224681159
76551735 224681159
76551735 79260462
227829866 79260462
227829866 224676653
76557640 224676653
76557640 79273585
227816707 79273585
227816707 224659085
76565426 224659085
76565426 79273685
227813023 79273685
227813023 224656803
76567263 224656803
76567263 79280954
227803088 79280954
227803088 224647408
76596151 224647408
76596151 79306804
227790189 79306804
227790189 224631715
76602749 224631715
76602749 79307862
227781309 79307862
227781309 224628950
76603877 224628950
76603877 79318696
227765481 79318696
227765481 224625180
76619750 224625180
76619750 79319669
227743857 79319669
227743857 224617732
76628971 224617732
76628971 79321658
227719852 79321658
227719852 224613079
76639028 224613079
76639028 79327134
227718718 79327134
227718718 224595735
76654013 224595735
76654013 79334596
227717278 79334596
227717278 224595172
76661603 224595172
76661603 79336782
227710012 79336782
227710012 224579397
76668749 224579397
76668749 79337962
227703268 79337962
227703268 224572228
76690704 224572228
76690704 79356585
227694636 79356585
227694636 224541138
76692868 224541138
76692868 79362408
227693223 79362408
227693223 224525139
76695958 224525139
76695958 79378281
227692035 79378281
227692035 224516497
76707834 224516497
76707834 79389447
227686093 79389447
227686093 224511082
76735423 224511082
76735423 79396424
227667545 79396424
227667545 224496692
76740010 224496692
76740010 79400575
227659793 79400575
227659793 224477276
76746434 224477276
76746434 79406230
227638227 79406230
227638227 224473267
76750759 224473267
76750759 79420333
227630705 79420333
227630705 224458008
76751018 224458008
76751018 79426682
227615404 79426682
227615404 224451694
76751041 224451694
76751041 79443727
227607192 79443727
227607192 224451649
76767599 224451649
76767599 79445084
227604588 79445084
227604588 224449875
76767923 224449875
76767923 79445955
227599697 79445955
227599697 224449837
76781689 224449837
76781689 79453714
227599179 79453714
227599179 224449472
76793474 224449472
76793474 79462526
227591717 79462526
227591717 224444652
76808001 224444652
76808001 79467656
227571621 79467656
227571621 224437682
76818777 224437682
76818777 79489108
227571225 79489108
227571225 224433656
76836676 224433656
76836676 79491735
227543365 79491735
227543365 224406399
76842849 224406399
76842849 79504460
227533200 79504460
227533200 224405277
76880288 224405277
76880288 79504679
227524166 79504679
227524166 224387344
76888067 224387344
76888067 79507866
227508358 79507866
227508358 224378143
76893712 224378143
76893712 79508914
227492910 79508914
227492910 224376951
76904474 224376951
76904474 79509425
227490675 79509425
227490675 224375665
76925406 224375665
76925406 79517722
227477984 79517722
227477984 224374217
76959418 224374217
76959418 79548559
227473552 79548559
227473552 224371613
76978627 224371613
76978627 79563732
227471395 79563732
227471395 224366238
76979006 224366238
76979006 79565720
227471107 79565720
227471107 224343208
76985347 224343208
76985347 79582160
227466780 79582160
227466780 224328650
76988268 224328650
76988268 79598637
227454708 79598637
227454708 224308595
77000101 224308595
77000101 79600042
227422672 79600042
227422672 224294017
77001004 224294017
77001004 79615873
227415970 79615873
227415970 224283846
77002228 224283846
77002228 79623465
227414568 79623465
227414568 224282400
77020199 224282400
77020199 79625084
227410287 79625084
227410287 224282383
77026433 224282383
77026433 79627601
227409736 79627601
227409736 224273516
77051033 224273516
77051033 79655843
227400037 79655843
227400037 224251265
77054855 224251265
77054855 79661538
227367568 79661538
227367568 224249311
77075221 224249311
77075221 79662439
227355642 79662439
227355642 224243377
77102465 224243377
77102465 79664286
227341870 79664286
227341870 224237709
77108200 224237709
77108200 79673547
227337385 79673547
227337385 224233540
77108353 224233540
77108353 79679404
227335506 79679404
227335506 224230578
77137729 224230578
77137729 79697829
227332391 79697829
227332391 224228286
77141824 224228286
77141824 79706109
227305702 79706109
227305702 224225704
77148223 224225704
77148223 79711335
227301680 79711335
227301680 224222031
77157174 224222031
77157174 79742524
227288070 79742524
227288070 224214415
77166551 224214415
77166551 79796463
227285569 79796463
227285569 224176500
77168173 224176500
77168173 79797627
227275120 79797627
227275120 224173512
77169019 224173512
77169019 79801904
227251019 79801904
227251019 224155177
77174310 224155177
77174310 79812370
227250409 79812370
227250409 224121628
77176186 224121628
77176186 79842593
227249308 79842593
227249308 224077767
77180522 224077767
77180522 79842863
227244545 79842863
227244545 224072914
77184589 224072914
77184589 79843151
227241849 79843151
227241849 224070679
77192539 224070679
77192539 79864501
227235324 79864501
227235324 224061335
77195240 224061335
77195240 79864959
227234663 79864959
227234663 224045689
77211399 224045689
77211399 79868190
227224161 79868190
227224161 224037736
77215788 224037736
77215788 79896173
227210249 79896173
227210249 224008987
77222138 224008987
77222138 79901662
227200553 79901662
227200553 224007571
77223867 224007571
77223867 79902804
227189670 79902804
227189670 224006050
77244272 224006050
77244272 79906507
227188623 79906507
227188623 223991963
77245687 223991963
77245687 79929130
227144215 79929130
227144215 223972309
77277003 223972309
77277003 79932188
227139024 79932188
227139024 223972199
77298913 223972199
77298913 79933711
227138977 79933711
227138977 223965016
77300447 223965016
77300447 79934959
227102138 79934959
227102138 223943546
77305580 223943546
77305580 79960390
227094541 79960390
227094541 223931229
77306481 223931229
77306481 79970927
227094100 79970927
227094100 223871179
77308734 223871179
77308734 79970949
227076755 79970949
227076755 223869972
77325837 223869972
77325837 79973232
227071573 79973232
227071573 223839392
77342468 223839392
77342468 79982848
227040356 79982848
227040356 223834568
77361179 223834568
77361179 79988851
227039388 79988851
227039388 223832529
77368299 223832529
77368299 79990106
227031736 79990106
227031736 223826055
77380477 223826055
77380477 80018680
227027674 80018680
227027674 223825843
77387617 223825843
77387617 80052553
227022085 80052553
227022085 223813717
77423167 223813717
77423167 80071443
226998610 80071443
226998610 223810587
77427129 223810587
77427129 80080964
226996553 80080964
226996553 223808200
77434540 223808200
77434540 80086506
226986104 80086506
226986104 223794556
77448598 223794556
77448598 80102677
226979118 80102677
226979118 223787512
77449948 223787512
77449948 80110175
226960899 80110175
226960899 223773886
77457844 223773886
77457844 80110465
226956896 80110465
226956896 223773002
77464632 223773002
77464632 80116424
226935870 80116424
226935870 223771481
77496868 223771481
77496868 80119167
226915724 80119167
226915724 223770061
77499136 223770061
77499136 80127056
226914084 80127056
226914084 223754443
77503357 223754443
77503357 80132053
226895735 80132053
226895735 223731814
77528958 223731814
77528958 80144996
226885499 80144996
226885499 223731651
77531260 223731651
77531260 80164077
226875060 80164077
226875060 223703172
77531498 223703172
77531498 80164823
226866273 80164823
226866273 223691381
77533279 223691381
77533279 80165163
226837467 80165163
226837467 223676729
77534165 223676729
77534165 80179497
226812652 80179497
226812652 223664959
77550850 223664959
77550850 80188406
226809848 80188406
226809848 223661737
77558637 223661737
77558637 80189656
226799498 80189656
226799498 223644554
77569213 223644554
77569213 80210527
226789211 80210527
226789211 223642567
77569288 223642567
77569288 80210799
226784912 80210799
226784912 223641020
77577403 223641020
77577403 80214804
226781106 80214804
226781106 223623578
77578571 223623578
77578571 80218957
226772904 80218957
226772904 223617913
77578994 223617913
77578994 80226753
226761123 80226753
226761123 223598642
77592393 223598642
77592393 80234389
226741759 80234389
226741759 223589952
77593993 223589952
77593993 80237632
226730483 80237632
226730483 223587339
77616834 223587339
77616834 80244468
226714193 80244468
226714193 223572404
77620792 223572404
77620792 80284365
226713482 80284365
226713482 223563774
77621569 223563774
77621569 80287444
226702346 80287444
226702346 223563543
77624198 223563543
77624198 80291824
226702312 80291824
226702312 223544814
77634621 223544814
77634621 80328133
226700466 80328133
226700466 223541251
77647515 223541251
77647515 80330023
226656511 80330023
226656511 223535896
77649379 223535896
77649379 80331340
226651484 80331340
226651484 223533767
77651678 223533767
77651678 80347311
226651297 80347311
226651297 223529880
77655563 223529880
77655563 80363610
226651166 80363610
226651166 223527001
77670009 223527001
77670009 80375633
226635321 80375633
226635321 223525344
77716899 223525344
77716899 80376035
226623530 80376035
226623530 223521566
77735255 223521566
77735255 80377027
226601249 80377027
226601249 223508378
77752245 223508378
77752245 80384207
226600540 80384207
226600540 223483268
77758966 223483268
77758966 80386216
226578069 80386216
226578069 223478389
77772771 223478389
77772771 80409586
226573670 80409586
226573670 223475900
77774936 223475900
77774936 80421878
226552147 80421878
226552147 223472998
77776201 223472998
77776201 80445083
226546289 80445083
226546289 223457745
77780602 223457745
77780602 80447944
226546173 80447944
226546173 223454521
77780802 223454521
77780802 80465427
226543676 80465427
226543676 223451681
77782239 223451681
77782239 80472205
226542246 80472205
226542246 223440646
77788897 223440646
77788897 80475286
226536160 80475286
226536160 223412166
77795965 223412166
77795965 80480421
226525886 80480421
226525886 223411058
77797551 223411058
77797551 80490394
226525107 80490394
226525107 223408694
77799857 223408694
77799857 80519732
226519530 80519732
226519530 223407255
77820367 223407255
77820367 80526845
226518732 80526845
226518732 223405137
77823459 223405137
77823459 80533684
226517154 80533684
226517154 223398426
77829771 223398426
77829771 80540265
226516294 80540265
226516294 223373785
77843152 223373785
77843152 80540368
226509723 80540368
226509723 223365332
77861954 223365332
77861954 80543504
226506326 80543504
226506326 223360213
77870863 223360213
77870863 80554439
226498930 80554439
226498930 223356255
77871426 223356255
77871426 80555732
226496288 80555732
226496288 223349438
77872558 223349438
77872558 80564474
226485124 80564474
226485124 223348537
77884651 223348537
77884651 80609760
226483730 80609760
226483730 223344855
77888043 223344855
77888043 80637623
226475108 80637623
226475108 223336460
77891936 223336460
77891936 80642294
226446019 80642294
226446019 223294714
77916259 223294714
77916259 80643457
226422995 80643457
226422995 223278726
77929473 223278726
77929473 80664836
226415845 80664836
226415845 223276622
77971014 223276622
77971014 80675449
226414642 80675449
226414642 223236313
77991768 223236313
77991768 80675628
226414440 80675628
226414440 223224092
78018523 223224092
78018523 80696171
226391444 80696171
226391444 223222095
78022167 223222095
78022167 80705282
226388333 80705282
226388333 223213755
78038700 223213755
78038700 80706207
226380685 80706207
226380685 223179384
78046903 223179384
78046903 80717798
226379836 80717798
226379836 223156403
78054886 223156403
78054886 80722720
226369547 80722720
226369547 223150107
78055699 223150107
78055699 80749884
226321081 80749884
226321081 223127066
78078911 223127066
78078911 80750538
226320700 80750538
226320700 223120267
78085348 223120267
78085348 80756460
226281667 80756460
226281667 223114633
78097199 223114633
78097199 80759926
226275927 80759926
226275927 223093789
78102182 223093789
78102182 80765617
226263601 80765617
226263601 223075770
78119727 223075770
78119727 80768270
226257361 80768270
226257361 223063142
78144833 223063142
78144833 80780639
226250544 80780639
226250544 223055880
78164552 223055880
78164552 80784176
226247139 80784176
226247139 223054738
78170814 223054738
78170814 80785594
226244883 80785594
226244883 223051328
78179978 223051328
78179978 80799878
226240220 80799878
226240220 223048079
78187453 223048079
78187453 80799927
226234956 80799927
226234956 223047346
78190258 223047346
78190258 80800422
226199956 80800422
226199956 223038694
78193727 223038694
78193727 80823452
226197854 80823452
226197854 223035282
78197777 223035282
78197777 80832932
226185311 80832932
226185311 223025300
78226077 223025300
78226077 80840069
226178131 80840069
226178131 223014278
78234422 223014278
78234422 80843493
226177892 80843493
226177892 223002330
78260068 223002330
78260068 80853890
226173753 80853890
226173753 222977962
78261146 222977962
78261146 80862233
226172226 80862233
226172226 222967368
78263120 222967368
78263120 80864363
226169354 80864363
226169354 222956348
78268195 222956348
78268195 80873167
226166243 80873167
226166243 222955144
78275709 222955144
78275709 80881897
226157804 80881897
226157804 222948288
78282718 222948288
78282718 80882401
226137736 80882401
226137736 222936187
78294734 222936187
78294734 80883922
226135582 80883922
226135582 222922887
78295041 222922887
78295041 80891043
226112541 80891043
226112541 222885672
78297723 222885672
78297723 80904753
226107742 80904753
226107742 222872618
78298478 222872618
78298478 80905811
226103545 80905811
226103545 222870921
78299724 222870921
78299724 80919545
226102264 80919545
226102264 222858253
78302969 222858253
78302969 80931839
226097928 80931839
226097928 222847108
78307524 222847108
78307524 80953823
226073208 80953823
226073208 222826748
78308627 222826748
78308627 80954184
226063583 80954184
226063583 222809830
78318927 222809830
78318927 80966547
226049613 80966547
226049613 222795296
78356976 222795296
78356976 80967287
226047687 80967287
226047687 222781687
78368635 222781687
78368635 80971037
226042704 80971037
226042704 222781145
78388672 222781145
78388672 80972989
226041379 80972989
226041379 222775831
78405847 222775831
78405847 80975804
226038194 80975804
226038194 222774304
78422666 222774304
78422666 80977895
226037396 80977895
226037396 222755241
78429460 222755241
78429460 80990190
226032307 80990190
226032307 222750490
78441796 222750490
78441796 81051341
226019953 81051341
226019953 222740663
78450669 222740663
78450669 81056777
225993436 81056777
225993436 222729809
78458600 222729809
78458600 81066642
225978366 81066642
225978366 222727900
78481596 222727900
78481596 81068791
225975547 81068791
225975547 222726692
78493153 222726692
78493153 81075297
225967139 81075297
225967139 222726099
78494216 222726099
78494216 81084632
225960220 81084632
225960220 222717210
78531255 222717210
78531255 81088782
225958572 81088782
225958572 222705155
78534172 222705155
78534172 81091703
225955603 81091703
225955603 222690533
78538548 222690533
78538548 81095627
225952039 81095627
225952039 222688871
78545667 222688871
78545667 81103884
225945145 81103884
225945145 222682621
78561079 222682621
78561079 81126414
225940417 81126414
225940417 222677676
78563054 222677676
78563054 81135170
225929329 81135170
225929329 222675043
78578688 222675043
78578688 81140103
225926263 81140103
225926263 222670112
78581086 222670112
78581086 81155666
225919992 81155666
225919992 222661235
78597157 222661235
78597157 81171477
225894665 81171477
225894665 222659072
78609103 222659072
78609103 81190347
225883986 81190347
225883986 222658752
78620741 222658752
78620741 81197254
225881249 81197254
225881249 222638584
78645775 222638584
78645775 81228056
225880283 81228056
225880283 222613477
78648020 222613477
78648020 81228861
225872769 81228861
225872769 222605669
78665360 222605669
78665360 81234140
225871128 81234140
225871128 222600837
78682879 222600837
78682879 81241589
225832544 81241589
225832544 222598748
78693100 222598748
78693100 81294386
225830459 81294386
225830459 222594237
78696482 222594237
78696482 81317435
225821945 81317435
225821945 222571084
78696521 222571084
78696521 81323337
225817506 81323337
225817506 222565147
78699541 222565147
78699541 81334951
225773068 81334951
225773068 222548551
78702162 222548551
78702162 81338414
225766145 81338414
225766145 222537683
78702246 222537683
78702246 81342127
225755123 81342127
225755123 222537054
78705421 222537054
78705421 81348026
225749649 81348026
225749649 222535702
78718749 222535702
78718749 81350224
225736694 81350224
225736694 222534138
78734136 222534138
78734136 81355387
225736568 81355387
225736568 222520427
78741745 222520427
78741745 81355861
225720375 81355861
225720375 222509545
78743263 222509545
78743263 81360814
225719363 81360814
225719363 222506806
78744421 222506806
78744421 81368969
225716666 81368969
225716666 222500669
78765415 222500669
78765415 81371872
225703865 81371872
225703865 222492612
78766950 222492612
78766950 81380438
225699411 81380438
225699411 222491665
78767840 222491665
78767840 81388339
225674673 81388339
225674673 222483030
78780716 222483030
78780716 81401109
225658374 81401109
225658374 222474989
78787974 222474989
78787974 81406665
225638833 81406665
225638833 222474249
78789036 222474249
78789036 81410495
225613088 81410495
225613088 222466466
78809788 222466466
78809788 81413159
225570743 81413159
225570743 222462105
78814536 222462105
78814536 81434197
225563942 81434197
225563942 222452921
78818319 222452921
78818319 81455036
225558060 81455036
225558060 222444098
78841632 222444098
78841632 81468730
225545370 81468730
225545370 222435913
78866729 222435913
78866729 81470359
225539771 81470359
225539771 222428345
78885498 222428345
78885498 81476538
225538213 81476538
225538213 222417414
78891864 222417414
78891864 81492558
225532692 81492558
225532692 222401215
78911782 222401215
78911782 81518145
225501138 81518145
225501138 222387109
78929430 222387109
78929430 81528768
225498188 81528768
225498188 222381836
78940264 222381836
78940264 81535457
225472161 81535457
225472161 222368711
78958796 222368711
78958796 81554405
225471159 81554405
225471159 222360921
78967002 222360921
78967002 81565099
225451967 81565099
225451967 222352912
78979179 222352912
78979179 81565578
225451485 81565578
225451485 222342328
78979693 222342328
78979693 81565597
225450227 81565597
225450227 222339906
79014498 222339906
79014498 81566648
225422365 81566648
225422365 222274858
79059899 222274858
79059899 81572133
225421267 81572133
225421267 222266890
79069949 222266890
79069949 81574062
225402632 81574062
225402632 222257892
79090032 222257892
79090032 81577375
225400028 81577375
225400028 222247080
79094729 222247080
79094729 81588819
225387378 81588819
225387378 222243364
79094768 222243364
79094768 81593316
225370470 81593316
225370470 222240819
79094969 222240819
79094969 81597113
225348239 81597113
225348239 222231260
79106447 222231260
79106447 81610582
225324371 81610582
225324371 222227070
79108500 222227070
79108500 81615026
225313489 81615026
225313489 222214600
79116407 222214600
79116407 81659660
225298173 81659660
225298173 222191377
79123888 222191377
79123888 81663362
225281929 81663362
225281929 222184282
79136525 222184282
79136525 81667578
225267489 81667578
225267489 222179396
79142091 222179396
79142091 81670019
225237557 81670019
225237557 222175435
79154870 222175435
79154870 81685976
225233989 81685976
225233989 222170737
79156775 222170737
79156775 81695083
225222271 81695083
225222271 222153033
79159436 222153033
79159436 81712150
225221401 81712150
225221401 222139330
79169034 222139330
79169034 81715187
225205632 81715187
225205632 222132063
79170870 222132063
79170870 81719369
225201830 81719369
225201830 222114432
79182268 222114432
79182268 81730471
225192656 81730471
225192656 222111450
79182709 222111450
79182709 81735520
225175245 81735520
225175245 222107063
79184388 222107063
79184388 81736112
225149694 81736112
225149694 222106914
79187135 222106914
79187135 81756566
225149079 81756566
225149079 222088152
79188579 222088152
79188579 81756681
225140355 81756681
225140355 222078002
79190108 222078002
79190108 81764832
225138292 81764832
225138292 222073408
79209336 222073408
79209336 81777622
225126778 81777622
225126778 222059609
79211021 222059609
79211021 81780351
225125544 81780351
225125544 222043525
79238856 222043525
79238856 81787527
225116945 81787527
225116945 222026503
79254839 222026503
79254839 81822596
225113481 81822596
225113481 222012027
79255627 222012027
79255627 81836236
225096551 81836236
225096551 222011242
79268462 222011242
79268462 81838314
225072396 81838314
225072396 222005337
79271568 222005337
79271568 81843541
225070203 81843541
225070203 221997410
79283101 221997410
79283101 81861458
225069990 81861458
225069990 221996274
79288063 221996274
79288063 81878376
225064159 81878376
225064159 221989119
79305909 221989119
79305909 81882573
225063066 81882573
225063066 221985764
79307552 221985764
79307552 81883124
225057280 81883124
225057280 221971400
79311528 221971400
79311528 81886071
225055369 81886071
225055369 221947766
79311588 221947766
79311588 81901635
225051294 81901635
225051294 221938099
79321698 221938099
79321698 81906289
225040049 81906289
225040049 221937559
79340523 221937559
79340523 81914977
225010006 81914977
225010006 221933539
79344967 221933539
79344967 81919407
224999294 81919407
224999294 221922394
79360034 221922394
79360034 81925917
224992882 81925917
224992882 221920949
79385191 221920949
79385191 81927795
224983353 81927795
224983353 221901443
79415588 221901443
79415588 81929452
224978032 81929452
224978032 221885595
79433159 221885595
79433159 81943690
224968673 81943690
224968673 221885217
79435229 221885217
79435229 81961434
224967736 81961434
224967736 221873693
79449082 221873693
79449082 81971660
224954037 81971660
224954037 221838539
79459530 221838539
79459530 81979638
224947640 81979638
224947640 221834152
79464328 221834152
79464328 81995122
224945840 81995122
224945840 221832391
79472066 221832391
79472066 82007140
224937347 82007140
224937347 221827085
79486974 221827085
79486974 82009278
224927491 82009278
224927491 221818082
79505028 221818082
79505028 82011083
224916856 82011083
224916856 221812006
79517682 221812006
79517682 82015194
224902181 82015194
224902181 221805333
79525222 221805333
79525222 82025251
224901572 82025251
224901572 221792755
79529557 221792755
79529557 82050753
224900742 82050753
224900742 221790252
79532123 221790252
79532123 82055733
224895181 82055733
224895181 221788850
79539452 221788850
79539452 82088923
224889670 82088923
224889670 221783171
79540660 221783171
79540660 82110106
224877565 82110106
224877565 221782094
79548593 221782094
79548593 82125984
224876092 82125984
224876092 221758115
79552365 221758115
79552365 82131483
224827630 82131483
224827630 221738589
79556344 221738589
79556344 82148325
224807573 82148325
224807573 221737560
79562996 221737560
79562996 82149563
224781963 82149563
224781963 221737212
79569432 221737212
79569432 82149619
224769323 82149619
224769323 221731954
79572316 221731954
79572316 82154790
224760521 82154790
224760521 221724871
79572329 221724871
79572329 82202019
224755232 82202019
224755232 221719392
79597622 221719392
79597622 82210793
224746037 82210793
224746037 221713272
79621253 221713272
79621253 82221902
224742250 82221902
224742250 221669719
79627796 221669719
79627796 82226210
224733281 82226210
224733281 221665584
79631512 221665584
79631512 82235254
224675227 82235254
224675227 221625730
79643684 221625730
79643684 82241081
224673339 82241081
224673339 221620381
79661209 221620381
79661209 82248198
224671597 82248198
224671597 221610124
79663169 221610124
79663169 82250458
224644065 82250458
224644065 221608845
79665757 221608845
79665757 82251726
224640861 82251726
224640861 221603351
79668984 221603351
79668984 82254218
224635508 82254218
224635508 221578590
79679580 221578590
79679580 82259101
224634285 82259101
224634285 221576465
79685970 221576465
79685970 82266362
224622959 82266362
224622959 221573953
79695612 221573953
79695612 82286421
224615428 82286421
224615428 221573346
79696041 221573346
79696041 82289532
224607547 82289532
224607547 221561034
79696275 221561034
79696275 82292557
224605984 82292557
224605984 221545598
79726460 221545598
79726460 82302461
224605519 82302461
224605519 221525713
79730631 221525713
79730631 82313563
224600563 82313563
224600563 221511410
79742794 221511410
79742794 82330484
224597672 82330484
224597672 221499613
79775866 221499613
79775866 82333804
224589457 82333804
224589457 221498690
79779691 221498690
79779691 82372348
224586901 82372348
224586901 221497466
79794939 221497466
79794939 82373663
224569162 82373663
224569162 221495320
79802109 221495320
79802109 82375710
224568627 82375710
224568627 221484090
79809396 221484090
79809396 82376600
224556563 82376600
224556563 221477737
79840661 221477737
79840661 82397953
224552410 82397953
224552410 221454135
79853847 221454135
79853847 82398653
224540398 82398653
224540398 221446785
79856849 221446785
79856849 82406228
224516780 82406228
224516780 221427301
79863659 221427301
79863659 82409861
224493777 82409861
224493777 221399129
79877604 221399129
79877604 82419230
224487047 82419230
224487047 221396729
79887030 221396729
79887030 82468314
224484465 82468314
224484465 221395633
79902818 221395633
79902818 82470571
224478042 82470571
224478042 221386726
79917937 221386726
79917937 82472154
224453689 82472154
224453689 221385444
79919978 221385444
79919978 82473306
224423463 82473306
224423463 221350527
79983519 221350527
79983519 82480771
224421134 82480771
224421134 221333156
79996220 221333156
79996220 82486835
224406165 82486835
224406165 221328513
80010082 221328513
80010082 82494484
224391433 82494484
224391433 221320833
80017201 221320833
80017201 82526917
224384545 82526917
224384545 221319587
80019542 221319587
80019542 82582774
224379934 82582774
224379934 221318335
80050009 221318335
80050009 82592092
224372315 82592092
224372315 221310177
80055114 221310177
80055114 82594057
224369572 82594057
224369572 221277344
80063393 221277344
80063393 82595822
224356405 82595822
224356405 221269871
80068116 221269871
80068116 82602520
224352705 82602520
224352705 221269870
80083253 221269870
80083253 82604000
224334101 82604000
224334101 221265817
80101592 221265817
80101592 82626089
224315902 82626089
224315902 221261897
80113963 221261897
80113963 82626626
224311889 82626626
224311889 221218065
80122411 221218065
80122411 82631826
224304642 82631826
224304642 221217776
80124346 221217776
80124346 82638964
224299939 82638964
224299939 221217293
80125231 221217293
80125231 82650689
224289156 82650689
224289156 221201371
80128658 221201371
80128658 82653830
224284378 82653830
224284378 221182730
80138816 221182730
80138816 82657722
224283141 82657722
224283141 221172027
80154473 221172027
80154473 82663669
224273476 82663669
224273476 221149990
80158073 221149990
80158073 82665412
224258317 82665412
224258317 221136834
80184545 221136834
80184545 82701247
224255147 82701247
224255147 221119137
80191091 221119137
80191091 82707005
224242192 82707005
224242192 221116793
80218190 221116793
80218190 82719279
224241530 82719279
224241530 221100641
80218431 221100641
80218431 82737624
224230525 82737624
224230525 221099107
80234593 221099107
80234593 82743188
224228087 82743188
224228087 221088908
80241021 221088908
80241021 82746380
224224223 82746380
224224223 221081433
80241564 221081433
80241564 82752912
224202206 82752912
224202206 221078644
80255386 221078644
80255386 82789648
224184730 82789648
224184730 221072678
80264025 221072678
80264025 82794812
224180902 82794812
224180902 221065354
80280770 221065354
80280770 82800303
224167993 82800303
224167993 221063029
80288826 221063029
80288826 82801117
224166374 82801117
224166374 221054580
80291308 221054580
80291308 82807363
224166319 82807363
224166319 221051719
80301532 221051719
80301532 82816109
224149616 82816109
224149616 221043718
80302239 221043718
80302239 82823871
224140807 82823871
224140807 221039771
80340252 221039771
80340252 82825753
224137438 82825753
224137438 221034717
80353274 221034717
80353274 82835228
224115066 82835228
224115066 221034513
80364395 221034513
80364395 82837634
224098422 82837634
224098422 221033337
80369817 221033337
80369817 82845746
224092941 82845746
224092941 221028276
80382610 221028276
80382610 82859533
224088743 82859533
224088743 220985967
80383050 220985967
80383050 82866413
224076357 82866413
224076357 220975740
80385977 220975740
80385977 82870920
224063669 82870920
224063669 220975346
80398760 220975346
80398760 82904403
224063082 82904403
224063082 220973838
80399312 220973838
80399312 82906017
224044506 82906017
224044506 220972891
80442184 220972891
80442184 82906912
224038837 82906912
224038837 220966687
80445727 220966687
80445727 82908232
224034953 82908232
224034953 220964734
80462892 220964734
80462892 82920554
224010172 82920554
224010172 220955602
80469101 220955602
80469101 82921379
224004678 82921379
224004678 220946068
80477067 220946068
80477067 82946247
223983219 82946247
223983219 220913473
80478014 220913473
80478014 82948040
223970704 82948040
223970704 220900643
80487474 220900643
80487474 82950072
223970606 82950072
223970606 220898714
80491044 220898714
80491044 82951153
223938949 82951153
223938949 220866484
80497069 220866484
80497069 82956714
223937347 82956714
223937347 220857503
80503616 220857503
80503616 82967485
223928280 82967485
223928280 220856933
80523502 220856933
80523502 82988390
223928107 82988390
223928107 220850735
80526429 220850735
80526429 82988687
223871491 82988687
223871491 220849227
80533978 220849227
80533978 82998171
223867783 82998171
223867783 220831081
80549476 220831081
80549476 83011191
223860874 83011191
223860874 220828597
80556798 220828597
80556798 83019435
223857789 83019435
223857789 220823901
80584472 220823901
80584472 83028311
223833219 83028311
223833219 220814629
80585586 220814629
80585586 83030501
223833058 83030501
223833058 220813068
80586677 220813068
80586677 83034885
223827313 83034885
223827313 220795908
80608687 220795908
80608687 83050646
223806025 83050646
223806025 220793600
80619058 220793600
80619058 83062410
223791741 83062410
223791741 220792285
80625630 220792285
80625630 83067293
223788299 83067293
223788299 220780456
80635106 220780456
80635106 83068331
223783021 83068331
223783021 220776989
80635179 220776989
80635179 83071341
223775692 83071341
223775692 220768954
80645756 220768954
80645756 83078352
223775193 83078352
223775193 220763411
80649544 220763411
80649544 83078941
223755178 83078941
223755178 220750912
80664887 220750912
80664887 83081537
223745667 83081537
223745667 220746617
80667594 220746617
80667594 83093289
223739859 83093289
223739859 220743862
80673012 220743862
80673012 83094075
223725722 83094075
223725722 220741260
80682998 220741260
80682998 83102591
223720186 83102591
223720186 220715435
80694338 220715435
80694338 83119355
223716666 83119355
223716666 220707391
80731187 220707391
80731187 83134577
223715824 83134577
223715824 220704707
80735070 220704707
80735070 83154403
223693566 83154403
223693566 220698925
80761771 220698925
80761771 83184262
223687057 83184262
223687057 220690362
80774408 220690362
80774408 83185078
223686751 83185078
223686751 220675598
80776394 220675598
80776394 83193308
223686108 83193308
223686108 220666498
80777798 220666498
80777798 83210491
223684976 83210491
223684976 220660862
80787670 220660862
80787670 83212517
223665057 83212517
223665057 220654924
80792749 220654924
80792749 83212591
223663184 83212591
223663184 220622179
80793813 220622179
80793813 83213174
223641480 83213174
223641480 220614201
80806906 220614201
80806906 83216461
223631486 83216461
223631486 220604781
80832662 220604781
80832662 83220010
223627669 83220010
223627669 220599820
80833553 220599820
80833553 83238245
223626192 83238245
223626192 220595403
80836957 220595403
80836957 83250060
223624710 83250060
223624710 220591839
80860025 220591839
80860025 83252858
223621813 83252858
223621813 220591298
80863153 220591298
80863153 83262176
223618947 83262176
223618947 220583365
80863479 220583365
80863479 83267853
223610991 83267853
223610991 220581475
80877325 220581475
80877325 83271516
223606560 83271516
223606560 220574268
80882008 220574268
80882008 83284667
223588660 83284667
223588660 220556804
80890197 220556804
80890197 83292726
223546622 83292726
223546622 220555778
80902290 220555778
80902290 83294032
223521662 83294032
223521662 220554079
80910578 220554079
80910578 83309398
223510300 83309398
223510300 220545734
80959847 220545734
80959847 83321512
223502555 83321512
223502555 220530038
80970136 220530038
80970136 83375903
223493387 83375903
223493387 220524822
80982781 220524822
80982781 83388476
223483153 83388476
223483153 220515305
80984675 220515305
80984675 83408480
223472786 83408480
223472786 220504895
80987082 220504895
80987082 83410197
223465495 83410197
223465495 220500571
80997965 220500571
80997965 83419941
223460182 83419941
223460182 220492493
81020521 220492493
81020521 83432939
223453916 83432939
223453916 220478164
81061661 220478164
81061661 83448868
223452484 83448868
223452484 220476528
81076569 220476528
81076569 83458355
223449680 83458355
223449680 220475238
81076671 220475238
81076671 83471624
223435496 83471624
223435496 220474319
81082856 220474319
81082856 83471945
223422697 83471945
223422697 220466130
81088803 220466130
81088803 83486139
223422138 83486139
223422138 220464716
81089103 220464716
81089103 83493160
223413203 83493160
223413203 220459612
81094178 220459612
81094178 83495735
223409969 83495735
223409969 220457580
81097139 220457580
81097139 83504197
223404502 83504197
223404502 220457061
81110069 220457061
81110069 83511514
223354119 83511514
223354119 220429016
81117333 220429016
81117333 83523433
223338534 83523433
223338534 220410328
81128331 220410328
81128331 83534098
223337284 83534098
223337284 220406593
81129579 220406593
81129579 83547407
223325265 83547407
223325265 220398480
81133806 220398480
81133806 83566948
223318556 83566948
223318556 220386549
81147158 220386549
81147158 83573921
223306909 83573921
223306909 220370370
81165387 220370370
81165387 83584209
223304883 83584209
223304883 220354818
81171243 220354818
81171243 83585632
223280112 83585632
223280112 220347755
81232064 220347755
81232064 83588331
223264473 83588331
223264473 220345702
81239114 220345702
81239114 83591651
223256789 83591651
223256789 220345390
81244562 220345390
81244562 83610852
223218104 83610852
223218104 220336304
81244566 220336304
81244566 83612387
223186493 83612387
223186493 220325784
81259626 220325784
81259626 83638827
223182533 83638827
223182533 220311738
81264469 220311738
81264469 83640412
223181473 83640412
223181473 220294788
81297314 220294788
81297314 83644829
223180247 83644829
223180247 220279596
81307178 220279596
81307178 83649665
223172943 83649665
223172943 220274971
81314482 220274971
81314482 83649834
223149169 83649834
223149169 220252054
81348817 220252054
81348817 83651088
223122093 83651088
223122093 220226702
81351086 220226702
81351086 83670247
223116503 83670247
223116503 220184762
81366410 220184762
81366410 83697127
223116095 83697127
223116095 220182909
81375546 220182909
81375546 83703817
223111832 83703817
223111832 220169125
81398116 220169125
81398116 83714713
223110100 83714713
223110100 220165878
81408524 220165878
81408524 83729716
223107180 83729716
223107180 220159671
81422610 220159671
81422610 83744895
223090256 83744895
223090256 220156943
81456106 220156943
81456106 83748740
223072897 83748740
223072897 220120784
81459652 220120784
81459652 83778530
223065659 83778530
223065659 220110152
81487475 220110152
81487475 83795294
223062999 83795294
223062999 220100161
81496987 220100161
81496987 83799351
223044117 83799351
223044117 220098072
81497182 220098072
81497182 83815931
223038789 83815931
223038789 220080488
81497894 220080488
81497894 83820975
223031542 83820975
223031542 220071156
81505464 220071156
81505464 83841452
223031218 83841452
223031218 220045974
81509187 220045974
81509187 83869666
223025764 83869666
223025764 220036388
81515498 220036388
81515498 83872248
223010979 83872248
223010979 220034877
81538231 220034877
81538231 83875530
222990467 83875530
222990467 220033697
81538536 220033697
81538536 83875617
222986334 83875617
222986334 220022637
81538943 220022637
81538943 83900125
222978563 83900125
222978563 220020832
81555271 220020832
81555271 83902719
222972036 83902719
222972036 220020619
81556171 220020619
81556171 83913928
222938565 83913928
222938565 220020080
81564677 220020080
81564677 83920130
222937964 83920130
222937964 220012741
81574711 220012741
81574711 83932051
222933347 83932051
222933347 220010257
81583140 220010257
81583140 83933243
222923412 83933243
222923412 220005651
81609253 220005651
81609253 83936721
222909843 83936721
222909843 219997019
81610529 219997019
81610529 83944951
222908571 83944951
222908571 219968667
81626279 219968667
81626279 83965793
222886448 83965793
222886448 219936079
81638539 219936079
81638539 83972441
222869096 83972441
222869096 219922506
81642775 219922506
81642775 84005442
222859766 84005442
222859766 219909725
81653631 219909725
81653631 84014778
222848248 84014778
222848248 219904758
81657964 219904758
81657964 84026716
222846160 84026716
222846160 219892050
81671967 219892050
81671967 84038911
222845017 84038911
222845017 219880346
81674805 219880346
81674805 84053476
222842231 84053476
222842231 219875293
81680501 219875293
81680501 84061162
222834368 84061162
222834368 219865151
81700086 219865151
81700086 84076999
222820221 84076999
222820221 219858955
81714376 219858955
81714376 84083343
222819386 84083343
222819386 219856285
81733957 219856285
81733957 84089294
222765050 84089294
222765050 219852500
81744995 219852500
81744995 84095762
222758241 84095762
222758241 219835840
81745865 219835840
81745865 84101771
222753446 84101771
222753446 219830233
81757491 219830233
81757491 84125872
222751831 84125872
222751831 219823822
81759692 219823822
81759692 84127297
222741433 84127297
222741433 219822785
81766428 219822785
81766428 84131558
222729160 84131558
222729160 219822194
81769322 219822194
81769322 84156353
222722764 84156353
222722764 219813177
81776391 219813177
81776391 84157855
222712866 84157855
222712866 219810923
81781036 219810923
81781036 84183722
222704329 84183722
222704329 219801534
81797476 219801534
81797476 84184503
222696455 84184503
222696455 219797214
81800226 219797214
81800226 84188096
222696024 84188096
222696024 219791072
81810357 219791072
81810357 84192027
222695924 84192027
222695924 219751869
81811885 219751869
81811885 84192141
222695242 84192141
222695242 219751854
81826020 219751854
81826020 84219911
222693602 84219911
222693602 219747731
81827397 219747731
81827397 84223179
222689909 84223179
222689909 219746814
81831986 219746814
81831986 84226595
222687223 84226595
222687223 219735478
81853092 219735478
81853092 84237480
222674447 84237480
222674447 219730869
81857471 219730869
81857471 84243081
222670866 84243081
222670866 219723321
81858709 219723321
81858709 84243974
222670610 84243974
222670610 219698084
81859536 219698084
81859536 84246445
222665207 84246445
222665207 219691395
81887142 219691395
81887142 84249137
222660462 84249137
222660462 219683846
81912334 219683846
81912334 84294007
222649810 84294007
222649810 219680699
81919101 219680699
81919101 84314951
222641731 84314951
222641731 219661285
81920244 219661285
81920244 84317990
222640025 84317990
222640025 219652690
81924440 219652690
81924440 84319907
222640001 84319907
222640001 219633104
81934654 219633104
81934654 84336392
222635217 84336392
222635217 219627788
81939960 219627788
81939960 84344369
222631523 84344369
222631523 219620563
81956374 219620563
81956374 84347434
222622623 84347434
222622623 219603530
81970155 219603530
81970155 84362349
222607197 84362349
222607197 219596342
81970581 219596342
81970581 84369715
222574520 84369715
222574520 219593964
81973508 219593964
81973508 84371265
222561668 84371265
222561668 219582189
81988278 219582189
81988278 84395318
222526466 84395318
222526466 219575431
82005585 219575431
82005585 84411361
222513449 84411361
222513449 219573747
82006565 219573747
82006565 84428135
222490051 84428135
222490051 219563094
82011448 219563094
82011448 84437581
222481327 84437581
222481327 219562867
82014387 219562867
82014387 84443366
222477488 84443366
222477488 219555110
82019569 219555110
82019569 84447671
222475651 84447671
222475651 219545741
82069263 219545741
82069263 84451929
222456365 84451929
222456365 219497769
82073446 219497769
82073446 84471859
222438088 84471859
222438088 219497587
82086644 219497587
82086644 84476674
222432886 84476674
222432886 219479909
82087937 219479909
82087937 84488038
222428816 84488038
222428816 219473697
82089648 219473697
82089648 84513946
222421788 84513946
222421788 219465761
82129108 219465761
82129108 84525196
222419725 84525196
222419725 219462444
82160368 219462444
82160368 84530962
222417023 84530962
222417023 219446661
82212441 219446661
82212441 84536781
222414423 84536781
222414423 219439081
82214316 219439081
82214316 84542234
222412170 84542234
222412170 219417808
82216372 219417808
82216372 84549852
222408454 84549852
222408454 219372644
82225820 219372644
82225820 84552984
222396044 84552984
222396044 219371512
82228088 219371512
82228088 84555773
222373130 84555773
222373130 219349637
82237283 219349637
82237283 84556277
222372390 84556277
222372390 219315333
82249608 219315333
82249608 84562737
222359389 84562737
222359389 219294055
82250954 219294055
82250954 84570098
222353826 84570098
222353826 219288167
82267652 219288167
82267652 84581994
222337667 84581994
222337667 219279266
82278717 219279266
82278717 84583668
222331971 84583668
222331971 219270781
82281113 219270781
82281113 84591537
222327761 84591537
222327761 219258104
82281258 219258104
82281258 84594300
222320965 84594300
222320965 219253995
82282821 219253995
82282821 84598073
222288610 84598073
222288610 219231388
82290138 219231388
82290138 84602911
222265226 84602911
222265226 219230563
82290564 219230563
82290564 84603238
222253627 84603238
222253627 219214133
82292261 219214133
82292261 84606351
222253097 84606351
222253097 219202402
82315617 219202402
82315617 84613120
222172262 84613120
222172262 219200597
82321333 219200597
82321333 84614529
222172111 84614529
222172111 219179943
82329208 219179943
82329208 84649474
222157619 84649474
222157619 219171600
82337313 219171600
82337313 84660007
222152955 84660007
222152955 219168711
82365739 219168711
82365739 84668606
222147484 84668606
222147484 219164758
82369107 219164758
82369107 84676534
222139231 84676534
222139231 219164617
82375585 219164617
82375585 84677964
222103626 84677964
222103626 219155237
82388775 219155237
82388775 84682539
222096281 84682539
222096281 219147572
82401144 219147572
82401144 84684944
222092712 84684944
222092712 219135773
82405952 219135773
82405952 84698483
222092501 84698483
222092501 219112794
82427621 219112794
82427621 84708896
222074515 84708896
222074515 219109074
82437391 219109074
82437391 84712391
222054118 84712391
222054118 219106019
82471771 219106019
82471771 84729251
222046497 84729251
222046497 219085609
82486488 219085609
82486488 84762686
222042680 84762686
222042680 219081246
82495579 219081246
82495579 84763630
222033176 84763630
222033176 219072123
82505109 219072123
82505109 84770035
222016524 84770035
222016524 219067789
82517793 219067789
82517793 84772045
222013082 84772045
222013082 219058813
82532614 219058813
82532614 84782655
222006073 84782655
222006073 219053646
82536637 219053646
82536637 84783702
221993083 84783702
221993083 219044610
82548156 219044610
82548156 84818219
221986011 84818219
221986011 219028688
82559718 219028688
82559718 84826897
221977732 84826897
221977732 219028299
82566949 219028299
82566949 84876857
221971971 84876857
221971971 219023598
82580750 219023598
82580750 84884982
221964801 84884982
221964801 219007856
82593720 219007856
82593720 84896597
221960154 84896597
221960154 219007686
82604465 219007686
82604465 84901108
221951525 84901108
221951525 219007372
82606378 219007372
82606378 84904813
221945684 84904813
221945684 218984913
82609566 218984913
82609566 84925004
221930840 84925004
221930840 218975317
82611398 218975317
82611398 84947705
221907484 84947705
221907484 218969523
82622670 218969523
82622670 84951712
221893116 84951712
221893116 218968457
82624381 218968457
82624381 84962812
221884865 84962812
221884865 218961224
82631640 218961224
82631640 84965319
221874662 84965319
221874662 218957143
82638913 218957143
82638913 84969123
221861491 84969123
221861491 218952432
82657696 218952432
82657696 84984417
221844356 84984417
221844356 218945893
82666333 218945893
82666333 84985200
221839825 84985200
221839825 218939084
82671895 218939084
82671895 84985617
221833753 84985617
221833753 218902763
82675835 218902763
82675835 84994187
221829565 84994187
221829565 218897993
82676190 218897993
82676190 84994604
221827761 84994604
221827761 218896118
82689400 218896118
82689400 84997770
221818875 84997770
221818875 218890323
82689671 218890323
82689671 85002529
221818411 85002529
221818411 218889497
82701823 218889497
82701823 85021697
221816129 85021697
221816129 218880952
82703392 218880952
82703392 85039911
221801155 85039911
221801155 218875859
82712043 218875859
82712043 85047673
221785519 85047673
221785519 218854895
82717957 218854895
82717957 85047698
221785376 85047698
221785376 218840388
82731767 218840388
82731767 85051035
221785140 85051035
221785140 218837879
82742901 218837879
82742901 85056031
221782304 85056031
221782304 218820544
82747151 218820544
82747151 85067287
221772924 85067287
221772924 218808826
82773753 218808826
82773753 85073281
221745378 85073281
221745378 218808797
82773984 218808797
82773984 85090368
221742567 85090368
221742567 218808109
82786631 218808109
82786631 85107959
221733403 85107959
221733403 218796879
82789257 218796879
82789257 85121353
221704342 85121353
221704342 218792605
82796864 218792605
82796864 85143597
221683366 85143597
221683366 218784822
82826823 218784822
82826823 85145976
221683343 85145976
221683343 218784002
82830372 218784002
82830372 85150794
221676020 85150794
221676020 218778634
82834716 218778634
82834716 85152934
221660334 85152934
221660334 218777193
82835285 218777193
82835285 85157494
221658625 85157494
221658625 218776049
82835876 218776049
82835876 85177837
221642368 85177837
221642368 218755332
82906723 218755332
82906723 85180469
221639447 85180469
221639447 218748565
82910619 218748565
82910619 85183877
221632407 85183877
221632407 218733754
82918338 218733754
82918338 85222076
221606599 85222076
221606599 218730010
82918642 218730010
82918642 85226312
221577970 85226312
221577970 218708097
82935515 218708097
82935515 85258857
221566336 85258857
221566336 218706984
82940263 218706984
82940263 85264911
221561758 85264911
221561758 218705681
82946637 218705681
82946637 85273553
221554786 85273553
221554786 218704639
82948821 218704639
82948821 85274527
221551824 85274527
221551824 218700339
82953895 218700339
82953895 85275549
221514723 85275549
221514723 218699304
82960811 218699304
82960811 85314990
221509840 85314990
221509840 218696365
83005253 218696365
83005253 85328957
221500966 85328957
221500966 218670932
83017743 218670932
83017743 85332300
221499880 85332300
221499880 218661402
83040514 218661402
83040514 85336794
221490127 85336794
221490127 218640742
83044710 218640742
83044710 85342173
221489242 85342173
221489242 218637047
83045491 218637047
83045491 85345946
221453279 85345946
221453279 218635116
83049865 218635116
83049865 85347471
221452935 85347471
221452935 218629786
83074538 218629786
83074538 85372853
221451285 85372853
221451285 218628774
83107976 218628774
83107976 85400578
221449264 85400578
221449264 218625665
83114288 218625665
83114288 85414458
221424767 85414458
221424767 218621497
83119848 218621497
83119848 85419872
221418236 85419872
221418236 218611714
83127263 218611714
83127263 85422366
221395871 85422366
221395871 218607822
83129059 218607822
83129059 85446707
221383916 85446707
221383916 218602557
83133944 218602557
83133944 85449452
221381500 85449452
221381500 218590223
83137735 218590223
83137735 85454417
221380911 85454417
221380911 218581133
83182356 218581133
83182356 85455570
221368174 85455570
221368174 218576648
83187752 218576648
83187752 85460726
221348425 85460726
221348425 218550343
83201777 218550343
83201777 85461510
221335318 85461510
221335318 218523120
83215022 218523120
83215022 85463274
221324581 85463274
221324581 218522574
83215429 218522574
83215429 85479309
221311365 85479309
221311365 218516908
83216665 218516908
83216665 85500747
221281982 85500747
221281982 218516508
83228943 218516508
83228943 85505997
221260036 85505997
221260036 218508839
83235754 218508839
83235754 85542366
221217596 85542366
221217596 218493567
83247347 218493567
83247347 85542544
221199029 85542544
221199029 218478683
83248124 218478683
83248124 85548307
221191983 85548307
221191983 218462473
83250451 218462473
83250451 85549021
221154394 85549021
221154394 218457787
83279049 218457787
83279049 85568423
221142123 85568423
221142123 218454953
83280018 218454953
83280018 85576765
221134632 85576765
221134632 218441859
83296090 218441859
83296090 85578652
221130152 85578652
221130152 218439447
83301744 218439447
83301744 85597736
221124956 85597736
221124956 218434103
83303289 218434103
83303289 85621440
221108360 85621440
221108360 218429811
83335505 218429811
83335505 85636423
221108223 85636423
221108223 218426056
83343104 218426056
83343104 85660826
221101256 85660826
221101256 218423012
83344122 218423012
83344122 85664320
221095084 85664320
221095084 218414090
83346228 218414090
83346228 85669519
221064182 85669519
221064182 218412437
83348410 218412437
83348410 85670084
221057963 85670084
221057963 218411131
83356495 218411131
83356495 85676132
221057781 85676132
221057781 218405481
83372061 218405481
83372061 85677975
221041819 85677975
221041819 218396654
83387639 218396654
83387639 85683370
221029154 85683370
221029154 218391531
83394388 218391531
83394388 85688479
221021810 85688479
221021810 218384174
83434148 218384174
83434148 85702427
221020759 85702427
221020759 218356665
83438697 218356665
83438697 85706895
221014563 85706895
221014563 218353409
83439781 218353409
83439781 85725378
221007523 85725378
221007523 218345885
83445178 218345885
83445178 85726778
221005458 85726778
221005458 218338895
83447763 218338895
83447763 85763138
220998188 85763138
220998188 218337131
83464684 218337131
83464684 85763329
220984564 85763329
220984564 218331225
83504382 218331225
83504382 85769475
220982377 85769475
220982377 218328022
83521140 218328022
83521140 85777210
220979963 85777210
220979963 218320807
83541765 218320807
83541765 85795018
220967958 85795018
220967958 218310549
83550045 218310549
83550045 85807296
220930287 85807296
220930287 218306657
83560176 218306657
83560176 85820977
220924571 85820977
220924571 218293293
83573679 218293293
83573679 85825375
220907157 85825375
220907157 218288141
83591389 218288141
83591389 85832703
220903920 85832703
220903920 218269704
83593102 218269704
83593102 85839809
220901611 85839809
220901611 218215304
83595848 218215304
83595848 85849617
220896624 85849617
220896624 218204948
83602588 218204948
83602588 85857454
220875225 85857454
220875225 218202041
83612319 218202041
83612319 85873105
220869104 85873105
220869104 218201180
83613379 218201180
83613379 85882432
220856973 85882432
220856973 218198458
83615048 218198458
83615048 85899695
220850472 85899695
220850472 218181693
83638447 218181693
83638447 85900372
220841555 85900372
220841555 218173459
83669247 218173459
83669247 85910693
220812597 85910693
220812597 218170369
83694065 218170369
83694065 85926449
220806033 85926449
220806033 218170164
83716705 218170164
83716705 85926727
220803521 85926727
220803521 218163970
83719968 218163970
83719968 85934554
220800957 85934554
220800957 218161725
83724024 218161725
83724024 85935022
220796129 85935022
220796129 218161066
83724168 218161066
83724168 85939268
220777611 85939268
220777611 218158111
83739800 218158111
83739800 85956173
220770325 85956173
220770325 218153672
83746530 218153672
83746530 85964887
220728021 85964887
220728021 218134060
83748143 218134060
83748143 85991881
220727681 85991881
220727681 218129064
83757892 218129064
83757892 86012301
220709410 86012301
220709410 218120271
83759843 218120271
83759843 86023242
220702262 86023242
220702262 218090290
83762541 218090290
83762541 86025315
220692008 86025315
220692008 218077651
83763409 218077651
83763409 86031255
220685435 86031255
220685435 218038204
83764311 218038204
83764311 86036845
220668756 86036845
220668756 218023074
83782443 218023074
83782443 86042929
220666994 86042929
220666994 218010513
83801485 218010513
83801485 86051194
220657458 86051194
220657458 217999344
83804973 217999344
83804973 86051665
220657195 86051665
220657195 217996899
83806044 217996899
83806044 86059754
220638937 86059754
220638937 217996308
83818100 217996308
83818100 86061135
220607936 86061135
220607936 217992392
83830359 217992392
83830359 86061490
220606983 86061490
220606983 217983735
83835083 217983735
83835083 86069902
220595141 86069902
220595141 217971530
83856755 217971530
83856755 86077988
220583379 86077988
220583379 217965314
83858640 217965314
83858640 86079485
220580788 86079485
220580788 217937416
83865141 217937416
83865141 86091245
220573978 86091245
220573978 217937414
83866006 217937414
83866006 86111817
220561282 86111817
220561282 217937253
83868439 217937253
83868439 86131984
220559159 86131984
220559159 217928333
83884783 217928333
83884783 86133921
220553381 86133921
220553381 217923258
83886236 217923258
83886236 86142632
220553272 86142632
220553272 217917171
83895988 217917171
83895988 86144866
220538592 86144866
220538592 217897097
83919399 217897097
83919399 86145101
220536331 86145101
220536331 217892697
83923617 217892697
83923617 86186424
220532513 86186424
220532513 217885185
83933973 217885185
83933973 86188585
220528142 86188585
220528142 217883664
83962201 217883664
83962201 86205820
220522099 86205820
220522099 217877681
83963331 217877681
83963331 86210483
220518365 86210483
220518365 217869467
83970883 217869467
83970883 86211550
220509454 86211550
220509454 217861686
83980185 217861686
83980185 86222547
220508907 86222547
220508907 217860703
83986658 217860703
83986658 86232912
220508171 86232912
220508171 217849783
83991918 217849783
83991918 86235079
220488764 86235079
220488764 217844482
83992367 217844482
83992367 86255746
220486043 86255746
220486043 217832497
84003895 217832497
84003895 86256036
220479873 86256036
220479873 217824990
84005805 217824990
84005805 86260447
220475594 86260447
220475594 217821068
84010366 217821068
84010366 86282009
220468015 86282009
220468015 217817294
84011727 217817294
84011727 86308527
220465088 86308527
220465088 217809716
84033376 217809716
84033376 86347734
220430847 86347734
220430847 217802326
84035941 217802326
84035941 86372846
220419513 86372846
220419513 217770081
84062984 217770081
84062984 86382337
220403113 86382337
220403113 217764794
84080263 217764794
84080263 86383929
220383198 86383929
220383198 217762957
84093303 217762957
84093303 86390947
220374106 86390947
220374106 217737038
84105766 217737038
84105766 86396286
220365822 86396286
220365822 217736830
84128879 217736830
84128879 86419442
220339060 86419442
220339060 217736389
84136950 217736389
84136950 86467090
220303333 86467090
220303333 217734786
84156369 217734786
84156369 86477126
220301367 86477126
220301367 217725106
84164308 217725106
84164308 86484537
220292913 86484537
220292913 217703656
84172832 217703656
84172832 86493837
220277898 86493837
220277898 217701869
84173138 217701869
84173138 86522880
220256484 86522880
220256484 217688853
84210909 217688853
84210909 86527983
220216558 86527983
220216558 217680866
84232863 217680866
84232863 86534380
220197864 86534380
220197864 217680060
84236296 217680060
84236296 86544310
220196489 86544310
220196489 217668168
84236877 217668168
84236877 86553605
220193636 86553605
220193636 217666085
84248610 217666085
84248610 86568466
220176566 86568466
220176566 217657494
84253362 217657494
84253362 86570802
220170486 86570802
220170486 217646340
84275162 217646340
84275162 86584253
220166705 86584253
220166705 217643602
84277217 217643602
84277217 86593875
220153031 86593875
220153031 217638566
84298348 217638566
84298348 86600700
220150324 86600700
220150324 217636348
84312192 217636348
84312192 86605529
220147724 86605529
220147724 217628248
84321297 217628248
84321297 86614755
220144541 86614755
220144541 217627654
84327825 217627654
84327825 86619690
220137112 86619690
220137112 217607507
84329559 217607507
84329559 86620235
220129023 86620235
220129023 217559993
84357191 217559993
84357191 86626724
220093952 86626724
220093952 217552025
84358513 217552025
84358513 86635312
220093022 86635312
220093022 217545909
84368560 217545909
84368560 86652353
220070828 86652353
220070828 217535010
84373575 217535010
84373575 86654574
220063848 86654574
220063848 217533857
84404845 217533857
84404845 86659042
220061185 86659042
220061185 217519560
84410596 217519560
84410596 86665200
220048980 86665200
220048980 217515825
84432111 217515825
84432111 86672677
220044890 86672677
220044890 217512039
84435989 217512039
84435989 86681894
220023346 86681894
220023346 217503152
84454783 217503152
84454783 86690808
220022119 86690808
220022119 217500168
84455547 217500168
84455547 86701509
220015159 86701509
220015159 217491512
84463775 217491512
84463775 86704142
220010532 86704142
220010532 217490790
84479780 217490790
84479780 86721906
220007921 86721906
220007921 217478440
84493364 217478440
84493364 86730974
219987897 86730974
219987897 217419143
84501215 217419143
84501215 86731413
219965534 86731413
219965534 217418716
84508266 217418716
84508266 86734256
219950126 86734256
219950126 217404600
84519563 217404600
84519563 86741128
219947202 86741128
219947202 217404093
84530629 217404093
84530629 86747704
219943482 86747704
219943482 217391458
84550337 217391458
84550337 86757505
219927093 86757505
219927093 217387888
84559707 217387888
84559707 86774277
219922487 86774277
219922487 217383544
84559830 217383544
84559830 86776634
219915614 86776634
219915614 217369395
84561707 217369395
84561707 86790083
219911363 86790083
219911363 217366381
84562231 217366381
84562231 86799895
219902522 86799895
219902522 217358704
84581627 217358704
84581627 86802233
219879122 86802233
219879122 217358684
84619537 217358684
84619537 86806519
219873992 86806519
219873992 217350053
84642072 217350053
84642072 86823775
219866619 86823775
219866619 217340827
84642534 217340827
84642534 86832225
219855331 86832225
219855331 217314461
84643459 217314461
84643459 86838880
219838311 86838880
219838311 217312048
84656906 217312048
84656906 86859213
219834935 86859213
219834935 217298917
84664632 217298917
84664632 86861497
219812567 86861497
219812567 217298487
84675408 217298487
84675408 86904356
219780054 86904356
219780054 217293018
84678263 217293018
84678263 86905588
219777568 86905588
219777568 217287909
84683505 217287909
84683505 86913794
219771142 86913794
219771142 217270665
84703937 217270665
84703937 86927304
219764061 86927304
219764061 217260395
84722549 217260395
84722549 86938971
219756742 86938971
219756742 217240507
84729625 217240507
84729625 86946296
219750395 86946296
219750395 217239127
84730758 217239127
84730758 86949510
219747188 86949510
219747188 217237296
84735318 217237296
84735318 86957738
219744555 86957738
219744555 217230550
84743889 217230550
84743889 86958680
219736284 86958680
219736284 217228806
84747321 217228806
84747321 86968728
219721664 86968728
219721664 217227841
84748541 217227841
84748541 86985828
219711329 86985828
219711329 217218267
84785191 217218267
84785191 86991932
219707779 86991932
219707779 217206919
84807109 217206919
84807109 87007914
219700949 87007914
219700949 217203496
84830178 217203496
84830178 87018882
219700744 87018882
219700744 217202449
84830478 217202449
84830478 87039635
219695350 87039635
219695350 217196354
84833154 217196354
84833154 87043017
219685586 87043017
219685586 217194091
84834463 217194091
84834463 87060243
219684554 87060243
219684554 217191498
84835146 217191498
84835146 87066811
219682475 87066811
219682475 217188630
84838277 217188630
84838277 87068018
219679786 87068018
219679786 217175261
84838457 217175261
84838457 87068912
219640734 87068912
219640734 217169793
84840582 217169793
84840582 87069389
219639140 87069389
219639140 217151933
84841744 217151933
84841744 87084601
219624058 87084601
219624058 217140676
84849720 217140676
84849720 87090469
219613979 87090469
219613979 217124838
84856407 217124838
84856407 87099897
219602191 87099897
219602191 217122843
84857310 217122843
84857310 87123063
219573257 87123063
219573257 217116370
84863861 217116370
84863861 87126485
219572610 87126485
219572610 217115799
84871441 217115799
84871441 87133503
219559973 87133503
219559973 217115319
84875151 217115319
84875151 87173992
219543586 87173992
219543586 217103313
84880721 217103313
84880721 87182397
219536622 87182397
219536622 217095232
84882012 217095232
84882012 87197812
219535435 87197812
219535435 217064798
84889804 217064798
84889804 87197974
219521432 87197974
219521432 217045937
84917367 217045937
84917367 87208230
219502458 87208230
219502458 217032805
84931908 217032805
84931908 87216660
219499119 87216660
219499119 217027702
84933392 217027702
84933392 87263290
219495551 87263290
219495551 217025746
84968142 217025746
84968142 87271403
219475846 87271403
219475846 217025476
84969809 217025476
84969809 87290764
219474280 87290764
219474280 217019017
84978119 217019017
84978119 87298365
219465254 87298365
219465254 217014478
84982127 217014478
84982127 87302876
219455292 87302876
219455292 217004373
85009596 217004373
85009596 87332451
219442441 87332451
219442441 217002919
85037150 217002919
85037150 87335112
219437195 87335112
219437195 216973683
85050184 216973683
85050184 87342813
219423575 87342813
219423575 216969707
85050521 216969707
85050521 87345448
219416146 87345448
219416146 216963953
85053950 216963953
85053950 87354743
219404228 87354743
219404228 216962912
85065402 216962912
85065402 87357716
219394311 87357716
219394311 216954792
85066049 216954792
85066049 87362425
219391222 87362425
219391222 216947319
85077814 216947319
85077814 87374528
219390373 87374528
219390373 216945190
85079136 216945190
85079136 87386486
219390045 87386486
219390045 216930292
85090828 216930292
85090828 87401004
219353999 87401004
219353999 216928144
85107592 216928144
85107592 87410034
219340076 87410034
219340076 216927098
85120465 216927098
85120465 87423654
219321525 87423654
219321525 216910677
85127147 216910677
85127147 87424025
219321088 87424025
219321088 216885181
85152852 216885181
85152852 87427391
219286083 87427391
219286083 216876397
85164172 216876397
85164172 87438602
219264707 87438602
219264707 216874759
85166574 216874759
85166574 87440463
219264545 87440463
219264545 216867536
85167991 216867536
85167991 87455110
219263580 87455110
219263580 216856238
85172573 216856238
85172573 87463882
219249424 87463882
219249424 216842369
85191664 216842369
85191664 87472034
219241166 87472034
219241166 216835034
85208885 216835034
85208885 87485676
219217952 87485676
219217952 216831626
85228667 216831626
85228667 87492626
219216166 87492626
219216166 216823688
85233510 216823688
85233510 87501133
219215720 87501133
219215720 216822984
85254467 216822984
85254467 87501329
219212945 87501329
219212945 216819456
85265270 216819456
85265270 87502173
219178027 87502173
219178027 216818249
85268803 216818249
85268803 87502849
219172359 87502849
219172359 216817680
85274391 216817680
85274391 87504328
219163640 87504328
219163640 216792857
85325148 216792857
85325148 87513938
219160466 87513938
219160466 216790052
85367347 216790052
85367347 87514699
219150097 87514699
219150097 216777173
85381929 216777173
85381929 87517046
219136590 87517046
219136590 216776203
85382527 216776203
85382527 87532456
219126861 87532456
219126861 216771088
85383719 216771088
85383719 87542954
219124669 87542954
219124669 216769677
85386018 216769677
85386018 87545299
219121829 87545299
219121829 216760430
85392150 216760430
85392150 87564908
219120654 87564908
219120654 216758320
85416414 216758320
85416414 87573912
219118214 87573912
219118214 216736671
85425510 216736671
85425510 87574033
219112101 87574033
219112101 216725728
85460000 216725728
85460000 87579801
219105796 87579801
219105796 216723830
85481771 216723830
85481771 87583227
219095808 87583227
219095808 216712852
85483968 216712852
85483968 87584127
219050285 87584127
219050285 216709088
85489384 216709088
85489384 87588249
219045427 87588249
219045427 216703617
85490842 216703617
85490842 87601372
219017457 87601372
219017457 216700054
85497219 216700054
85497219 87622508
218998581 87622508
218998581 216664399
85505568 216664399
85505568 87623946
218996887 87623946
218996887 216661541
85506468 216661541
85506468 87628915
218973932 87628915
218973932 216644689
85519149 216644689
85519149 87637479
218967005 87637479
218967005 216641602
85525374 216641602
85525374 87652648
218954154 87652648
218954154 216624253
85525482 216624253
85525482 87668276
218942349 87668276
218942349 216621628
85528036 216621628
85528036 87671872
218917769 87671872
218917769 216612163
85543369 216612163
85543369 87688678
218914064 87688678
218914064 216596599
85543883 216596599
85543883 87689848
218911292 87689848
218911292 216592203
85546122 216592203
85546122 87695743
218889837 87695743
218889837 216580771
85547487 216580771
85547487 87701698
218865352 87701698
218865352 216577626
85579673 216577626
85579673 87726197
218862016 87726197
218862016 216567807
85595484 216567807
85595484 87727832
218858656 87727832
218858656 216550647
85602295 216550647
85602295 87730476
218854706 87730476
218854706 216539958
85603708 216539958
85603708 87747436
218796175 87747436
218796175 216531996
85615948 216531996
85615948 87751933
218782956 87751933
218782956 216527288
85652275 216527288
85652275 87754133
218776622 87754133
218776622 216515849
85665421 216515849
85665421 87822396
218774979 87822396
218774979 216513253
85666450 216513253
85666450 87830333
218773122 87830333
218773122 216485669
85667198 216485669
85667198 87835359
218770547 87835359
218770547 216484840
85699372 216484840
85699372 87876222
218759212 87876222
218759212 216473566
85699748 216473566
85699748 87880890
218755437 87880890
218755437 216469243
85700361 216469243
85700361 87901210
218740796 87901210
218740796 216468923
85700516 216468923
85700516 87903713
218739326 87903713
218739326 216445652
85713759 216445652
85713759 87923666
218718574 87923666
218718574 216442185
85727599 216442185
85727599 87931478
218713328 87931478
218713328 216441541
85749184 216441541
85749184 87931623
218693351 87931623
218693351 216439325
85764870 216439325
85764870 87946559
218692668 87946559
218692668 216435098
85791660 216435098
85791660 87967925
218690356 87967925
218690356 216410197
85793583 216410197
85793583 87983363
218688563 87983363
218688563 216394692
85799756 216394692
85799756 87990966
218684328 87990966
218684328 216377649
85804828 216377649
85804828 88005951
218676938 88005951
218676938 216355303
85812983 216355303
85812983 88006678
218642231 88006678
218642231 216346863
85813591 216346863
85813591 88014629
218637926 88014629
218637926 216346046
85813770 216346046
85813770 88030875
218623951 88030875
218623951 216345125
85848720 216345125
85848720 88040699
218615913 88040699
218615913 216345066
85849292 216345066
85849292 88074439
218608420 88074439
218608420 216336018
85876000 216336018
85876000 88081174
218589347 88081174
218589347 216333307
85886787 216333307
85886787 88084325
218587307 88084325
218587307 216311400
85904861 216311400
85904861 88086665
218573204 88086665
218573204 216294567
85925608 216294567
85925608 88090578
218554182 88090578
218554182 216291730
85934675 216291730
85934675 88121206
218547511 88121206
218547511 216276856
85939793 216276856
85939793 88145364
218538490 88145364
218538490 216275643
85945417 216275643
85945417 88168958
218527188 88168958
218527188 216271935
85949294 216271935
85949294 88171379
218523863 88171379
218523863 216269367
85950073 216269367
85950073 88178474
218522211 88178474
218522211 216268777
85968633 216268777
85968633 88183643
218508566 88183643
218508566 216257608
85968707 216257608
85968707 88203357
218499185 88203357
218499185 216248762
85981732 216248762
85981732 88211506
218497093 88211506
218497093 216247825
85982869 216247825
85982869 88225044
218492894 88225044
218492894 216241923
85989851 216241923
85989851 88228989
218456756 88228989
218456756 216240513
86000381 216240513
86000381 88236190
218456747 88236190
218456747 216226906
86014152 216226906
86014152 88236959
218421540 88236959
218421540 216214000
86044838 216214000
86044838 88239543
218413336 88239543
218413336 216199794
86060018 216199794
86060018 88240877
218412503 88240877
218412503 216196623
86062811 216196623
86062811 88242703
218396457 88242703
218396457 216193067
86063001 216193067
86063001 88253500
218390118 88253500
218390118 216182233
86073138 216182233
86073138 88270150
218389213 88270150
218389213 216177013
86080772 216177013
86080772 88285497
218370397 88285497
218370397 216170237
86088367 216170237
86088367 88286694
218341913 88286694
218341913 216166252
86091537 216166252
86091537 88301594
218333334 88301594
218333334 216154373
86095824 216154373
86095824 88311785
218324409 88311785
218324409 216152911
86096599 216152911
86096599 88322768
218315872 88322768
218315872 216147787
86097734 216147787
86097734 88334234
218306654 88334234
218306654 216131856
86118153 216131856
86118153 88334544
218298580 88334544
218298580 216125903
86123763 216125903
86123763 88342261
218270564 88342261
218270564 216121610
86146463 216121610
86146463 88347707
218268723 88347707
218268723 216117245
86147272 216117245
86147272 88350496
218258351 88350496
218258351 216108070
86153129 216108070
86153129 88356877
218252294 88356877
218252294 216103088
86175575 216103088
86175575 88360063
218252062 88360063
218252062 216100395
86188349 216100395
86188349 88396069
218244675 88396069
218244675 216090765
86189482 216090765
86189482 88406167
218228490 88406167
218228490 216076015
86194711 216076015
86194711 88417001
218221100 88417001
218221100 216073442
86203574 216073442
86203574 88441196
218209410 88441196
218209410 216049111
86209214 216049111
86209214 88455220
218202619 88455220
218202619 216039426
86229964 216039426
86229964 88473297
218170086 88473297
218170086 216037355
86235730 216037355
86235730 88473662
218131295 88473662
218131295 216032848
86267674 216032848
86267674 88483264
218115402 88483264
218115402 216028398
86296065 216028398
86296065 88486404
218096540 88486404
218096540 216018477
86297271 216018477
86297271 88505300
218095421 88505300
218095421 216015222
86324159 216015222
86324159 88513427
218073230 88513427
218073230 216014524
86324860 216014524
86324860 88519310
218069510 88519310
218069510 216004157
86336766 216004157
86336766 88555221
218059615 88555221
218059615 215993081
86363228 215993081
86363228 88559104
218057977 88559104
218057977 215967475
86363380 215967475
86363380 88572198
218046694 88572198
218046694 215939073
86364117 215939073
86364117 88573759
218041895 88573759
218041895 215938569
86366003 215938569
86366003 88576421
218019024 88576421
218019024 215936171
86383161 215936171
86383161 88597457
218012175 88597457
218012175 215932161
86407859 215932161
86407859 88609757
217988119 88609757
217988119 215906446
86429109 215906446
86429109 88621883
217954288 88621883
217954288 215905761
86442387 215905761
86442387 88625824
217947723 88625824
217947723 215894874
86453606 215894874
86453606 88629319
217944925 88629319
217944925 215894869
86455415 215894869
86455415 88630813
217932790 88630813
217932790 215886447
86475856 215886447
86475856 88636136
217910929 88636136
217910929 215879767
86476035 215879767
86476035 88636769
217908240 88636769
217908240 215863737
86476255 215863737
86476255 88642207
217896656 88642207
217896656 215862374
86476783 215862374
86476783 88643023
217884899 88643023
217884899 215854197
86479948 215854197
86479948 88650826
217875282 88650826
217875282 215850212
86481138 215850212
86481138 88652463
217831870 88652463
217831870 215847160
86481661 215847160
86481661 88660037
217816608 88660037
217816608 215839115
86482942 215839115
86482942 88675547
217813768 88675547
217813768 215829103
86484455 215829103
86484455 88718895
217801715 88718895
217801715 215826731
86511416 215826731
86511416 88768182
217797702 88768182
217797702 215823413
86526065 215823413
86526065 88768314
217797018 88768314
217797018 215817372
86540614 215817372
86540614 88772844
217791558 88772844
217791558 215811071
86559324 215811071
86559324 88791257
217787594 88791257
217787594 215805229
86559759 215805229
86559759 88800098
217778867 88800098
217778867 215802230
86592102 215802230
86592102 88811206
217764787 88811206
217764787 215791334
86593816 215791334
86593816 88818033
217762358 88818033
217762358 215769531
86608002 215769531
86608002 88822246
217753002 88822246
217753002 215767554
86627473 215767554
86627473 88823909
217747784 88823909
217747784 215762597
86635684 215762597
86635684 88846525
217747558 88846525
217747558 215744052
86686556 215744052
86686556 88858506
217745733 88858506
217745733 215734168
86689421 215734168
86689421 88860097
217744974 88860097
217744974 215719926
86697194 215719926
86697194 88943542
217744141 88943542
217744141 215717233
86697501 215717233
86697501 88961166
217680157 88961166
217680157 215710808
86712673 215710808
86712673 88971104
217674248 88971104
217674248 215709651
86719575 215709651
86719575 88984996
217668487 88984996
217668487 215689698
86721849 215689698
86721849 88987805
217665841 88987805
217665841 215686381
86744178 215686381
86744178 88991854
217661648 88991854
217661648 215665240
86750221 215665240
86750221 89026315
217658455 89026315
217658455 215645186
86770310 215645186
86770310 89029873
217625055 89029873
217625055 215641413
86786081 215641413
86786081 89030686
217608185 89030686
217608185 215632230
86792553 215632230
86792553 89036241
217582321 89036241
217582321 215628584
86795705 215628584
86795705 89039697
217577576 89039697
217577576 215619522
86802116 215619522
86802116 89069739
217567582 89069739
217567582 215611343
86803628 215611343
86803628 89077176
217566601 89077176
217566601 215598045
86816233 215598045
86816233 89078313
217565098 89078313
217565098 215593529
86823095 215593529
86823095 89082154
217564559 89082154
217564559 215572775
86823262 215572775
86823262 89090223
217538161 89090223
217538161 215570686
86828897 215570686
86828897 89090582
217530238 89090582
217530238 215561854
86839694 215561854
86839694 89106446
217521676 89106446
217521676 215553474
86839911 215553474
86839911 89113855
217512062 89113855
217512062 215552051
86854425 215552051
86854425 89118863
217509617 89118863
217509617 215545125
86877695 215545125
86877695 89125635
217464929 89125635
217464929 215541897
86879976 215541897
86879976 89138073
217446355 89138073
217446355 215525622
86881869 215525622
86881869 89145375
217441121 89145375
217441121 215521499
86882892 215521499
86882892 89149022
217438337 89149022
217438337 215504218
86902510 215504218
86902510 89163195
217437808 89163195
217437808 215493217
86909007 215493217
86909007 89170753
217433867 89170753
217433867 215481767
86921478 215481767
86921478 89187167
217432574 89187167
217432574 215478219
86923060 215478219
86923060 89193435
217424404 89193435
217424404 215476452
86923175 215476452
86923175 89194939
217422729 89194939
217422729 215474367
86927417 215474367
86927417 89196784
217416138 89196784
217416138 215465980
86960877 215465980
86960877 89204227
217412698 89204227
217412698 215463782
86992756 215463782
86992756 89206620
217404101 89206620
217404101 215437849
86996480 215437849
86996480 89207496
217396835 89207496
217396835 215422947
87003906 215422947
87003906 89211259
217370366 89211259
217370366 215422548
87009764 215422548
87009764 89214107
217355865 89214107
217355865 215408504
87026202 215408504
87026202 89218688
217348832 89218688
217348832 215406938
87031825 215406938
87031825 89247421
217340305 89247421
217340305 215376743
87057325 215376743
87057325 89249454
217329750 89249454
217329750 215373975
87067406 215373975
87067406 89255724
217323837 89255724
217323837 215369915
87081029 215369915
87081029 89258929
217243511 89258929
217243511 215357212
87082179 215357212
87082179 89263975
217239804 89263975
217239804 215346887
87082923 215346887
87082923 89288003
217232447 89288003
217232447 215341454
87140339 215341454
87140339 89306885
217230621 89306885
217230621 215338538
87166483 215338538
87166483 89310228
217229719 89310228
217229719 215338280
87167290 215338280
87167290 89312171
217208100 89312171
217208100 215337569
87196190 215337569
87196190 89318476
217198040 89318476
217198040 215319982
87198842 215319982
87198842 89334569
217185714 89334569
217185714 215313194
87204795 215313194
87204795 89342239
217177992 89342239
217177992 215313051
87244602 215313051
87244602 89348220
217157227 89348220
217157227 215311055
87261174 215311055
87261174 89348856
217155589 89348856
217155589 215298633
87265038 215298633
87265038 89352815
217124103 89352815
217124103 215295235
87271359 215295235
87271359 89374207
217117172 89374207
217117172 215292725
87297358 215292725
87297358 89377120
217111967 89377120
217111967 215260069
87318901 215260069
87318901 89397708
217092919 89397708
217092919 215256513
87326451 215256513
87326451 89397967
217081472 89397967
217081472 215252705
87327101 215252705
87327101 89400399
217075977 89400399
217075977 215252378
87335754 215252378
87335754 89406454
217075391 89406454
217075391 215249223
87336279 215249223
87336279 89424484
217072308 89424484
217072308 215247663
87339474 215247663
87339474 89439717
217049214 89439717
217049214 215229193
87358128 215229193
87358128 89447779
217047484 89447779
217047484 215227124
87359117 215227124
87359117 89467748
217039065 89467748
217039065 215208779
87385309 215208779
87385309 89469025
217033712 89469025
217033712 215207911
87388379 215207911
87388379 89478379
217015250 89478379
217015250 215207377
87395354 215207377
87395354 89479874
217001540 89479874
217001540 215202732
87401613 215202732
87401613 89501853
216984090 89501853
216984090 215199809
87404150 215199809
87404150 89506601
216961850 89506601
216961850 215193091
87412166 215193091
87412166 89516731
216949679 89516731
216949679 215186020
87431385 215186020
87431385 89533162
216948643 89533162
216948643 215181356
87432067 215181356
87432067 89533934
216926112 89533934
216926112 215179659
87439175 215179659
87439175 89551950
216923790 89551950
216923790 215173222
87439507 215173222
87439507 89561960
216917749 89561960
216917749 215168248
87455931 215168248
87455931 89605928
216917104 89605928
216917104 215156820
87479517 215156820
87479517 89627948
216911218 89627948
216911218 215156787
87514100 215156787
87514100 89631694
216910574 89631694
216910574 215134155
87517447 215134155
87517447 89632147
216887221 89632147
216887221 215125581
87527403 215125581
87527403 89643368
216879922 89643368
216879922 215115252
87546370 215115252
87546370 89647259
216867955 89647259
216867955 215110362
87557547 215110362
87557547 89652306
216859698 89652306
216859698 215094861
87563300 215094861
87563300 89656941
216855612 89656941
216855612 215078442
87579859 215078442
87579859 89657359
216842264 89657359
216842264 215040771
87585640 215040771
87585640 89665534
216831206 89665534
216831206 215037867
87586009 215037867
87586009 89670955
216808705 89670955
216808705 215032416
87588384 215032416
87588384 89731939
216786271 89731939
216786271 215028430
87597358 215028430
87597358 89735761
216779661 89735761
216779661 215026162
87598388 215026162
87598388 89744543
216776917 89744543
216776917 215014353
87602498 215014353
87602498 89748040
216773987 89748040
216773987 214996893
87604058 214996893
87604058 89763775
216773254 89763775
216773254 214976321
87621607 214976321
87621607 89769725
216736712 89769725
216736712 214966411
87637109 214966411
87637109 89772241
216714341 89772241
216714341 214962004
87638377 214962004
87638377 89790403
216700689 89790403
216700689 214945904
87652931 214945904
87652931 89793227
216679220 89793227
216679220 214940349
87662883 214940349
87662883 89802572
216677846 89802572
216677846 214931380
87692061 214931380
87692061 89814781
216652167 89814781
216652167 214927586
87694914 214927586
87694914 89824102
216624480 89824102
216624480 214903519
87714910 214903519
87714910 89847747
216616200 89847747
216616200 214901877
87716747 214901877
87716747 89850065
216611748 89850065
216611748 214891740
87727966 214891740
87727966 89858654
216593255 89858654
216593255 214888138
87733196 214888138
87733196 89867239
216590842 89867239
216590842 214888052
87737979 214888052
87737979 89883699
216589541 89883699
216589541 214883438
87750761 214883438
87750761 89884522
216584734 89884522
216584734 214883150
87752233 214883150
87752233 89921551
216580111 89921551
216580111 214876660
87754605 214876660
87754605 89932483
216578307 89932483
216578307 214861968
87773816 214861968
87773816 89932821
216576096 89932821
216576096 214858706
87779228 214858706
87779228 89935502
216564718 89935502
216564718 214786817
87831164 214786817
87831164 89960382
216544309 89960382
216544309 214777547
87834295 214777547
87834295 90008445
216527339 90008445
216527339 214774291
87840300 214774291
87840300 90021434
216511550 90021434
216511550 214772983
87877345 214772983
87877345 90030481
216504165 90030481
216504165 214767737
87877367 214767737
87877367 90037977
216498335 90037977
216498335 214753483
87887185 214753483
87887185 90039019
216488146 90039019
216488146 214737898
87909597 214737898
87909597 90068024
216481550 90068024
216481550 214734001
87937545 214734001
87937545 90074319
216460197 90074319
216460197 214728486
87942307 214728486
87942307 90085393
216456811 90085393
216456811 214708739
87949460 214708739
87949460 90085678
216455442 90085678
216455442 214707571
87958201 214707571
87958201 90103631
216448850 90103631
216448850 214692448
87967372 214692448
87967372 90104240
216444081 90104240
216444081 214681925
87977979 214681925
87977979 90141231
216436794 90141231
216436794 214676514
87987832 214676514
87987832 90145645
216435134 90145645
216435134 214673149
87993379 214673149
87993379 90149826
216433973 90149826
216433973 214672503
87995927 214672503
87995927 90152797
216431556 90152797
216431556 214668424
88014833 214668424
88014833 90160402
216426375 90160402
216426375 214659423
88016541 214659423
88016541 90165485
216412120 90165485
216412120 214648137
88017277 214648137
88017277 90184486
216382629 90184486
216382629 214637022
88017364 214637022
88017364 90193215
216356297 90193215
216356297 214635120
88029275 214635120
88029275 90198482
216355252 90198482
216355252 214633808
88044429 214633808
88044429 90207578
216350384 90207578
216350384 214628579
88046756 214628579
88046756 90209438
216337872 90209438
216337872 214610127
88076361 214610127
88076361 90216486
216334902 90216486
216334902 214607844
88088857 214607844
88088857 90217502
216307639 90217502
216307639 214603776
88096790 214603776
88096790 90236223
216303731 90236223
216303731 214603668
88103743 214603668
88103743 90248156
216291067 90248156
216291067 214590885
88111816 214590885
88111816 90270455
216285683 90270455
216285683 214590623
88116063 214590623
88116063 90281939
216281102 90281939
216281102 214566111
88122574 214566111
88122574 90283317
216248308 90283317
216248308 214555916
88122708 214555916
88122708 90286602
216222635 90286602
216222635 214553632
88154382 214553632
88154382 90301999
216219541 90301999
216219541 214540751
88156741 214540751
88156741 90323254
216186183 90323254
216186183 214533592
88183919 214533592
88183919 90328163
216170174 90328163
216170174 214533014
88211634 214533014
88211634 90330439
216157927 90330439
216157927 214508760
88214791 214508760
88214791 90340689
216154500 90340689
216154500 214508250
88214894 214508250
88214894 90368328
216152543 90368328
216152543 214505188
88218660 214505188
88218660 90368859
216149312 90368859
216149312 214494614
88241703 214494614
88241703 90385894
216142993 90385894
216142993 214492098
88250796 214492098
88250796 90439583
216124178 90439583
216124178 214461458
88281341 214461458
88281341 90444254
216116590 90444254
216116590 214453467
88300418 214453467
88300418 90450458
216112365 90450458
216112365 214446280
88302261 214446280
88302261 90452833
216081136 90452833
216081136 214445596
88328117 214445596
88328117 90454902
216075108 90454902
216075108 214444840
88328378 214444840
88328378 90468303
216074753 90468303
216074753 214429755
88335085 214429755
88335085 90483592
216067748 90483592
216067748 214414021
88343777 214414021
88343777 90493209
216062772 90493209
216062772 214409576
88353543 214409576
88353543 90494354
216057540 90494354
216057540 214402369
88370450 214402369
88370450 90510548
216049400 90510548
216049400 214397690
88390645 214397690
88390645 90513478
216040395 90513478
216040395 214383777
88400163 214383777
88400163 90526331
216036415 90526331
216036415 214372882
88400988 214372882
88400988 90534419
216032896 90534419
216032896 214366774
88411376 214366774
88411376 90536488
216012651 90536488
216012651 214355753
88424178 214355753
88424178 90546005
215978615 90546005
215978615 214351513
88425580 214351513
88425580 90551231
215974289 90551231
215974289 214346082
88447451 214346082
88447451 90551351
215971132 90551351
215971132 214332670
88450294 214332670
88450294 90553321
215962882 90553321
215962882 214332183
88476019 214332183
88476019 90555658
215960061 90555658
215960061 214327877
88506577 214327877
88506577 90571216
215957702 90571216
215957702 214321593
88523537 214321593
88523537 90580657
215954314 90580657
215954314 214315738
88525617 214315738
88525617 90606535
215951626 90606535
215951626 214288313
88529072 214288313
88529072 90618097
215860032 90618097
215860032 214279308
88542908 214279308
88542908 90628703
215858795 90628703
215858795 214269208
88561171 214269208
88561171 90636432
215857809 90636432
215857809 214262951
88572144 214262951
88572144 90653280
215837782 90653280
215837782 214242435
88602763 214242435
88602763 90653585
215835760 90653585
215835760 214239583
88603733 214239583
88603733 90663149
215809851 90663149
215809851 214232556
88607932 214232556
88607932 90673563
215786203 90673563
215786203 214231157
88612323 214231157
88612323 90677345
215779106 90677345
215779106 214224773
88631499 214224773
88631499 90680224
215764078 90680224
215764078 214217451
88655536 214217451
88655536 90684797
215761593 90684797
215761593 214215659
88662488 214215659
88662488 90696875
215753807 90696875
215753807 214207382
88662817 214207382
88662817 90704110
215744832 90704110
215744832 214191720
88675448 214191720
88675448 90709689
215737583 90709689
215737583 214191538
88676906 214191538
88676906 90711356
215702879 90711356
215702879 214185697
88678473 214185697
88678473 90743179
215695857 90743179
215695857 214172794
88684520 214172794
88684520 90756755
215691689 90756755
215691689 214168784
88685126 214168784
88685126 90762124
215681726 90762124
215681726 214154428
88685843 214154428
88685843 90808954
215679392 90808954
215679392 214133480
88700677 214133480
88700677 90815560
215677851 90815560
215677851 214124254
88701921 214124254
88701921 90817236
215676361 90817236
215676361 214094323
88707716 214094323
88707716 90822183
215663568 90822183
215663568 214086672
88709833 214086672
88709833 90829709
215619667 90829709
215619667 214075321
88720646 214075321
88720646 90830513
215618990 90830513
215618990 214057154
88731165 214057154
88731165 90835481
215616190 90835481
215616190 214048330
88738069 214048330
88738069 90836675
215613944 90836675
215613944 214046904
88753834 214046904
88753834 90873550
215593244 90873550
215593244 214042929
88769641 214042929
88769641 90876765
215593032 90876765
215593032 214018764
88774923 214018764
88774923 90886969
215578620 90886969
215578620 214013193
88795561 214013193
88795561 90894266
215561815 90894266
215561815 214011714
88799474 214011714
88799474 90901677
215558606 90901677
215558606 214009382
88812262 214009382
88812262 90943571
215552507 90943571
215552507 214001788
88839867 214001788
88839867 90949246
215540390 90949246
215540390 213995693
88868372 213995693
88868372 90968780
215535743 90968780
215535743 213987653
88902223 213987653
88902223 90972452
215515355 90972452
215515355 213987055
88903654 213987055
88903654 90974133
215505220 90974133
215505220 213982458
88906130 213982458
88906130 91001220
215483300 91001220
215483300 213978138
88915089 213978138
88915089 91005731
215481587 91005731
215481587 213974113
88932286 213974113
88932286 91025720
215479916 91025720
215479916 213971728
88945519 213971728
88945519 91046618
215479113 91046618
215479113 213965056
88948330 213965056
88948330 91046635
215464464 91046635
215464464 213956189
88977716 213956189
88977716 91048924
215459289 91048924
215459289 213925783
88983055 213925783
88983055 91104556
215434780 91104556
215434780 213919241
88997626 213919241
88997626 91105962
215426777 91105962
215426777 213918209
89005641 213918209
89005641 91106391
215409318 91106391
215409318 213911099
89010363 213911099
89010363 91108291
215408010 91108291
215408010 213900792
89015552 213900792
89015552 91109955
215406928 91109955
215406928 213893193
89030380 213893193
89030380 91117680
215405505 91117680
215405505 213888953
89034780 213888953
89034780 91122410
215404911 91122410
215404911 213866112
89036674 213866112
89036674 91125043
215398279 91125043
215398279 213848626
89052468 213848626
89052468 91127247
215396425 91127247
215396425 213837667
89067272 213837667
89067272 91130086
215392349 91130086
215392349 213832398
89077742 213832398
89077742 91141426
215378548 91141426
215378548 213829374
89090341 213829374
89090341 91144086
215377638 91144086
215377638 213824702
89093996 213824702
89093996 91161499
215342592 91161499
215342592 213806636
89097133 213806636
89097133 91163245
215331205 91163245
215331205 213802470
89123723 213802470
89123723 91164239
215236341 91164239
215236341 213787691
89131353 213787691
89131353 91172436
215233249 91172436
215233249 213784441
89152117 213784441
89152117 91188710
215232663 91188710
215232663 213776365
89170329 213776365
89170329 91204586
215227500 91204586
215227500 213763602
89208832 213763602
89208832 91216528
215213579 91216528
215213579 213755374
89209184 213755374
89209184 91218657
215209447 91218657
215209447 213754265
89243346 213754265
89243346 91246190
215197584 91246190
215197584 213751971
89250344 213751971
89250344 91248024
215161303 91248024
215161303 213749671
89260205 213749671
89260205 91250186
215152655 91250186
215152655 213735811
89268299 213735811
89268299 91286689
215138541 91286689
215138541 213733992
89276775 213733992
89276775 91293480
215135382 91293480
215135382 213710852
89283831 213710852
89283831 91299527
215132781 91299527
215132781 213708469
89284034 213708469
89284034 91311858
215130689 91311858
215130689 213707313
89287228 213707313
89287228 91322695
215128072 91322695
215128072 213696101
89293121 213696101
89293121 91327101
215127906 91327101
215127906 213679864
89295313 213679864
89295313 91330888
215108972 91330888
215108972 213668871
89323962 213668871
89323962 91348300
215103599 91348300
215103599 213652436
89338300 213652436
89338300 91349190
215102375 91349190
215102375 213630777
89343491 213630777
89343491 91351610
215083648 91351610
215083648 213617742
89352104 213617742
89352104 91358891
215075553 91358891
215075553 213612250
89353794 213612250
89353794 91365087
215051138 91365087
215051138 213608092
89356576 213608092
89356576 91378624
215036396 91378624
215036396 213598139
89356932 213598139
89356932 91414956
215027766 91414956
215027766 213596306
89367907 213596306
89367907 91417436
215022214 91417436
215022214 213590981
89368751 213590981
89368751 91429832
215016025 91429832
215016025 213586700
89375918 213586700
89375918 91434976
215014438 91434976
215014438 213572580
89391539 213572580
89391539 91439378
214995307 91439378
214995307 213563935
89393500 213563935
89393500 91443433
214984062 91443433
214984062 213562652
89435109 213562652
89435109 91445967
214933475 91445967
214933475 213546486
89436814 213546486
89436814 91448729
214926513 91448729
214926513 213541258
89438354 213541258
89438354 91471525
214921850 91471525
214921850 213539183
89451584 213539183
89451584 91506291
214916735 91506291
214916735 213532687
89463520 213532687
89463520 91514588
214889350 91514588
214889350 213531320
89463805 213531320
89463805 91524897
214849533 91524897
214849533 213530685
89467389 213530685
89467389 91551596
214815875 91551596
214815875 213523677
89480692 213523677
89480692 91558470
214815408 91558470
214815408 213517137
89485130 213517137
89485130 91567137
214809269 91567137
214809269 213513033
89486442 213513033
89486442 91569358
214801195 91569358
214801195 213507942
89502372 213507942
89502372 91598218
214798516 91598218
214798516 213503811
89515515 213503811
89515515 91599575
214792425 91599575
214792425 213500232
89543324 213500232
89543324 91604342
214789800 91604342
214789800 213482260
89546125 213482260
89546125 91621519
214786084 91621519
214786084 213479740
89558343 213479740
89558343 91669702
214782077 91669702
214782077 213467952
89570586 213467952
89570586 91670104
214781544 91670104
214781544 213463997
89590461 213463997
89590461 91681499
214772127 91681499
214772127 213463092
89598763 213463092
89598763 91684361
214771224 91684361
214771224 213461800
89628221 213461800
89628221 91693720
214766843 91693720
214766843 213456173
89635294 213456173
89635294 91701428
214713023 91701428
214713023 213442462
89636007 213442462
89636007 91723808
214711297 91723808
214711297 213423506
89638018 213423506
89638018 91732972
214703263 91732972
214703263 213417789
89638828 213417789
89638828 91741820
214701931 91741820
214701931 213414065
89647105 213414065
89647105 91750358
214699624 91750358
214699624 213410774
89657916 213410774
89657916 91767674
214691629 91767674
214691629 213408252
89670764 213408252
89670764 91767715
214691620 91767715
214691620 213398729
89685281 213398729
89685281 91768539
214687846 91768539
214687846 213387422
89718429 213387422
89718429 91769621
214677404 91769621
214677404 213360795
89768538 213360795
89768538 91771191
214676914 91771191
214676914 213357708
89776750 213357708
89776750 91783760
214645697 91783760
214645697 213357243
89794830 213357243
89794830 91813206
214644009 91813206
214644009 213353953
89796417 213353953
89796417 91834213
214636931 91834213
214636931 213317094
89801711 213317094
89801711 91855206
214600636 91855206
214600636 213317078
89823301 213317078
89823301 91881074
214591908 91881074
214591908 213305958
89825894 213305958
89825894 91889064
214586777 91889064
214586777 213299541
89832212 213299541
89832212 91894576
214580138 91894576
214580138 213297368
89857130 213297368
89857130 91901076
214568055 91901076
214568055 213293497
89859338 213293497
89859338 91912571
214550973 91912571
214550973 213278295
89860021 213278295
89860021 91912826
214549109 91912826
214549109 213277616
89863287 213277616
89863287 91914959
214542237 91914959
214542237 213272382
89867679 213272382
89867679 91929409
214536077 91929409
214536077 213264962
89870090 213264962
89870090 91929669
214521850 91929669
214521850 213258389
89870615 213258389
89870615 91931344
214521427 91931344
214521427 213249246
89877048 213249246
89877048 91932644
214509061 91932644
214509061 213240111
89880483 213240111
89880483 91939735
214508470 91939735
214508470 213232350
89890756 213232350
89890756 91960489
214507434 91960489
214507434 213230580
89899467 213230580
89899467 91960617
214505716 91960617
214505716 213224866
89915034 213224866
89915034 91966764
214502979 91966764
214502979 213220299
89923303 213220299
89923303 91969804
214473347 91969804
214473347 213211581
89928692 213211581
89928692 91988781
214467436 91988781
214467436 213207021
89928708 213207021
89928708 92006968
214450204 92006968
214450204 213206248
89933294 213206248
89933294 92022648
214440807 92022648
214440807 213202087
89944088 213202087
89944088 92034450
214402921 92034450
214402921 213181492
89950023 213181492
89950023 92049393
214368295 92049393
214368295 213179334
89950781 213179334
89950781 92060190
214362741 92060190
214362741 213149404
89951535 213149404
89951535 92096608
214351692 92096608
214351692 213118113
89963494 213118113
89963494 92102136
214347078 92102136
214347078 213114433
89967621 213114433
89967621 92104119
214341543 92104119
214341543 213112301
89996426 213112301
89996426 92106289
214323312 92106289
214323312 213092879
90004715 213092879
90004715 92108797
214322307 92108797
214322307 213077622
90023359 213077622
90023359 92112064
214313677 92112064
214313677 213071678
90043152 213071678
90043152 92117280
214298169 92117280
214298169 213063560
90061441 213063560
90061441 92129154
214297315 92129154
214297315 213046260
90073966 213046260
90073966 92137678
214296367 92137678
214296367 213038578
90075465 213038578
90075465 92140034
214278083 92140034
214278083 213032500
90095839 213032500
90095839 92141002
214219024 92141002
214219024 213025226
90099293 213025226
90099293 92148772
214198532 92148772
214198532 213013626
90103516 213013626
90103516 92160229
214184622 92160229
214184622 213000833
90105731 213000833
90105731 92166384
214160631 92166384
214160631 212996322
90142347 212996322
90142347 92184316
214151584 92184316
214151584 212991873
90143817 212991873
90143817 92211875
214125569 92211875
214125569 212986911
90147214 212986911
90147214 92218227
214120291 92218227
214120291 212981895
90170952 212981895
90170952 92221799
214088852 92221799
214088852 212966103
90181136 212966103
90181136 92229824
214084034 92229824
214084034 212948971
90208758 212948971
90208758 92254406
214075414 92254406
214075414 212943880
90217574 212943880
90217574 92282147
214048788 92282147
214048788 212941475
90252152 212941475
90252152 92288428
214043668 92288428
214043668 212933333
90288543 212933333
90288543 92295088
214038061 92295088
214038061 212931469
90294256 212931469
90294256 92304959
214037753 92304959
214037753 212929656
90303254 212929656
90303254 92306517
214031272 92306517
214031272 212895750
90303640 212895750
90303640 92312009
214018958 92312009
214018958 212871865
90305243 212871865
90305243 92315283
214013254 92315283
214013254 212870537
90311856 212870537
90311856 92320359
213998103 92320359
213998103 212854910
90318548 212854910
90318548 92324451
213996436 92324451
213996436 212847151
90321817 212847151
90321817 92334103
213969454 92334103
213969454 212843301
90326575 212843301
90326575 92357062
213965384 92357062
213965384 212819298
90331570 212819298
90331570 92386552
213952736 92386552
213952736 212811986
90349714 212811986
90349714 92405271
213952648 92405271
213952648 212793509
90368395 212793509
90368395 92406279
213944595 92406279
213944595 212793223
90382133 212793223
90382133 92414331
213930326 92414331
213930326 212790257
90382409 212790257
90382409 92419794
213926065 92419794
213926065 212785413
90389622 212785413
90389622 92420532
213907633 92420532
213907633 212784841
90398269 212784841
90398269 92429154
213881965 92429154
213881965 212782478
90419308 212782478
90419308 92447510
213878371 92447510
213878371 212781860
90433114 212781860
90433114 92463169
213874121 92463169
213874121 212770316
90435553 212770316
90435553 92465955
213863474 92465955
213863474 212769158
90469619 212769158
90469619 92475261
213863131 92475261
213863131 212763121
90483850 212763121
90483850 92482116
213857792 92482116
213857792 212754647
90489417 212754647
90489417 92482554
213848466 92482554
213848466 212751669
90512973 212751669
90512973 92484033
213836845 92484033
213836845 212746996
90520281 212746996
90520281 92506021
213823963 92506021
213823963 212746180
90526007 212746180
90526007 92519964
213817344 92519964
213817344 212743944
90542859 212743944
90542859 92525818
213784075 92525818
213784075 212735950
90544513 212735950
90544513 92544758
213770603 92544758
213770603 212733794
90544977 212733794
90544977 92559163
213764492 92559163
213764492 212704890
90557626 212704890
90557626 92559437
213746359 92559437
213746359 212703061
90566322 212703061
90566322 92568323
213744793 92568323
213744793 212691764
90580202 212691764
90580202 92571924
213723717 92571924
213723717 212690692
90585851 212690692
90585851 92600878
213673189 92600878
213673189 212690113
90589346 212690113
90589346 92601676
213652572 92601676
213652572 212688907
90603101 212688907
90603101 92635429
213651022 92635429
213651022 212687552
90614370 212687552
90614370 92637959
213613750 92637959
213613750 212683616
90636561 212683616
90636561 92649369
213592888 92649369
213592888 212680087
90648157 212680087
90648157 92667088
213556841 92667088
213556841 212678684
90651158 212678684
90651158 92668741
213531259 92668741
213531259 212655905
90654104 212655905
90654104 92677898
213525876 92677898
213525876 212628106
90674065 212628106
90674065 92680432
213521626 92680432
213521626 212623515
90674865 212623515
90674865 92681897
213519865 92681897
213519865 212623034
90675822 212623034
90675822 92691865
213518497 92691865
213518497 212621091
90676361 212621091
90676361 92697858
213513357 92697858
213513357 212617447
90680294 212617447
90680294 92703694
213494118 92703694
213494118 212614081
90708449 212614081
90708449 92718641
213493416 92718641
213493416 212590283
90717637 212590283
90717637 92731304
213481225 92731304
213481225 212570745
90725784 212570745
90725784 92731750
213478926 92731750
213478926 212567941
90727933 212567941
90727933 92739963
213441704 92739963
213441704 212565382
90745702 212565382
90745702 92740051
213436308 92740051
213436308 212555832
90746935 212555832
90746935 92761403
213425463 92761403
213425463 212555147
90750663 212555147
90750663 92775122
213389235 92775122
213389235 212551456
90771731 212551456
90771731 92776490
213384294 92776490
213384294 212540261
90772395 212540261
90772395 92778861
213345154 92778861
213345154 212532419
90798344 212532419
90798344 92788049
213336980 92788049
213336980 212526865
90802023 212526865
90802023 92788363
213331803 92788363
213331803 212520168
90811205 212520168
90811205 92791362
213323874 92791362
213323874 212515744
90811407 212515744
90811407 92794047
213319619 92794047
213319619 212510085
90814382 212510085
90814382 92822985
213319145 92822985
213319145 212509079
90816765 212509079
90816765 92861996
213293487 92861996
213293487 212495373
90819554 212495373
90819554 92864125
213289174 92864125
213289174 212491698
90827718 212491698
90827718 92877049
213287553 92877049
213287553 212471202
90829080 212471202
90829080 92885761
213287449 92885761
213287449 212469821
90858094 212469821
90858094 92900081
213271908 92900081
213271908 212447556
90866636 212447556
90866636 92903553
213260727 92903553
213260727 212445506
90881648 212445506
90881648 92933218
213241694 92933218
213241694 212427320
90882669 212427320
90882669 92935094
213231597 92935094
213231597 212417627
90898404 212417627
90898404 92945583
213222929 92945583
213222929 212417293
90911739 212417293
90911739 92948027
213222202 92948027
213222202 212406209
90938987 212406209
90938987 92950457
213216497 92950457
213216497 212354084
90942443 212354084
90942443 92958780
213214780 92958780
213214780 212333261
90942576 212333261
90942576 92964548
213213714 92964548
213213714 212332878
90950563 212332878
90950563 92967167
213201020 92967167
213201020 212330603
90950572 212330603
90950572 92984315
213200032 92984315
213200032 212324358
90953151 212324358
90953151 93014837
213188705 93014837
213188705 212316217
90979233 212316217
90979233 93024497
213182631 93024497
213182631 212313498
90980454 212313498
90980454 93027128
213153938 93027128
213153938 212309201
90994914 212309201
90994914 93053334
213149946 93053334
213149946 212297462
90997879 212297462
90997879 93059835
213143392 93059835
213143392 212270921
91007651 212270921
91007651 93063312
213124354 93063312
213124354 212270657
91021201 212270657
91021201 93071774
213102007 93071774
213102007 212260483
91034409 212260483
91034409 93079657
213083887 93079657
213083887 212258717
91046712 212258717
91046712 93081473
213070985 93081473
213070985 212252615
91047390 212252615
91047390 93083940
213057222 93083940
213057222 212248528
91060686 212248528
91060686 93100402
213050395 93100402
213050395 212243956
91067977 212243956
91067977 93107150
213033713 93107150
213033713 212242586
91068458 212242586
91068458 93110000
213031677 93110000
213031677 212225335
91072427 212225335
91072427 93130865
213027487 93130865
213027487 212208340
91073203 212208340
91073203 93145288
213025866 93145288
213025866 212188420
91112273 212188420
91112273 93164381
213015027 93164381
213015027 212184649
91114599 212184649
91114599 93183624
213007082 93183624
213007082 212184329
91119521 212184329
91119521 93203870
213003217 93203870
213003217 212183808
91126001 212183808
91126001 93213686
212999808 93213686
212999808 212181393
91126276 212181393
91126276 93216073
212997894 93216073
212997894 212166458
91129368 212166458
91129368 93229633
212961628 93229633
212961628 212154075
91135793 212154075
91135793 93247429
212953138 93247429
212953138 212146971
91163767 212146971
91163767 93250136
212922828 93250136
212922828 212140581
91178486 212140581
91178486 93267608
212900675 93267608
212900675 212130303
91216852 212130303
91216852 93278629
212899723 93278629
212899723 212125913
91217200 212125913
91217200 93286745
212891876 93286745
212891876 212116449
91218725 212116449
91218725 93291280
212888714 93291280
212888714 212103707
91221083 212103707
91221083 93292096
212886601 93292096
212886601 212098968
91227278 212098968
91227278 93313232
212879970 93313232
212879970 212097620
91244365 212097620
91244365 93323215
212875700 93323215
212875700 212093266
91247216 212093266
91247216 93325568
212867127 93325568
212867127 212085484
91252713 212085484
91252713 93329579
212862225 93329579
212862225 212070668
91256244 212070668
91256244 93330374
212862007 93330374
212862007 212070613
91281935 212070613
91281935 93334245
212861750 93334245
212861750 212049322
91289991 212049322
91289991 93337313
212860830 93337313
212860830 212042027
91319130 212042027
91319130 93338289
212856099 93338289
212856099 212028128
91344015 212028128
91344015 93367723
212851262 93367723
212851262 212026310
91357626 212026310
91357626 93375249
212851208 93375249
212851208 212020724
91367488 212020724
91367488 93401431
212780113 93401431
212780113 212013755
91387189 212013755
91387189 93417404
212763676 93417404
212763676 212010285
91403455 212010285
91403455 93444478
212746450 93444478
212746450 212004514
91404284 212004514
91404284 93452862
212745178 93452862
212745178 212003098
91412643 212003098
91412643 93452936
212740040 93452936
212740040 211991496
91425720 211991496
91425720 93458254
212727334 93458254
212727334 211985257
91447702 211985257
91447702 93461796
212717274 93461796
212717274 211985186
91457733 211985186
91457733 93474224
212695064 93474224
212695064 211976996
91469014 211976996
91469014 93483883
212683321 93483883
212683321 211968812
91471951 211968812
91471951 93484622
212667982 93484622
212667982 211949365
91490980 211949365
91490980 93487651
212604015 93487651
212604015 211949339
91496049 211949339
91496049 93495769
212555143 93495769
212555143 211937690
91499387 211937690
91499387 93519707
212547858 93519707
212547858 211933517
91500491 211933517
91500491 93546835
212516937 93546835
212516937 211896036
91518308 211896036
91518308 93548243
212509240 93548243
212509240 211892453
91528712 211892453
91528712 93557846
212506999 93557846
212506999 211883140
91560003 211883140
91560003 93570977
212503696 93570977
212503696 211870535
91562290 211870535
91562290 93578709
212499143 93578709
212499143 211860507
91571257 211860507
91571257 93594501
212483770 93594501
212483770 211850078
91575715 211850078
91575715 93611509
212449521 93611509
212449521 211839195
91581301 211839195
91581301 93619813
212425028 93619813
212425028 211838868
91587523 211838868
91587523 93622446
212420090 93622446
212420090 211838806
91596938 211838806
91596938 93634535
212418745 93634535
212418745 211837881
91607018 211837881
91607018 93644116
212411399 93644116
212411399 211827797
91618067 211827797
91618067 93658808
212407381 93658808
212407381 211827022
91619983 211827022
91619983 93689839
212396187 93689839
212396187 211823370
91631307 211823370
91631307 93696954
212374387 93696954
212374387 211823236
91637651 211823236
91637651 93702142
212369241 93702142
212369241 211811290
91645501 211811290
91645501 93706888
212368172 93706888
212368172 211809219
91671751 211809219
91671751 93710428
212343168 93710428
212343168 211798599
91685300 211798599
91685300 93712965
212339404 93712965
212339404 211794992
91692230 211794992
91692230 93717390
212339115 93717390
212339115 211784558
91724425 211784558
91724425 93728601
212313740 93728601
212313740 211780108
91731658 211780108
91731658 93736646
212307055 93736646
212307055 211779579
91741830 211779579
91741830 93745732
212305624 93745732
212305624 211768915
91747936 211768915
91747936 93796591
212302385 93796591
212302385 211768052
91761137 211768052
91761137 93798765
212292651 93798765
212292651 211767738
91778300 211767738
91778300 93801784
212273668 93801784
212273668 211756973
91792165 211756973
91792165 93804189
212273419 93804189
212273419 211755687
91794663 211755687
91794663 93811009
212248439 93811009
212248439 211754935
91808615 211754935
91808615 93816049
212235168 93816049
212235168 211753156
91813038 211753156
91813038 93834287
212234492 93834287
212234492 211747023
91822056 211747023
91822056 93834899
212224216 93834899
212224216 211745799
91824188 211745799
91824188 93838682
212201373 93838682
212201373 211737917
91825261 211737917
91825261 93850273
212197307 93850273
212197307 211733960
91838604 211733960
91838604 93870805
212172468 93870805
212172468 211730309
91847253 211730309
91847253 93872724
212154638 93872724
212154638 211713739
91850844 211713739
91850844 93898046
212151049 93898046
212151049 211711720
91861407 211711720
91861407 93899502
212145449 93899502
212145449 211710874
91863454 211710874
91863454 93919269
212143352 93919269
212143352 211710396
91875304 211710396
91875304 93920127
212118040 93920127
212118040 211709612
91882280 211709612
91882280 93924045
212110264 93924045
212110264 211674212
91886960 211674212
91886960 93924634
212107966 93924634
212107966 211665693
91887794 211665693
91887794 93932451
212092656 93932451
212092656 211657086
91894971 211657086
91894971 93943231
212087607 93943231
212087607 211655556
91906471 211655556
91906471 93943967
212082564 93943967
212082564 211648225
91920480 211648225
91920480 93952938
212078608 93952938
212078608 211621607
91924148 211621607
91924148 93955237
212069935 93955237
212069935 211615162
91924740 211615162
91924740 93955425
212061350 93955425
212061350 211611042
91924949 211611042
91924949 93967685
212057118 93967685
212057118 211608970
91928288 211608970
91928288 93975184
212048831 93975184
212048831 211607292
91934376 211607292
91934376 93989809
212036254 93989809
212036254 211604739
91939798 211604739
91939798 94013754
212031124 94013754
212031124 211598426
91942744 211598426
91942744 94037279
212030089 94037279
212030089 211589078
91981890 211589078
91981890 94045827
211999767 94045827
211999767 211577979
91985872 211577979
91985872 94052739
211988134 94052739
211988134 211569071
91995317 211569071
91995317 94061300
211965501 94061300
211965501 211547818
92012381 211547818
92012381 94071507
211963533 94071507
211963533 211540282
92014112 211540282
92014112 94071912
211946240 94071912
211946240 211536325
92023421 211536325
92023421 94117482
211939912 94117482
211939912 211528021
92024053 211528021
92024053 94134232
211932100 94134232
211932100 211518303
92039668 211518303
92039668 94145568
211922090 94145568
211922090 211498152
92044458 211498152
92044458 94148533
211916734 94148533
211916734 211490170
92048473 211490170
92048473 94178512
211883282 94178512
211883282 211487067
92078580 211487067
92078580 94192708
211871468 94192708
211871468 211459487
92107154 211459487
92107154 94208287
211853135 94208287
211853135 211456293
92111807 211456293
92111807 94230178
211851413 94230178
211851413 211440652
92122968 211440652
92122968 94239457
211841006 94239457
211841006 211433673
92125273 211433673
92125273 94244462
211827576 94244462
211827576 211420899
92149063 211420899
92149063 94249882
211817861 94249882
211817861 211420620
92153727 211420620
92153727 94251513
211816706 94251513
211816706 211396429
92163799 211396429
92163799 94252891
211814094 94252891
211814094 211386301
92192602 211386301
92192602 94258426
211804141 94258426
211804141 211383945
92198580 211383945
92198580 94268812
211709112 94268812
211709112 211376441
92213601 211376441
92213601 94270603
211689894 94270603
211689894 211372766
92222171 211372766
92222171 94273957
211689780 94273957
211689780 211370576
92239456 211370576
92239456 94288051
211687245 94288051
211687245 211369971
92241681 211369971
92241681 94289368
211682730 94289368
211682730 211359851
92272889 211359851
92272889 94300023
211680726 94300023
211680726 211358755
92277318 211358755
92277318 94301009
211676315 94301009
211676315 211341704
92280517 211341704
92280517 94305965
211673690 94305965
211673690 211340691
92287173 211340691
92287173 94316495
211628264 94316495
211628264 211317357
92294581 211317357
92294581 94318685
211610767 94318685
211610767 211294192
92302416 211294192
92302416 94331208
211594688 94331208
211594688 211292183
92302542 211292183
92302542 94360498
211578257 94360498
211578257 211277983
92311480 211277983
92311480 94364304
211574601 94364304
211574601 211256755
92339818 211256755
92339818 94378904
211559324 94378904
211559324 211233232
92348852 211233232
92348852 94380862
211551293 94380862
211551293 211226398
92360506 211226398
92360506 94387196
211542751 94387196
211542751 211222848
92365106 211222848
92365106 94388993
211540216 94388993
211540216 211216997
92371367 211216997
92371367 94409692
211536725 94409692
211536725 211202317
92382223 211202317
92382223 94415695
211514253 94415695
211514253 211196341
92384943 211196341
92384943 94416770
211491890 94416770
211491890 211190529
92387298 211190529
92387298 94436048
211483739 94436048
211483739 211188083
92388113 211188083
92388113 94441614
211471535 94441614
211471535 211174611
92389239 211174611
92389239 94481550
211466795 94481550
211466795 211174265
92395808 211174265
92395808 94484256
211443756 94484256
211443756 211167641
92408071 211167641
92408071 94494972
211414873 94494972
211414873 211160996
92427236 211160996
92427236 94512466
211407194 94512466
211407194 211152757
92448041 211152757
92448041 94522177
211392582 94522177
211392582 211150809
92452001 211150809
92452001 94549342
211391340 94549342
211391340 211143276
92466644 211143276
92466644 94573717
211367218 94573717
211367218 211134348
92472047 211134348
92472047 94574602
211366729 94574602
211366729 211132945
92481676 211132945
92481676 94577773
211353476 94577773
211353476 211130201
92485902 211130201
92485902 94588931
211315437 94588931
211315437 211125621
92487021 211125621
92487021 94594510
211313469 94594510
211313469 211123712
92497833 211123712
92497833 94630657
211309035 94630657
211309035 211122198
92514824 211122198
92514824 94635850
211308958 94635850
211308958 211103742
92515461 211103742
92515461 94639040
211300006 94639040
211300006 211100030
92529859 211100030
92529859 94650798
211262616 94650798
211262616 211098872
92531564 211098872
92531564 94667451
211258370 94667451
211258370 211091705
92538052 211091705
92538052 94669939
211258263 94669939
211258263 211080359
92553343 211080359
92553343 94672001
211250507 94672001
211250507 211077891
92571908 211077891
92571908 94672243
211239269 94672243
211239269 211076227
92593907 211076227
92593907 94677214
211238859 94677214
211238859 211063906
92608077 211063906
92608077 94681467
211227195 94681467
211227195 211057426
92611548 211057426
92611548 94699067
211214466 94699067
211214466 211052303
92640826 211052303
92640826 94727144
211213559 94727144
211213559 211027323
92645311 211027323
92645311 94730977
211212596 94730977
211212596 211024499
92661695 211024499
92661695 94731453
211188122 94731453
211188122 211018879
92678286 211018879
92678286 94743620
211159753 94743620
211159753 211011174
92696124 211011174
92696124 94757136
211153396 94757136
211153396 211009667
92701877 211009667
92701877 94782025
211144324 94782025
211144324 210998180
92718683 210998180
92718683 94790644
211136177 94790644
211136177 210987136
92724805 210987136
92724805 94799888
211135451 94799888
211135451 210982798
92725231 210982798
92725231 94808742
211116250 94808742
211116250 210982117
92755926 210982117
92755926 94825116
211110408 94825116
211110408 210978119
92756325 210978119
92756325 94852507
211100627 94852507
211100627 210978082
92756726 210978082
92756726 94888144
211088596 94888144
211088596 210969698
92757762 210969698
92757762 94895194
211054107 94895194
211054107 210958479
92763875 210958479
92763875 94901349
211053130 94901349
211053130 210941544
92764108 210941544
92764108 94914160
211050849 94914160
211050849 210941174
92769561 210941174
92769561 94925057
211047149 94925057
211047149 210934099
92769627 210934099
92769627 94927977
211041400 94927977
211041400 210932460
92769857 210932460
92769857 94937893
211014056 94937893
211014056 210929772
92769974 210929772
92769974 94947880
211008418 94947880
211008418 210921836
92783611 210921836
92783611 94948278
211003732 94948278
211003732 210909815
92787640 210909815
92787640 94978042
210928512 94978042
210928512 210909058
92802553 210909058
92802553 94987032
210907697 94987032
210907697 210905889
92818048 210905889
92818048 94989975
210904327 94989975
210904327 210903672
92824054 210903672
92824054 94994814
210887866 94994814
210887866 210891697
92855851 210891697
92855851 95000300
210839558 95000300
210839558 210884970
92870802 210884970
92870802 95027405
210820872 95027405
210820872 210879126
92876233 210879126
92876233 95049604
210808615 95049604
210808615 210878195
92878785 210878195
92878785 95050759
210800085 95050759
210800085 210865489
92885193 210865489
92885193 95074882
210797442 95074882
210797442 210864131
92895346 210864131
92895346 95099217
210776436 95099217
210776436 210861959
92899616 210861959
92899616 95102491
210764560 95102491
210764560 210852459
92908646 210852459
92908646 95112857
210764538 95112857
210764538 210847915
92909721 210847915
92909721 95147538
210763475 95147538
210763475 210839928
92920219 210839928
92920219 95151489
210761875 95151489
210761875 210825720
92925937 210825720
92925937 95155144
210751511 95155144
210751511 210824232
92931177 210824232
92931177 95176069
210728593 95176069
210728593 210823834
92937404 210823834
92937404 95182898
210689523 95182898
210689523 210820657
92952020 210820657
92952020 95185275
210676754 95185275
210676754 210809750
92952907 210809750
92952907 95187651
210674484 95187651
210674484 210799803
92967653 210799803
92967653 95190627
210664848 95190627
210664848 210767333
92971854 210767333
92971854 95210174
210659800 95210174
210659800 210760379
92974836 210760379
92974836 95210554
210646844 95210554
210646844 210759389
92975317 210759389
92975317 95221278
210634694 95221278
210634694 210759333
92975844 210759333
92975844 95229446
210625881 95229446
210625881 210740601
92983797 210740601
92983797 95230271
210608604 95230271
210608604 210740226
92985496 210740226
92985496 95243778
210585996 95243778
210585996 210738803
92990174 210738803
92990174 95250369
210572290 95250369
210572290 210729318
92999833 210729318
92999833 95272541
210563390 95272541
210563390 210686695
93004019 210686695
93004019 95276007
210561223 95276007
210561223 210683029
93007177 210683029
93007177 95302935
210548750 95302935
210548750 210668760
93009118 210668760
93009118 95303221
210534731 95303221
210534731 210659877
93013201 210659877
93013201 95308951
210503233 95308951
210503233 210657544
93014329 210657544
93014329 95309042
210473156 95309042
210473156 210656650
93022265 210656650
93022265 95325264
210469376 95325264
210469376 210635548
93030699 210635548
93030699 95328017
210460569 95328017
210460569 210633359
93046369 210633359
93046369 95340333
210457432 95340333
210457432 210627200
93072592 210627200
93072592 95349010
210451590 95349010
210451590 210618525
93095506 210618525
93095506 95368474
210445763 95368474
210445763 210612687
93097774 210612687
93097774 95377028
210419434 95377028
210419434 210603596
93105101 210603596
93105101 95380778
210415026 95380778
210415026 210593892
93121589 210593892
93121589 95397040
210409336 95397040
210409336 210587623
93136153 210587623
93136153 95400218
210379912 95400218
210379912 210581886
93158190 210581886
93158190 95408851
210378580 95408851
210378580 210579602
93181825 210579602
93181825 95418994
210356748 95418994
210356748 210575809
93181858 210575809
93181858 95439512
210314519 95439512
210314519 210573540
93182404 210573540
93182404 95448559
210313079 95448559
210313079 210555459
93196366 210555459
93196366 95449112
210310148 95449112
210310148 210555236
93200762 210555236
93200762 95479647
210290518 95479647
210290518 210549609
93201930 210549609
93201930 95512079
210280847 95512079
210280847 210540266
93204159 210540266
93204159 95518089
210274927 95518089
210274927 210539965
93211923 210539965
93211923 95521559
210250873 95521559
210250873 210532806
93221290 210532806
93221290 95527433
210248005 95527433
210248005 210532019
93231108 210532019
93231108 95535324
210240922 95535324
210240922 210507447
93235257 210507447
93235257 95541376
210236052 95541376
210236052 210500370
93251129 210500370
93251129 95542570
210217193 95542570
210217193 210476692
93254376 210476692
93254376 95544408
210214889 95544408
210214889 210449759
93268961 210449759
93268961 95545958
210199414 95545958
210199414 210437471
93273322 210437471
93273322 95601766
210187428 95601766
210187428 210424823
93289526 210424823
93289526 95607899
210171542 95607899
210171542 210422553
93303514 210422553
93303514 95617627
210116600 95617627
210116600 210422070
93330226 210422070
93330226 95617715
210077049 95617715
210077049 210421825
93348399 210421825
93348399 95630997
210068755 95630997
210068755 210412072
93353359 210412072
93353359 95642538
210015920 95642538
210015920 210386037
93353399 210386037
93353399 95662092
210015763 95662092
210015763 210384300
93365181 210384300
93365181 95667186
210003733 95667186
210003733 210350754
93367803 210350754
93367803 95722229
209999962 95722229
209999962 210343567
93369626 210343567
93369626 95738658
209967846 95738658
209967846 210342768
93373670 210342768
93373670 95744364
209952922 95744364
209952922 210338500
93373977 210338500
93373977 95755477
209934443 95755477
209934443 210338351
93382285 210338351
93382285 95755799
209933590 95755799
209933590 210336248
93417003 210336248
93417003 95765772
209930452 95765772
209930452 210333989
93445921 210333989
93445921 95768846
209923575 95768846
209923575 210326288
93456734 210326288
93456734 95770285
209917284 95770285
209917284 210325559
93497882 210325559
93497882 95785878
209894890 95785878
209894890 210312643
93542339 210312643
93542339 95786722
209870288 95786722
209870288 210288419
93545681 210288419
93545681 95790203
209863200 95790203
209863200 210275106
93546315 210275106
93546315 95794735
209842636 95794735
209842636 210264177
93562413 210264177
93562413 95818292
209828167 95818292
209828167 210259375
93566614 210259375
93566614 95824085
209816114 95824085
209816114 210256902
93575789 210256902
93575789 95828832
209805677 95828832
209805677 210252656
93581481 210252656
93581481 95840050
209803913 95840050
209803913 210235148
93585432 210235148
93585432 95875235
209802109 95875235
209802109 210229133
93585721 210229133
93585721 95891769
209795813 95891769
209795813 210228474
93616421 210228474
93616421 95895599
209795088 95895599
209795088 210225748
93638477 210225748
93638477 95904438
209794519 95904438
209794519 210224778
93639574 210224778
93639574 95908837
209789305 95908837
209789305 210220379
93643753 210220379
93643753 95919742
209786721 95919742
209786721 210178629
93655283 210178629
93655283 95920578
209781044 95920578
209781044 210176982
93669428 210176982
93669428 95928221
209779375 95928221
209779375 210176071
93671047 210176071
93671047 95941620
209756562 95941620
209756562 210175745
93673459 210175745
93673459 95958017
209755597 95958017
209755597 210161973
93678573 210161973
93678573 95981388
209750713 95981388
209750713 210155627
93697654 210155627
93697654 95986257
209744795 95986257
209744795 210153461
93704436 210153461
93704436 95990777
209710464 95990777
209710464 210151614
93713285 210151614
93713285 96009955
209673617 96009955
209673617 210140865
93725269 210140865
93725269 96045855
209666467 96045855
209666467 210132567
93731860 210132567
93731860 96079977
209655840 96079977
209655840 210131806
93745958 210131806
93745958 96086445
209654609 96086445
209654609 210130551
93745996 210130551
93745996 96092883
209650567 96092883
209650567 210123865
93751716 210123865
93751716 96095372
209649470 96095372
209649470 210123244
93784382 210123244
93784382 96112853
209643803 96112853
209643803 210115179
93795269 210115179
93795269 96116937
209609016 96116937
209609016 210113758
93798098 210113758
93798098 96118503
209607378 96118503
209607378 210107878
93800802 210107878
93800802 96122556
209584995 96122556
209584995 210105353
93804364 210105353
93804364 96129033
209584927 96129033
209584927 210104733
93805852 210104733
93805852 96140568
209581388 96140568
209581388 210100457
93807139 210100457
93807139 96167904
209571529 96167904
209571529 210083277
93811619 210083277
93811619 96181543
209536762 96181543
209536762 210070943
93818888 210070943
93818888 96184279
209513791 96184279
209513791 210066103
93833970 210066103
93833970 96186358
209500880 96186358
209500880 210061484
93847813 210061484
93847813 96197715
209484399 96197715
209484399 210058298
93862888 210058298
93862888 96198387
209459386 96198387
209459386 210054705
93868129 210054705
93868129 96210702
209445345 96210702
209445345 210038230
93868333 210038230
93868333 96218239
209439972 96218239
209439972 210037662
93895283 210037662
93895283 96223496
209438979 96223496
209438979 210037457
93896555 210037457
93896555 96243726
209420342 96243726
209420342 210033041
93900706 210033041
93900706 96251239
209408571 96251239
209408571 210009272
93907276 210009272
93907276 96268519
209403951 96268519
209403951 210008771
93909269 210008771
93909269 96273431
209400810 96273431
209400810 210008283
93913084 210008283
93913084 96273884
209388862 96273884
209388862 210001567
93915347 210001567
93915347 96296909
209381882 96296909
209381882 210000588
93915998 210000588
93915998 96300792
209372237 96300792
209372237 209990497
93938788 209990497
93938788 96311915
209365623 96311915
209365623 209987047
93943011 209987047
93943011 96314940
209337384 96314940
209337384 209978946
93976697 209978946
93976697 96323000
209333652 96323000
209333652 209970418
93977779 209970418
93977779 96338700
209314960 96338700
209314960 209963195
93980709 209963195
93980709 96361976
209308025 96361976
209308025 209961322
93998213 209961322
93998213 96368577
209298932 96368577
209298932 209961071
94012594 209961071
94012594 96376383
209287177 96376383
209287177 209947861
94019886 209947861
94019886 96401996
209275695 96401996
209275695 209940294
94028284 209940294
94028284 96405030
209274473 96405030
209274473 209884506
94036733 209884506
94036733 96410314
209271663 96410314
209271663 209864863
94042641 209864863
94042641 96411237
209271011 96411237
209271011 209856810
94049598 209856810
94049598 96416191
209269472 96416191
209269472 209852773
94078129 209852773
94078129 96435230
209268781 96435230
209268781 209849223
94080715 209849223
94080715 96447301
209268660 96447301
209268660 209832813
94099147 209832813
94099147 96448360
209262713 96448360
209262713 209825339
94107329 209825339
94107329 96450429
209260317 96450429
209260317 209825271
94114730 209825271
94114730 96460679
209213296 96460679
209213296 209817297
94118147 209817297
94118147 96465063
209172332 96465063
209172332 209813601
94119228 209813601
94119228 96471426
209155589 96471426
209155589 209807271
94124152 209807271
94124152 96477019
209155416 96477019
209155416 209799133
94125945 209799133
94125945 96490535
209153640 96490535
209153640 209775207
94127406 209775207
94127406 96509141
209149764 96509141
209149764 209769687
94132756 209769687
94132756 96522792
209140815 96522792
209140815 209747906
94133895 209747906
94133895 96533957
209122225 96533957
209122225 209746591
94142445 209746591
94142445 96537736
209101367 96537736
209101367 209740961
94142456 209740961
94142456 96541385
209100495 96541385
209100495 209724904
94145633 209724904
94145633 96557395
209086710 96557395
209086710 209714090
94170822 209714090
94170822 96565047
209070089 96565047
209070089 209695733
94171430 209695733
94171430 96566226
209051387 96566226
209051387 209669660
94193842 209669660
94193842 96574590
209043687 96574590
209043687 209668353
94194833 209668353
94194833 96586320
208996928 96586320
208996928 209663152
94222192 209663152
94222192 96595067
208991158 96595067
208991158 209659750
94230543 209659750
94230543 96599767
208978280 96599767
208978280 209649645
94240172 209649645
94240172 96624527
208959168 96624527
208959168 209643343
94248759 209643343
94248759 96640072
208957385 96640072
208957385 209641982
94260674 209641982
94260674 96674797
208956739 96674797
208956739 209632916
94261055 209632916
94261055 96695594
208952308 96695594
208952308 209629050
94272593 209629050
94272593 96709001
208950108 96709001
208950108 209626508
94287884 209626508
94287884 96713969
208931737 96713969
208931737 209625533
94319409 209625533
94319409 96718477
208917162 96718477
208917162 209611395
94323843 209611395
94323843 96741939
208915867 96741939
208915867 209588770
94342784 209588770
94342784 96743576
208907453 96743576
208907453 209582059
94343242 209582059
94343242 96749131
208899400 96749131
208899400 209577757
94357333 209577757
94357333 96767620
208886927 96767620
208886927 209576237
94368096 209576237
94368096 96776111
208880791 96776111
208880791 209574362
94371008 209574362
94371008 96778313
208856438 96778313
208856438 209566936
94389031 209566936
94389031 96778871
208836256 96778871
208836256 209566521
94395579 209566521
94395579 96791216
208835807 96791216
208835807 209566372
94398627 209566372
94398627 96794417
208833715 96794417
208833715 209557785
94439968 209557785
94439968 96811846
208832764 96811846
208832764 209540955
94450010 209540955
94450010 96819764
208819750 96819764
208819750 209534703
94452804 209534703
94452804 96828805
208812020 96828805
208812020 209531932
94458652 209531932
94458652 96882532
208810488 96882532
208810488 209526408
94462452 209526408
94462452 96890285
208794323 96890285
208794323 209524607
94464104 209524607
94464104 96896318
208789238 96896318
208789238 209504095
94474510 209504095
94474510 96902121
208785557 96902121
208785557 209488263
94479521 209488263
94479521 96929705
208771818 96929705
208771818 209483030
94491765 209483030
94491765 96937667
208748839 96937667
208748839 209481295
94495950 209481295
94495950 96940370
208733229 96940370
208733229 209474976
94512480 209474976
94512480 96940462
208704132 96940462
208704132 209467533
94522449 209467533
94522449 96945321
208694374 96945321
208694374 209445098
94522600 209445098
94522600 96950974
208674696 96950974
208674696 209439915
94531403 209439915
94531403 96951181
208665009 96951181
208665009 209427436
94548227 209427436
94548227 96956951
208652578 96956951
208652578 209427205
94549474 209427205
94549474 96957147
208614891 96957147
208614891 209424107
94561458 209424107
94561458 96964446
208611355 96964446
208611355 209423252
94563784 209423252
94563784 96980220
208595715 96980220
208595715 209420220
94586692 209420220
94586692 96984961
208591473 96984961
208591473 209406249
94591792 209406249
94591792 96985559
208589559 96985559
208589559 209401565
94601203 209401565
94601203 97001404
208589319 97001404
208589319 209390727
94603070 209390727
94603070 97031935
208578583 97031935
208578583 209388864
94626953 209388864
94626953 97031937
208576045 97031937
208576045 209387812
94631000 209387812
94631000 97038125
208574871 97038125
208574871 209382957
94650039 209382957
94650039 97048175
208571797 97048175
208571797 209375129
94662431 209375129
94662431 97052257
208564597 97052257
208564597 209365110
94670348 209365110
94670348 97055500
208547105 97055500
208547105 209363386
94677491 209363386
94677491 97081457
208531967 97081457
208531967 209354480
94679982 209354480
94679982 97083336
208528208 97083336
208528208 209353502
94683194 209353502
94683194 97098196
208510480 97098196
208510480 209340892
94697421 209340892
94697421 97101191
208501733 97101191
208501733 209337274
94698185 209337274
94698185 97122073
208481164 97122073
208481164 209329591
94720601 209329591
94720601 97149850
208469639 97149850
208469639 209327783
94722833 209327783
94722833 97157164
208455093 97157164
208455093 209321200
94723222 209321200
94723222 97159158
208443977 97159158
208443977 209308955
94723887 209308955
94723887 97166299
208436402 97166299
208436402 209290182
94749116 209290182
94749116 97166339
208406565 97166339
208406565 209276398
94755106 209276398
94755106 97171233
208394023 97171233
208394023 209266718
94760867 209266718
94760867 97187969
208388713 97187969
208388713 209258244
94763463 209258244
94763463 97197152
208379354 97197152
208379354 209257407
94764605 209257407
94764605 97200540
208358408 97200540
208358408 209237484
94793874 209237484
94793874 97207354
208342418 97207354
208342418 209235494
94818606 209235494
94818606 97222059
208337610 97222059
208337610 209232057
94820617 209232057
94820617 97227341
208333763 97227341
208333763 209215564
94821655 209215564
94821655 97248626
208326673 97248626
208326673 209209386
94832620 209209386
94832620 97260332
208323817 97260332
208323817 209206005
94841560 209206005
94841560 97265407
208319968 97265407
208319968 209196299
94884392 209196299
94884392 97288035
208297593 97288035
208297593 209193360
94886018 209193360
94886018 97291756
208291767 97291756
208291767 209187061
94896141 209187061
94896141 97293493
208284698 97293493
208284698 209184936
94896163 209184936
94896163 97308817
208283121 97308817
208283121 209184197
94897234 209184197
94897234 97316576
208264651 97316576
208264651 209178503
94905175 209178503
94905175 97336429
208253798 97336429
208253798 209173019
94908046 209173019
94908046 97364964
208223277 97364964
208223277 209167946
94910370 209167946
94910370 97370652
208210149 97370652
208210149 209164298
94932063 209164298
94932063 97377155
208165943 97377155
208165943 209161322
94941282 209161322
94941282 97386204
208153075 97386204
208153075 209161114
94946620 209161114
94946620 97387803
208152814 97387803
208152814 209148604
94957387 209148604
94957387 97398669
208128740 97398669
208128740 209138538
94959523 209138538
94959523 97399018
208120549 97399018
208120549 209137371
94991250 209137371
94991250 97406946
208117597 97406946
208117597 209136879
94992291 209136879
94992291 97417737
208089516 97417737
208089516 209132807
94994678 209132807
94994678 97429264
208088359 97429264
208088359 209125363
94997498 209125363
94997498 97431868
208085272 97431868
208085272 209116119
95003620 209116119
95003620 97452036
208077159 97452036
208077159 209115913
95006983 209115913
95006983 97457969
208042309 97457969
208042309 209104487
95023111 209104487
95023111 97461009
208030009 97461009
208030009 209092738
95024641 209092738
95024641 97495107
208022682 97495107
208022682 209080158
95087230 209080158
95087230 97498302
207994728 97498302
207994728 209068063
95102388 209068063
95102388 97508916
207982614 97508916
207982614 209047686
95103598 209047686
95103598 97518996
207980064 97518996
207980064 209043945
95104558 209043945
95104558 97524106
207956381 97524106
207956381 209043546
95118899 209043546
95118899 97528743
207949742 97528743
207949742 209035446
95134585 209035446
95134585 97557683
207941076 97557683
207941076 209033675
95136946 209033675
95136946 97558610
207925509 97558610
207925509 209024288
95159180 209024288
95159180 97564915
207921813 97564915
207921813 209020193
95162492 209020193
95162492 97572361
207908758 97572361
207908758 209011604
95176143 209011604
95176143 97577149
207904577 97577149
207904577 209002650
95198287 209002650
95198287 97584209
207903202 97584209
207903202 208997618
95212384 208997618
95212384 97586755
207900119 97586755
207900119 208982724
95225730 208982724
95225730 97593030
207855206 97593030
207855206 208968264
95237321 208968264
95237321 97597621
207850289 97597621
207850289 208953864
95242593 208953864
95242593 97611401
207847685 97611401
207847685 208944368
95258448 208944368
95258448 97621747
207837670 97621747
207837670 208941572
95261580 208941572
95261580 97637889
207837188 97637889
207837188 208931975
95263692 208931975
95263692 97642855
207833406 97642855
207833406 208898202
95289689 208898202
95289689 97684959
207833013 97684959
207833013 208882513
95292646 208882513
95292646 97711513
207823223 97711513
207823223 208865975
95304845 208865975
95304845 97715125
207820669 97715125
207820669 208857107
95311573 208857107
95311573 97715277
207820433 97715277
207820433 208856144
95321217 208856144
95321217 97724473
207819126 97724473
207819126 208847376
95347575 208847376
95347575 97731563
207799124 97731563
207799124 208845656
95353993 208845656
95353993 97741501
207792251 97741501
207792251 208842310
95364525 208842310
95364525 97752140
207783990 97752140
207783990 208837609
95375061 208837609
95375061 97782160
207768526 97782160
207768526 208826074
95375850 208826074
95375850 97808041
207767170 97808041
207767170 208797592
95377982 208797592
95377982 97809257
207762964 97809257
207762964 208794726
95378027 208794726
95378027 97831923
207746303 97831923
207746303 208788390
95386618 208788390
95386618 97846464
207743141 97846464
207743141 208781558
95422431 208781558
95422431 97849199
207708433 97849199
207708433 208780426
95441378 208780426
95441378 97849293
207698046 97849293
207698046 208774693
95448207 208774693
95448207 97853968
207676605 97853968
207676605 208759834
95451157 208759834
95451157 97863814
207641551 97863814
207641551 208755918
95455364 208755918
95455364 97881575
207617759 97881575
207617759 208739844
95463999 208739844
95463999 97884897
207616634 97884897
207616634 208735402
95481630 208735402
95481630 97888430
207616372 97888430
207616372 208725610
95483202 208725610
95483202 97905299
207593435 97905299
207593435 208723546
95490886 208723546
95490886 97906286
207576401 97906286
207576401 208719395
95498354 208719395
95498354 97910542
207576378 97910542
207576378 208710665
95507310 208710665
95507310 97920021
207563563 97920021
207563563 208700320
95510641 208700320
95510641 97924840
207525845 97924840
207525845 208694182
95520974 208694182
95520974 97930743
207521562 97930743
207521562 208691114
95523064 208691114
95523064 97944095
207490480 97944095
207490480 208682915
95525514 208682915
95525514 97949607
207489284 97949607
207489284 208680879
95531089 208680879
95531089 97953640
207481347 97953640
207481347 208674249
95538013 208674249
95538013 97956436
207477596 97956436
207477596 208673002
95538075 208673002
95538075 97967442
207473379 97967442
207473379 208669794
95539491 208669794
95539491 97978283
207461121 97978283
207461121 208660609
95540494 208660609
95540494 97984311
207459067 97984311
207459067 208658975
95543240 208658975
95543240 98017264
207455850 98017264
207455850 208652119
95608514 208652119
95608514 98023553
207410268 98023553
207410268 208643577
95609359 208643577
95609359 98030976
207400079 98030976
207400079 208637484
95655229 208637484
95655229 98040698
207396225 98040698
207396225 208630041
95657636 208630041
95657636 98047445
207368592 98047445
207368592 208613578
95672833 208613578
95672833 98050344
207357470 98050344
207357470 208601071
95680545 208601071
95680545 98050628
207351956 98050628
207351956 208597116
95684553 208597116
95684553 98059913
207321454 98059913
207321454 208594323
95690879 208594323
95690879 98070445
207315818 98070445
207315818 208587091
95692975 208587091
95692975 98077708
207315025 98077708
207315025 208582699
95700266 208582699
95700266 98080179
207305560 98080179
207305560 208581951
95716450 208581951
95716450 98108676
207304296 98108676
207304296 208581523
95722317 208581523
95722317 98117078
207292369 98117078
207292369 208575268
95737952 208575268
95737952 98121922
207275039 98121922
207275039 208574398
95767195 208574398
95767195 98123470
207243051 98123470
207243051 208551477
95769774 208551477
95769774 98124244
207241359 98124244
207241359 208550348
95771048 208550348
95771048 98129117
207227296 98129117
207227296 208546611
95784608 208546611
95784608 98152672
207183206 98152672
207183206 208542755
95795901 208542755
95795901 98154775
207180035 98154775
207180035 208537935
95824001 208537935
95824001 98172827
207179509 98172827
207179509 208527482
95831477 208527482
95831477 98178861
207178220 98178861
207178220 208518380
95831856 208518380
95831856 98181581
207165877 98181581
207165877 208506254
95847199 208506254
95847199 98206974
207156596 98206974
207156596 208482847
95850456 208482847
95850456 98226206
207152823 98226206
207152823 208476334
95854759 208476334
95854759 98241010
207142620 98241010
207142620 208475127
95855259 208475127
95855259 98244982
207141895 98244982
207141895 208441076
95862638 208441076
95862638 98250605
207140942 98250605
207140942 208438575
95871520 208438575
95871520 98299678
207120656 98299678
207120656 208435671
95905142 208435671
95905142 98307744
207119732 98307744
207119732 208435222
95906098 208435222
95906098 98314847
207111908 98314847
207111908 208430666
95908319 208430666
95908319 98319602
207107256 98319602
207107256 208421735
95919802 208421735
95919802 98323907
207099649 98323907
207099649 208418474
95921556 208418474
95921556 98356991
207075120 98356991
207075120 208370509
95931350 208370509
95931350 98374444
207068611 98374444
207068611 208370258
95937768 208370258
95937768 98394105
207059949 98394105
207059949 208360035
95941014 208360035
95941014 98415763
207057420 98415763
207057420 208349626
95944173 208349626
95944173 98422448
207054064 98422448
207054064 208321977
95960873 208321977
95960873 98428504
207039930 98428504
207039930 208314332
95978966 208314332
95978966 98432405
207033719 98432405
207033719 208298824
95983384 208298824
95983384 98432825
207019301 98432825
207019301 208293558
95984519 208293558
95984519 98448131
207014065 98448131
207014065 208274550
95989122 208274550
95989122 98463376
207003776 98463376
207003776 208270758
95989778 208270758
95989778 98485253
207002663 98485253
207002663 208258169
95989917 208258169
95989917 98493402
206966011 98493402
206966011 208253327
96014565 208253327
96014565 98516498
206956090 98516498
206956090 208251356
96017534 208251356
96017534 98525317
206926665 98525317
206926665 208243449
96050196 208243449
96050196 98527567
206917584 98527567
206917584 208242318
96051179 208242318
96051179 98531477
206911911 98531477
206911911 208232236
96054238 208232236
96054238 98535824
206904197 98535824
206904197 208202136
96075086 208202136
96075086 98553956
206879116 98553956
206879116 208195665
96078987 208195665
96078987 98612057
206854199 98612057
206854199 208169790
96080452 208169790
96080452 98623923
206849638 98623923
206849638 208158041
96082017 208158041
96082017 98624674
206843643 98624674
206843643 208148633
96084456 208148633
96084456 98636780
206839890 98636780
206839890 208140455
96116157 208140455
96116157 98650151
206837567 98650151
206837567 208140144
96119756 208140144
96119756 98651006
206832706 98651006
206832706 208136363
96135506 208136363
96135506 98656900
206802935 98656900
206802935 208128905
96160399 208128905
96160399 98660984
206771917 98660984
206771917 208124630
96170648 208124630
96170648 98661884
206748724 98661884
206748724 208116936
96197057 208116936
96197057 98677831
206747805 98677831
206747805 208086281
96202225 208086281
96202225 98697579
206745411 98697579
206745411 208079925
96207425 208079925
96207425 98754096
206735106 98754096
206735106 208077523
96207748 208077523
96207748 98754212
206734343 98754212
206734343 208073114
96224583 208073114
96224583 98755161
206733010 98755161
206733010 208057846
96232901 208057846
96232901 98759297
206722299 98759297
206722299 208047168
96244554 208047168
96244554 98760671
206716435 98760671
206716435 208030360
96244844 208030360
96244844 98787266
206715980 98787266
206715980 208027930
96246107 208027930
96246107 98799352
206702847 98799352
206702847 208012891
96261061 208012891
96261061 98802953
206700179 98802953
206700179 208004596
96264417 208004596
96264417 98808666
206698434 98808666
206698434 208003542
96266136 208003542
96266136 98834352
206672332 98834352
206672332 207996826
96266399 207996826
96266399 98835310
206651667 98835310
206651667 207989730
96274780 207989730
96274780 98840980
206648226 98840980
206648226 207980733
96277017 207980733
96277017 98853292
206644726 98853292
206644726 207976746
96284040 207976746
96284040 98855524
206597405 98855524
206597405 207974174
96284959 207974174
96284959 98864289
206593092 98864289
206593092 207953475
96290189 207953475
96290189 98865114
206565568 98865114
206565568 207951830
96299965 207951830
96299965 98867009
206549560 98867009
206549560 207932679
96304822 207932679
96304822 98869188
206540089 98869188
206540089 207923837
96321243 207923837
96321243 98902823
206525611 98902823
206525611 207918185
96343617 207918185
96343617 98903861
206493125 98903861
206493125 207917530
96348885 207917530
96348885 98909346
206488981 98909346
206488981 207915785
96363866 207915785
96363866 98921067
206479461 98921067
206479461 207910172
96364766 207910172
96364766 98933414
206475900 98933414
206475900 207900750
96364969 207900750
96364969 98941049
206472672 98941049
206472672 207898475
96406174 207898475
96406174 98979533
206465368 98979533
206465368 207897624
96412512 207897624
96412512 98982260
206400503 98982260
206400503 207894333
96445463 207894333
96445463 98993287
206360366 98993287
206360366 207878912
96453342 207878912
96453342 98997182
206356589 98997182
206356589 207872605
96453634 207872605
96453634 99001009
206350955 99001009
206350955 207864280
96462001 207864280
96462001 99021341
206344715 99021341
206344715 207835401
96470514 207835401
96470514 99021822
206338236 99021822
206338236 207825063
96475968 207825063
96475968 99029677
206312663 99029677
206312663 207815702
96476838 207815702
96476838 99030596
206306428 99030596
206306428 207813482
96484659 207813482
96484659 99037334
206293737 99037334
206293737 207804865
96486720 207804865
96486720 99041702
206283578 99041702
206283578 207794168
96488053 207794168
96488053 99051216
206277571 99051216
206277571 207787209
96495820 207787209
96495820 99062725
206275109 99062725
206275109 207786455
96498252 207786455
96498252 99084784
206259772 99084784
206259772 207759749
96515712 207759749
96515712 99084815
206255985 99084815
206255985 207758408
96516846 207758408
96516846 99092570
206245186 99092570
206245186 207757052
96523313 207757052
96523313 99112253
206228068 99112253
206228068 207754423
96532221 207754423
96532221 99114958
206227169 99114958
206227169 207744366
96549183 207744366
96549183 99115042
206222290 99115042
206222290 207741905
96572980 207741905
96572980 99115899
206222211 99115899
206222211 207731618
96578345 207731618
96578345 99122592
206184717 99122592
206184717 207726288
96596025 207726288
96596025 99130475
206180027 99130475
206180027 207720379
96608084 207720379
96608084 99152121
206178405 99152121
206178405 207707711
96610279 207707711
96610279 99152187
206170240 99152187
206170240 207706464
96623101 207706464
96623101 99159510
206169173 99159510
206169173 207700877
96624511 207700877
96624511 99189508
206168255 99189508
206168255 207691747
96628689 207691747
96628689 99203375
206163906 99203375
206163906 207691355
96632022 207691355
96632022 99204551
206162151 99204551
206162151 207686306
96637596 207686306
96637596 99208925
206159421 99208925
206159421 207679069
96668880 207679069
96668880 99214083
206135173 99214083
206135173 207676390
96672749 207676390
96672749 99223358
206132393 99223358
206132393 207671628
96685374 207671628
96685374 99227807
206090391 99227807
206090391 207667972
96695368 207667972
96695368 99233466
206072873 99233466
206072873 207666875
96697667 207666875
96697667 99239352
206041309 99239352
206041309 207650529
96697865 207650529
96697865 99250017
206028940 99250017
206028940 207647395
96703917 207647395
96703917 99252200
206011617 99252200
206011617 207641532
96707656 207641532
96707656 99297414
205983228 99297414
205983228 207601489
96708054 207601489
96708054 99297695
205968630 99297695
205968630 207577694
96717682 207577694
96717682 99314848
205967240 99314848
205967240 207576574
96721412 207576574
96721412 99320499
205950880 99320499
205950880 207569666
96725573 207569666
96725573 99331785
205946508 99331785
205946508 207529631
96727527 207529631
96727527 99345670
205944877 99345670
205944877 207524694
96738074 207524694
96738074 99348602
205942854 99348602
205942854 207521409
96743557 207521409
96743557 99381528
205933880 99381528
205933880 207516126
96745150 207516126
96745150 99390477
205919011 99390477
205919011 207491691
96746655 207491691
96746655 99390994
205902387 99390994
205902387 207490589
96757506 207490589
96757506 99407419
205888244 99407419
205888244 207473435
96774348 207473435
96774348 99408287
205885843 99408287
205885843 207471088
96791766 207471088
96791766 99415900
205878316 99415900
205878316 207461766
96793746 207461766
96793746 99448613
205875689 99448613
205875689 207452066
96813997 207452066
96813997 99455346
205871573 99455346
205871573 207446321
96848373 207446321
96848373 99457427
205862373 99457427
205862373 207443117
96856337 207443117
96856337 99461116
205853768 99461116
205853768 207442312
96858416 207442312
96858416 99466328
205844315 99466328
205844315 207440877
96887280 207440877
96887280 99467205
205842531 99467205
205842531 207435140
96904841 207435140
96904841 99468117
205804354 99468117
205804354 207423995
96924741 207423995
96924741 99469224
205794017 99469224
205794017 207415962
96929965 207415962
96929965 99490556
205759828 99490556
205759828 207406415
96930513 207406415
96930513 99508937
205750942 99508937
205750942 207406063
96934234 207406063
96934234 99511922
205734227 99511922
205734227 207394579
96951798 207394579
96951798 99518358
205731288 99518358
205731288 207391545
96968085 207391545
96968085 99529948
205719255 99529948
205719255 207387923
96975845 207387923
96975845 99532162
205694094 99532162
205694094 207386865
96986635 207386865
96986635 99543734
205668623 99543734
205668623 207379538
96990251 207379538
96990251 99544651
205645624 99544651
205645624 207365640
97006691 207365640
97006691 99565997
205642478 99565997
205642478 207324557
97016043 207324557
97016043 99566993
205635374 99566993
205635374 207306686
97026585 207306686
97026585 99607275
205586486 99607275
205586486 207304378
97027395 207304378
97027395 99621282
205580912 99621282
205580912 207303824
97033256 207303824
97033256 99622598
205566726 99622598
205566726 207302304
97051801 207302304
97051801 99629558
205565293 99629558
205565293 207299800
97055369 207299800
97055369 99632675
205558442 99632675
205558442 207299572
97056878 207299572
97056878 99669486
205553115 99669486
205553115 207284729
97058306 207284729
97058306 99670430
205552270 99670430
205552270 207278975
97061898 207278975
97061898 99671185
205546327 99671185
205546327 207273409
97068760 207273409
97068760 99673528
205530946 99673528
205530946 207260771
97069925 207260771
97069925 99684481
205530861 99684481
205530861 207251921
97076510 207251921
97076510 99690352
205529459 99690352
205529459 207244395
97076736 207244395
97076736 99696927
205517094 99696927
205517094 207227220
97117265 207227220
97117265 99703186
205481874 99703186
205481874 207226514
97143162 207226514
97143162 99714288
205427946 99714288
205427946 207220842
97163136 207220842
97163136 99714841
205421062 99714841
205421062 207218767
97167451 207218767
97167451 99736645
205413168 99736645
205413168 207207471
97181152 207207471
97181152 99758264
205410221 99758264
205410221 207197707
97190320 207197707
97190320 99770247
205392142 99770247
205392142 207182082
97199828 207182082
97199828 99770452
205387139 99770452
205387139 207179605
97214465 207179605
97214465 99802863
205381468 99802863
205381468 207158275
97217937 207158275
97217937 99810971
205374497 99810971
205374497 207156149
97226760 207156149
97226760 99829078
205370187 99829078
205370187 207155435
97226982 207155435
97226982 99830936
205358679 99830936
205358679 207144258
97242008 207144258
97242008 99832024
205342337 99832024
205342337 207140377
97242703 207140377
97242703 99832442
205342020 99832442
205342020 207139758
97252187 207139758
97252187 99834179
205340570 99834179
205340570 207137110
97254676 207137110
97254676 99838150
205335766 99838150
205335766 207135605
97275301 207135605
97275301 99859653
205327565 99859653
205327565 207127277
97278553 207127277
97278553 99894212
205311441 99894212
205311441 207116772
97299637 207116772
97299637 99902574
205286743 99902574
205286743 207107435
97303688 207107435
97303688 99915086
205285420 99915086
205285420 207084493
97321698 207084493
97321698 99923309
205283999 99923309
205283999 207079859
97332478 207079859
97332478 99923897
205276175 99923897
205276175 207077630
97346207 207077630
97346207 99926318
205269863 99926318
205269863 207070211
97348059 207070211
97348059 99933977
205265482 99933977
205265482 207041026
97351165 207041026
97351165 99940734
205265121 99940734
205265121 207031900
97355875 207031900
97355875 99972282
205237357 99972282
205237357 207022826
97380180 207022826
97380180 99974459
205226123 99974459
205226123 207019149
97394346 207019149
97394346 99990089
205220055 99990089
205220055 207013475
97395862 207013475
97395862 100007929
205214201 100007929
205214201 206997002
97431544 206997002
97431544 100008315
205202935 100008315
205202935 206989235
97436721 206989235
97436721 100027981
205197702 100027981
205197702 206987331
97442707 206987331
97442707 100034118
205191297 100034118
205191297 206977776
97456868 206977776
97456868 100035458
205187644 100035458
205187644 206961981
97460289 206961981
97460289 100037931
205181036 100037931
205181036 206949442
97465497 206949442
97465497 100038667
205158768 100038667
205158768 206938798
97468073 206938798
97468073 100047630
205144734 100047630
205144734 206925612
97468128 206925612
97468128 100060698
205138632 100060698
205138632 206925111
97472458 206925111
97472458 100061826
205128472 100061826
205128472 206920720
97481437 206920720
97481437 100063562
205124291 100063562
205124291 206913847
97493187 206913847
97493187 100077265
205103928 100077265
205103928 206907130
97494619 206907130
97494619 100085001
205094818 100085001
205094818 206898908
97496873 206898908
97496873 100094713
205085861 100094713
205085861 206889654
97504286 206889654
97504286 100114102
205053566 100114102
205053566 206879520
97507210 206879520
97507210 100138258
205042304 100138258
205042304 206874625
97512085 206874625
97512085 100140154
205032774 100140154
205032774 206873400
97523011 206873400
97523011 100150215
205009850 100150215
205009850 206859277
97531597 206859277
97531597 100171417
204982973 100171417
204982973 206857830
97562760 206857830
97562760 100176047
204973235 100176047
204973235 206851132
97564038 206851132
97564038 100190802
204953095 100190802
204953095 206846170
97570841 206846170
97570841 100203414
204944657 100203414
204944657 206831326
97571607 206831326
97571607 100227835
204933328 100227835
204933328 206828700
97574364 206828700
97574364 100239483
204925960 100239483
204925960 206811151
97576098 206811151
97576098 100244457
204923894 100244457
204923894 206793829
97585418 206793829
97585418 100259547
204905128 100259547
204905128 206792615
97586005 206792615
97586005 100262411
204904585 100262411
204904585 206783325
97612041 206783325
97612041 100265599
204899465 100265599
204899465 206780021
97614475 206780021
97614475 100301030
204865934 100301030
204865934 206757814
97623310 206757814
97623310 100312792
204854563 100312792
204854563 206731505
97630958 206731505
97630958 100317119
204850881 100317119
204850881 206728644
97635458 206728644
97635458 100333850
204801424 100333850
204801424 206727152
97650275 206727152
97650275 100361982
204800700 100361982
204800700 206726383
97657123 206726383
97657123 100363908
204793380 100363908
204793380 206721594
97658297 206721594
97658297 100365447
204784255 100365447
204784255 206682228
97674079 206682228
97674079 100369096
204783084 100369096
204783084 206649063
97674868 206649063
97674868 100373577
204768393 100373577
204768393 206636165
97682260 206636165
97682260 100377399
204761365 100377399
204761365 206632728
97710068 206632728
97710068 100381930
204757555 100381930
204757555 206620163
97711784 206620163
97711784 100390855
204751871 100390855
204751871 206604091
97721456 206604091
97721456 100401030
204733319 100401030
204733319 206602592
97725494 206602592
97725494 100410380
204727451 100410380
204727451 206600079
97725866 206600079
97725866 100411553
204703199 100411553
204703199 206596129
97742408 206596129
97742408 100440491
204688062 100440491
204688062 206592502
97747660 206592502
97747660 100452115
204687772 100452115
204687772 206576184
97750450 206576184
97750450 100467679
204683954 100467679
204683954 206561640
97757109 206561640
97757109 100471871
204683047 100471871
204683047 206558139
97758408 206558139
97758408 100475357
204680148 100475357
204680148 206556982
97760016 206556982
97760016 100476890
204672531 100476890
204672531 206550218
97797201 206550218
97797201 100485925
204640839 100485925
204640839 206534145
97806330 206534145
97806330 100497460
204613131 100497460
204613131 206525993
97822354 206525993
97822354 100514375
204607062 100514375
204607062 206512661
97849455 206512661
97849455 100515980
204606603 100515980
204606603 206510480
97866047 206510480
97866047 100518258
204588988 100518258
204588988 206495503
97869883 206495503
97869883 100530277
204585724 100530277
204585724 206493845
97874558 206493845
97874558 100566024
204575429 100566024
204575429 206491777
97875667 206491777
97875667 100605326
204547265 100605326
204547265 206460938
97876013 206460938
97876013 100611537
204542148 100611537
204542148 206453596
97877859 206453596
97877859 100629267
204524099 100629267
204524099 206453422
97884183 206453422
97884183 100640804
204494744 100640804
204494744 206453007
97889174 206453007
97889174 100641247
204483529 100641247
204483529 206452136
97905267 206452136
97905267 100641904
204466588 100641904
204466588 206451419
97917017 206451419
97917017 100652179
204463444 100652179
204463444 206448792
97923810 206448792
97923810 100660860
204462794 100660860
204462794 206417743
97924017 206417743
97924017 100668001
204455574 100668001
204455574 206408431
97930736 206408431
97930736 100677851
204444848 100677851
204444848 206398125
97946683 206398125
97946683 100678637
204439475 100678637
204439475 206392262
97954453 206392262
97954453 100690091
204422928 100690091
204422928 206362125
97968739 206362125
97968739 100708420
204415264 100708420
204415264 206351936
97969198 206351936
97969198 100717123
204415103 100717123
204415103 206343738
97995355 206343738
97995355 100726147
204405775 100726147
204405775 206339368
97996962 206339368
97996962 100729182
204400355 100729182
204400355 206327190
98003482 206327190
98003482 100751746
204394734 100751746
204394734 206308394
98005797 206308394
98005797 100764501
204384405 100764501
204384405 206307295
98008503 206307295
98008503 100769830
204378623 100769830
204378623 206306995
98019732 206306995
98019732 100797580
204366586 100797580
204366586 206294641
98028662 206294641
98028662 100804660
204360006 100804660
204360006 206286101
98033928 206286101
98033928 100808762
204355279 100808762
204355279 206282394
98068832 206282394
98068832 100814565
204342924 100814565
204342924 206281059
98070970 206281059
98070970 100816025
204340780 100816025
204340780 206280490
98080414 206280490
98080414 100836551
204336253 100836551
204336253 206264037
98090866 206264037
98090866 100839092
204291538 100839092
204291538 206261303
98091843 206261303
98091843 100848509
204287281 100848509
204287281 206261252
98095336 206261252
98095336 100852747
204283007 100852747
204283007 206249277
98096330 206249277
98096330 100858389
204268499 100858389
204268499 206234448
98107432 206234448
98107432 100875246
204241289 100875246
204241289 206215326
98118736 206215326
98118736 100886596
204236641 100886596
204236641 206205423
98143659 206205423
98143659 100890512
204215063 100890512
204215063 206199328
98144003 206199328
98144003 100893730
204215019 100893730
204215019 206166995
98144088 206166995
98144088 100895534
204210109 100895534
204210109 206159545
98144765 206159545
98144765 100920427
204205829 100920427
204205829 206158873
98172813 206158873
98172813 100932231
204204339 100932231
204204339 206145181
98215632 206145181
98215632 100936856
204204203 100936856
204204203 206142159
98217328 206142159
98217328 100946522
204190109 100946522
204190109 206128559
98219720 206128559
98219720 100948631
204184738 100948631
204184738 206119893
98220269 206119893
98220269 100952110
204160680 100952110
204160680 206119593
98227202 206119593
98227202 100956085
204119640 100956085
204119640 206118515
98238361 206118515
98238361 100984877
204097482 100984877
204097482 206113684
98240421 206113684
98240421 100990689
204089198 100990689
204089198 206078144
98245729 206078144
98245729 100992509
204073184 100992509
204073184 206067770
98266180 206067770
98266180 100997045
204061777 100997045
204061777 206064734
98290156 206064734
98290156 101004318
204042623 101004318
204042623 206054563
98310747 206054563
98310747 101006826
204040269 101006826
204040269 206047831
98321547 206047831
98321547 101010499
204024234 101010499
204024234 206039587
98361692 206039587
98361692 101017603
204021260 101017603
204021260 206026836
98371795 206026836
98371795 101035832
204014335 101035832
204014335 206024224
98372526 206024224
98372526 101043956
203994481 101043956
203994481 206003221
98390564 206003221
98390564 101044398
203991324 101044398
203991324 205997491
98394225 205997491
98394225 101049101
203933537 101049101
203933537 205981070
98437480 205981070
98437480 101052850
203903984 101052850
203903984 205974844
98438271 205974844
98438271 101057859
203902062 101057859
203902062 205970924
98439292 205970924
98439292 101059929
203886641 101059929
203886641 205962732
98444942 205962732
98444942 101080098
203877902 101080098
203877902 205957089
98448276 205957089
98448276 101085035
203872353 101085035
203872353 205953061
98448702 205953061
98448702 101086681
203868530 101086681
203868530 205939951
98459725 205939951
98459725 101107627
203856636 101107627
203856636 205931735
98469119 205931735
98469119 101107852
203855708 101107852
203855708 205922893
98472468 205922893
98472468 101114113
203845261 101114113
203845261 205918057
98473360 205918057
98473360 101116932
203837186 101116932
203837186 205865472
98491419 205865472
98491419 101130348
203829749 101130348
203829749 205863438
98496858 205863438
98496858 101154181
203823819 101154181
203823819 205853115
98503811 205853115
98503811 101160322
203813441 101160322
203813441 205840548
98503984 205840548
98503984 101169169
203811156 101169169
203811156 205820571
98504038 205820571
98504038 101169330
203804432 101169330
203804432 205817416
98512589 205817416
98512589 101181385
203786574 101181385
203786574 205813437
98514108 205813437
98514108 101204073
203770519 101204073
203770519 205806020
98517648 205806020
98517648 101206021
203759407 101206021
203759407 205803277
98517800 205803277
98517800 101207870
203758768 101207870
203758768 205792618
98519984 205792618
98519984 101210002
203752327 101210002
203752327 205764079
98521592 205764079
98521592 101254717
203751306 101254717
203751306 205755153
98530800 205755153
98530800 101265051
203739556 101265051
203739556 205740756
98548417 205740756
98548417 101273666
203685015 101273666
203685015 205739507
98561318 205739507
98561318 101278791
203662341 101278791
203662341 205736325
98570661 205736325
98570661 101283613
203656994 101283613
203656994 205730591
98572753 205730591
98572753 101283852
203650912 101283852
203650912 205727101
98575401 205727101
98575401 101293596
203641958 101293596
203641958 205726762
98583790 205726762
98583790 101298320
203635053 101298320
203635053 205714184
98593548 205714184
98593548 101302720
203633579 101302720
203633579 205704633
98600555 205704633
98600555 101314269
203633527 101314269
203633527 205692271
98603948 205692271
98603948 101351300
203613085 101351300
203613085 205668082
98610696 205668082
98610696 101360892
203612929 101360892
203612929 205646834
98630841 205646834
98630841 101363751
203612504 101363751
203612504 205626261
98638453 205626261
98638453 101368160
203612091 101368160
203612091 205614891
98652748 205614891
98652748 101370083
203609513 101370083
203609513 205593365
98670644 205593365
98670644 101373529
203599348 101373529
203599348 205577681
98676386 205577681
98676386 101392875
203596615 101392875
203596615 205576694
98680961 205576694
98680961 101412961
203589474 101412961
203589474 205567378
98688818 205567378
98688818 101438191
203547944 101438191
203547944 205559960
98690992 205559960
98690992 101439543
203542551 101439543
203542551 205555611
98695368 205555611
98695368 101478525
203540929 101478525
203540929 205555073
98708232 205555073
98708232 101480120
203536536 101480120
203536536 205547157
98715856 205547157
98715856 101498815
203534315 101498815
203534315 205540638
98719001 205540638
98719001 101503099
203526337 101503099
203526337 205536852
98732697 205536852
98732697 101506926
203496735 101506926
203496735 205532741
98740186 205532741
98740186 101511281
203489262 101511281
203489262 205530236
98741256 205530236
98741256 101511969
203480007 101511969
203480007 205517798
98743264 205517798
98743264 101512719
203467372 101512719
203467372 205513953
98795560 205513953
98795560 101512922
203465895 101512922
203465895 205501510
98801880 205501510
98801880 101521008
203457982 101521008
203457982 205499550
98818475 205499550
98818475 101592338
203452676 101592338
203452676 205497528
98822415 205497528
98822415 101602000
203411266 101602000
203411266 205497041
98828768 205497041
98828768 101612961
203398014 101612961
203398014 205492037
98831823 205492037
98831823 101614606
203374934 101614606
203374934 205489621
98837755 205489621
98837755 101637451
203362222 101637451
203362222 205488787
98852503 205488787
98852503 101637882
203352526 101637882
203352526 205478660
98865571 205478660
98865571 101649149
203330346 101649149
203330346 205451289
98881472 205451289
98881472 101657672
203323732 101657672
203323732 205445074
98907123 205445074
98907123 101659801
203317442 101659801
203317442 205435482
98913499 205435482
98913499 101659857
203271138 101659857
203271138 205412050
98919834 205412050
98919834 101676923
203270553 101676923
203270553 205403802
98944173 205403802
98944173 101699447
203238606 101699447
203238606 205397852
98950438 205397852
98950438 101707144
203229620 101707144
203229620 205388789
98957843 205388789
98957843 101712965
203227088 101712965
203227088 205383412
98967456 205383412
98967456 101737026
203208864 101737026
203208864 205371143
98973397 205371143
98973397 101755465
203195191 101755465
203195191 205370981
98977532 205370981
98977532 101755528
203182927 101755528
203182927 205364008
98980221 205364008
98980221 101775698
203180235 101775698
203180235 205363613
98981689 205363613
98981689 101785204
203169948 101785204
203169948 205360781
98991498 205360781
98991498 101788031
203168065 101788031
203168065 205337299
98992168 205337299
98992168 101811489
203162444 101811489
203162444 205335816
99005753 205335816
99005753 101823771
203160786 101823771
203160786 205322700
99010875 205322700
99010875 101827130
203159922 101827130
203159922 205319105
99027910 205319105
99027910 101834461
203134494 101834461
203134494 205318530
99037510 205318530
99037510 101838417
203115290 101838417
203115290 205317028
99040758 205317028
99040758 101845354
203100586 101845354
203100586 205287695
99042583 205287695
99042583 101848644
203092637 101848644
203092637 205280637
99070578 205280637
99070578 101855079
203077912 101855079
203077912 205278174
99085331 205278174
99085331 101878411
203006447 101878411
203006447 205268314
99110901 205268314
99110901 101889823
202987602 101889823
202987602 205267397
99120146 205267397
99120146 101890319
202931176 101890319
202931176 205259748
99126327 205259748
99126327 101893223
202925267 101893223
202925267 205253871
99151699 205253871
99151699 101898058
202910945 101898058
202910945 205251502
99164628 205251502
99164628 101903626
202908940 101903626
202908940 205250344
99171592 205250344
99171592 101924675
202898314 101924675
202898314 205226849
99175040 205226849
99175040 101926153
202879898 101926153
202879898 205225157
99196994 205225157
99196994 101931185
202851224 101931185
202851224 205220001
99220263 205220001
99220263 101932426
202847386 101932426
202847386 205217802
99233686 205217802
99233686 101943245
202826663 101943245
202826663 205195868
99245224 205195868
99245224 101960487
202824282 101960487
202824282 205195147
99268245 205195147
99268245 101967100
202820583 101967100
202820583 205184578
99268472 205184578
99268472 101971665
202799113 101971665
202799113 205172256
99269938 205172256
99269938 101983476
202796454 101983476
202796454 205150161
99270728 205150161
99270728 101984760
202794037 101984760
202794037 205137941
99276297 205137941
99276297 102002869
202792224 102002869
202792224 205128189
99290680 205128189
99290680 102018670
202773561 102018670
202773561 205112671
99298420 205112671
99298420 102020757
202768783 102020757
202768783 205108965
99310014 205108965
99310014 102033409
202750292 102033409
202750292 205083604
99316460 205083604
99316460 102040030
202738538 102040030
202738538 205080888
99317641 205080888
99317641 102057978
202735140 102057978
202735140 205075134
99323737 205075134
99323737 102074696
202706817 102074696
202706817 205063183
99338778 205063183
99338778 102079124
202704012 102079124
202704012 205063171
99348947 205063171
99348947 102083169
202700835 102083169
202700835 205059586
99361771 205059586
99361771 102143173
202694784 102143173
202694784 205052738
99368553 205052738
99368553 102148193
202684819 102148193
202684819 205048745
99370845 205048745
99370845 102157080
202681062 102157080
202681062 205029760
99386432 205029760
99386432 102173397
202676959 102173397
202676959 205017030
99401131 205017030
99401131 102203705
202672390 102203705
202672390 205012949
99402753 205012949
99402753 102220342
202655779 102220342
202655779 204997468
99405015 204997468
99405015 102232683
202650043 102232683
202650043 204994438
99407628 204994438
99407628 102237236
202645345 102237236
202645345 204993964
99425472 204993964
99425472 102240496
202643868 102240496
202643868 204968225
99426232 204968225
99426232 102248173
202635286 102248173
202635286 204961645
99429278 204961645
99429278 102278474
202622880 102278474
202622880 204958480
99436331 204958480
99436331 102292158
202605476 102292158
202605476 204942481
99438740 204942481
99438740 102335790
202605188 102335790
202605188 204935172
99438884 204935172
99438884 102335839
202599691 102335839
202599691 204931665
99446420 204931665
99446420 102342430
202594591 102342430
202594591 204928036
99456903 204928036
99456903 102349636
202583873 102349636
202583873 204927794
99461270 204927794
99461270 102387388
202577518 102387388
202577518 204923927
99461851 204923927
99461851 102403919
202575084 102403919
202575084 204920780
99473178 204920780
99473178 102410260
202571119 102410260
202571119 204914205
99486723 204914205
99486723 102413646
202565375 102413646
202565375 204883887
99489688 204883887
99489688 102421082
202552602 102421082
202552602 204874811
99494589 204874811
99494589 102431350
202552483 102431350
202552483 204869836
99505986 204869836
99505986 102439741
202548917 102439741
202548917 204862559
99523623 204862559
99523623 102440133
202496280 102440133
202496280 204850194
99524170 204850194
99524170 102477318
202480490 102477318
202480490 204847806
99534040 204847806
99534040 102478249
202450617 102478249
202450617 204822881
99538171 204822881
99538171 102484570
202449644 102484570
202449644 204791960
99539540 204791960
99539540 102501124
202443828 102501124
202443828 204776680
99541076 204776680
99541076 102506720
202439527 102506720
202439527 204771612
99541537 204771612
99541537 102508153
202439496 102508153
202439496 204770794
99556816 204770794
99556816 102514480
202399561 102514480
202399561 204768532
99557448 204768532
99557448 102514933
202391840 102514933
202391840 204743948
99560934 204743948
99560934 102520112
202383253 102520112
202383253 204740800
99575461 204740800
99575461 102536254
202323801 102536254
202323801 204740503
99586019 204740503
99586019 102537356
202312396 102537356
202312396 204714776
99598836 204714776
99598836 102539569
202288370 102539569
202288370 204706460
99620066 204706460
99620066 102540809
202275464 102540809
202275464 204684047
99627245 204684047
99627245 102603299
202274804 102603299
202274804 204656982
99639573 204656982
99639573 102606469
202267177 102606469
202267177 204653076
99645108 204653076
99645108 102606688
202251370 102606688
202251370 204648092
99664390 204648092
99664390 102608171
202251229 102608171
202251229 204641780
99690269 204641780
99690269 102609483
202245741 102609483
202245741 204638251
99721815 204638251
99721815 102615119
202245615 102615119
202245615 204637923
99724122 204637923
99724122 102632498
202234639 102632498
202234639 204622345
99726695 204622345
99726695 102637139
202229832 102637139
202229832 204589838
99729050 204589838
99729050 102638875
202206168 102638875
202206168 204587488
99740251 204587488
99740251 102642987
202200996 102642987
202200996 204580511
99761063 204580511
99761063 102645397
202189246 102645397
202189246 204576814
99770651 204576814
99770651 102652061
202182262 102652061
202182262 204573166
99784076 204573166
99784076 102652591
202176751 102652591
202176751 204563101
99789522 204563101
99789522 102656989
202157142 102656989
202157142 204552259
99790535 204552259
99790535 102659418
202122095 102659418
202122095 204550396
99797062 204550396
99797062 102664089
202120892 102664089
202120892 204549904
99805890 204549904
99805890 102664214
202109710 102664214
202109710 204549782
99806283 204549782
99806283 102669708
202089970 102669708
202089970 204542917
99816321 204542917
99816321 102673393
202078612 102673393
202078612 204542906
99816743 204542906
99816743 102709519
202073648 102709519
202073648 204541889
99820137 204541889
99820137 102730636
202052984 102730636
202052984 204509278
99828550 204509278
99828550 102744736
202049594 102744736
202049594 204506649
99842951 204506649
99842951 102752858
202024719 102752858
202024719 204501312
99859127 204501312
99859127 102753698
202014306 102753698
202014306 204497818
99859777 204497818
99859777 102757146
201999240 102757146
201999240 204497524
99885493 204497524
99885493 102778256
201995268 102778256
201995268 204494599
99897348 204494599
99897348 102786419
201994058 102786419
201994058 204486046
99899671 204486046
99899671 102793559
201991761 102793559
201991761 204481077
99901421 204481077
99901421 102793888
201983391 102793888
201983391 204477882
99907479 204477882
99907479 102806079
201969139 102806079
201969139 204472632
99919105 204472632
99919105 102847356
201950681 102847356
201950681 204470402
99921711 204470402
99921711 102856591
201949878 102856591
201949878 204469706
99922289 204469706
99922289 102866930
201911686 102866930
201911686 204464189
99932712 204464189
99932712 102881445
201894654 102881445
201894654 204449221
99935146 204449221
99935146 102884861
201890591 102884861
201890591 204432080
99939962 204432080
99939962 102901118
201877702 102901118
201877702 204396239
99944295 204396239
99944295 102902896
201875883 102902896
201875883 204376420
99945697 204376420
99945697 102903306
201870537 102903306
201870537 204366974
99959098 204366974
99959098 102903713
201870204 102903713
201870204 204358006
99977053 204358006
99977053 102914268
201864328 102914268
201864328 204354376
99982221 204354376
99982221 102940047
201864318 102940047
201864318 204352690
99987461 204352690
99987461 102944130
201862974 102944130
201862974 204344386
100014861 204344386
100014861 102966288
201847244 102966288
201847244 204343248
100014965 204343248
100014965 102985561
201844223 102985561
201844223 204330566
100024058 204330566
100024058 103007259
201798927 103007259
201798927 204329560
100049143 204329560
100049143 103012342
201794587 103012342
201794587 204313992
100057593 204313992
100057593 103019970
201792354 103019970
201792354 204301921
100063021 204301921
100063021 103044955
201790380 103044955
201790380 204288694
100065622 204288694
100065622 103045430
201775330 103045430
201775330 204281873
100071244 204281873
100071244 103053531
201772275 103053531
201772275 204268145
100071483 204268145
100071483 103058451
201757259 103058451
201757259 204254739
100090261 204254739
100090261 103066843
201751874 103066843
201751874 204252830
100101011 204252830
100101011 103097095
201750088 103097095
201750088 204239808
100121529 204239808
100121529 103097239
201745453 103097239
201745453 204233196
100128276 204233196
100128276 103111285
201742474 103111285
201742474 204216067
100155328 204216067
100155328 103114313
201708089 103114313
201708089 204211741
100163612 204211741
100163612 103122365
201691341 103122365
201691341 204209445
100177582 204209445
100177582 103123864
201682059 103123864
201682059 204196395
100198924 204196395
100198924 103138099
201680971 103138099
201680971 204196185
100205839 204196185
100205839 103171753
201667723 103171753
201667723 204178692
100212611 204178692
100212611 103178846
201647502 103178846
201647502 204162496
100222194 204162496
100222194 103198005
201627807 103198005
201627807 204149229
100259940 204149229
100259940 103199428
201624929 103199428
201624929 204148226
100260134 204148226
100260134 103218350
201619029 103218350
201619029 204137856
100282335 204137856
100282335 103225013
201560590 103225013
201560590 204133835
100284581 204133835
100284581 103232040
201555187 103232040
201555187 204122155
100298313 204122155
100298313 103233379
201550275 103233379
201550275 204090637
100299060 204090637
100299060 103234702
201545507 103234702
201545507 204090201
100321110 204090201
100321110 103236550
201530026 103236550
201530026 204084714
100325583 204084714
100325583 103241801
201524739 103241801
201524739 204068039
100325703 204068039
100325703 103255490
201524024 103255490
201524024 204059583
100326796 204059583
100326796 103269677
201520862 103269677
201520862 204053026
100334695 204053026
100334695 103288014
201517211 103288014
201517211 204043396
100343750 204043396
100343750 103299634
201504966 103299634
201504966 204028184
100346802 204028184
100346802 103320090
201465476 103320090
201465476 204020047
100371647 204020047
100371647 103320583
201452627 103320583
201452627 204017371
100373918 204017371
100373918 103321346
201438906 103321346
201438906 204016661
100404721 204016661
100404721 103327627
201433561 103327627
201433561 204003584
100422599 204003584
100422599 103336068
201414244 103336068
201414244 203993008
100423942 203993008
100423942 103336521
201407510 103336521
201407510 203990482
100427052 203990482
100427052 103343088
201403692 103343088
201403692 203987918
100428671 203987918
100428671 103362998
201401080 103362998
201401080 203987201
100469089 203987201
100469089 103369147
201399352 103369147
201399352 203984618
100470597 203984618
100470597 103375886
201395171 103375886
201395171 203971003
100472857 203971003
100472857 103397406
201394703 103397406
201394703 203970268
100481322 203970268
100481322 103400644
201382036 103400644
201382036 203962490
100487153 203962490
100487153 103411770
201380981 103411770
201380981 203943701
100494066 203943701
100494066 103417068
201375840 103417068
201375840 203937616
100501983 203937616
100501983 103423665
201373553 103423665
201373553 203920382
100502870 203920382
100502870 103449367
201354021 103449367
201354021 203915139
100550080 203915139
100550080 103460158
201346912 103460158
201346912 203899823
100554667 203899823
100554667 103461525
201334666 103461525
201334666 203889774
100565239 203889774
100565239 103462112
201329456 103462112
201329456 203873606
100567364 203873606
100567364 103464099
201320774 103464099
201320774 203873094
100589602 203873094
100589602 103476999
201297866 103476999
201297866 203868480
100593298 203868480
100593298 103494156
201294196 103494156
201294196 203861490
100608603 203861490
100608603 103497332
201293826 103497332
201293826 203851034
100614681 203851034
100614681 103498156
201291748 103498156
201291748 203840761
100616167 203840761
100616167 103503745
201288747 103503745
201288747 203807393
100620760 203807393
100620760 103507275
201274756 103507275
201274756 203799942
100632742 203799942
100632742 103511357
201267354 103511357
201267354 203798621
100643001 203798621
100643001 103523260
201266945 103523260
201266945 203769017
100651892 203769017
100651892 103523945
201248870 103523945
201248870 203756984
100655001 203756984
100655001 103541115
201209299 103541115
201209299 203735312
100659045 203735312
100659045 103547452
201206595 103547452
201206595 203727726
100693896 203727726
100693896 103550216
201206450 103550216
201206450 203725484
100694851 203725484
100694851 103560621
201196253 103560621
201196253 203715101
100696535 203715101
100696535 103587308
201178899 103587308
201178899 203694703
100701325 203694703
100701325 103597972
201174151 103597972
201174151 203677623
100702127 203677623
100702127 103598977
201170440 103598977
201170440 203673421
100705148 203673421
100705148 103617507
201159213 103617507
201159213 203666964
100705154 203666964
100705154 103633778
201112745 103633778
201112745 203661517
100706208 203661517
100706208 103642800
201104590 103642800
201104590 203655803
100713121 203655803
100713121 103645659
201099365 103645659
201099365 203635401
100720222 203635401
100720222 103674309
201085526 103674309
201085526 203630627
100721853 203630627
100721853 103682256
201084079 103682256
201084079 203628854
100723005 203628854
100723005 103687343
201072869 103687343
201072869 203618775
100726641 203618775
100726641 103694383
201054617 103694383
201054617 203618610
100737401 203618610
100737401 103714263
201024625 103714263
201024625 203617238
100756119 203617238
100756119 103746680
201023868 103746680
201023868 203601154
100761715 203601154
100761715 103769494
201011186 103769494
201011186 203601143
100770246 203601143
100770246 103780755
200993199 103780755
200993199 203597472
100771956 203597472
100771956 103781549
200984670 103781549
200984670 203587052
100781441 203587052
100781441 103802728
200977448 103802728
200977448 203586385
100788207 203586385
100788207 103822970
200972905 103822970
200972905 203584772
100801687 203584772
100801687 103823817
200965307 103823817
200965307 203578661
100804533 203578661
100804533 103862044
200949035 103862044
200949035 203576937
100805437 203576937
100805437 103874296
200928809 103874296
200928809 203535355
100806106 203535355
100806106 103888064
200925291 103888064
200925291 203528943
100807044 203528943
100807044 103888640
200924578 103888640
200924578 203527510
100808100 203527510
100808100 103899729
200912241 103899729
200912241 203527418
100812154 203527418
100812154 103904646
200909042 103904646
200909042 203517096
100818731 203517096
100818731 103914811
200906764 103914811
200906764 203513794
100823132 203513794
100823132 103918101
200837135 103918101
200837135 203506453
100882700 203506453
100882700 103939143
200832574 103939143
200832574 203482043
100894703 203482043
100894703 103939309
200826971 103939309
200826971 203478257
100896589 203478257
100896589 103952260
200817318 103952260
200817318 203453297
100910879 203453297
100910879 103985201
200802671 103985201
200802671 203452344
100913087 203452344
100913087 103985245
200777008 103985245
200777008 203446943
100915698 203446943
100915698 104005627
200767552 104005627
200767552 203446116
100948376 203446116
100948376 104006380
200763693 104006380
200763693 203440977
100977430 203440977
100977430 104016560
200759262 104016560
200759262 203433824
100982162 203433824
100982162 104030306
200753769 104030306
200753769 203428581
101003027 203428581
101003027 104036208
200752439 104036208
200752439 203416815
101025026 203416815
101025026 104037027
200656776 104037027
200656776 203416692
101033516 203416692
101033516 104043113
200647765 104043113
200647765 203408547
101040718 203408547
101040718 104054562
200626038 104054562
200626038 203406207
101074946 203406207
101074946 104063559
200595386 104063559
200595386 203405566
101081053 203405566
101081053 104075411
200571402 104075411
200571402 203370461
101098604 203370461
101098604 104082489
200552945 104082489
200552945 203367172
101105414 203367172
101105414 104091189
200546522 104091189
200546522 203366954
101117578 203366954
101117578 104094200
200540966 104094200
200540966 203361220
101117899 203361220
101117899 104095887
200536295 104095887
200536295 203355135
101130550 203355135
101130550 104099870
200523684 104099870
200523684 203354363
101131226 203354363
101131226 104105229
200516565 104105229
200516565 203353354
101134097 203353354
101134097 104119134
200512298 104119134
200512298 203343657
101143197 203343657
101143197 104158557
200486988 104158557
200486988 203338798
101155532 203338798
101155532 104164546
200481334 104164546
200481334 203334627
101165955 203334627
101165955 104167881
200472178 104167881
200472178 203333053
101166222 203333053
101166222 104176380
200463099 104176380
200463099 203307701
101169120 203307701
101169120 104186765
200461887 104186765
200461887 203305276
101174396 203305276
101174396 104190447
200455558 104190447
200455558 203296324
101186650 203296324
101186650 104196378
200437262 104196378
200437262 203281513
101216563 203281513
101216563 104206181
200436781 104206181
200436781 203274291
101216787 203274291
101216787 104211435
200428945 104211435
200428945 203263185
101241287 203263185
101241287 104223605
200417092 104223605
200417092 203247347
101245481 203247347
101245481 104244619
200417002 104244619
200417002 203227152
101247414 203227152
101247414 104253609
200400052 104253609
200400052 203218950
101248250 203218950
101248250 104256874
200397857 104256874
200397857 203218331
101268409 203218331
101268409 104257704
200396700 104257704
200396700 203206713
101278159 203206713
101278159 104260073
200374885 104260073
200374885 203190315
101278964 203190315
101278964 104264983
200352576 104264983
200352576 203161025
101281139 203161025
101281139 104271450
200337225 104271450
200337225 203155239
101286809 203155239
101286809 104312507
200333287 104312507
200333287 203150761
101286829 203150761
101286829 104324244
200321716 104324244
200321716 203149651
101287338 203149651
101287338 104324397
200317544 104324397
200317544 203144090
101301553 203144090
101301553 104330832
200311118 104330832
200311118 203140647
101306058 203140647
101306058 104334676
200289566 104334676
200289566 203114976
101319071 203114976
101319071 104354413
200288146 104354413
200288146 203110834
101319370 203110834
101319370 104365561
200286693 104365561
200286693 203104987
101326258 203104987
101326258 104395861
200285101 104395861
200285101 203102205
101332555 203102205
101332555 104405731
200282029 104405731
200282029 203097466
101344485 203097466
101344485 104405964
200259665 104405964
200259665 203091915
101350645 203091915
101350645 104406716
200259244 104406716
200259244 203074873
101356502 203074873
101356502 104411234
200229567 104411234
200229567 203073774
101386389 203073774
101386389 104413394
200228102 104413394
200228102 203071081
101399796 203071081
101399796 104418282
200214828 104418282
200214828 203053201
101400856 203053201
101400856 104428571
200214329 104428571
200214329 203038769
101405241 203038769
101405241 104453213
200211394 104453213
200211394 203011526
101420548 203011526
101420548 104469987
200201697 104469987
200201697 203008905
101441660 203008905
101441660 104472542
200191752 104472542
200191752 202991275
101456796 202991275
101456796 104507692
200183541 104507692
200183541 202979666
101468626 202979666
101468626 104527645
200172557 104527645
200172557 202977277
101475040 202977277
101475040 104538048
200171723 104538048
200171723 202963484
101481832 202963484
101481832 104540121
200156171 104540121
200156171 202958858
101482195 202958858
101482195 104541121
200116150 104541121
200116150 202949433
101492739 202949433
101492739 104551980
200107282 104551980
200107282 202945929
101508776 202945929
101508776 104569171
200105951 104569171
200105951 202932251
101512596 202932251
101512596 104599940
200088642 104599940
200088642 202920238
101517717 202920238
101517717 104610543
200075081 104610543
200075081 202908918
101529869 202908918
101529869 104610553
200070772 104610553
200070772 202880307
101537545 202880307
101537545 104615761
200058235 104615761
200058235 202874819
101546793 202874819
101546793 104620268
200039646 104620268
200039646 202848907
101563522 202848907
101563522 104630428
200022683 104630428
200022683 202848541
101569606 202848541
101569606 104632073
200009112 104632073
200009112 202829054
101578461 202829054
101578461 104670463
200000621 104670463
200000621 202800084
101585778 202800084
101585778 104679309
199993718 104679309
199993718 202794411
101587086 202794411
101587086 104689715
199979297 104689715
199979297 202789894
101592324 202789894
101592324 104696247
199975695 104696247
199975695 202783739
101604536 202783739
101604536 104718999
199967853 104718999
199967853 202762759
101605862 202762759
101605862 104731463
199965007 104731463
199965007 202760829
101608995 202760829
101608995 104757078
199917565 104757078
199917565 202758661
101613291 202758661
101613291 104789646
199908643 104789646
199908643 202752520
101624183 202752520
101624183 104794318
199903806 104794318
199903806 202730822
101625384 202730822
101625384 104795899
199900616 104795899
199900616 202724504
101625842 202724504
101625842 104798774
199899820 104798774
199899820 202720633
101631061 202720633
101631061 104806819
199854597 104806819
199854597 202719748
101632945 202719748
101632945 104812182
199844563 104812182
199844563 202717268
101634877 202717268
101634877 104817459
199840889 104817459
199840889 202714961
101652846 202714961
101652846 104821120
199811937 104821120
199811937 202706111
101652906 202706111
101652906 104827461
199810925 104827461
199810925 202700616
101661984 202700616
101661984 104837426
199795420 104837426
199795420 202698611
101668003 202698611
101668003 104838084
199791077 104838084
199791077 202688794
101674304 202688794
101674304 104848375
199709153 104848375
199709153 202688287
101684642 202688287
101684642 104860449
199690341 104860449
199690341 202687162
101693632 202687162
101693632 104864460
199663192 104864460
199663192 202687008
101708254 202687008
101708254 104870624
199653335 104870624
199653335 202681911
101726446 202681911
101726446 104883806
199649001 104883806
199649001 202675326
101735946 202675326
101735946 104883994
199639768 104883994
199639768 202662561
101739126 202662561
101739126 104898710
199599095 104898710
199599095 202659912
101742197 202659912
101742197 104919923
199595830 104919923
199595830 202651948
101744171 202651948
101744171 104923040
199594258 104923040
199594258 202620696
101758006 202620696
101758006 104932524
199591026 104932524
199591026 202599309
101759214 202599309
101759214 104936805
199584065 104936805
199584065 202595703
101780655 202595703
101780655 104942134
199581039 104942134
199581039 202584619
101795448 202584619
101795448 104957716
199579261 104957716
199579261 202584049
101796783 202584049
101796783 104999180
199574250 104999180
199574250 202583173
101806280 202583173
101806280 105001247
199557455 105001247
199557455 202580050
101818598 202580050
101818598 105001343
199548418 105001343
199548418 202579537
101835715 202579537
101835715 105008732
199537333 105008732
199537333 202566997
101847720 202566997
101847720 105013541
199530986 105013541
199530986 202561927
101875583 202561927
101875583 105023508
199530077 105023508
199530077 202557975
101880330 202557975
101880330 105028972
199505238 105028972
199505238 202557205
101890301 202557205
101890301 105052253
199489055 105052253
199489055 202556523
101893362 202556523
101893362 105054372
199484630 105054372
199484630 202547065
101913074 202547065
101913074 105088321
199472263 105088321
199472263 202543085
101948126 202543085
101948126 105090097
199471572 105090097
199471572 202540836
101981158 202540836
101981158 105097755
199459630 105097755
199459630 202536252
101988616 202536252
101988616 105122046
199453445 105122046
199453445 202522766
101991010 202522766
101991010 105124520
199444380 105124520
199444380 202520625
101992191 202520625
101992191 105127968
199442769 105127968
199442769 202515377
102017265 202515377
102017265 105147336
199441432 105147336
199441432 202488854
102025913 202488854
102025913 105170417
199438181 105170417
199438181 202481668
102032494 202481668
102032494 105187578
199435077 105187578
199435077 202460368
102038754 202460368
102038754 105201686
199417527 105201686
199417527 202424976
102039277 202424976
102039277 105206461
199361816 105206461
199361816 202410642
102044652 202410642
102044652 105207786
199347450 105207786
199347450 202410090
102057581 202410090
102057581 105224102
199344751 105224102
199344751 202397814
102065486 202397814
102065486 105224415
199340604 105224415
199340604 202397425
102080333 202397425
102080333 105229994
199339255 105229994
199339255 202397001
102081490 202397001
102081490 105241499
199325527 105241499
199325527 202395162
102111124 202395162
102111124 105276343
199319778 105276343
199319778 202387014
102139998 202387014
102139998 105291266
199315475 105291266
199315475 202372077
102146535 202372077
102146535 105291927
199313544 105291927
199313544 202366453
102149778 202366453
102149778 105343368
199310815 105343368
199310815 202364446
102157317 202364446
102157317 105349035
199307414 105349035
199307414 202357696
102158739 202357696
102158739 105358413
199271730 105358413
199271730 202354194
102161788 202354194
102161788 105366382
199244917 105366382
199244917 202351363
102162652 202351363
102162652 105373073
199226092 105373073
199226092 202343855
102167568 202343855
102167568 105377580
199209093 105377580
199209093 202324347
102176415 202324347
102176415 105385539
199196079 105385539
199196079 202313331
102177856 202313331
102177856 105394592
199194767 105394592
199194767 202309001
102187080 202309001
102187080 105405781
199173445 105405781
199173445 202283716
102205213 202283716
102205213 105406190
199159441 105406190
199159441 202283372
102208760 202283372
102208760 105414271
199133358 105414271
199133358 202281308
102216821 202281308
102216821 105446974
199131018 105446974
199131018 202261194
102221682 202261194
102221682 105448869
199121490 105448869
199121490 202251140
102223721 202251140
102223721 105449528
199121200 105449528
199121200 202233965
102227787 202233965
102227787 105465310
199111569 105465310
199111569 202233627
102231249 202233627
102231249 105468070
199108433 105468070
199108433 202221766
102234555 202221766
102234555 105479494
199096368 105479494
199096368 202206391
102238814 202206391
102238814 105481398
199093526 105481398
199093526 202200044
102241603 202200044
102241603 105482408
199081204 105482408
199081204 202183350
102241731 202183350
102241731 105491104
199060208 105491104
199060208 202180837
102241873 202180837
102241873 105532810
199050794 105532810
199050794 202170133
102246453 202170133
102246453 105540822
199038955 105540822
199038955 202155105
102254998 202155105
102254998 105543338
199037852 105543338
199037852 202131907
102270803 202131907
102270803 105546001
199037153 105546001
199037153 202130930
102271787 202130930
102271787 105551467
199031810 105551467
199031810 202130131
102273166 202130131
102273166 105551960
198988482 105551960
198988482 202109801
102273573 202109801
102273573 105566055
198988470 105566055
198988470 202108310
102291482 202108310
102291482 105575206
198973635 105575206
198973635 202089869
102313773 202089869
102313773 105582095
198965574 105582095
198965574 202073509
102326515 202073509
102326515 105587728
198955265 105587728
198955265 202044388
102329222 202044388
102329222 105590625
198949672 105590625
198949672 202034533
102363759 202034533
102363759 105591344
198916502 105591344
198916502 202025651
102371555 202025651
102371555 105601820
198915462 105601820
198915462 202023698
102373546 202023698
102373546 105632316
198909735 105632316
198909735 202004439
102376321 202004439
102376321 105638697
198907950 105638697
198907950 201998701
102378670 201998701
102378670 105642023
198883779 105642023
198883779 201992063
102385515 201992063
102385515 105648851
198849085 105648851
198849085 201990431
102386356 201990431
102386356 105664031
198835730 105664031
198835730 201990391
102389638 201990391
102389638 105678727
198833526 105678727
198833526 201990194
102400872 201990194
102400872 105683423
198819116 105683423
198819116 201989125
102401146 201989125
102401146 105695214
198807882 105695214
198807882 201988441
102419459 201988441
102419459 105728073
198798724 105728073
198798724 201980502
102456017 201980502
102456017 105739137
198758641 105739137
198758641 201978612
102459052 201978612
102459052 105744882
198755236 105744882
198755236 201970601
102470700 201970601
102470700 105758149
198754549 105758149
198754549 201959712
102478262 201959712
102478262 105767710
198731134 105767710
198731134 201958683
102499105 201958683
102499105 105768810
198727918 105768810
198727918 201955672
102515792 201955672
102515792 105769249
198726126 105769249
198726126 201953070
102523326 201953070
102523326 105777741
198698415 105777741
198698415 201952176
102525398 201952176
102525398 105784604
198696291 105784604
198696291 201950366
102525562 201950366
102525562 105790754
198693501 105790754
198693501 201945838
102525617 201945838
102525617 105798061
198683685 105798061
198683685 201941821
102538675 201941821
102538675 105803633
198677421 105803633
198677421 201937502
102545793 201937502
102545793 105805761
198674981 105805761
198674981 201922741
102552221 201922741
102552221 105806932
198658402 105806932
198658402 201910692
102568844 201910692
102568844 105817121
198657688 105817121
198657688 201888309
102568989 201888309
102568989 105833748
198639991 105833748
198639991 201887884
102569979 201887884
102569979 105856318
198623692 105856318
198623692 201880054
102570682 201880054
102570682 105859824
198618329 105859824
198618329 201879281
102582876 201879281
102582876 105866292
198617927 105866292
198617927 201866875
102587037 201866875
102587037 105892888
198586190 105892888
198586190 201865450
102593000 201865450
102593000 105896707
198573068 105896707
198573068 201850251
102593719 201850251
102593719 105908075
198568587 105908075
198568587 201849786
102599408 201849786
102599408 105924121
198564985 105924121
198564985 201839227
102622236 201839227
102622236 105935360
198554350 105935360
198554350 201831386
102622286 201831386
102622286 105940465
198547237 105940465
198547237 201830911
102638324 201830911
102638324 105952760
198546833 105952760
198546833 201829014
102645057 201829014
102645057 105957315
198530065 105957315
198530065 201826529
102663478 201826529
102663478 105961361
198527264 105961361
198527264 201823002
102688003 201823002
102688003 105981993
198496241 105981993
198496241 201784913
102692263 201784913
102692263 105989077
198483729 105989077
198483729 201771237
102694680 201771237
102694680 106018014
198464380 106018014
198464380 201752708
102716218 201752708
102716218 106073480
198451183 106073480
198451183 201744894
102719970 201744894
102719970 106088844
198424992 106088844
198424992 201737795
102724394 201737795
102724394 106094133
198420043 106094133
198420043 201729892
102742052 201729892
102742052 106103659
198419582 106103659
198419582 201725418
102744277 201725418
102744277 106112920
198381089 106112920
198381089 201701871
102752300 201701871
102752300 106113319
198368098 106113319
198368098 201694654
102769727 201694654
102769727 106149695
198358523 106149695
198358523 201694553
102785437 201694553
102785437 106162893
198336881 106162893
198336881 201685691
102803106 201685691
102803106 106163572
198316486 106163572
198316486 201676447
102830594 201676447
102830594 106165371
198270752 106165371
198270752 201675102
102847481 201675102
102847481 106173759
198264918 106173759
198264918 201671830
102848185 201671830
102848185 106178300
198229420 106178300
198229420 201667874
102861004 201667874
102861004 106200971
198228914 106200971
198228914 201666544
102864505 201666544
102864505 106207792
198226572 106207792
198226572 201646562
102865885 201646562
102865885 106209587
198225643 106209587
198225643 201627840
102870974 201627840
102870974 106220072
198222017 106220072
198222017 201620126
102872797 201620126
102872797 106229371
198218995 106229371
198218995 201614950
102917357 201614950
102917357 106229602
198211975 106229602
198211975 201614941
102918915 201614941
102918915 106239437
198208261 106239437
198208261 201597631
102923890 201597631
102923890 106252324
198206751 106252324
198206751 201582931
102928820 201582931
102928820 106258882
198201178 106258882
198201178 201580635
102941802 201580635
102941802 106289364
198195536 106289364
198195536 201578776
102950196 201578776
102950196 106291092
198193416 106291092
198193416 201568903
102960895 201568903
102960895 106292534
198189553 106292534
198189553 201556541
102978882 201556541
102978882 106294385
198187398 106294385
198187398 201555285
102982029 201555285
102982029 106340229
198154057 106340229
198154057 201553640
102992458 201553640
102992458 106341115
198151971 106341115
198151971 201552066
102992509 201552066
102992509 106344954
198147091 106344954
198147091 201548840
102993859 201548840
102993859 106349018
198145703 106349018
198145703 201541786
102999794 201541786
102999794 106350196
198141063 106350196
198141063 201526251
103013867 201526251
103013867 106351569
198127336 106351569
198127336 201494410
103020537 201494410
103020537 106364885
198113289 106364885
198113289 201480252
103031434 201480252
103031434 106369251
198101682 106369251
198101682 201475918
103043492 201475918
103043492 106373563
198090189 106373563
198090189 201469534
103045601 201469534
103045601 106376746
198079295 106376746
198079295 201468343
103058181 201468343
103058181 106379723
198078031 106379723
198078031 201467973
103059879 201467973
103059879 106382000
198073280 106382000
198073280 201463305
103073128 201463305
103073128 106383064
198050802 106383064
198050802 201459080
103084389 201459080
103084389 106400138
198046323 106400138
198046323 201447694
103113977 201447694
103113977 106412785
198040307 106412785
198040307 201446912
103114223 201446912
103114223 106417817
198028169 106417817
198028169 201429409
103122397 201429409
103122397 106422470
198025227 106422470
198025227 201429318
103126440 201429318
103126440 106445813
198005229 106445813
198005229 201421283
103127827 201421283
103127827 106452118
197998268 106452118
197998268 201418028
103139900 201418028
103139900 106453235
197998005 106453235
197998005 201417152
103140139 201417152
103140139 106455227
197997079 106455227
197997079 201402613
103149857 201402613
103149857 106514236
197985063 106514236
197985063 201401979
103158777 201401979
103158777 106525936
197978430 106525936
197978430 201400562
103166708 201400562
103166708 106534056
197937725 106534056
197937725 201385657
103187887 201385657
103187887 106534710
197936186 106534710
197936186 201371262
103196370 201371262
103196370 106536965
197900983 106536965
197900983 201359591
103222908 201359591
103222908 106543199
197883550 106543199
197883550 201343336
103223656 201343336
103223656 106546737
197863234 106546737
197863234 201331889
103231627 201331889
103231627 106564210
197857756 106564210
197857756 201315671
103241462 201315671
103241462 106579056
197850386 106579056
197850386 201311299
103245308 201311299
103245308 106585592
197833067 106585592
197833067 201307478
103245491 201307478
103245491 106588820
197814986 106588820
197814986 201307438
103254503 201307438
103254503 106597236
197814092 106597236
197814092 201288639
103257639 201288639
103257639 106607137
197811790 106607137
197811790 201284314
103264606 201284314
103264606 106616290
197808925 106616290
197808925 201284025
103271394 201284025
103271394 106617792
197790469 106617792
197790469 201255828
103281871 201255828
103281871 106625946
197781273 106625946
197781273 201251212
103288364 201251212
103288364 106629835
197773103 106629835
197773103 201221407
103302224 201221407
103302224 106631201
197767831 106631201
197767831 201203930
103315175 201203930
103315175 106640914
197754094 106640914
197754094 201197846
103326336 201197846
103326336 106657155
197748764 106657155
197748764 201186510
103329608 201186510
103329608 106663770
197742909 106663770
197742909 201167983
103360637 201167983
103360637 106664448
197737533 106664448
197737533 201160642
103373065 201160642
103373065 106686490
197733693 106686490
197733693 201159293
103381699 201159293
103381699 106687323
197733410 106687323
197733410 201144274
103396642 201144274
103396642 106689472
197732629 106689472
197732629 201126137
103407262 201126137
103407262 106692624
197730261 106692624
197730261 201116980
103416077 201116980
103416077 106718038
197706693 106718038
197706693 201106153
103425423 201106153
103425423 106725479
197700698 106725479
197700698 201100346
103439990 201100346
103439990 106730030
197680294 106730030
197680294 201094671
103444266 201094671
103444266 106743846
197669294 106743846
197669294 201088425
103453192 201088425
103453192 106777709
197641841 106777709
197641841 201079332
103482559 201079332
103482559 106782093
197618309 106782093
197618309 201056427
103486674 201056427
103486674 106786565
197607538 106786565
197607538 201044983
103498119 201044983
103498119 106793894
197602921 106793894
197602921 201043812
103499048 201043812
103499048 106796993
197598756 106796993
197598756 201039234
103531757 201039234
103531757 106873799
197579990 106873799
197579990 201031149
103534103 201031149
103534103 106877955
197578723 106877955
197578723 201030416
103535967 201030416
103535967 106895848
197575487 106895848
197575487 201019548
103536654 201019548
103536654 106900221
197571309 106900221
197571309 201018483
103545807 201018483
103545807 106928438
197549353 106928438
197549353 201017858
103557519 201017858
103557519 106939125
197547729 106939125
197547729 201015605
103558431 201015605
103558431 106940573
197506190 106940573
197506190 201007288
103570612 201007288
103570612 106946475
197497504 106946475
197497504 201006514
103571436 201006514
103571436 106946786
197476168 106946786
197476168 201006456
103583033 201006456
103583033 106959785
197462925 106959785
197462925 200995398
103592233 200995398
103592233 106970419
197453915 106970419
197453915 200992571
103601571 200992571
103601571 106989969
197434176 106989969
197434176 200973364
103603843 200973364
103603843 106991335
197402284 106991335
197402284 200960931
103604422 200960931
103604422 106992768
197396834 106992768
197396834 200960116
103621751 200960116
103621751 107019748
197396119 107019748
197396119 200957549
103634251 200957549
103634251 107024862
197384520 107024862
197384520 200947720
103635294 200947720
103635294 107036617
197377068 107036617
197377068 200939653
103636315 200939653
103636315 107052941
197359988 107052941
197359988 200917853
103667811 200917853
103667811 107070395
197357535 107070395
197357535 200915132
103669372 200915132
103669372 107084918
197353268 107084918
197353268 200899112
103676850 200899112
103676850 107094628
197346338 107094628
197346338 200889828
103687930 200889828
103687930 107095540
197345746 107095540
197345746 200887942
103698220 200887942
103698220 107174798
197340627 107174798
197340627 200840450
103706199 200840450
103706199 107178066
197339564 107178066
197339564 200838333
103707255 200838333
103707255 107181158
197330309 107181158
197330309 200825661
103710106 200825661
103710106 107191373
197307877 107191373
197307877 200825194
103717359 200825194
103717359 107199712
197296044 107199712
197296044 200817449
103726206 200817449
103726206 107204403
197258936 107204403
197258936 200815741
103734625 200815741
103734625 107218133
197256131 107218133
197256131 200810267
103738485 200810267
103738485 107218975
197252695 107218975
197252695 200810231
103752147 200810231
103752147 107227516
197245372 107227516
197245372 200803867
103777652 200803867
103777652 107232553
197241070 107232553
197241070 200790771
103789027 200790771
103789027 107247759
197237667 107247759
197237667 200786310
103794296 200786310
103794296 107251148
197230673 107251148
197230673 200779882
103820674 200779882
103820674 107252190
197218288 107252190
197218288 200765890
103842262 200765890
103842262 107263840
197199975 107263840
197199975 200758431
103851167 200758431
103851167 107264344
197194390 107264344
197194390 200756897
103852417 200756897
103852417 107267338
197192948 107267338
197192948 200751046
103887186 200751046
103887186 107272914
197187105 107272914
197187105 200750634
103892327 200750634
103892327 107303082
197186834 107303082
197186834 200744387
103893551 200744387
103893551 107313171
197184143 107313171
197184143 200742923
103905700 200742923
103905700 107322175
197179323 107322175
197179323 200728538
103909236 200728538
103909236 107336175
197176865 107336175
197176865 200697546
103913933 200697546
103913933 107340872
197143482 107340872
197143482 200690628
103914398 200690628
103914398 107341487
197142791 107341487
197142791 200689179
103938879 200689179
103938879 107345054
197094593 107345054
197094593 200685486
103939239 200685486
103939239 107358694
197090070 107358694
197090070 200676271
103963178 200676271
103963178 107366598
197078948 107366598
197078948 200659416
103963467 200659416
103963467 107371596
197069742 107371596
197069742 200646182
103967660 200646182
103967660 107388041
197057120 107388041
197057120 200639147
103970999 200639147
103970999 107393440
197057071 107393440
197057071 200634597
103971336 200634597
103971336 107417118
197036188 107417118
197036188 200622297
103980766 200622297
103980766 107434225
197032679 107434225
197032679 200614429
104008159 200614429
104008159 107449336
197030879 107449336
197030879 200609055
104008282 200609055
104008282 107472316
197026124 107472316
197026124 200598228
104026040 200598228
104026040 107483803
197022595 107483803
197022595 200579475
104027023 200579475
104027023 107485900
196979548 107485900
196979548 200560521
104058839 200560521
104058839 107489924
196979497 107489924
196979497 200553456
104061073 200553456
104061073 107495831
196967250 107495831
196967250 200549022
104063457 200549022
104063457 107503779
196959262 107503779
196959262 200544883
104074572 200544883
104074572 107505086
196958161 107505086
196958161 200540126
104077703 200540126
104077703 107528059
196955888 107528059
196955888 200513139
104081816 200513139
104081816 107541936
196944632 107541936
196944632 200499294
104084259 200499294
104084259 107547327
196943708 107547327
196943708 200498390
104089933 200498390
104089933 107564258
196910841 107564258
196910841 200478358
104115693 200478358
104115693 107570829
196889304 107570829
196889304 200472792
104124653 200472792
104124653 107572206
196887506 107572206
196887506 200450306
104129865 200450306
104129865 107573064
196880155 107573064
196880155 200440223
104131512 200440223
104131512 107574068
196871543 107574068
196871543 200438109
104135698 200438109
104135698 107577405
196853237 107577405
196853237 200437102
104148566 200437102
104148566 107581584
196844215 107581584
196844215 200433865
104176112 200433865
104176112 107586417
196839431 107586417
196839431 200416773
104179802 200416773
104179802 107589334
196829348 107589334
196829348 200402894
104185651 200402894
104185651 107596750
196825618 107596750
196825618 200397856
104186891 200397856
104186891 107600087
196811297 107600087
196811297 200392380
104211726 200392380
104211726 107617627
196799599 107617627
196799599 200386608
104241654 200386608
104241654 107623443
196770085 107623443
196770085 200345684
104243811 200345684
104243811 107627543
196769031 107627543
196769031 200342507
104273452 200342507
104273452 107636855
196762109 107636855
196762109 200329752
104279411 200329752
104279411 107670061
196755317 107670061
196755317 200318822
104309289 200318822
104309289 107703489
196754880 107703489
196754880 200286628
104317812 200286628
104317812 107723782
196748833 107723782
196748833 200272919
104344786 200272919
104344786 107729860
196725708 107729860
196725708 200220516
104351617 200220516
104351617 107731856
196725506 107731856
196725506 200216511
104357428 200216511
104357428 107753762
196704000 107753762
196704000 200211018
104365611 200211018
104365611 107764376
196702933 107764376
196702933 200205840
104372784 200205840
104372784 107771394
196699560 107771394
196699560 200201979
104380052 200201979
104380052 107773814
196667218 107773814
196667218 200185879
104388991 200185879
104388991 107775074
196664307 107775074
196664307 200185275
104391325 200185275
104391325 107779546
196663849 107779546
196663849 200177758
104393952 200177758
104393952 107789782
196649292 107789782
196649292 200175811
104396816 200175811
104396816 107790948
196643931 107790948
196643931 200171360
104411142 200171360
104411142 107799959
196609403 107799959
196609403 200154516
104414636 200154516
104414636 107801897
196609339 107801897
196609339 200136370
104415634 200136370
104415634 107805494
196602927 107805494
196602927 200128052
104446024 200128052
104446024 107811736
196595857 107811736
196595857 200108171
104449296 200108171
104449296 107828926
196577062 107828926
196577062 200102729
104449312 200102729
104449312 107829230
196543339 107829230
196543339 200099656
104476281 200099656
104476281 107833067
196538746 107833067
196538746 200084790
104477613 200084790
104477613 107837048
196524011 107837048
196524011 200082082
104499295 200082082
104499295 107842143
196520070 107842143
196520070 200057328
104517108 200057328
104517108 107847609
196513527 107847609
196513527 200050828
104519431 200050828
104519431 107858028
196503977 107858028
196503977 200048449
104520552 200048449
104520552 107879106
196486620 107879106
196486620 200045709
104520778 200045709
104520778 107887029
196483714 107887029
196483714 200043728
104522531 200043728
104522531 107895040
196479237 107895040
196479237 200043103
104533938 200043103
104533938 107897039
196479181 107897039
196479181 200029391
104537479 200029391
104537479 107912181
196478311 107912181
196478311 200028902
104540332 200028902
104540332 107938059
196436791 107938059
196436791 200018036
104546603 200018036
104546603 107947591
196430451 107947591
196430451 200017895
104560777 200017895
104560777 107948571
196422410 107948571
196422410 200012148
104566873 200012148
104566873 107963839
196394661 107963839
196394661 200003776
104576788 200003776
104576788 107990355
196392256 107990355
196392256 200003733
104581292 200003733
104581292 107996189
196388402 107996189
196388402 199971357
104592494 199971357
104592494 107998505
196352673 107998505
196352673 199948238
104598915 199948238
104598915 108007691
196341211 108007691
196341211 199943064
104599057 199943064
104599057 108015132
196335364 108015132
196335364 199939014
104600781 199939014
104600781 108018495
196321999 108018495
196321999 199935421
104601739 199935421
104601739 108018538
196316808 108018538
196316808 199934484
104616903 199934484
104616903 108027647
196300665 108027647
196300665 199933346
104624556 199933346
104624556 108055068
196289955 108055068
196289955 199925595
104626459 199925595
104626459 108062418
196289425 108062418
196289425 199925409
104632493 199925409
104632493 108068343
196289321 108068343
196289321 199907410
104632939 199907410
104632939 108073408
196281344 108073408
196281344 199904258
104647552 199904258
104647552 108111419
196276609 108111419
196276609 199900444
104649013 199900444
104649013 108114792
196272697 108114792
196272697 199895616
104652326 199895616
104652326 108125699
196261077 108125699
196261077 199890594
104677945 199890594
104677945 108149324
196252448 108149324
196252448 199886685
104678814 199886685
104678814 108183712
196251038 108183712
196251038 199886091
104702083 199886091
104702083 108186594
196228674 108186594
196228674 199884308
104704467 199884308
104704467 108202248
196222470 108202248
196222470 199881799
104706551 199881799
104706551 108205430
196180488 108205430
196180488 199880175
104724789 199880175
104724789 108210310
196180109 108210310
196180109 199879006
104725890 199879006
104725890 108223295
196140576 108223295
196140576 199867223
104728570 199867223
104728570 108243087
196128042 108243087
196128042 199858472
104736097 199858472
104736097 108253394
196127853 108253394
196127853 199854222
104737133 199854222
104737133 108254626
196123177 108254626
196123177 199843482
104752153 199843482
104752153 108260317
196122403 108260317
196122403 199835968
104753124 199835968
104753124 108267530
196118139 108267530
196118139 199818469
104763184 199818469
104763184 108267610
196114894 108267610
196114894 199807715
104768913 199807715
104768913 108280644
196107152 108280644
196107152 199805897
104798560 199805897
104798560 108318869
196064810 108318869
196064810 199784239
104803208 199784239
104803208 108323490
196063507 108323490
196063507 199743072
104819008 199743072
104819008 108329721
196057913 108329721
196057913 199735391
104824370 199735391
104824370 108336074
196050212 108336074
196050212 199733101
104837975 199733101
104837975 108336484
196019487 108336484
196019487 199695909
104841084 199695909
104841084 108342041
196013847 108342041
196013847 199694043
104844208 199694043
104844208 108348015
196009005 108348015
196009005 199671353
104844634 199671353
104844634 108351455
195991821 108351455
195991821 199650159
104855709 199650159
104855709 108382291
195985805 108382291
195985805 199638676
104857203 199638676
104857203 108386178
195981817 108386178
195981817 199621195
104858570 199621195
104858570 108386263
195961000 108386263
195961000 199609275
104875485 199609275
104875485 108390881
195960531 108390881
195960531 199605188
104895300 199605188
104895300 108404619
195948904 108404619
195948904 199576209
104902637 199576209
104902637 108413912
195940514 108413912
195940514 199571319
104938487 199571319
104938487 108425638
195930142 108425638
195930142 199562583
104938628 199562583
104938628 108445529
195919388 108445529
195919388 199544430
104947923 199544430
104947923 108445795
195911315 108445795
195911315 199542686
104952351 199542686
104952351 108474662
195906717 108474662
195906717 199518617
104959948 199518617
104959948 108481153
195906445 108481153
195906445 199499593
104971559 199499593
104971559 108482818
195897325 108482818
195897325 199492251
104979795 199492251
104979795 108484443
195895389 108484443
195895389 199487444
104984520 199487444
104984520 108496779
195867001 108496779
195867001 199472191
104987508 199472191
104987508 108508379
195855555 108508379
195855555 199453992
104998166 199453992
104998166 108512623
195851091 108512623
195851091 199445167
104998925 199445167
104998925 108526630
195805259 108526630
195805259 199443567
105002922 199443567
105002922 108585637
195782819 108585637
195782819 199436310
105026310 199436310
105026310 108602850
195779502 108602850
195779502 199433710
105034023 199433710
105034023 108608726
195772583 108608726
195772583 199432521
105056681 199432521
105056681 108611534
195762101 108611534
195762101 199425565
105071391 199425565
105071391 108612976
195734809 108612976
195734809 199423743
105072921 199423743
105072921 108632244
195732534 108632244
195732534 199419144
105074632 199419144
105074632 108639062
195731373 108639062
195731373 199412358
105104000 199412358
105104000 108640463
195727984 108640463
195727984 199406975
105120506 199406975
105120506 108648596
195718261 108648596
195718261 199398904
105132031 199398904
105132031 108660413
195714877 108660413
195714877 199398340
105142500 199398340
105142500 108670635
195707177 108670635
195707177 199394262
105153057 199394262
105153057 108672741
195695866 108672741
195695866 199390671
105159111 199390671
105159111 108674479
195667108 108674479
195667108 199381791
105160311 199381791
105160311 108679498
195661576 108679498
195661576 199376768
105173976 199376768
105173976 108680626
195659106 108680626
195659106 199369910
105221180 199369910
105221180 108694066
195630309 108694066
195630309 199360318
105247201 199360318
105247201 108697463
195605997 108697463
195605997 199359418
105271103 199359418
105271103 108714554
195589385 108714554
195589385 199350939
105286622 199350939
105286622 108723093
195588956 108723093
195588956 199333361
105291360 199333361
105291360 108746295
195588681 108746295
195588681 199330792
105294959 199330792
105294959 108751166
195565018 108751166
195565018 199330030
105326444 199330030
105326444 108755835
195546374 108755835
195546374 199318086
105327785 199318086
105327785 108766419
195529924 108766419
195529924 199304952
105328741 199304952
105328741 108774553
195513869 108774553
195513869 199301321
105346645 199301321
105346645 108776355
195512340 108776355
195512340 199290836
105346865 199290836
105346865 108776956
195497621 108776956
195497621 199289057
105347208 199289057
105347208 108778382
195495559 108778382
195495559 199287590
105349006 199287590
105349006 108794625
195470882 108794625
195470882 199285753
105350244 199285753
105350244 108796292
195463262 108796292
195463262 199264591
105355483 199264591
105355483 108797230
195455906 108797230
195455906 199257720
105362210 199257720
105362210 108800585
195454916 108800585
195454916 199245011
105382161 199245011
105382161 108807605
195453015 108807605
195453015 199240739
105383004 199240739
105383004 108808382
195428976 108808382
195428976 199222635
105393506 199222635
105393506 108809273
195401061 108809273
195401061 199222076
105418479 199222076
105418479 108819069
195392803 108819069
195392803 199212334
105418658 199212334
105418658 108828261
195389220 108828261
195389220 199172253
105419871 199172253
105419871 108832308
195379503 108832308
195379503 199167435
105424039 199167435
105424039 108837858
195375293 108837858
195375293 199166647
105452288 199166647
105452288 108848142
195341480 108848142
195341480 199164528
105455480 199164528
105455480 108848299
195339111 108848299
195339111 199154986
105459328 199154986
105459328 108873047
195317878 108873047
195317878 199148333
105470434 199148333
105470434 108888975
195275416 108888975
195275416 199136413
105473136 199136413
105473136 108905955
195269340 108905955
195269340 199121491
105515837 199121491
105515837 108910781
195256593 108910781
195256593 199118530
105516476 199118530
105516476 108923615
195224068 108923615
195224068 199102104
105520723 199102104
105520723 108932171
195211122 108932171
195211122 199100759
105523355 199100759
105523355 108942013
195196821 108942013
195196821 199093590
105524511 199093590
105524511 108951096
195189733 108951096
195189733 199083129
105524617 199083129
105524617 108951835
195176777 108951835
195176777 199070252
105569039 199070252
105569039 108963508
195170544 108963508
195170544 199069091
105578476 199069091
105578476 108968101
195170472 108968101
195170472 199067195
105595696 199067195
105595696 108990863
195166633 108990863
195166633 199060440
105601402 199060440
105601402 108996280
195159601 108996280
195159601 199055716
105606166 199055716
105606166 109001528
195159155 109001528
195159155 199045504
105609591 199045504
105609591 109028253
195145776 109028253
195145776 199035753
105632011 199035753
105632011 109038712
195140743 109038712
195140743 199033851
105650863 199033851
105650863 109054142
195107372 109054142
195107372 199025154
105658597 199025154
105658597 109069437
195100871 109069437
195100871 199013171
105659230 199013171
105659230 109090347
195090027 109090347
195090027 198997199
105663601 198997199
105663601 109101492
195089202 109101492
195089202 198994166
105669402 198994166
105669402 109105384
195084835 109105384
195084835 198976560
105669969 198976560
105669969 109117512
195074738 109117512
195074738 198972838
105677429 198972838
105677429 109119294
195053977 109119294
195053977 198957828
105698384 198957828
105698384 109127035
195053871 109127035
195053871 198947912
105700325 198947912
105700325 109157683
195045662 109157683
195045662 198925317
105706187 198925317
105706187 109172641
195032290 109172641
195032290 198921803
105708371 198921803
105708371 109177621
195005273 109177621
195005273 198894990
105710794 198894990
105710794 109205043
194983334 109205043
194983334 198892155
105724644 198892155
105724644 109206968
194982167 109206968
194982167 198880264
105725542 198880264
105725542 109217933
194981156 109217933
194981156 198878622
105730248 198878622
105730248 109219162
194972738 109219162
194972738 198875078
105740210 198875078
105740210 109245933
194969354 109245933
194969354 198874144
105743816 198874144
105743816 109247150
194968473 109247150
194968473 198863959
105747196 198863959
105747196 109251375
194964148 109251375
194964148 198862174
105752191 198862174
105752191 109253338
194946973 109253338
194946973 198856881
105777134 198856881
105777134 109253996
194940253 109253996
194940253 198851578
105781188 198851578
105781188 109255088
194938089 109255088
194938089 198849019
105795311 198849019
105795311 109255834
194934046 109255834
194934046 198847387
105808252 198847387
105808252 109266376
194885928 109266376
194885928 198845502
105814715 198845502
105814715 109281577
194871378 109281577
194871378 198830135
105816678 198830135
105816678 109285797
194867902 109285797
194867902 198795741
105821706 198795741
105821706 109287097
194863317 109287097
194863317 198790413
105825926 198790413
105825926 109289441
194852084 109289441
194852084 198785859
105834030 198785859
105834030 109290261
194850232 109290261
194850232 198755558
105835976 198755558
105835976 109292430
194848679 109292430
194848679 198752946
105853669 198752946
105853669 109355565
194841986 109355565
194841986 198723927
105867390 198723927
105867390 109357475
194837680 109357475
194837680 198707758
105868706 198707758
105868706 109357548
194833962 109357548
194833962 198704387
105885544 198704387
105885544 109371849
194824427 109371849
194824427 198660866
105893529 198660866
105893529 109377173
194817489 109377173
194817489 198660106
105899829 198660106
105899829 109379516
194802912 109379516
194802912 198653455
105904536 198653455
105904536 109383385
194782701 109383385
194782701 198651099
105942207 198651099
105942207 109390721
194764524 109390721
194764524 198648480
105961258 198648480
105961258 109391516
194750612 109391516
194750612 198637621
105962849 198637621
105962849 109393812
194747286 109393812
194747286 198619281
105975444 198619281
105975444 109394155
194726962 109394155
194726962 198601340
105998278 198601340
105998278 109403090
194723551 109403090
194723551 198587955
105999214 198587955
105999214 109412386
194721139 109412386
194721139 198584080
106004635 198584080
106004635 109424095
194710696 109424095
194710696 198571941
106009356 198571941
106009356 109432037
194692150 109432037
194692150 198567741
106013593 198567741
106013593 109446972
194668880 109446972
194668880 198567191
106016513 198567191
106016513 109453704
194662034 109453704
194662034 198559020
106024829 198559020
106024829 109471634
194648028 109471634
194648028 198535155
106039708 198535155
106039708 109478405
194642188 109478405
194642188 198527592
106046868 198527592
106046868 109492136
194631001 109492136
194631001 198526207
106062006 198526207
106062006 109493323
194626656 109493323
194626656 198512306
106072414 198512306
106072414 109510283
194616319 109510283
194616319 198503492
106073626 198503492
106073626 109514820
194609721 109514820
194609721 198500623
106086360 198500623
106086360 109515615
194601214 109515615
194601214 198499941
106093623 198499941
106093623 109538764
194592341 109538764
194592341 198492077
106108031 198492077
106108031 109555293
194578485 109555293
194578485 198483020
106141198 198483020
106141198 109567507
194546911 109567507
194546911 198481501
106143776 198481501
106143776 109573620
194545409 109573620
194545409 198480358
106145305 198480358
106145305 109583026
194544831 109583026
194544831 198449550
106157975 198449550
106157975 109619212
194541779 109619212
194541779 198440726
106158268 198440726
106158268 109620035
194521111 109620035
194521111 198432026
106161498 198432026
106161498 109621532
194507410 109621532
194507410 198429970
106176188 198429970
106176188 109650933
194503979 109650933
194503979 198426769
106181359 198426769
106181359 109652277
194500800 109652277
194500800 198423222
106213140 198423222
106213140 109658301
194478138 109658301
194478138 198419563
106216413 198419563
106216413 109673309
194431909 109673309
194431909 198397681
106219479 198397681
106219479 109674323
194429916 109674323
194429916 198388214
106221339 198388214
106221339 109696474
194391798 109696474
194391798 198382629
106221682 198382629
106221682 109707230
194340753 109707230
194340753 198381112
106223967 198381112
106223967 109708413
194324110 109708413
194324110 198377216
106226219 198377216
106226219 109710381
194313525 109710381
194313525 198317820
106235982 198317820
106235982 109720237
194303310 109720237
194303310 198314242
106236376 198314242
106236376 109728171
194280441 109728171
194280441 198298481
106238953 198298481
106238953 109744514
194268490 109744514
194268490 198266286
106249862 198266286
106249862 109746281
194265681 109746281
194265681 198263856
106271120 198263856
106271120 109747351
194247562 109747351
194247562 198251783
106275023 198251783
106275023 109752012
194246658 109752012
194246658 198248204
106290132 198248204
106290132 109752709
194245773 109752709
194245773 198241956
106296139 198241956
106296139 109761967
194243145 109761967
194243145 198237524
106319780 198237524
106319780 109776506
194240287 109776506
194240287 198211013
106338076 198211013
106338076 109792279
194223293 109792279
194223293 198199237
106342787 198199237
106342787 109796089
194204400 109796089
194204400 198194874
106343375 198194874
106343375 109802888
194202830 109802888
194202830 198173959
106355307 198173959
106355307 109827121
194190307 109827121
194190307 198167437
106378160 198167437
106378160 109842181
194170233 109842181
194170233 198159014
106417269 198159014
106417269 109846051
194161899 109846051
194161899 198149129
106422309 198149129
106422309 109862852
194158365 109862852
194158365 198144249
106437363 198144249
106437363 109865517
194147156 109865517
194147156 198125531
106459037 198125531
106459037 109869990
194135740 109869990
194135740 198118547
106464502 198118547
106464502 109870548
194124616 109870548
194124616 198109333
106477369 198109333
106477369 109903678
194116337 109903678
194116337 198100913
106485152 198100913
106485152 109923795
194112552 109923795
194112552 198098272
106487870 198098272
106487870 109925593
194086721 109925593
194086721 198090920
106491824 198090920
106491824 109956151
194075918 109956151
194075918 198086560
106493692 198086560
106493692 109965073
194074491 109965073
194074491 198085052
106503954 198085052
106503954 109965814
194072595 109965814
194072595 198077527
106505579 198077527
106505579 109977160
194066667 109977160
194066667 198022267
106517188 198022267
106517188 110003851
194044602 110003851
194044602 198018599
106532124 198018599
106532124 110009004
194029900 110009004
194029900 198005515
106536219 198005515
106536219 110010005
194028400 110010005
194028400 197994715
106553968 197994715
106553968 110011187
194023188 110011187
194023188 197978997
106566440 197978997
106566440 110013657
194019959 110013657
194019959 197976703
106588389 197976703
106588389 110048504
194015916 110048504
194015916 197966340
106589773 197966340
106589773 110062813
194015243 110062813
194015243 197955363
106591108 197955363
106591108 110077548
194007087 110077548
194007087 197953936
106595634 197953936
106595634 110078810
193998791 110078810
193998791 197949200
106597723 197949200
106597723 110092638
193989368 110092638
193989368 197943025
106598700 197943025
106598700 110093501
193980781 110093501
193980781 197921056
106599455 197921056
106599455 110118158
193970659 110118158
193970659 197904926
106619552 197904926
106619552 110125849
193968151 110125849
193968151 197902468
106629426 197902468
106629426 110130642
193950127 110130642
193950127 197884897
106630325 197884897
106630325 110166701
193924484 110166701
193924484 197883205
106631229 197883205
106631229 110171713
193922262 110171713
193922262 197857997
106633849 197857997
106633849 110177128
193919751 110177128
193919751 197850995
106646903 197850995
106646903 110177272
193845445 110177272
193845445 197850353
106648150 197850353
106648150 110186856
193843051 110186856
193843051 197843622
106649988 197843622
106649988 110198252
193829409 110198252
193829409 197816012
106655023 197816012
106655023 110212837
193790799 110212837
193790799 197812542
106690163 197812542
106690163 110226913
193789701 110226913
193789701 197807859
106706287 197807859
106706287 110228324
193781594 110228324
193781594 197777867
106729742 197777867
106729742 110245075
193779747 110245075
193779747 197769234
106735119 197769234
106735119 110250737
193766223 110250737
193766223 197763285
106742137 197763285
106742137 110251780
193740137 110251780
193740137 197740406
106744513 197740406
106744513 110279898
193727926 110279898
193727926 197738131
106772719 197738131
106772719 110283686
193725652 110283686
193725652 197734341
106773472 197734341
106773472 110287610
193722410 110287610
193722410 197731502
106797974 197731502
106797974 110289918
193712045 110289918
193712045 197727329
106820487 197727329
106820487 110294124
193695055 110294124
193695055 197702264
106837108 197702264
106837108 110301428
193692342 110301428
193692342 197702081
106848614 197702081
106848614 110307015
193684734 110307015
193684734 197668500
106852941 197668500
106852941 110311277
193682693 110311277
193682693 197646042
106866310 197646042
106866310 110340075
193674954 110340075
193674954 197645668
106889903 197645668
106889903 110350903
193673155 110350903
193673155 197640352
106899029 197640352
106899029 110362671
193656799 110362671
193656799 197636149
106901295 197636149
106901295 110373637
193637372 110373637
193637372 197624356
106915474 197624356
106915474 110409525
193626737 110409525
193626737 197596487
106918568 197596487
106918568 110424260
193603757 110424260
193603757 197592899
106929228 197592899
106929228 110431940
193601641 110431940
193601641 197591795
106930147 197591795
106930147 110459480
193600637 110459480
193600637 197582271
106952857 197582271
106952857 110471359
193599985 110471359
193599985 197573025
106957628 197573025
106957628 110479689
193564174 110479689
193564174 197560960
106960912 197560960
106960912 110486661
193549018 110486661
193549018 197534297
106969462 197534297
106969462 110509404
193494023 110509404
193494023 197532918
106970513 197532918
106970513 110515381
193483019 110515381
193483019 197530074
106986430 197530074
106986430 110517217
193451196 110517217
193451196 197512181
106987224 197512181
106987224 110525058
193424252 110525058
193424252 197497548
106994536 197497548
106994536 110530654
193406734 110530654
193406734 197495517
106995469 197495517
106995469 110530842
193401004 110530842
193401004 197492809
107006698 197492809
107006698 110538549
193388897 110538549
193388897 197488361
107008581 197488361
107008581 110547574
193367683 110547574
193367683 197469648
107034285 197469648
107034285 110555277
193351329 110555277
193351329 197468999
107043273 197468999
107043273 110561494
193335129 110561494
193335129 197464202
107059088 197464202
107059088 110561557
193308116 110561557
193308116 197454733
107070328 197454733
107070328 110569789
193296027 110569789
193296027 197443932
107074450 197443932
107074450 110570015
193288194 110570015
193288194 197428606
107077825 197428606
107077825 110572737
193282334 110572737
193282334 197410181
107080534 197410181
107080534 110573981
193276008 110573981
193276008 197410076
107089551 197410076
107089551 110579601
193272317 110579601
193272317 197391372
107089871 197391372
107089871 110591928
193270224 110591928
193270224 197390522
107091216 197390522
107091216 110648942
193268148 110648942
193268148 197387118
107105309 197387118
107105309 110649633
193259378 110649633
193259378 197386652
107107697 197386652
107107697 110657974
193236360 110657974
193236360 197344367
107117446 197344367
107117446 110660852
193223377 110660852
193223377 197342755
107139492 197342755
107139492 110673024
193204933 110673024
193204933 197327885
107144071 197327885
107144071 110688676
193203256 110688676
193203256 197308600
107147996 197308600
107147996 110693534
193191821 110693534
193191821 197303370
107153399 197303370
107153399 110694699
193187958 110694699
193187958 197285408
107171478 197285408
107171478 110695827
193187200 110695827
193187200 197282663
107180136 197282663
107180136 110703305
193184335 110703305
193184335 197263571
107184886 197263571
107184886 110711625
193183704 110711625
193183704 197246566
107187365 197246566
107187365 110719323
193183510 110719323
193183510 197243119
107194668 197243119
107194668 110730890
193180017 110730890
193180017 197233247
107203106 197233247
107203106 110754472
193166403 110754472
193166403 197230806
107225108 197230806
107225108 110762784
193136183 110762784
193136183 197199691
107226747 197199691
107226747 110766428
193120612 110766428
193120612 197186675
107241019 197186675
107241019 110766977
193116851 110766977
193116851 197176380
107248753 197176380
107248753 110774325
193100510 110774325
193100510 197155711
107263690 197155711
107263690 110778915
193094969 110778915
193094969 197154755
107264365 197154755
107264365 110795731
193083354 110795731
193083354 197147445
107281989 197147445
107281989 110811846
193081721 110811846
193081721 197130543
107292290 197130543
107292290 110843049
193081056 110843049
193081056 197094959
107295814 197094959
107295814 110844564
193080907 110844564
193080907 197089372
107307646 197089372
107307646 110845561
193045594 110845561
193045594 197088401
107309354 197088401
107309354 110847832
193042601 110847832
193042601 197086765
107312257 197086765
107312257 110852720
193035194 110852720
193035194 197056771
107317920 197056771
107317920 110856232
193030925 110856232
193030925 197049145
107337630 197049145
107337630 110856957
193016531 110856957
193016531 197038566
107351946 197038566
107351946 110893042
193008624 110893042
193008624 197037630
107354099 197037630
107354099 110901648
193007418 110901648
193007418 197015667
107380975 197015667
107380975 110907425
193007244 110907425
193007244 197004870
107381486 197004870
107381486 110933069
192950271 110933069
192950271 197003405
107394992 197003405
107394992 110936527
192950242 110936527
192950242 196987759
107397187 196987759
107397187 110954801
192922970 110954801
192922970 196987539
107399967 196987539
107399967 110955369
192910418 110955369
192910418 196980543
107406041 196980543
107406041 110956417
192892819 110956417
192892819 196978001
107415133 196978001
107415133 110974303
192891009 110974303
192891009 196974511
107421640 196974511
107421640 110975391
192888124 110975391
192888124 196966102
107444950 196966102
107444950 110981969
192854894 110981969
192854894 196962805
107453780 196962805
107453780 110985413
192849790 110985413
192849790 196945750
107480671 196945750
107480671 111026634
192847783 111026634
192847783 196945222
107482312 196945222
107482312 111032020
192841380 111032020
192841380 196933081
107483639 196933081
107483639 111041153
192825575 111041153
192825575 196928471
107485642 196928471
107485642 111050569
192813607 111050569
192813607 196926456
107488402 196926456
107488402 111053369
192812478 111053369
192812478 196900073
107503821 196900073
107503821 111080942
192807475 111080942
192807475 196895964
107506424 196895964
107506424 111112604
192806214 111112604
192806214 196891241
107509891 196891241
107509891 111143745
192778525 111143745
192778525 196890811
107543030 196890811
107543030 111144615
192755417 111144615
192755417 196890330
107558415 196890330
107558415 111145522
192745944 111145522
192745944 196886636
107576447 196886636
107576447 111151138
192745738 111151138
192745738 196881509
107617043 196881509
107617043 111153524
192739233 111153524
192739233 196861390
107623157 196861390
107623157 111156172
192732066 111156172
192732066 196851263
107624953 196851263
107624953 111173981
192726626 111173981
192726626 196839288
107634119 196839288
107634119 111186914
192703287 111186914
192703287 196839095
107635396 196839095
107635396 111192755
192702986 111192755
192702986 196811691
107660851 196811691
107660851 111203796
192659737 111203796
192659737 196787297
107663088 196787297
107663088 111207530
192655801 111207530
192655801 196783244
107666633 196783244
107666633 111208556
192642539 111208556
192642539 196771273
107675025 196771273
107675025 111210798
192634101 111210798
192634101 196747902
107698165 196747902
107698165 111243279
192630933 111243279
192630933 196742416
107701804 196742416
107701804 111256180
192627103 111256180
192627103 196735157
107711343 196735157
107711343 111270320
192626584 111270320
192626584 196731045
107754696 196731045
107754696 111270527
192622036 111270527
192622036 196722309
107763150 196722309
107763150 111289994
192613128 111289994
192613128 196713818
107768772 196713818
107768772 111347467
192596117 111347467
192596117 196711479
107785917 196711479
107785917 111355250
192580467 111355250
192580467 196711218
107791450 196711218
107791450 111355580
192561949 111355580
192561949 196708875
107811803 196708875
107811803 111356617
192558818 111356617
192558818 196685732
107818127 196685732
107818127 111358155
192531292 111358155
192531292 196672388
107821312 196672388
107821312 111377437
192488821 111377437
192488821 196662415
107822333 196662415
107822333 111379520
192482919 111379520
192482919 196647390
107825417 196647390
107825417 111380248
192476768 111380248
192476768 196625334
107830574 196625334
107830574 111387142
192459490 111387142
192459490 196595222
107844114 196595222
107844114 111396283
192454873 111396283
192454873 196589279
107847792 196589279
107847792 111434148
192453806 111434148
192453806 196573767
107855416 196573767
107855416 111438802
192442719 111438802
192442719 196569645
107863909 196569645
107863909 111461159
192432512 111461159
192432512 196564878
107875557 196564878
107875557 111468178
192432449 111468178
192432449 196540701
107894544 196540701
107894544 111471158
192426817 111471158
192426817 196532774
107916424 196532774
107916424 111478403
192426187 111478403
192426187 196517621
107917771 196517621
107917771 111482136
192418041 111482136
192418041 196513889
107918009 196513889
107918009 111503197
192417432 111503197
192417432 196505122
107934629 196505122
107934629 111509870
192410054 111509870
192410054 196502923
107938129 196502923
107938129 111511320
192381997 111511320
192381997 196492799
107948187 196492799
107948187 111512696
192375025 111512696
192375025 196491235
107952649 196491235
107952649 111514556
192375012 111514556
192375012 196484924
107955356 196484924
107955356 111526072
192359894 111526072
192359894 196477574
107958246 196477574
107958246 111531666
192354214 111531666
192354214 196477067
107964006 196477067
107964006 111555621
192336582 111555621
192336582 196469026
107964167 196469026
107964167 111576241
192319174 111576241
192319174 196468385
107974046 196468385
107974046 111608746
192313095 111608746
192313095 196459920
107988415 196459920
107988415 111612669
192303102 111612669
192303102 196458229
107989245 196458229
107989245 111619038
192292175 111619038
192292175 196457257
108006891 196457257
108006891 111625038
192277602 111625038
192277602 196446544
108021718 196446544
108021718 111641276
192272279 111641276
192272279 196438768
108056777 196438768
108056777 111655493
192256857 111655493
192256857 196422760
108061482 196422760
108061482 111662737
192228955 111662737
192228955 196396619
108063617 196396619
108063617 111679827
192221680 111679827
192221680 196392609
108064124 196392609
108064124 111683755
192219553 111683755
192219553 196392230
108070985 196392230
108070985 111690403
192194722 111690403
192194722 196360854
108082152 196360854
108082152 111699889
192171412 111699889
192171412 196335109
108098998 196335109
108098998 111711504
192165320 111711504
192165320 196308528
108108399 196308528
108108399 111714570
192159747 111714570
192159747 196304150
108115341 196304150
108115341 111714781
192154893 111714781
192154893 196294916
108124269 196294916
108124269 111723355
192152081 111723355
192152081 196247974
108131907 196247974
108131907 111724643
192150228 111724643
192150228 196247041
108143094 196247041
108143094 111725447
192138691 111725447
192138691 196236055
108144241 196236055
108144241 111736140
192131633 111736140
192131633 196235492
108150361 196235492
108150361 111740084
192128018 111740084
192128018 196179020
108152921 196179020
108152921 111742580
192123155 111742580
192123155 196178654
108157018 196178654
108157018 111757634
192115047 111757634
192115047 196140536
108159032 196140536
108159032 111766830
192109034 111766830
192109034 196134761
108184138 196134761
108184138 111787071
192102845 111787071
192102845 196128607
108184164 196128607
108184164 111797963
192098198 111797963
192098198 196128567
108186352 196128567
108186352 111800049
192086175 111800049
192086175 196120087
108204754 196120087
108204754 111816115
192030219 111816115
192030219 196119682
108221270 196119682
108221270 111825762
192027443 111825762
192027443 196117127
108229495 196117127
108229495 111830677
192023529 111830677
192023529 196114714
108232393 196114714
108232393 111838629
192015429 111838629
192015429 196108907
108253937 196108907
108253937 111839297
192010826 111839297
192010826 196092011
108257636 196092011
108257636 111840424
192005513 111840424
192005513 196087750
108267871 196087750
108267871 111856796
192001251 111856796
192001251 196082369
108271958 196082369
108271958 111882124
192000707 111882124
192000707 196079992
108272763 196079992
108272763 111896652
191993639 111896652
191993639 196059143
108279284 196059143
108279284 111908916
191976245 111908916
191976245 196053278
108281466 196053278
108281466 111909478
191930294 111909478
191930294 196035363
108292744 196035363
108292744 111922197
191920985 111922197
191920985 196012925
108297359 196012925
108297359 111946115
191914794 111946115
191914794 196010540
108310718 196010540
108310718 111954320
191912974 111954320
191912974 195993107
108311950 195993107
108311950 111956856
191902561 111956856
191902561 195990017
108314115 195990017
108314115 111977178
191888413 111977178
191888413 195989868
108317168 195989868
108317168 112031041
191851966 112031041
191851966 195976978
108326159 195976978
108326159 112032428
191836022 112032428
191836022 195970173
108326807 195970173
108326807 112038735
191834984 112038735
191834984 195968610
108352178 195968610
108352178 112051390
191832938 112051390
191832938 195967857
108372437 195967857
108372437 112053755
191829212 112053755
191829212 195953669
108388295 195953669
108388295 112058669
191825600 112058669
191825600 195948757
108409959 195948757
108409959 112060718
191791905 112060718
191791905 195939376
108419850 195939376
108419850 112072938
191790950 112072938
191790950 195922121
108422905 195922121
108422905 112086257
191786305 112086257
191786305 195913844
108424909 195913844
108424909 112094166
191784962 112094166
191784962 195911430
108441211 195911430
108441211 112109810
191773839 112109810
191773839 195901657
108449589 195901657
108449589 112146843
191761311 112146843
191761311 195883241
108454211 195883241
108454211 112154989
191756633 112154989
191756633 195877883
108465020 195877883
108465020 112184813
191734905 112184813
191734905 195866460
108478021 195866460
108478021 112187085
191716512 112187085
191716512 195859300
108491815 195859300
108491815 112189335
191705022 112189335
191705022 195823534
108495422 195823534
108495422 112196052
191695999 112196052
191695999 195823115
108512117 195823115
108512117 112205746
191650678 112205746
191650678 195823045
108512651 195823045
108512651 112214747
191646283 112214747
191646283 195813748
108519267 195813748
108519267 112224583
191616264 112224583
191616264 195806156
108522068 195806156
108522068 112225877
191605443 112225877
191605443 195800784
108538501 195800784
108538501 112229047
191596893 112229047
191596893 195791233
108542439 195791233
108542439 112249470
191583694 112249470
191583694 195787755
108546204 195787755
108546204 112256782
191582743 112256782
191582743 195786607
108560238 195786607
108560238 112257790
191559872 112257790
191559872 195777082
108561698 195777082
108561698 112261454
191554467 112261454
191554467 195766192
108564938 195766192
108564938 112279016
191511944 112279016
191511944 195761113
108565947 195761113
108565947 112281532
191488685 112281532
191488685 195752058
108594229 195752058
108594229 112307144
191487213 112307144
191487213 195727687
108617868 195727687
108617868 112314382
191481238 112314382
191481238 195714431
108623605 195714431
108623605 112332745
191477291 112332745
191477291 195710551
108626007 195710551
108626007 112339328
191475387 112339328
191475387 195695400
108665720 195695400
108665720 112356251
191445687 112356251
191445687 195695082
108674371 195695082
108674371 112356644
191444200 112356644
191444200 195677264
108684981 195677264
108684981 112369131
191432423 112369131
191432423 195659915
108688647 195659915
108688647 112370611
191431781 112370611
191431781 195659863
108692744 195659863
108692744 112371867
191419077 112371867
191419077 195655931
108709709 195655931
108709709 112381826
191401327 112381826
191401327 195637394
108711509 195637394
108711509 112384365
191395366 112384365
191395366 195606294
108722703 195606294
108722703 112384398
191391200 112384398
191391200 195593957
108725434 195593957
108725434 112385695
191391152 112385695
191391152 195588713
108727334 195588713
108727334 112386040
191377820 112386040
191377820 195582134
108765855 195582134
108765855 112408552
191364438 112408552
191364438 195576215
108806191 195576215
108806191 112415543
191360105 112415543
191360105 195574679
108824114 195574679
108824114 112417865
191351198 112417865
191351198 195572681
108824774 195572681
108824774 112427795
191333199 112427795
191333199 195569709
108824963 195569709
108824963 112433723
191315226 112433723
191315226 195566862
108844402 195566862
108844402 112436948
191308031 112436948
191308031 195557119
108848662 195557119
108848662 112439393
191305220 112439393
191305220 195546705
108849831 195546705
108849831 112452315
191302047 112452315
191302047 195544184
108892479 195544184
108892479 112468717
191300360 112468717
191300360 195537558
108901060 195537558
108901060 112535910
191296459 112535910
191296459 195536462
108904305 195536462
108904305 112539016
191288867 112539016
191288867 195520499
108932047 195520499
108932047 112546502
191280876 112546502
191280876 195516038
108932218 195516038
108932218 112553007
191242651 112553007
191242651 195513779
108937291 195513779
108937291 112571054
191224121 112571054
191224121 195453505
108940325 195453505
108940325 112605251
191205188 112605251
191205188 195445113
108958074 195445113
108958074 112612663
191194526 112612663
191194526 195439594
108959609 195439594
108959609 112638339
191193646 112638339
191193646 195431855
108962575 195431855
108962575 112644028
191186789 112644028
191186789 195431668
108964250 195431668
108964250 112647971
191175442 112647971
191175442 195430984
109019052 195430984
109019052 112648890
191172799 112648890
191172799 195385389
109024799 195385389
109024799 112671858
191142620 112671858
191142620 195371115
109029935 195371115
109029935 112688751
191138564 112688751
191138564 195342623
109040798 195342623
109040798 112699386
191135431 112699386
191135431 195334303
109042891 195334303
109042891 112699450
191128211 112699450
191128211 195328579
109047255 195328579
109047255 112706812
191128177 112706812
191128177 195323578
109048776 195323578
109048776 112735815
191110328 112735815
191110328 195319862
109058339 195319862
109058339 112737356
191103177 112737356
191103177 195314649
109061574 195314649
109061574 112763935
191100237 112763935
191100237 195310406
109064817 195310406
109064817 112771181
191098702 112771181
191098702 195252841
109067302 195252841
109067302 112806706
191078591 112806706
191078591 195251054
109068669 195251054
109068669 112808401
191054190 112808401
191054190 195246327
109072321 195246327
109072321 112811612
191049740 112811612
191049740 195244547
109074295 195244547
109074295 112823327
191041903 112823327
191041903 195243471
109085492 195243471
109085492 112832540
191023898 112832540
191023898 195240589
109098691 195240589
109098691 112832845
191007260 112832845
191007260 195234523
109105098 195234523
109105098 112841383
191005408 112841383
191005408 195207524
109111768 195207524
109111768 112875784
190993423 112875784
190993423 195207212
109115607 195207212
109115607 112876604
190980410 112876604
190980410 195201553
109126096 195201553
109126096 112877013
190957145 112877013
190957145 195201300
109133512 195201300
109133512 112880867
190955862 112880867
190955862 195198905
109149535 195198905
109149535 112892197
190954042 112892197
190954042 195194591
109165024 195194591
109165024 112895098
190938734 112895098
190938734 195184535
109169869 195184535
109169869 112901792
190930444 112901792
190930444 195183903
109177915 195183903
109177915 112905014
190930244 112905014
190930244 195183501
109187691 195183501
109187691 112916522
190920698 112916522
190920698 195181011
109205768 195181011
109205768 112942674
190920397 112942674
190920397 195179412
109207434 195179412
109207434 112956895
190919505 112956895
190919505 195177400
109210485 195177400
109210485 112961570
190916065 112961570
190916065 195148590
109214845 195148590
109214845 112964943
190915405 112964943
190915405 195135510
109222903 195135510
109222903 112968772
190859606 112968772
190859606 195128524
109236820 195128524
109236820 112972996
190853138 112972996
190853138 195124261
109242928 195124261
109242928 112989953
190772421 112989953
190772421 195121652
109252265 195121652
109252265 112991363
190761291 112991363
190761291 195104523
109261190 195104523
109261190 113026346
190738513 113026346
190738513 195093684
109263386 195093684
109263386 113028446
190733414 113028446
190733414 195090906
109267389 195090906
109267389 113031593
190721302 113031593
190721302 195086160
109269465 195086160
109269465 113041081
190698190 113041081
190698190 195081896
109275711 195081896
109275711 113043559
190691700 113043559
190691700 195081715
109277872 195081715
109277872 113063091
190682949 113063091
190682949 195067471
109297274 195067471
109297274 113089627
190670565 113089627
190670565 195061947
109298844 195061947
109298844 113098093
190669046 113098093
190669046 195058073
109300657 195058073
109300657 113099700
190668683 113099700
190668683 195054891
109302071 195054891
109302071 113104588
190656896 113104588
190656896 195032726
109306684 195032726
109306684 113106205
190651671 113106205
190651671 195024243
109309417 195024243
109309417 113107292
190650088 113107292
190650088 195022182
109316056 195022182
109316056 113117769
190644319 113117769
190644319 194998834
109316940 194998834
109316940 113120509
190640277 113120509
190640277 194994831
109317769 194994831
109317769 113122358
190620360 113122358
190620360 194981105
109328506 194981105
109328506 113125146
190574000 113125146
190574000 194977012
109368350 194977012
109368350 113157126
190573160 113157126
190573160 194962570
109370481 194962570
109370481 113170919
190571265 113170919
190571265 194948209
109380912 194948209
109380912 113178512
190570357 113178512
190570357 194947183
109382077 194947183
109382077 113181398
190567869 113181398
190567869 194933380
109389569 194933380
109389569 113205331
190557397 113205331
190557397 194924991
109407806 194924991
109407806 113207681
190548296 113207681
190548296 194901842
109418117 194901842
109418117 113217414
190547699 113217414
190547699 194894686
109421286 194894686
109421286 113227572
190539616 113227572
190539616 194888212
109428200 194888212
109428200 113240773
190534952 113240773
190534952 194876477
109432012 194876477
109432012 113256335
190531482 113256335
190531482 194864661
109444001 194864661
109444001 113279636
190523895 113279636
190523895 194846990
109450946 194846990
109450946 113309342
190511115 113309342
190511115 194840490
109471367 194840490
109471367 113310505
190509297 113310505
190509297 194838348
109485761 194838348
109485761 113318782
190504545 113318782
190504545 194823372
109489300 194823372
109489300 113319853
190501432 113319853
190501432 194809184
109535166 194809184
109535166 113332091
190470324 113332091
190470324 194808029
109535254 194808029
109535254 113334057
190467776 113334057
190467776 194803846
109537361 194803846
109537361 113357958
190449462 113357958
190449462 194802615
109539611 194802615
109539611 113366360
190445354 113366360
190445354 194795003
109542824 194795003
109542824 113376061
190436174 113376061
190436174 194790344
109549204 194790344
109549204 113400102
190432983 113400102
190432983 194766094
109585758 194766094
109585758 113409992
190432621 113409992
190432621 194729703
109600188 194729703
109600188 113451638
190365745 113451638
190365745 194727059
109608305 194727059
109608305 113489302
190342985 113489302
190342985 194725274
109629558 194725274
109629558 113494011
190283565 113494011
190283565 194724585
109646816 194724585
109646816 113500553
190270084 113500553
190270084 194707887
109657172 194707887
109657172 113506560
190237220 113506560
190237220 194655351
109659824 194655351
109659824 113514780
190237116 113514780
190237116 194652150
109675460 194652150
109675460 113515093
190229928 113515093
190229928 194633798
109678793 194633798
109678793 113520915
190228327 113520915
190228327 194623104
109692425 194623104
109692425 113532660
190223051 113532660
190223051 194622231
109718245 194622231
109718245 113544726
190203990 113544726
190203990 194618690
109718556 194618690
109718556 113562770
190199465 113562770
190199465 194615768
109740658 194615768
109740658 113566104
190197360 113566104
190197360 194587293
109741856 194587293
109741856 113598712
190187433 113598712
190187433 194575397
109750585 194575397
109750585 113600162
190179604 113600162
190179604 194574952
109759436 194574952
109759436 113631157
190174664 113631157
190174664 194558503
109774136 194558503
109774136 113642109
190172494 113642109
190172494 194555639
109783987 194555639
109783987 113691882
190170991 113691882
190170991 194543978
109789742 194543978
109789742 113699853
190147544 113699853
190147544 194530502
109797920 194530502
109797920 113702105
190128942 113702105
190128942 194515411
109799440 194515411
109799440 113709278
190114232 113709278
190114232 194507932
109799930 194507932
109799930 113715715
190108199 113715715
190108199 194495749
109800376 194495749
109800376 113716075
190101130 113716075
190101130 194478164
109824926 194478164
109824926 113734805
190086405 113734805
190086405 194475442
109850811 194475442
109850811 113751009
190077383 113751009
190077383 194472749
109852937 194472749
109852937 113751320
190070203 113751320
190070203 194457456
109859165 194457456
109859165 113773955
190047156 113773955
190047156 194450381
109869927 194450381
109869927 113802460
190035132 113802460
190035132 194447521
109870141 194447521
109870141 113814503
190013038 113814503
190013038 194436764
109872623 194436764
109872623 113818060
190008997 113818060
190008997 194400517
109875559 194400517
109875559 113828518
190005930 113828518
190005930 194390990
109879869 194390990
109879869 113839318
189985566 113839318
189985566 194386836
109888495 194386836
109888495 113841315
189983772 113841315
189983772 194374046
109888600 194374046
109888600 113862707
189972496 113862707
189972496 194369106
109890735 194369106
109890735 113863051
189961970 113863051
189961970 194368973
109896529 194368973
109896529 113865570
189947797 113865570
189947797 194354351
109909271 194354351
109909271 113869074
189942614 113869074
189942614 194331385
109910352 194331385
109910352 113875252
189942256 113875252
189942256 194329108
109922118 194329108
109922118 113876621
189938850 113876621
189938850 194311003
109933563 194311003
109933563 113907034
189929267 113907034
189929267 194310542
109939534 194310542
109939534 113913464
189911962 113913464
189911962 194302608
109958730 194302608
109958730 113923408
189902435 113923408
189902435 194284200
109972953 194284200
109972953 113930066
189876572 113930066
189876572 194274784
109980012 194274784
109980012 113937830
189869134 113937830
189869134 194270803
109982934 194270803
109982934 113944366
189840280 113944366
189840280 194264773
109985023 194264773
109985023 113964877
189829090 113964877
189829090 194263519
109991915 194263519
109991915 113981160
189814699 113981160
189814699 194259233
110005859 194259233
110005859 113988294
189810024 113988294
189810024 194254768
110008089 194254768
110008089 113989251
189808870 113989251
189808870 194249738
110023545 194249738
110023545 113992903
189771434 113992903
189771434 194237204
110030670 194237204
110030670 113999429
189765367 113999429
189765367 194235211
110038447 194235211
110038447 114039426
189757028 114039426
189757028 194234372
110070621 194234372
110070621 114078527
189753382 114078527
189753382 194232641
110074911 194232641
110074911 114083298
189750972 114083298
189750972 194229756
110079009 194229756
110079009 114087295
189748176 114087295
189748176 194204364
110093650 194204364
110093650 114088568
189747851 114088568
189747851 194203120
110096508 194203120
110096508 114094138
189742921 114094138
189742921 194159632
110111607 194159632
110111607 114102879
189741190 114102879
189741190 194156240
110112709 194156240
110112709 114115258
189721741 114115258
189721741 194150220
110125292 194150220
110125292 114141219
189716231 114141219
189716231 194144198
110126113 194144198
110126113 114177656
189704111 114177656
189704111 194134816
110127119 194134816
110127119 114183897
189696964 114183897
189696964 194124498
110143281 194124498
110143281 114184481
189693637 114184481
189693637 194114807
110158063 194114807
110158063 114189418
189687582 114189418
189687582 194101309
110159013 194101309
110159013 114198886
189643347 114198886
189643347 194092839
110169694 194092839
110169694 114204122
189631448 114204122
189631448 194078787
110176220 194078787
110176220 114219084
189616507 114219084
189616507 194069463
110195230 194069463
110195230 114228811
189606173 114228811
189606173 194055884
110203517 194055884
110203517 114237897
189600222 114237897
189600222 194051221
110211051 194051221
110211051 114262650
189596469 114262650
189596469 194027311
110212545 194027311
110212545 114274340
189582715 114274340
189582715 194010370
110218655 194010370
110218655 114281649
189579097 114281649
189579097 194006690
110224996 194006690
110224996 114290458
189576960 114290458
189576960 193986001
110230417 193986001
110230417 114293454
189569788 114293454
189569788 193982821
110250952 193982821
110250952 114298326
189569255 114298326
189569255 193964862
110254896 193964862
110254896 114353391
189551466 114353391
189551466 193961255
110275728 193961255
110275728 114355567
189526352 114355567
189526352 193957824
110281306 193957824
110281306 114357825
189517097 114357825
189517097 193952571
110295069 193952571
110295069 114361011
189497156 114361011
189497156 193952071
110304676 193952071
110304676 114370731
189491451 114370731
189491451 193944564
110314157 193944564
110314157 114372031
189482783 114372031
189482783 193926372
110317448 193926372
110317448 114379558
189464823 114379558
189464823 193924342
110318365 193924342
110318365 114384125
189432414 114384125
189432414 193913922
110345061 193913922
110345061 114398046
189411420 114398046
189411420 193912684
110345947 193912684
110345947 114401495
189393907 114401495
189393907 193910901
110346231 193910901
110346231 114416052
189388331 114416052
189388331 193907518
110352725 193907518
110352725 114426818
189385892 114426818
189385892 193901617
110365642 193901617
110365642 114438386
189363653 114438386
189363653 193899457
110368339 193899457
110368339 114444254
189349617 114444254
189349617 193870104
110371441 193870104
110371441 114444443
189319552 114444443
189319552 193869140
110383358 193869140
110383358 114453927
189306027 114453927
189306027 193868534
110385800 193868534
110385800 114464201
189293181 114464201
189293181 193862633
110394483 193862633
110394483 114471140
189280680 114471140
189280680 193843757
110409186 193843757
110409186 114478602
189250058 114478602
189250058 193833496
110412753 193833496
110412753 114484830
189248565 114484830
189248565 193823284
110417694 193823284
110417694 114485618
189234164 114485618
189234164 193800460
110443402 193800460
110443402 114517159
189233093 114517159
189233093 193797450
110446415 193797450
110446415 114522178
189231816 114522178
189231816 193797104
110465030 193797104
110465030 114554177
189226699 114554177
189226699 193780733
110465866 193780733
110465866 114559462
189226098 114559462
189226098 193775568
110466018 193775568
110466018 114562326
189222939 114562326
189222939 193773053
110472988 193773053
110472988 114562443
189219350 114562443
189219350 193771851
110476695 193771851
110476695 114576069
189213210 114576069
189213210 193768060
110491078 193768060
110491078 114590581
189211535 114590581
189211535 193750362
110494464 193750362
110494464 114602614
189209902 114602614
189209902 193730167
110505198 193730167
110505198 114617151
189203105 114617151
189203105 193722640
110519372 193722640
110519372 114626951
189196451 114626951
189196451 193690796
110539638 193690796
110539638 114661815
189168609 114661815
189168609 193688831
110548181 193688831
110548181 114670278
189134704 114670278
189134704 193688374
110549067 193688374
110549067 114673075
189118086 114673075
189118086 193683446
110563942 193683446
110563942 114673195
189112628 114673195
189112628 193677232
110564635 193677232
110564635 114673354
189106024 114673354
189106024 193646074
110571711 193646074
110571711 114681633
189103100 114681633
189103100 193644184
110581245 193644184
110581245 114710898
189102684 114710898
189102684 193617056
110586694 193617056
110586694 114711955
189087154 114711955
189087154 193611636
110613701 193611636
110613701 114771466
189080449 114771466
189080449 193610773
110619535 193610773
110619535 114775129
189072872 114775129
189072872 193607827
110636237 193607827
110636237 114777908
189070093 114777908
189070093 193601466
110649314 193601466
110649314 114787614
189058305 114787614
189058305 193600083
110653703 193600083
110653703 114790980
189052834 114790980
189052834 193591155
110684918 193591155
110684918 114797938
189048771 114797938
189048771 193589147
110707245 193589147
110707245 114813800
189033051 114813800
189033051 193562870
110720371 193562870
110720371 114823887
189027158 114823887
189027158 193558654
110722273 193558654
110722273 114825533
189024917 114825533
189024917 193557542
110733268 193557542
110733268 114829441
189021456 114829441
189021456 193556987
110742779 193556987
110742779 114846652
189008701 114846652
189008701 193555042
110759549 193555042
110759549 114847176
188991716 114847176
188991716 193553311
110777884 193553311
110777884 114853065
188966017 114853065
188966017 193551490
110778346 193551490
110778346 114866758
188962269 114866758
188962269 193548044
110779962 193548044
110779962 114902702
188959469 114902702
188959469 193543685
110780041 193543685
110780041 114902819
188957517 114902819
188957517 193536220
110791249 193536220
110791249 114916360
188939114 114916360
188939114 193533039
110823486 193533039
110823486 114916559
188933632 114916559
188933632 193528452
110825945 193528452
110825945 114940467
188922135 114940467
188922135 193524376
110830594 193524376
110830594 114951280
188917323 114951280
188917323 193506822
110857452 193506822
110857452 114956758
188898605 114956758
188898605 193500813
110863734 193500813
110863734 114960138
188879999 114960138
188879999 193493444
110866653 193493444
110866653 114960995
188857634 114960995
188857634 193483316
110868005 193483316
110868005 114962260
188843455 114962260
188843455 193478187
110871640 193478187
110871640 114963321
188841904 114963321
188841904 193471546
110897148 193471546
110897148 114998854
188831174 114998854
188831174 193457672
110914213 193457672
110914213 115025022
188830707 115025022
188830707 193422018
110915171 193422018
110915171 115027491
188784198 115027491
188784198 193401909
110917634 193401909
110917634 115047235
188773871 115047235
188773871 193401866
110930075 193401866
110930075 115050061
188770268 115050061
188770268 193400387
110935525 193400387
110935525 115059890
188760625 115059890
188760625 193394245
110969487 193394245
110969487 115066871
188758568 115066871
188758568 193391479
110979126 193391479
110979126 115067460
188723112 115067460
188723112 193384717
110982098 193384717
110982098 115073453
188721505 115073453
188721505 193365309
110986622 193365309
110986622 115075707
188685252 115075707
188685252 193341607
110990844 193341607
110990844 115079697
188684477 115079697
188684477 193333318
111000581 193333318
111000581 115084029
188682829 115084029
188682829 193330804
111001301 193330804
111001301 115086487
188680976 115086487
188680976 193313380
111023505 193313380
111023505 115094465
188678741 115094465
188678741 193292324
111025367 193292324
111025367 115094544
188665366 115094544
188665366 193284128
111052668 193284128
111052668 115097151
188651597 115097151
188651597 193265936
111058191 193265936
111058191 115105402
188634713 115105402
188634713 193259993
111081194 193259993
111081194 115111442
188620809 115111442
188620809 193247071
111092214 193247071
111092214 115116318
188583686 115116318
188583686 193243075
111097177 193243075
111097177 115123825
188572994 115123825
188572994 193222049
111106242 193222049
111106242 115127085
188565137 115127085
188565137 193199893
111148147 193199893
111148147 115145541
188562110 115145541
188562110 193192793
111153639 193192793
111153639 115162514
188561512 115162514
188561512 193192333
111158194 193192333
111158194 115191377
188559882 115191377
188559882 193184611
111159023 193184611
111159023 115212426
188558688 115212426
188558688 193178005
111160098 193178005
111160098 115222313
188546026 115222313
188546026 193170251
111171616 193170251
111171616 115233711
188545634 115233711
188545634 193163101
111172230 193163101
111172230 115244756
188541485 115244756
188541485 193153209
111178457 193153209
111178457 115247926
188531795 115247926
188531795 193148541
111185725 193148541
111185725 115252107
188528047 115252107
188528047 193146705
111194888 193146705
111194888 115256594
188515784 115256594
188515784 193132727
111203035 193132727
111203035 115264900
188514331 115264900
188514331 193104695
111204797 193104695
111204797 115277014
188478571 115277014
188478571 193101100
111227661 193101100
111227661 115285192
188475122 115285192
188475122 193097591
111230713 193097591
111230713 115286332
188470504 115286332
188470504 193085623
111243094 193085623
111243094 115293036
188466488 115293036
188466488 193050415
111246081 193050415
111246081 115296466
188459982 115296466
188459982 193048662
111253390 193048662
111253390 115322487
188397879 115322487
188397879 193039395
111271595 193039395
111271595 115335955
188358649 115335955
188358649 193028692
111272897 193028692
111272897 115344753
188352326 115344753
188352326 193014843
111280440 193014843
111280440 115350086
188350479 115350086
188350479 193010806
111281445 193010806
111281445 115350184
188338295 115350184
188338295 192997194
111293332 192997194
111293332 115357081
188331672 115357081
188331672 192994130
111293519 192994130
111293519 115359778
188314823 115359778
188314823 192993599
111302770 192993599
111302770 115365662
188312782 115365662
188312782 192991313
111321452 192991313
111321452 115376123
188308560 115376123
188308560 192979184
111323697 192979184
111323697 115382101
188300305 115382101
188300305 192929614
111329982 192929614
111329982 115388383
188299533 115388383
188299533 192919445
111335416 192919445
111335416 115407742
188278381 115407742
188278381 192915047
111380083 192915047
111380083 115408872
188265764 115408872
188265764 192910995
111381734 192910995
111381734 115420445
188230681 115420445
188230681 192910149
111385007 192910149
111385007 115440760
188228971 115440760
188228971 192907732
111390517 192907732
111390517 115460489
188216518 115460489
188216518 192899052
111391410 192899052
111391410 115467049
188208115 115467049
188208115 192897641
111405093 192897641
111405093 115475688
188203168 115475688
188203168 192894500
111410138 192894500
111410138 115480056
188202760 115480056
188202760 192891215
111412375 192891215
111412375 115515148
188196605 115515148
188196605 192877889
111415042 192877889
111415042 115517738
188179059 115517738
188179059 192872052
111424337 192872052
111424337 115539038
188172085 115539038
188172085 192863401
111431593 192863401
111431593 115554541
188157139 115554541
188157139 192857300
111442833 192857300
111442833 115554895
188147138 115554895
188147138 192857003
111443027 192857003
111443027 115559846
188145242 115559846
188145242 192853827
111458534 192853827
111458534 115562989
188137288 115562989
188137288 192843612
111475116 192843612
111475116 115568704
188136824 115568704
188136824 192833574
111476851 192833574
111476851 115581514
188124577 115581514
188124577 192827882
111490530 192827882
111490530 115581978
188110068 115581978
188110068 192790499
111505155 192790499
111505155 115593303
188079592 115593303
188079592 192786485
111511711 192786485
111511711 115597952
188076160 115597952
188076160 192778553
111522380 192778553
111522380 115617136
188067503 115617136
188067503 192776951
111539331 192776951
111539331 115645647
188035185 115645647
188035185 192763450
111553464 192763450
111553464 115658608
188016968 115658608
188016968 192744056
111581293 192744056
111581293 115667801
188013653 115667801
188013653 192731134
111602656 192731134
111602656 115668244
188010973 115668244
188010973 192730276
111609455 192730276
111609455 115674745
188003770 115674745
188003770 192722598
111612183 192722598
111612183 115681401
187989912 115681401
187989912 192719272
111615300 192719272
111615300 115681578
187985345 115681578
187985345 192672924
111619273 192672924
111619273 115732710
187965533 115732710
187965533 192667557
111626004 192667557
111626004 115739017
187955434 115739017
187955434 192662697
111626993 192662697
111626993 115756189
187952699 115756189
187952699 192635853
111629398 192635853
111629398 115762106
187944116 115762106
187944116 192629193
111639348 192629193
111639348 115764004
187934100 115764004
187934100 192625775
111640622 192625775
111640622 115766762
187926154 115766762
187926154 192616085
111672609 192616085
111672609 115769519
187921027 115769519
187921027 192600861
111683219 192600861
111683219 115804141
187920846 115804141
187920846 192584268
111684555 192584268
111684555 115818528
187905476 115818528
187905476 192556112
111709346 192556112
111709346 115827568
187904141 115827568
187904141 192555906
111737821 192555906
111737821 115830834
187887968 115830834
187887968 192555720
111762816 192555720
111762816 115838468
187878007 115838468
187878007 192552440
111785390 192552440
111785390 115839289
187875363 115839289
187875363 192548314
111788737 192548314
111788737 115845049
187853120 115845049
187853120 192536719
111823091 192536719
111823091 115862354
187849412 115862354
187849412 192536022
111826972 192536022
111826972 115863094
187847701 115863094
187847701 192495043
111843231 192495043
111843231 115868621
187847466 115868621
187847466 192478302
111848260 192478302
111848260 115883490
187836996 115883490
187836996 192469749
111850628 192469749
111850628 115893306
187832754 115893306
187832754 192461327
111852753 192461327
111852753 115894961
187810851 115894961
187810851 192420679
111858300 192420679
111858300 115915009
187808471 115915009
187808471 192400451
111872476 192400451
111872476 115940068
187808000 115940068
187808000 192399225
111892487 192399225
111892487 115941861
187794366 115941861
187794366 192391513
111893579 192391513
111893579 115942000
187779536 115942000
187779536 192389637
111894105 192389637
111894105 115946437
187777085 115946437
187777085 192387130
111908798 192387130
111908798 115953768
187776744 115953768
187776744 192364408
111918428 192364408
111918428 115956212
187756772 115956212
187756772 192347980
111933516 192347980
111933516 115968854
187729772 115968854
187729772 192341381
111935195 192341381
111935195 115972470
187724666 115972470
187724666 192331278
111958072 192331278
111958072 115981141
187713369 115981141
187713369 192330069
111960933 192330069
111960933 115987847
187713316 115987847
187713316 192328350
111962166 192328350
111962166 115993156
187657404 115993156
187657404 192318056
111971920 192318056
111971920 116021753
187643537 116021753
187643537 192277927
111981061 192277927
111981061 116022021
187633017 116022021
187633017 192249188
111981951 192249188
111981951 116031207
187630910 116031207
187630910 192245266
111983459 192245266
111983459 116037739
187624995 116037739
187624995 192232823
112004346 192232823
112004346 116046311
187622298 116046311
187622298 192207663
112011993 192207663
112011993 116046952
187600852 116046952
187600852 192206402
112021377 192206402
112021377 116047549
187596640 116047549
187596640 192197314
112024975 192197314
112024975 116054941
187541413 116054941
187541413 192190964
112032043 192190964
112032043 116055501
187540511 116055501
187540511 192189713
112034465 192189713
112034465 116060991
187512791 116060991
187512791 192187773
112042392 192187773
112042392 116062153
187509421 116062153
187509421 192179337
112061237 192179337
112061237 116065039
187462885 116065039
187462885 192179079
112089253 192179079
112089253 116086761
187459709 116086761
187459709 192175148
112103368 192175148
112103368 116132821
187456652 116132821
187456652 192161886
112125027 192161886
112125027 116136544
187447979 116136544
187447979 192152977
112129102 192152977
112129102 116138685
187438391 116138685
187438391 192148496
112134207 192148496
112134207 116155444
187416111 116155444
187416111 192132903
112137010 192132903
112137010 116159361
187396328 116159361
187396328 192125803
112157330 192125803
112157330 116159723
187390696 116159723
187390696 192123179
112160097 192123179
112160097 116168100
187386761 116168100
187386761 192113254
112183276 192113254
112183276 116176958
187383804 116176958
187383804 192102999
112202729 192102999
112202729 116185965
187365820 116185965
187365820 192074614
112206608 192074614
112206608 116218304
187344629 116218304
187344629 192065822
112207111 192065822
112207111 116219608
187336099 116219608
187336099 192062158
112208208 192062158
112208208 116221922
187333073 116221922
187333073 192057603
112247846 192057603
112247846 116240939
187332162 116240939
187332162 192053010
112248788 192053010
112248788 116241197
187300531 116241197
187300531 192050956
112258478 192050956
112258478 116254196
187295727 116254196
187295727 192045582
112273828 192045582
112273828 116262102
187272254 116262102
187272254 192020208
112278999 192020208
112278999 116264179
187261560 116264179
187261560 192014923
112279114 192014923
112279114 116269509
187245814 116269509
187245814 192013467
112281985 192013467
112281985 116300307
187235523 116300307
187235523 192007137
112306364 192007137
112306364 116310464
187231005 116310464
187231005 192004028
112336403 192004028
112336403 116339845
187227197 116339845
187227197 191997199
112343555 191997199
112343555 116358843
187225344 116358843
187225344 191986573
112354643 191986573
112354643 116370719
187224581 116370719
187224581 191986032
112362490 191986032
112362490 116375618
187211757 116375618
187211757 191972117
112363182 191972117
112363182 116382220
187195116 116382220
187195116 191971316
112363970 191971316
112363970 116383510
187185547 116383510
187185547 191958097
112365513 191958097
112365513 116402899
187181478 116402899
187181478 191934861
112368247 191934861
112368247 116410149
187163706 116410149
187163706 191919567
112368639 191919567
112368639 116457614
187144236 116457614
187144236 191915158
112370252 191915158
112370252 116503637
187141997 116503637
187141997 191898840
112378536 191898840
112378536 116545031
187120849 116545031
187120849 191889347
112378653 191889347
112378653 116545793
187044306 116545793
187044306 191882851
112378654 191882851
112378654 116546941
187030063 116546941
187030063 191876128
112400927 191876128
112400927 116557647
187026854 116557647
187026854 191872815
112401311 191872815
112401311 116560446
187017696 116560446
187017696 191872789
112413850 191872789
112413850 116562049
187003644 116562049
187003644 191866254
112428291 191866254
112428291 116574924
186992152 116574924
186992152 191857590
112432786 191857590
112432786 116576447
186973642 116576447
186973642 191846606
112438506 191846606
112438506 116590886
186969776 116590886
186969776 191834351
112441492 191834351
112441492 116605604
186966149 116605604
186966149 191821977
112442437 191821977
112442437 116616961
186943323 116616961
186943323 191809443
112443170 191809443
112443170 116645434
186942035 116645434
186942035 191808218
112446735 191808218
112446735 116646515
186937882 116646515
186937882 191798534
112449669 191798534
112449669 116647228
186928160 116647228
186928160 191794314
112461014 191794314
112461014 116647574
186921732 116647574
186921732 191775223
112491201 191775223
112491201 116657065
186913083 116657065
186913083 191770174
112493378 191770174
112493378 116671863
186903553 116671863
186903553 191768092
112512365 191768092
112512365 116673332
186893719 116673332
186893719 191755319
112517787 191755319
112517787 116692367
186885266 116692367
186885266 191680531
112520984 191680531
112520984 116710733
186877887 116710733
186877887 191658924
112539028 191658924
112539028 116726091
186875626 116726091
186875626 191654894
112539653 191654894
112539653 116733532
186871953 116733532
186871953 191641265
112556806 191641265
112556806 116743132
186867799 116743132
186867799 191638858
112572748 191638858
112572748 116746264
186829952 116746264
186829952 191622209
112588979 191622209
112588979 116751450
186823460 116751450
186823460 191614926
112592035 191614926
112592035 116755054
186817485 116755054
186817485 191613013
112615118 191613013
112615118 116757316
186811729 116757316
186811729 191604289
112625940 191604289
112625940 116757345
186808291 116757345
186808291 191595234
112637770 191595234
112637770 116760158
186798298 116760158
186798298 191592101
112641895 191592101
112641895 116810904
186790198 116810904
186790198 191574202
112644532 191574202
112644532 116814549
186781220 116814549
186781220 191565689
112659593 191565689
112659593 116815824
186752853 116815824
186752853 191553580
112669005 191553580
112669005 116818506
186752270 116818506
186752270 191545193
112674176 191545193
112674176 116837994
186746170 116837994
186746170 191543619
112682152 191543619
112682152 116838465
186714654 116838465
186714654 191543532
112683084 191543532
112683084 116845423
186660110 116845423
186660110 191534278
112714947 191534278
112714947 116848536
186641739 116848536
186641739 191522847
112740228 191522847
112740228 116855543
186634608 116855543
186634608 191520211
112743219 191520211
112743219 116860515
186628586 116860515
186628586 191519087
112748337 191519087
112748337 116862537
186622033 116862537
186622033 191509886
112760307 191509886
112760307 116865478
186595744 116865478
186595744 191478306
112787563 191478306
112787563 116880450
186592588 116880450
186592588 191462382
112788422 191462382
112788422 116884559
186588698 116884559
186588698 191453531
112808395 191453531
112808395 116889953
186583791 116889953
186583791 191451896
112822874 191451896
112822874 116894957
186574211 116894957
186574211 191439773
112833917 191439773
112833917 116941058
186563285 116941058
186563285 191430632
112838371 191430632
112838371 116953006
186561019 116953006
186561019 191429040
112838931 191429040
112838931 116954535
186549482 116954535
186549482 191421997
112846444 191421997
112846444 116961972
186548806 116961972
186548806 191410399
112846704 191410399
112846704 116971278
186525430 116971278
186525430 191403087
112854312 191403087
112854312 116973922
186521556 116973922
186521556 191402402
112854806 191402402
112854806 116978283
186478529 116978283
186478529 191395860
112870349 191395860
112870349 116981599
186473621 116981599
186473621 191374305
112871930 191374305
112871930 116996414
186460657 116996414
186460657 191361620
112876519 191361620
112876519 117010847
186454152 117010847
186454152 191341801
112902635 191341801
112902635 117032964
186451865 117032964
186451865 191328929
112913590 191328929
112913590 117036974
186443613 117036974
186443613 191326604
112937309 191326604
112937309 117047811
186427229 117047811
186427229 191322399
112954776 191322399
112954776 117079747
186418181 117079747
186418181 191321940
112959921 191321940
112959921 117090512
186417062 117090512
186417062 191315627
112998031 191315627
112998031 117097552
186409851 117097552
186409851 191303255
112998668 191303255
112998668 117113639
186394776 117113639
186394776 191295228
112999502 191295228
112999502 117120482
186389547 117120482
186389547 191294971
113020007 191294971
113020007 117120612
186378286 117120612
186378286 191293906
113028470 191293906
113028470 117150952
186374595 117150952
186374595 191285138
113032859 191285138
113032859 117172103
186361069 117172103
186361069 191279616
113045837 191279616
113045837 117203179
186355886 117203179
186355886 191256412
113052356 191256412
113052356 117225292
186352572 117225292
186352572 191247214
113055650 191247214
113055650 117227868
186300341 117227868
186300341 191242782
113075985 191242782
113075985 117229244
186284276 117229244
186284276 191218058
113101158 191218058
113101158 117239252
186271723 117239252
186271723 191210687
113106049 191210687
113106049 117278137
186262771 117278137
186262771 191210388
113107685 191210388
113107685 117285253
186251983 117285253
186251983 191202336
113121344 191202336
113121344 117292304
186249220 117292304
186249220 191201516
113129735 191201516
113129735 117314631
186246304 117314631
186246304 191193271
113136478 191193271
113136478 117323949
186226644 117323949
186226644 191189190
113139284 191189190
113139284 117328618
186179993 117328618
186179993 191184692
113140230 191184692
113140230 117328875
186176098 117328875
186176098 191184567
113169621 191184567
113169621 117330281
186139527 117330281
186139527 191160359
113172122 191160359
113172122 117351588
186120084 117351588
186120084 191139395
113174393 191139395
113174393 117360956
186118818 117360956
186118818 191130849
113175945 191130849
113175945 117377667
186096631 117377667
186096631 191129890
113182327 191129890
113182327 117378857
186074284 117378857
186074284 191125686
113225790 191125686
113225790 117393332
186073672 117393332
186073672 191118050
113226480 191118050
113226480 117403028
186059385 117403028
186059385 191115693
113267762 191115693
113267762 117411411
186049745 117411411
186049745 191111225
113268624 191111225
113268624 117424773
186032982 117424773
186032982 191108209
113276614 191108209
113276614 117430696
186032063 117430696
186032063 191101081
113276641 191101081
113276641 117445235
186025852 117445235
186025852 191094430
113278196 191094430
113278196 117465895
186007244 117465895
186007244 191092503
113282885 191092503
113282885 117472045
186006636 117472045
186006636 191068098
113311946 191068098
113311946 117473580
186001375 117473580
186001375 191050206
113319240 191050206
113319240 117478679
185967047 117478679
185967047 191035097
113330667 191035097
113330667 117480207
185965130 117480207
185965130 191027196
113339391 191027196
113339391 117487694
185965113 117487694
185965113 191013712
113379963 191013712
113379963 117488919
185963945 117488919
185963945 191008256
113380617 191008256
113380617 117494183
185921477 117494183
185921477 190990940
113390464 190990940
113390464 117499825
185920131 117499825
185920131 190987962
113391161 190987962
113391161 117511046
185905912 117511046
185905912 190972154
113393677 190972154
113393677 117524693
185902992 117524693
185902992 190968348
113399080 190968348
113399080 117525553
185900721 117525553
185900721 190967772
113414240 190967772
113414240 117526794
185876034 117526794
185876034 190939703
113418266 190939703
113418266 117529516
185857635 117529516
185857635 190933380
113418906 190933380
113418906 117533946
185848331 117533946
185848331 190925174
113428508 190925174
113428508 117535596
185845542 117535596
185845542 190914959
113429535 190914959
113429535 117538499
185826741 117538499
185826741 190913128
113448579 190913128
113448579 117548226
185823218 117548226
185823218 190887654
113451052 190887654
113451052 117561564
185798101 117561564
185798101 190886546
113454586 190886546
113454586 117582050
185797425 117582050
185797425 190859038
113455471 190859038
113455471 117618105
185762208 117618105
185762208 190826989
113460709 190826989
113460709 117626606
185745211 117626606
185745211 190816438
113466974 190816438
113466974 117628961
185733505 117628961
185733505 190816186
113469807 190816186
113469807 117652868
185731289 117652868
185731289 190795597
113487558 190795597
113487558 117653998
185730499 117653998
185730499 190768449
113536891 190768449
113536891 117664529
185727474 117664529
185727474 190758579
113545718 190758579
113545718 117670696
185725672 117670696
185725672 190758037
113546528 190758037
113546528 117679467
185709505 117679467
185709505 190713445
113549424 190713445
113549424 117679701
185705237 117679701
185705237 190657137
113558464 190657137
113558464 117696859
185703724 117696859
185703724 190653703
113582140 190653703
113582140 117697402
185700319 117697402
185700319 190648936
113582354 190648936
113582354 117698695
185699207 117698695
185699207 190641921
113606625 190641921
113606625 117713805
185697297 117713805
185697297 190633681
113610863 190633681
113610863 117722904
185689836 117722904
185689836 190627910
113632334 190627910
113632334 117761348
185674781 117761348
185674781 190624407
113632943 190624407
113632943 117769531
185662419 117769531
185662419 190616882
113635400 190616882
113635400 117781627
185662340 117781627
185662340 190612621
113646525 190612621
113646525 117781645
185658096 117781645
185658096 190601111
113651021 190601111
113651021 117782086
185631187 117782086
185631187 190575129
113663004 190575129
113663004 117800475
185630794 117800475
185630794 190560779
113672311 190560779
113672311 117806912
185592388 117806912
185592388 190542581
113690065 190542581
113690065 117814327
185587753 117814327
185587753 190536080
113699633 190536080
113699633 117820986
185568415 117820986
185568415 190526448
113701260 190526448
113701260 117832334
185566196 117832334
185566196 190523744
113710212 190523744
113710212 117883684
185565651 117883684
185565651 190506647
113744934 190506647
113744934 117903934
185519161 117903934
185519161 190500924
113746807 190500924
113746807 117922496
185514575 117922496
185514575 190487037
113749307 190487037
113749307 117925659
185495466 117925659
185495466 190485317
113758997 190485317
113758997 117929482
185483970 117929482
185483970 190476843
113775955 190476843
113775955 117930678
185446071 117930678
185446071 190469281
113784104 190469281
113784104 117943824
185445014 117943824
185445014 190459191
113785496 190459191
113785496 117957694
185440054 117957694
185440054 190456826
113796985 190456826
113796985 117967657
185428991 117967657
185428991 190446917
113814370 190446917
113814370 117976472
185405851 117976472
185405851 190440529
113847121 190440529
113847121 117978380
185390147 117978380
185390147 190439869
113848002 190439869
113848002 117991930
185379838 117991930
185379838 190438516
113853586 190438516
113853586 118000331
185370849 118000331
185370849 190427094
113853659 190427094
113853659 118016494
185327470 118016494
185327470 190416154
113872713 190416154
113872713 118023719
185316686 118023719
185316686 190410703
113888616 190410703
113888616 118043678
185316030 118043678
185316030 190406522
113888681 190406522
113888681 118047242
185311642 118047242
185311642 190394470
113922047 190394470
113922047 118053803
185305405 118053803
185305405 190393026
113923604 190393026
113923604 118067766
185302101 118067766
185302101 190388336
113936783 190388336
113936783 118070167
185301796 118070167
185301796 190387866
113937296 190387866
113937296 118073635
185296954 118073635
185296954 190362542
113945537 190362542
113945537 118084596
185272172 118084596
185272172 190353391
113947237 190353391
113947237 118087097
185252533 118087097
185252533 190349784
113956954 190349784
113956954 118093562
185241383 118093562
185241383 190335394
113959136 190335394
113959136 118096355
185238607 118096355
185238607 190322995
113972795 190322995
113972795 118107858
185222464 118107858
185222464 190289647
113974324 190289647
113974324 118141464
185206633 118141464
185206633 190285521
113992607 190285521
113992607 118145039
185201978 118145039
185201978 190270489
114005841 190270489
114005841 118147965
185183993 118147965
185183993 190269928
114006785 190269928
114006785 118163601
185182326 118163601
185182326 190268724
114026883 190268724
114026883 118171019
185178206 118171019
185178206 190253511
114042109 190253511
114042109 118172748
185142225 118172748
185142225 190250306
114046858 190250306
114046858 118195833
185135611 118195833
185135611 190241386
114066640 190241386
114066640 118206032
185097912 118206032
185097912 190237688
114078732 190237688
114078732 118211132
185090075 118211132
185090075 190227336
114094626 190227336
114094626 118231830
185077956 118231830
185077956 190225716
114100182 190225716
114100182 118236110
185072407 118236110
185072407 190224752
114102234 190224752
114102234 118252562
185052159 118252562
185052159 190196427
114119671 190196427
114119671 118257153
185035877 118257153
185035877 190195914
114124005 190195914
114124005 118259769
185011635 118259769
185011635 190189383
114129221 190189383
114129221 118272970
185005251 118272970
185005251 190183300
114160439 190183300
114160439 118288655
184998685 118288655
184998685 190180030
114167497 190180030
114167497 118291061
184990121 118291061
184990121 190178756
114202020 190178756
114202020 118315867
184981531 118315867
184981531 190158642
114218117 190158642
114218117 118316449
184975353 118316449
184975353 190156363
114220876 190156363
114220876 118321983
184954766 118321983
184954766 190155248
114225787 190155248
114225787 118325678
184949582 118325678
184949582 190150923
114226353 190150923
114226353 118338632
184903063 118338632
184903063 190148134
114228701 190148134
114228701 118349146
184855307 118349146
184855307 190143276
114233514 190143276
114233514 118349637
184845689 118349637
184845689 190141434
114241264 190141434
114241264 118365586
184838922 118365586
184838922 190134059
114259228 190134059
114259228 118369623
184814688 118369623
184814688 190106559
114260825 190106559
114260825 118395829
184806948 118395829
184806948 190096624
114277272 190096624
114277272 118397096
184805715 118397096
184805715 190082521
114278310 190082521
114278310 118406417
184798260 118406417
184798260 190076415
114289886 190076415
114289886 118425134
184788158 118425134
184788158 190057064
114320729 190057064
114320729 118427608
184782021 118427608
184782021 190050108
114323408 190050108
114323408 118448057
184774309 118448057
184774309 190032683
114333740 190032683
114333740 118458966
184768625 118458966
184768625 190021745
114343830 190021745
114343830 118459309
184749787 118459309
184749787 190014126
114352028 190014126
114352028 118459654
184743288 118459654
184743288 189958423
114361433 189958423
114361433 118480791
184737646 118480791
184737646 189946533
114361544 189946533
114361544 118484036
184732834 118484036
184732834 189941705
114365237 189941705
114365237 118498670
184722852 118498670
184722852 189941094
114374471 189941094
114374471 118508869
184721631 118508869
184721631 189903607
114376645 189903607
114376645 118509467
184721332 118509467
184721332 189896765
114381109 189896765
114381109 118521996
184720083 118521996
184720083 189885032
114392529 189885032
114392529 118528621
184718708 118528621
184718708 189850348
114394799 189850348
114394799 118552815
184713587 118552815
184713587 189842422
114397854 189842422
114397854 118568534
184665618 118568534
184665618 189833577
114408176 189833577
114408176 118571069
184651085 118571069
184651085 189795112
114421515 189795112
114421515 118598278
184647945 118598278
184647945 189792089
114435564 189792089
114435564 118600156
184610640 118600156
184610640 189785634
114442178 189785634
114442178 118614762
184610352 118614762
184610352 189784487
114446549 189784487
114446549 118622931
184609695 118622931
184609695 189783137
114449505 189783137
114449505 118640136
184604384 118640136
184604384 189758150
114457539 189758150
114457539 118655568
184569636 118655568
184569636 189757998
114475111 189757998
114475111 118656461
184523365 118656461
184523365 189753621
114484404 189753621
114484404 118663100
184523335 118663100
184523335 189748483
114494962 189748483
114494962 118663295
184522502 118663295
184522502 189740924
114507920 189740924
114507920 118682203
184517850 118682203
184517850 189729449
114516238 189729449
114516238 118687246
184514341 118687246
184514341 189717173
114523352 189717173
114523352 118694669
184490652 118694669
184490652 189700466
114542046 189700466
114542046 118705452
184484597 118705452
184484597 189689717
114575926 189689717
114575926 118723689
184468163 118723689
184468163 189677651
114588867 189677651
114588867 118726131
184464136 118726131
184464136 189674477
114630299 189674477
114630299 118728070
184446756 118728070
184446756 189672704
114630551 189672704
114630551 118734834
184433940 118734834
184433940 189670676
114638003 189670676
114638003 118756402
184427259 118756402
184427259 189669601
114640952 189669601
114640952 118777576
184424016 118777576
184424016 189660374
114647437 189660374
114647437 118807939
184422181 118807939
184422181 189657741
114663836 189657741
114663836 118819645
184418376 118819645
184418376 189634188
114667713 189634188
114667713 118823559
184414707 118823559
184414707 189618927
114668699 189618927
114668699 118823983
184402781 118823983
184402781 189610379
114675520 189610379
114675520 118832622
184379050 118832622
184379050 189606518
114691371 189606518
114691371 118837880
184369869 118837880
184369869 189605962
114701653 189605962
114701653 118858884
184352328 118858884
184352328 189601521
114711256 189601521
114711256 118867001
184345538 118867001
184345538 189591963
114714527 189591963
114714527 118869945
184314752 118869945
184314752 189591372
114735206 189591372
114735206 118876524
184312868 118876524
184312868 189556406
114748012 189556406
114748012 118881452
184312231 118881452
184312231 189525474
114750885 189525474
114750885 118881759
184307456 118881759
184307456 189522907
114763122 189522907
114763122 118890745
184304941 118890745
184304941 189516016
114796797 189516016
114796797 118895640
184296352 118895640
184296352 189512083
114809739 189512083
114809739 118899283
184291844 118899283
184291844 189499457
114816905 189499457
114816905 118901964
184289778 118901964
184289778 189493236
114820209 189493236
114820209 118914635
184283541 118914635
184283541 189492149
114846583 189492149
114846583 118915486
184270609 118915486
184270609 189491753
114849177 189491753
114849177 118916447
184242330 118916447
184242330 189487164
114851684 189487164
114851684 118924026
184222026 118924026
184222026 189476149
114885068 189476149
114885068 118933727
184216841 118933727
184216841 189471726
114909797 189471726
114909797 118936056
184210365 118936056
184210365 189467097
114918601 189467097
114918601 118945340
184209081 118945340
184209081 189462017
114935857 189462017
114935857 118946310
184187863 118946310
184187863 189449122
114945322 189449122
114945322 118958341
184182088 118958341
184182088 189449007
114948771 189449007
114948771 118970157
184156638 118970157
184156638 189443257
114965400 189443257
114965400 118970557
184154171 118970557
184154171 189422883
114992508 189422883
114992508 118979969
184147064 118979969
184147064 189420518
115004843 189420518
115004843 118996105
184100946 118996105
184100946 189415989
115010429 189415989
115010429 118998655
184097732 118998655
184097732 189399504
115019387 189399504
115019387 119004149
184088279 119004149
184088279 189392543
115028815 189392543
115028815 119008246
184086732 119008246
184086732 189385706
115030335 189385706
115030335 119037510
184076732 119037510
184076732 189366105
115030802 189366105
115030802 119061123
184076144 119061123
184076144 189341044
115030899 189341044
115030899 119061864
184060252 119061864
184060252 189310464
115048147 189310464
115048147 119063039
184034432 119063039
184034432 189301970
115049185 189301970
115049185 119064136
184025693 119064136
184025693 189297979
115054620 189297979
115054620 119064675
183983265 119064675
183983265 189295891
115081951 189295891
115081951 119066082
183982521 119066082
183982521 189288370
115111503 189288370
115111503 119074756
183981391 119074756
183981391 189281275
115119378 189281275
115119378 119076742
183926271 119076742
183926271 189279819
115131407 189279819
115131407 119090609
183918841 119090609
183918841 189262224
115143064 189262224
115143064 119100940
183875223 119100940
183875223 189256734
115152619 189256734
115152619 119110365
183852021 119110365
183852021 189246470
115155158 189246470
115155158 119123979
183841847 119123979
183841847 189235087
115172770 189235087
115172770 119133444
183837518 119133444
183837518 189223617
115179219 189223617
115179219 119149614
183829618 119149614
183829618 189202880
115189876 189202880
115189876 119154122
183828107 119154122
183828107 189176458
115193760 189176458
115193760 119155280
183815776 119155280
183815776 189169911
115203374 189169911
115203374 119156472
183808209 119156472
183808209 189163738
115208861 189163738
115208861 119166389
183803884 119166389
183803884 189163632
115216257 189163632
115216257 119175654
183802085 119175654
183802085 189163586
115241479 189163586
115241479 119183861
183793889 119183861
183793889 189159034
115244426 189159034
115244426 119192239
183764781 119192239
183764781 189151588
115245995 189151588
115245995 119207124
183732072 119207124
183732072 189149908
115251553 189149908
115251553 119215194
183721502 119215194
183721502 189140372
115281375 189140372
115281375 119224791
183716930 119224791
183716930 189132976
115295257 189132976
115295257 119224871
183713142 119224871
183713142 189117564
115302989 189117564
115302989 119225128
183684816 119225128
183684816 189115058
115305600 189115058
115305600 119255960
183661793 119255960
183661793 189114649
115307051 189114649
115307051 119259375
183644247 119259375
183644247 189105540
115316692 189105540
115316692 119280349
183644080 119280349
183644080 189104138
115321700 189104138
115321700 119291356
183642096 119291356
183642096 189094709
115323595 189094709
115323595 119312709
183632283 119312709
183632283 189078413
115341747 189078413
115341747 119341370
183625212 119341370
183625212 188995676
115352277 188995676
115352277 119348989
183616089 119348989
183616089 188991209
115355765 188991209
115355765 119351151
183612813 119351151
183612813 188991177
115367221 188991177
115367221 119364797
183602271 119364797
183602271 188978137
115371403 188978137
115371403 119383693
183600301 119383693
183600301 188973101
115372481 188973101
115372481 119385263
183598569 119385263
183598569 188954257
115374474 188954257
115374474 119388800
183598292 119388800
183598292 188943820
115390432 188943820
115390432 119406277
183576473 119406277
183576473 188941427
115396108 188941427
115396108 119422332
183575235 119422332
183575235 188940963
115420353 188940963
115420353 119438867
183566262 119438867
183566262 188937494
115434859 188937494
115434859 119455850
183551300 119455850
183551300 188928647
115442073 188928647
115442073 119462915
183545345 119462915
183545345 188928339
115445624 188928339
115445624 119469006
183544818 119469006
183544818 188927948
115457653 188927948
115457653 119478951
183492864 119478951
183492864 188908257
115461959 188908257
115461959 119480937
183492492 119480937
183492492 188901130
115461985 188901130
115461985 119509170
183487414 119509170
183487414 188893975
115462567 188893975
115462567 119509463
183487127 119509463
183487127 188858653
115473126 188858653
115473126 119513481
183480784 119513481
183480784 188855076
115477181 188855076
115477181 119516045
183471760 119516045
183471760 188827441
115480468 188827441
115480468 119519475
183467786 119519475
183467786 188826306
115493435 188826306
115493435 119529308
183461941 119529308
183461941 188824965
115499088 188824965
115499088 119549829
183454105 119549829
183454105 188806069
115522540 188806069
115522540 119560979
183449881 119560979
183449881 188803601
115567495 188803601
115567495 119564621
183449452 119564621
183449452 188773966
115574399 188773966
115574399 119566110
183446439 119566110
183446439 188770523
115587247 188770523
115587247 119566112
183379205 119566112
183379205 188746009
115600479 188746009
115600479 119573064
183354639 119573064
183354639 188745446
115603960 188745446
115603960 119577976
183343201 119577976
183343201 188744633
115617509 188744633
115617509 119597278
183327519 119597278
183327519 188722093
115626960 188722093
115626960 119636072
183287307 119636072
183287307 188722015
115637464 188722015
115637464 119643163
183284714 119643163
183284714 188716723
115689072 188716723
115689072 119653280
183284205 119653280
183284205 188713492
115693812 188713492
115693812 119658822
183272382 119658822
183272382 188710167
115727832 188710167
115727832 119659813
183259880 119659813
183259880 188704243
115733752 188704243
115733752 119666929
183258159 119666929
183258159 188702411
115749925 188702411
115749925 119667739
183228836 119667739
183228836 188698783
115752206 188698783
115752206 119689696
183210437 119689696
183210437 188685425
115756397 188685425
115756397 119690356
183203044 119690356
183203044 188674863
115761273 188674863
115761273 119691325
183162015 119691325
183162015 188640899
115795374 188640899
115795374 119691921
183154928 119691921
183154928 188618129
115802539 188618129
115802539 119691953
183141149 119691953
183141149 188604953
115805821 188604953
115805821 119692892
183132482 119692892
183132482 188602738
115809819 188602738
115809819 119719875
183107403 119719875
183107403 188598366
115840612 188598366
115840612 119719984
183095052 119719984
183095052 188598350
115847346 188598350
115847346 119745016
183094914 119745016
183094914 188596650
115847406 188596650
115847406 119747708
183088726 119747708
183088726 188586880
115850501 188586880
115850501 119747859
183077085 119747859
183077085 188580439
115858869 188580439
115858869 119787871
183048777 119787871
183048777 188568850
115867745 188568850
115867745 119804943
183044351 119804943
183044351 188558238
115877143 188558238
115877143 119809864
183018528 119809864
183018528 188557451
115882753 188557451
115882753 119822519
183018019 119822519
183018019 188553965
115884399 188553965
115884399 119834445
183017053 119834445
183017053 188550390
115906635 188550390
115906635 119834491
183015354 119834491
183015354 188549475
115911146 188549475
115911146 119834998
183006141 119834998
183006141 188527938
115911351 188527938
115911351 119840145
182999326 119840145
182999326 188515184
115950722 188515184
115950722 119841032
182998883 119841032
182998883 188500225
115954107 188500225
115954107 119855756
182984362 119855756
182984362 188493236
115969231 188493236
115969231 119860549
182974018 119860549
182974018 188484262
115969845 188484262
115969845 119862193
182973385 119862193
182973385 188480602
115976432 188480602
115976432 119869006
182971936 119869006
182971936 188476098
115986847 188476098
115986847 119878333
182948541 119878333
182948541 188470114
115990667 188470114
115990667 119894928
182912804 119894928
182912804 188454674
115999374 188454674
115999374 119897581
182911089 119897581
182911089 188420860
116003164 188420860
116003164 119921554
182897403 119921554
182897403 188377827
116005018 188377827
116005018 119934524
182874139 119934524
182874139 188375953
116011497 188375953
116011497 119942927
182854566 119942927
182854566 188365547
116019449 188365547
116019449 119945044
182851878 119945044
182851878 188365099
116024752 188365099
116024752 119961581
182847493 119961581
182847493 188358322
116031763 188358322
116031763 119969364
182827541 119969364
182827541 188355968
116032025 188355968
116032025 119984834
182798811 119984834
182798811 188355324
116075361 188355324
116075361 119991385
182791953 119991385
182791953 188355053
116078546 188355053
116078546 119993421
182789930 119993421
182789930 188351346
116091177 188351346
116091177 119993955
182786849 119993955
182786849 188347218
116094154 188347218
116094154 119999326
182766561 119999326
182766561 188318611
116097262 188318611
116097262 120021127
182730508 120021127
182730508 188303210
116108015 188303210
116108015 120037989
182729835 120037989
182729835 188297834
116108246 188297834
116108246 120057690
182717351 120057690
182717351 188295105
116109686 188295105
116109686 120066988
182709985 120066988
182709985 188289223
116115461 188289223
116115461 120074570
182703758 120074570
182703758 188280294
116128644 188280294
116128644 120088571
182702396 120088571
182702396 188275379
116132173 188275379
116132173 120110956
182688909 120110956
182688909 188274730
116140888 188274730
116140888 120119820
182681695 120119820
182681695 188262074
116143937 188262074
116143937 120126858
182655553 120126858
182655553 188256623
116145551 188256623
116145551 120128235
182603686 120128235
182603686 188239907
116155214 188239907
116155214 120130889
182589516 120130889
182589516 188224110
116169115 188224110
116169115 120139778
182579001 120139778
182579001 188212331
116199234 188212331
116199234 120146603
182577665 120146603
182577665 188210884
116206451 188210884
116206451 120181394
182569762 120181394
182569762 188209158
116217526 188209158
116217526 120199682
182566601 120199682
182566601 188196237
116226710 188196237
116226710 120216857
182535506 120216857
182535506 188194399
116228185 188194399
116228185 120239768
182531334 120239768
182531334 188192426
116231069 188192426
116231069 120243407
182530638 120243407
182530638 188166257
116254507 188166257
116254507 120254827
182526001 120254827
182526001 188165925
116262180 188165925
116262180 120273608
182515989 120273608
182515989 188146406
116284215 188146406
116284215 120289615
182508374 120289615
182508374 188123650
116293355 188123650
116293355 120303324
182505275 120303324
182505275 188112099
116306439 188112099
116306439 120307100
182499386 120307100
182499386 188111160
116307192 188111160
116307192 120337394
182487653 120337394
182487653 188110149
116310378 188110149
116310378 120342913
182482389 120342913
182482389 188094909
116320080 188094909
116320080 120354329
182449802 120354329
182449802 188081344
116323886 188081344
116323886 120355415
182443011 120355415
182443011 188074782
116325756 188074782
116325756 120370997
182441497 120370997
182441497 188072405
116329453 188072405
116329453 120380222
182424134 120380222
182424134 188062881
116329805 188062881
116329805 120381393
182396558 120381393
182396558 188053946
116330867 188053946
116330867 120395918
182394247 120395918
182394247 188043512
116353433 188043512
116353433 120407025
182375984 120407025
182375984 188029366
116355775 188029366
116355775 120417811
182371508 120417811
182371508 188024488
116373086 188024488
116373086 120418597
182369323 120418597
182369323 188005901
116381427 188005901
116381427 120419735
182366291 120419735
182366291 188001057
116402683 188001057
116402683 120436354
182364776 120436354
182364776 188000231
116407824 188000231
116407824 120441970
182346721 120441970
182346721 187958666
116410724 187958666
116410724 120456094
182311211 120456094
182311211 187938765
116411843 187938765
116411843 120458341
182300653 120458341
182300653 187926386
116412329 187926386
116412329 120470354
182295743 120470354
182295743 187901211
116442360 187901211
116442360 120476078
182287408 120476078
182287408 187899472
116457272 187899472
116457272 120491411
182268651 120491411
182268651 187893584
116458333 187893584
116458333 120499624
182267124 120499624
182267124 187878989
116458606 187878989
116458606 120499646
182261561 120499646
182261561 187865049
116466169 187865049
116466169 120501792
182260454 120501792
182260454 187848423
116475682 187848423
116475682 120509452
182238324 120509452
182238324 187838222
116476778 187838222
116476778 120535602
182233229 120535602
182233229 187832543
116477423 187832543
116477423 120536467
182218557 120536467
182218557 187827593
116479519 187827593
116479519 120539516
182190588 120539516
182190588 187826617
116507523 187826617
116507523 120557769
182183771 120557769
182183771 187820785
116513564 187820785
116513564 120566483
182165396 120566483
182165396 187810127
116525081 187810127
116525081 120596902
182158966 120596902
182158966 187791812
116527665 187791812
116527665 120605358
182128930 120605358
182128930 187789179
116536366 187789179
116536366 120614035
182123149 120614035
182123149 187771607
116544240 187771607
116544240 120625432
182111284 120625432
182111284 187753995
116552519 187753995
116552519 120638829
182111078 120638829
182111078 187750913
116554704 187750913
116554704 120641013
182102134 120641013
182102134 187739855
116566668 187739855
116566668 120642257
182101838 120642257
182101838 187730953
116566729 187730953
116566729 120661403
182095157 120661403
182095157 187729504
116576682 187729504
116576682 120661444
182089241 120661444
182089241 187716047
116588402 187716047
116588402 120669227
182080709 120669227
182080709 187712579
116589431 187712579
116589431 120671028
182079390 120671028
182079390 187711007
116607841 187711007
116607841 120673781
182023766 120673781
182023766 187707854
116613195 187707854
116613195 120684606
182015616 120684606
182015616 187698417
116616867 187698417
116616867 120690391
182009535 120690391
182009535 187694463
116641644 187694463
116641644 120692753
182008194 120692753
182008194 187692604
116669798 187692604
116669798 120720233
182005910 120720233
182005910 187683870
116684201 187683870
116684201 120728653
182004903 120728653
182004903 187630906
116694968 187630906
116694968 120732344
181996047 120732344
181996047 187612541
116698931 187612541
116698931 120736910
181977318 120736910
181977318 187586321
116703750 187586321
116703750 120744134
181954391 120744134
181954391 187577964
116703879 187577964
116703879 120749381
181945491 120749381
181945491 187568778
116710941 187568778
116710941 120752699
181940682 120752699
181940682 187564408
116714898 187564408
116714898 120755748
181928845 120755748
181928845 187560335
116723194 187560335
116723194 120782814
181928637 120782814
181928637 187536848
116748414 187536848
116748414 120783537
181894824 120783537
181894824 187533432
116751075 187533432
116751075 120796778
181893258 120796778
181893258 187528775
116765590 187528775
116765590 120806403
181886048 120806403
181886048 187510935
116786491 187510935
116786491 120824391
181881857 120824391
181881857 187502892
116793007 187502892
116793007 120824547
181876931 120824547
181876931 187495109
116805511 187495109
116805511 120828171
181875234 120828171
181875234 187486882
116806345 187486882
116806345 120835401
181872447 120835401
181872447 187485979
116813474 187485979
116813474 120843498
181868282 120843498
181868282 187477376
116840450 187477376
116840450 120844578
181854622 120844578
181854622 187466050
116845164 187466050
116845164 120870190
181830701 120870190
181830701 187463636
116850166 187463636
116850166 120872532
181757053 120872532
181757053 187454098
116855107 187454098
116855107 120892204
181721572 120892204
181721572 187433084
116855881 187433084
116855881 120902771
181715394 120902771
181715394 187429324
116857363 187429324
116857363 120917483
181714598 120917483
181714598 187413286
116895677 187413286
116895677 120926327
181711513 120926327
181711513 187406672
116895997 187406672
116895997 120929232
181689093 120929232
181689093 187398910
116900680 187398910
116900680 120940258
181688577 120940258
181688577 187370617
116919129 187370617
116919129 120947004
181681560 120947004
181681560 187352749
116923970 187352749
116923970 120960532
181677536 120960532
181677536 187345566
116927248 187345566
116927248 120963599
181675847 120963599
181675847 187338059
116935789 187338059
116935789 120974791
181662033 120974791
181662033 187324639
116947703 187324639
116947703 120982151
181648682 120982151
181648682 187312553
116952509 187312553
116952509 120998759
181640009 120998759
181640009 187311305
116980821 187311305
116980821 121007199
181637398 121007199
181637398 187308194
116982399 187308194
116982399 121007400
181613823 121007400
181613823 187305929
116982719 187305929
116982719 121034265
181603975 121034265
181603975 187301176
116986415 187301176
116986415 121057266
181595539 121057266
181595539 187295902
117004973 187295902
117004973 121082985
181593007 121082985
181593007 187295239
117005294 187295239
117005294 121088871
181592727 121088871
181592727 187274107
117054302 187274107
117054302 121100163
181592003 121100163
181592003 187274013
117068646 187274013
117068646 121101956
181570663 121101956
181570663 187267804
117069280 187267804
117069280 121102742
181559484 121102742
181559484 187247764
117091034 187247764
117091034 121122603
181553716 121122603
181553716 187241537
117111672 187241537
117111672 121126342
181551780 121126342
181551780 187241112
117120787 187241112
117120787 121146469
181548836 121146469
181548836 187215141
117125873 187215141
117125873 121183865
181547933 121183865
181547933 187211894
117146852 187211894
117146852 121185175
181531318 121185175
181531318 187204043
117156991 187204043
117156991 121185370
181519905 121185370
181519905 187160650
117162721 187160650
117162721 121186003
181480950 121186003
181480950 187159488
117173665 187159488
117173665 121187941
181471100 121187941
181471100 187157745
117179607 187157745
117179607 121195721
181471084 121195721
181471084 187154562
117182626 187154562
117182626 121206789
181469206 121206789
181469206 187152580
117190883 187152580
117190883 121210733
181452607 121210733
181452607 187148503
117214937 187148503
117214937 121218132
181426918 121218132
181426918 187142222
117226821 187142222
117226821 121218898
181397889 121218898
181397889 187131052
117229338 187131052
117229338 121221397
181395552 121221397
181395552 187095510
117244149 187095510
117244149 121246345
181367167 121246345
181367167 187094601
117264979 187094601
117264979 121310085
181319731 121310085
181319731 187089880
117286740 187089880
117286740 121311132
181311020 121311132
181311020 187083706
117295134 187083706
117295134 121311564
181302829 121311564
181302829 187078380
117301208 187078380
117301208 121325289
181301471 121325289
181301471 187058390
117322896 187058390
117322896 121326296
181274104 121326296
181274104 187053901
117326788 187053901
117326788 121338371
181267717 121338371
181267717 187026234
117344707 187026234
117344707 121339568
181266380 121339568
181266380 187014592
117349343 187014592
117349343 121343611
181262792 121343611
181262792 187004321
117357416 187004321
117357416 121351189
181254656 121351189
181254656 186996169
117359543 186996169
117359543 121352043
181254162 121352043
181254162 186988327
117374062 186988327
117374062 121371423
181248680 121371423
181248680 186985853
117377601 186985853
117377601 121375104
181248470 121375104
181248470 186959076
117387439 186959076
117387439 121376610
181207752 121376610
181207752 186953053
117388178 186953053
117388178 121385180
181182153 121385180
181182153 186949240
117388661 186949240
117388661 121397488
181179258 121397488
181179258 186944872
117391266 186944872
117391266 121407268
181176471 121407268
181176471 186942797
117393903 186942797
117393903 121410783
181160739 121410783
181160739 186936872
117398895 186936872
117398895 121414902
181160166 121414902
181160166 186933298
117400344 186933298
117400344 121415185
181154298 121415185
181154298 186857799
117405640 186857799
117405640 121434958
181153583 121434958
181153583 186854284
117406915 186854284
117406915 121446416
181146489 121446416
181146489 186852971
117408569 186852971
117408569 121479420
181124447 121479420
181124447 186829531
117408810 186829531
117408810 121493336
181110873 121493336
181110873 186827563
117429644 186827563
117429644 121503577
181093038 121503577
181093038 186785264
117435849 186785264
117435849 121504032
181084452 121504032
181084452 186774947
117456550 186774947
117456550 121507315
181081108 121507315
181081108 186750118
117460770 186750118
117460770 121512931
181064539 121512931
181064539 186721801
117476261 186721801
117476261 121545285
181055249 121545285
181055249 186705992
117500911 186705992
117500911 121546710
181053158 121546710
181053158 186700759
117512871 186700759
117512871 121547993
181049895 121547993
181049895 186695509
117518468 186695509
117518468 121561927
181047543 121561927
181047543 186682618
117520923 186682618
117520923 121574163
181029632 121574163
181029632 186681597
117522553 186681597
117522553 121594035
181021399 121594035
181021399 186664364
117525625 186664364
117525625 121601086
181020578 121601086
181020578 186653533
117541413 186653533
117541413 121610538
180990100 121610538
180990100 186653220
117551894 186653220
117551894 121618656
180974434 121618656
180974434 186651743
117561234 186651743
117561234 121636979
180946225 121636979
180946225 186639252
117578952 186639252
117578952 121652913
180916591 121652913
180916591 186632492
117589459 186632492
117589459 121657002
180915472 121657002
180915472 186625882
117594638 186625882
117594638 121659659
180913040 121659659
180913040 186621969
117596177 186621969
117596177 121670458
180904973 121670458
180904973 186594599
117615462 186594599
117615462 121677134
180898962 121677134
180898962 186569105
117617781 186569105
117617781 121685226
180888126 121685226
180888126 186565660
117622909 186565660
117622909 121712489
180879059 121712489
180879059 186555345
117639291 186555345
117639291 121714406
180850376 121714406
180850376 186546260
117640557 186546260
117640557 121730768
180834446 121730768
180834446 186543791
117651123 186543791
117651123 121731631
180827826 121731631
180827826 186542521
117659440 186542521
117659440 121734659
180826759 121734659
180826759 186541486
117663603 186541486
117663603 121736458
180797291 121736458
180797291 186541313
117680774 186541313
117680774 121736630
180786107 121736630
180786107 186540861
117681014 186540861
117681014 121744575
180740114 121744575
180740114 186520615
117683332 186520615
117683332 121753879
180738149 121753879
180738149 186518498
117709644 186518498
117709644 121776513
180737711 121776513
180737711 186518205
117748076 186518205
117748076 121777806
180737659 121777806
180737659 186495323
117759229 186495323
117759229 121781835
180733064 121781835
180733064 186489745
117767394 186489745
117767394 121817570
180726395 121817570
180726395 186462148
117768715 186462148
117768715 121841890
180717315 121841890
180717315 186448884
117770236 186448884
117770236 121848039
180714118 121848039
180714118 186447542
117771010 186447542
117771010 121888927
180704801 121888927
180704801 186433847
117783625 186433847
117783625 121900809
180703404 121900809
180703404 186429662
117795832 186429662
117795832 121904477
180659838 121904477
180659838 186426150
117807897 186426150
117807897 121921479
180647688 121921479
180647688 186412854
117812491 186412854
117812491 121935619
180640778 121935619
180640778 186411301
117838400 186411301
117838400 121950261
180620423 121950261
180620423 186410512
117839771 186410512
117839771 122006673
180616179 122006673
180616179 186400494
117843875 186400494
117843875 122010613
180604846 122010613
180604846 186395184
117847703 186395184
117847703 122021681
180583874 122021681
180583874 186387978
117863238 186387978
117863238 122022164
180578098 122022164
180578098 186378290
117866993 186378290
117866993 122026697
180577615 122026697
180577615 186376405
117880614 186376405
117880614 122035347
180570555 122035347
180570555 186330207
117897894 186330207
117897894 122078776
180568105 122078776
180568105 186297575
117904483 186297575
117904483 122093083
180567639 122093083
180567639 186296538
117904744 186296538
117904744 122095028
180526137 122095028
180526137 186296492
117928881 186296492
117928881 122110110
180524094 122110110
180524094 186294871
117948042 186294871
117948042 122121944
180509380 122121944
180509380 186224376
117955331 186224376
117955331 122128468
180507684 122128468
180507684 186208451
117956484 186208451
117956484 122129303
180504649 122129303
180504649 186203412
117956946 186203412
117956946 122140053
180499783 122140053
180499783 186197527
118014985 186197527
118014985 122150975
180498873 122150975
180498873 186184988
118019388 186184988
118019388 122151122
180491135 122151122
180491135 186183038
118022796 186183038
118022796 122157700
180474106 122157700
180474106 186176067
118044100 186176067
118044100 122174496
180415476 122174496
180415476 186175830
118059468 186175830
118059468 122180594
180405248 122180594
180405248 186165803
118061665 186165803
118061665 122185666
180400375 122185666
180400375 186151154
118069297 186151154
118069297 122187699
180397394 122187699
180397394 186149028
118087901 186149028
118087901 122208284
180366580 122208284
180366580 186147802
118098786 186147802
118098786 122218304
180366350 122218304
180366350 186144134
118110195 186144134
118110195 122219790
180351035 122219790
180351035 186142720
118125407 186142720
118125407 122225318
180345866 122225318
180345866 186127896
118156462 186127896
118156462 122240038
180332803 122240038
180332803 186115974
118195743 186115974
118195743 122241059
180328134 122241059
180328134 186087491
118200862 186087491
118200862 122246039
180319341 122246039
180319341 186087359
118205978 186087359
118205978 122252357
180302373 122252357
180302373 186070584
118207667 186070584
118207667 122254886
180295578 122254886
180295578 186049726
118208848 186049726
118208848 122290841
180292950 122290841
180292950 186020914
118216562 186020914
118216562 122302495
180288663 122302495
180288663 186009099
118239251 186009099
118239251 122309438
180288366 122309438
180288366 185990320
118252304 185990320
118252304 122310182
180287221 122310182
180287221 185981942
118255285 185981942
118255285 122320514
180280662 122320514
180280662 185979409
118269107 185979409
118269107 122324302
180265127 122324302
180265127 185978262
118276604 185978262
118276604 122327994
180244072 122327994
180244072 185974457
118278018 185974457
118278018 122338464
180195366 122338464
180195366 185953605
118280122 185953605
118280122 122354446
180189417 122354446
180189417 185951989
118282837 185951989
118282837 122358746
180179050 122358746
180179050 185941102
118299218 185941102
118299218 122362197
180173919 122362197
180173919 185936966
118302167 185936966
118302167 122372792
180169095 122372792
180169095 185927771
118303243 185927771
118303243 122389440
180163471 122389440
180163471 185926740
118305632 185926740
118305632 122406208
180158071 122406208
180158071 185921037
118310673 185921037
118310673 122417546
180155036 122417546
180155036 185918300
118318578 185918300
118318578 122442835
180148021 122442835
180148021 185906354
118319420 185906354
118319420 122465937
180140709 122465937
180140709 185892388
118320395 185892388
118320395 122473240
180129464 122473240
180129464 185872251
118322569 185872251
118322569 122483331
180128126 122483331
180128126 185862698
118326444 185862698
118326444 122495170
180092790 122495170
180092790 185842788
118327506 185842788
118327506 122503222
180081590 122503222
180081590 185835570
118352538 185835570
118352538 122509787
180073305 122509787
180073305 185829098
118361851 185829098
118361851 122520412
180056859 122520412
180056859 185827826
118365256 185827826
118365256 122535132
180043534 122535132
180043534 185799886
118371424 185799886
118371424 122552666
179984726 122552666
179984726 185777130
118382480 185777130
118382480 122556265
179981424 122556265
179981424 185768499
118392993 185768499
118392993 122574075
179963711 122574075
179963711 185763432
118405918 185763432
118405918 122575725
179920388 122575725
179920388 185763152
118424513 185763152
118424513 122583776
179901934 122583776
179901934 185759022
118426961 185759022
118426961 122584203
179884825 122584203
179884825 185751016
118428711 185751016
118428711 122586329
179878679 122586329
179878679 185750545
118440077 185750545
118440077 122586528
179866159 122586528
179866159 185747119
118471062 185747119
118471062 122596416
179855313 122596416
179855313 185747044
118476273 185747044
118476273 122596521
179851394 122596521
179851394 185725558
118477987 185725558
118477987 122633996
179849657 122633996
179849657 185712664
118491857 185712664
118491857 122646698
179841201 122646698
179841201 185711784
118497532 185711784
118497532 122648627
179840164 122648627
179840164 185704144
118498465 185704144
118498465 122650680
179817998 122650680
179817998 185702968
118505577 185702968
118505577 122661230
179806107 122661230
179806107 185701976
118506127 185701976
118506127 122678852
179800351 122678852
179800351 185696021
118510905 185696021
118510905 122705130
179800149 122705130
179800149 185683271
118570108 185683271
118570108 122747979
179783604 122747979
179783604 185660063
118575462 185660063
118575462 122797014
179780408 122797014
179780408 185645180
118585757 185645180
118585757 122804350
179770755 122804350
179770755 185644082
118597131 185644082
118597131 122807823
179761112 122807823
179761112 185641339
118599948 185641339
118599948 122810504
179755386 122810504
179755386 185633351
118615552 185633351
118615552 122812501
179744134 122812501
179744134 185633273
118633515 185633273
118633515 122824700
179741345 122824700
179741345 185626669
118643649 185626669
118643649 122828247
179736252 122828247
179736252 185625206
118649112 185625206
118649112 122829343
179734130 122829343
179734130 185617948
118649378 185617948
118649378 122829459
179726552 122829459
179726552 185617625
118662329 185617625
118662329 122847526
179712961 122847526
179712961 185598120
118675748 185598120
118675748 122848089
179712488 122848089
179712488 185592823
118684950 185592823
118684950 122869400
179710679 122869400
179710679 185552534
118686715 185552534
118686715 122880027
179705378 122880027
179705378 185550007
118689896 185550007
118689896 122881379
179678021 122881379
179678021 185548221
118699106 185548221
118699106 122901133
179658315 122901133
179658315 185532286
118707155 185532286
118707155 122930495
179638323 122930495
179638323 185521375
118743948 185521375
118743948 122934477
179621591 122934477
179621591 185518159
118744983 185518159
118744983 122988522
179600689 122988522
179600689 185515370
118752206 185515370
118752206 122995894
179594805 122995894
179594805 185514893
118770884 185514893
118770884 123002134
179568535 123002134
179568535 185510020
118783931 185510020
118783931 123017938
179557513 123017938
179557513 185502128
118791069 185502128
118791069 123019945
179535213 123019945
179535213 185488831
118802766 185488831
118802766 123028829
179521804 123028829
179521804 185484919
118826352 185484919
118826352 123036304
179518194 123036304
179518194 185481317
118827978 185481317
118827978 123038493
179516699 123038493
179516699 185476321
118833055 185476321
118833055 123040248
179489894 123040248
179489894 185450464
118841658 185450464
118841658 123047987
179479692 123047987
179479692 185446427
118853467 185446427
118853467 123059054
179472130 123059054
179472130 185432473
118853688 185432473
118853688 123084023
179466054 123084023
179466054 185422878
118854925 185422878
118854925 123100212
179449057 123100212
179449057 185421945
118863561 185421945
118863561 123101536
179441106 123101536
179441106 185413904
118878303 185413904
118878303 123109347
179432010 123109347
179432010 185406586
118880078 185406586
118880078 123120028
179431288 123120028
179431288 185386692
118881049 185386692
118881049 123123421
179417874 123123421
179417874 185370245
118890397 185370245
118890397 123124894
179410639 123124894
179410639 185363321
118914875 185363321
118914875 123125879
179403449 123125879
179403449 185360953
118918953 185360953
118918953 123128917
179394101 123128917
179394101 185350244
118919044 185350244
118919044 123131909
179376132 123131909
179376132 185347658
118926310 185347658
118926310 123145150
179357263 123145150
179357263 185342133
118933459 185342133
118933459 123148887
179353883 123148887
179353883 185338280
118934566 185338280
118934566 123153038
179336545 123153038
179336545 185293522
118936919 185293522
118936919 123165096
179325484 123165096
179325484 185281321
118940128 185281321
118940128 123173100
179324776 123173100
179324776 185256195
118944172 185256195
118944172 123178710
179315423 123178710
179315423 185252745
118947733 185252745
118947733 123187588
179312606 123187588
179312606 185251947
118948332 185251947
118948332 123197714
179305040 123197714
179305040 185242795
118959454 185242795
118959454 123221110
179287214 123221110
179287214 185242733
118963744 185242733
118963744 123232993
179285650 123232993
179285650 185218630
118973626 185218630
118973626 123249998
179243281 123249998
179243281 185209319
118973968 185209319
118973968 123263134
179225962 123263134
179225962 185207733
118975583 185207733
118975583 123263393
179223578 123263393
179223578 185184022
119019276 185184022
119019276 123276236
179217101 123276236
179217101 185175236
119021479 185175236
119021479 123295732
179190744 123295732
179190744 185172891
119045135 185172891
119045135 123306558
179189153 123306558
179189153 185163371
119046357 185163371
119046357 123314530
179171687 123314530
179171687 185150068
119049039 185150068
119049039 123320378
179163716 123320378
179163716 185143921
119050769 185143921
119050769 123345370
179161629 123345370
179161629 185135155
119079290 185135155
119079290 123348351
179151056 123348351
179151056 185127292
119091696 185127292
119091696 123352884
179146470 123352884
179146470 185092605
119094453 185092605
119094453 123361652
179135296 123361652
179135296 185092565
119115195 185092565
119115195 123393093
179129683 123393093
179129683 185082624
119127072 185082624
119127072 123393426
179102033 123393426
179102033 185077096
119131254 185077096
119131254 123394120
179058391 123394120
179058391 185072246
119138985 185072246
119138985 123394449
179049204 123394449
179049204 185057515
119152198 185057515
119152198 123402870
179046305 123402870
179046305 185050362
119177353 185050362
119177353 123416430
179040264 123416430
179040264 185047896
119191950 185047896
119191950 123416830
179013219 123416830
179013219 185046159
119201641 185046159
119201641 123417066
179011149 123417066
179011149 185045413
119202539 185045413
119202539 123440810
178968651 123440810
178968651 185011270
119223336 185011270
119223336 123462504
178966507 123462504
178966507 184990503
119257236 184990503
119257236 123501117
178960899 123501117
178960899 184989663
119269285 184989663
119269285 123515210
178946336 123515210
178946336 184981296
119300700 184981296
119300700 123527166
178945028 123527166
178945028 184965655
119314203 184965655
119314203 123528731
178925721 123528731
178925721 184948404
119319056 184948404
119319056 123553916
178922931 123553916
178922931 184919588
119322218 184919588
119322218 123558589
178890232 123558589
178890232 184918021
119328481 184918021
119328481 123561902
178888268 123561902
178888268 184907746
119353812 184907746
119353812 123563812
178883268 123563812
178883268 184898998
119359625 184898998
119359625 123573396
178873880 123573396
178873880 184894626
119365576 184894626
119365576 123596783
178869874 123596783
178869874 184894108
119382502 184894108
119382502 123612969
178847211 123612969
178847211 184874627
119390129 184874627
119390129 123618921
178842396 123618921
178842396 184871345
119397599 184871345
119397599 123619185
178835056 123619185
178835056 184851228
119397639 184851228
119397639 123622068
178828096 123622068
178828096 184845618
119400280 184845618
119400280 123622419
178804239 123622419
178804239 184844325
119404037 184844325
119404037 123630313
178800901 123630313
178800901 184827165
119409341 184827165
119409341 123634729
178786583 123634729
178786583 184813207
119420087 184813207
119420087 123698891
178784066 123698891
178784066 184807848
119429786 184807848
119429786 123713681
178775334 123713681
178775334 184800509
119432907 184800509
119432907 123731828
178750247 123731828
178750247 184794894
119447122 184794894
119447122 123736880
178733971 123736880
178733971 184791297
119458041 184791297
119458041 123737058
178712546 123737058
178712546 184787249
119471912 184787249
119471912 123742438
178699317 123742438
178699317 184775803
119473124 184775803
119473124 123756286
178685330 123756286
178685330 184774753
119483857 184774753
119483857 123765129
178655406 123765129
178655406 184767776
119509752 184767776
119509752 123775344
178640903 123775344
178640903 184761259
119517398 184761259
119517398 123786060
178640473 123786060
178640473 184756072
119523456 184756072
119523456 123786465
178637309 123786465
178637309 184730640
119539424 184730640
119539424 123797876
178628179 123797876
178628179 184728516
119541408 184728516
119541408 123802623
178627675 123802623
178627675 184718227
119554847 184718227
119554847 123803145
178617967 123803145
178617967 184714633
119576462 184714633
119576462 123834481
178603592 123834481
178603592 184707548
119595618 184707548
119595618 123835708
178600417 123835708
178600417 184703390
119609404 184703390
119609404 123836862
178591611 123836862
178591611 184702762
119619948 184702762
119619948 123837003
178583906 123837003
178583906 184698697
119622158 184698697
119622158 123840027
178566756 123840027
178566756 184693926
119623950 184693926
119623950 123840392
178554956 123840392
178554956 184689202
119628756 184689202
119628756 123847537
178545743 123847537
178545743 184687242
119632918 184687242
119632918 123849456
178536119 123849456
178536119 184649145
119643728 184649145
119643728 123857902
178533276 123857902
178533276 184642035
119655952 184642035
119655952 123872282
178532536 123872282
178532536 184641034
119665545 184641034
119665545 123905741
178531019 123905741
178531019 184633986
119672387 184633986
119672387 123919205
178518869 123919205
178518869 184620529
119678631 184620529
119678631 123956181
178485465 123956181
178485465 184619926
119678874 184619926
119678874 123964702
178483189 123964702
178483189 184609018
119680280 184609018
119680280 123977961
178482482 123977961
178482482 184600376
119699664 184600376
119699664 123986648
178469920 123986648
178469920 184598590
119712644 184598590
119712644 124038684
178468672 124038684
178468672 184587585
119713144 184587585
119713144 124047662
178441875 124047662
178441875 184581756
119717534 184581756
119717534 124049640
178440953 124049640
178440953 184571197
119725682 184571197
119725682 124050852
178438062 124050852
178438062 184566610
119727346 184566610
119727346 124052547
178432631 124052547
178432631 184565187
119729343 184565187
119729343 124058682
178413364 124058682
178413364 184564091
119740118 184564091
119740118 124059315
178401015 124059315
178401015 184555924
119753546 184555924
119753546 124061289
178373004 124061289
178373004 184554274
119761559 184554274
119761559 124076263
178368072 124076263
178368072 184544532
119789872 184544532
119789872 124077477
178366740 124077477
178366740 184534904
119803061 184534904
119803061 124079017
178362791 124079017
178362791 184511527
119817303 184511527
119817303 124080850
178353223 124080850
178353223 184509892
119836716 184509892
119836716 124085013
178352224 124085013
178352224 184496102
119842310 184496102
119842310 124093504
178351277 124093504
178351277 184464985
119856723 184464985
119856723 124095027
178347313 124095027
178347313 184445348
119857420 184445348
119857420 124096795
178346510 124096795
178346510 184442513
119857868 184442513
119857868 124114540
178339502 124114540
178339502 184428239
119858442 184428239
119858442 124115817
178315810 124115817
178315810 184398212
119866126 184398212
119866126 124154157
178298937 124154157
178298937 184390511
119867811 184390511
119867811 124163123
178263718 124163123
178263718 184380252
119873236 184380252
119873236 124164773
178234705 124164773
178234705 184367796
119903469 184367796
119903469 124184163
178232103 124184163
178232103 184366814
119908573 184366814
119908573 124205048
178219760 124205048
178219760 184353904
119917130 184353904
119917130 124206000
178215100 124206000
178215100 184335174
119948046 184335174
119948046 124217123
178207455 124217123
178207455 184328858
119954790 184328858
119954790 124229916
178206556 124229916
178206556 184305366
119961723 184305366
119961723 124235165
178206122 124235165
178206122 184302009
119962713 184302009
119962713 124235238
178196407 124235238
178196407 184296487
119965610 184296487
119965610 124240395
178191379 124240395
178191379 184290767
119979479 184290767
119979479 124242393
178175935 124242393
178175935 184277572
119984824 184277572
119984824 124243663
178172139 124243663
178172139 184277440
120005193 184277440
120005193 124251461
178141970 124251461
178141970 184269375
120007484 184269375
120007484 124253992
178141444 124253992
178141444 184267084
120011580 184267084
120011580 124258658
178137603 124258658
178137603 184260776
120012524 184260776
120012524 124278848
178133593 124278848
178133593 184260495
120050878 184260495
120050878 124320588
178102842 124320588
178102842 184239015
120052792 184239015
120052792 124325165
178090168 124325165
178090168 184234287
120064290 184234287
120064290 124332316
178072870 124332316
178072870 184221903
120066029 184221903
120066029 124335602
178061833 124335602
178061833 184216369
120116779 184216369
120116779 124344817
178060268 124344817
178060268 184179200
120123133 184179200
120123133 124382750
178053080 124382750
178053080 184161603
120137346 184161603
120137346 124391720
178026705 124391720
178026705 184149117
120173204 184149117
120173204 124403457
178015532 124403457
178015532 184132565
120176919 184132565
120176919 124414693
178012659 124414693
178012659 184116697
120193421 184116697
120193421 124425617
177993692 124425617
177993692 184114990
120207115 184114990
120207115 124480115
177989814 124480115
177989814 184110595
120213685 184110595
120213685 124485051
177983821 124485051
177983821 184105572
120226175 184105572
120226175 124494967
177961604 124494967
177961604 184104981
120227181 184104981
120227181 124498372
177929798 124498372
177929798 184102374
120233100 184102374
120233100 124505618
177917906 124505618
177917906 184096636
120234979 184096636
120234979 124515527
177917453 124515527
177917453 184084468
120236660 184084468
120236660 124531404
177912798 124531404
177912798 184072081
120237702 184072081
120237702 124540808
177896073 124540808
177896073 184067297
120238109 184067297
120238109 124543609
177893192 124543609
177893192 184066187
120259441 184066187
120259441 124555672
177859150 124555672
177859150 184060303
120277808 184060303
120277808 124556101
177856641 124556101
177856641 184057451
120282574 184057451
120282574 124556288
177852884 124556288
177852884 184037303
120292292 184037303
120292292 124573040
177798163 124573040
177798163 184029631
120305169 184029631
120305169 124606978
177797642 124606978
177797642 184015781
120311638 184015781
120311638 124623319
177777396 124623319
177777396 184010174
120316842 184010174
120316842 124627880
177776106 124627880
177776106 184006694
120331941 184006694
120331941 124639308
177773544 124639308
177773544 183972038
120333466 183972038
120333466 124642152
177773517 124642152
177773517 183949526
120348986 183949526
120348986 124661028
177771988 124661028
177771988 183936461
120381195 183936461
120381195 124677901
177771003 124677901
177771003 183903885
120404101 183903885
120404101 124680811
177747188 124680811
177747188 183903353
120415046 183903353
120415046 124715535
177738550 124715535
177738550 183903246
120415589 183903246
120415589 124717449
177718570 124717449
177718570 183902013
120416336 183902013
120416336 124726179
177712417 124726179
177712417 183899486
120418651 183899486
120418651 124726715
177711276 124726715
177711276 183874552
120424409 183874552
120424409 124728931
177684740 124728931
177684740 183865030
120426882 183865030
120426882 124729004
177681386 124729004
177681386 183859760
120432876 183859760
120432876 124763305
177677916 124763305
177677916 183858549
120435488 183858549
120435488 124771205
177666263 124771205
177666263 183856349
120439023 183856349
120439023 124772861
177650870 124772861
177650870 183848716
120451362 183848716
120451362 124774524
177624989 124774524
177624989 183847612
120455918 183847612
120455918 124774915
177611459 124774915
177611459 183841035
120459615 183841035
120459615 124777758
177605318 124777758
177605318 183840756
120474020 183840756
120474020 124780424
177601580 124780424
177601580 183820429
120479853 183820429
120479853 124805689
177568301 124805689
177568301 183818213
120487881 183818213
120487881 124827390
177562827 124827390
177562827 183804666
120495680 183804666
120495680 124830744
177560030 124830744
177560030 183798844
120530978 183798844
120530978 124857370
177553540 124857370
177553540 183786978
120535079 183786978
120535079 124868415
177552754 124868415
177552754 183782074
120559913 183782074
120559913 124869278
177550239 124869278
177550239 183779989
120570984 183779989
120570984 124896051
177534228 124896051
177534228 183779901
120580517 183779901
120580517 124900428
177527780 124900428
177527780 183779706
120585928 183779706
120585928 124911871
177527695 124911871
177527695 183775657
120594515 183775657
120594515 124936680
177515955 124936680
177515955 183770916
120607424 183770916
120607424 124993705
177511304 124993705
177511304 183765808
120611104 183765808
120611104 124995335
177508530 124995335
177508530 183763325
120614467 183763325
120614467 124995598
177503076 124995598
177503076 183762308
120621133 183762308
120621133 125000715
177499167 125000715
177499167 183754414
120622243 183754414
120622243 125010926
177494694 125010926
177494694 183746977
120673616 183746977
120673616 125012051
177467922 125012051
177467922 183742613
120676292 183742613
120676292 125014438
177466234 125014438
177466234 183741777
120678368 183741777
120678368 125027195
177442286 125027195
177442286 183712896
120715076 183712896
120715076 125028289
177404201 125028289
177404201 183690211
120716233 183690211
120716233 125036106
177385803 125036106
177385803 183689958
120727867 183689958
120727867 125037177
177375938 125037177
177375938 183665977
120730386 183665977
120730386 125052880
177371242 125052880
177371242 183658844
120730497 183658844
120730497 125059772
177301351 125059772
177301351 183648639
120748626 183648639
120748626 125060090
177300925 125060090
177300925 183647369
120755701 183647369
120755701 125065367
177287849 125065367
177287849 183633741
120762332 183633741
120762332 125081257
177277266 125081257
177277266 183626958
120765585 183626958
120765585 125086442
177275164 125086442
177275164 183616827
120780762 183616827
120780762 125086973
177272182 125086973
177272182 183612055
120785517 183612055
120785517 125091699
177254811 125091699
177254811 183604395
120792643 183604395
120792643 125108792
177198849 125108792
177198849 183595999
120801682 183595999
120801682 125121334
177193411 125121334
177193411 183594805
120834213 183594805
120834213 125156060
177173183 125156060
177173183 183590491
120835254 183590491
120835254 125164140
177171779 125164140
177171779 183586525
120844573 183586525
120844573 125164629
177168058 125164629
177168058 183580599
120862597 183580599
120862597 125176023
177159092 125176023
177159092 183574600
120874123 183574600
120874123 125180673
177156124 125180673
177156124 183574219
120874985 183574219
120874985 125199868
177138537 125199868
177138537 183567811
120876245 183567811
120876245 125217817
177089745 125217817
177089745 183565744
120885856 183565744
120885856 125227918
177084930 125227918
177084930 183562020
120903113 183562020
120903113 125249376
177083863 125249376
177083863 183553668
120910205 183553668
120910205 125254803
177083702 125254803
177083702 183528714
120917941 183528714
120917941 125256813
177064508 125256813
177064508 183499836
120928704 183499836
120928704 125261589
177047189 125261589
177047189 183498423
120942371 183498423
120942371 125263289
177019216 125263289
177019216 183484980
120957144 183484980
120957144 125297101
177015854 125297101
177015854 183473007
120961673 183473007
120961673 125304889
177006894 125304889
177006894 183439907
120968491 183439907
120968491 125340343
177005565 125340343
177005565 183433684
120975224 183433684
120975224 125363248
176967152 125363248
176967152 183423772
120987281 183423772
120987281 125391029
176960206 125391029
176960206 183423052
120989460 183423052
120989460 125402149
176938115 125402149
176938115 183421237
121023195 183421237
121023195 125409013
176924763 125409013
176924763 183419879
121037560 183419879
121037560 125409722
176904145 125409722
176904145 183404476
121040575 183404476
121040575 125455501
176899447 125455501
176899447 183366518
121046681 183366518
121046681 125468673
176886160 125468673
176886160 183365292
121079098 183365292
121079098 125477713
176863793 125477713
176863793 183354756
121119607 183354756
121119607 125480032
176855135 125480032
176855135 183353868
121122097 183353868
121122097 125489737
176852622 125489737
176852622 183337974
121132717 183337974
121132717 125493443
176840935 125493443
176840935 183305561
121157154 183305561
121157154 125503432
176817143 125503432
176817143 183293898
121160300 183293898
121160300 125504330
176811585 125504330
176811585 183286567
121161137 183286567
121161137 125507050
176810419 125507050
176810419 183282236
121191258 183282236
121191258 125521194
176808394 125521194
176808394 183257997
121197240 183257997
121197240 125526560
176796902 125526560
176796902 183235883
121199823 183235883
121199823 125536914
176793522 125536914
176793522 183232362
121201835 183232362
121201835 125546623
176779818 125546623
176779818 183229114
121210017 183229114
121210017 125546996
176778729 125546996
176778729 183221055
121211123 183221055
121211123 125548795
176778484 125548795
176778484 183202905
121215228 183202905
121215228 125554930
176773902 125554930
176773902 183184199
121230985 183184199
121230985 125560493
176755903 125560493
176755903 183172387
121268512 183172387
121268512 125560686
176750731 125560686
176750731 183146189
121269088 183146189
121269088 125563198
176745386 125563198
176745386 183143974
121272067 183143974
121272067 125567751
176742773 125567751
176742773 183138698
121274696 183138698
121274696 125570998
176713888 125570998
176713888 183130993
121286626 183130993
121286626 125572571
176707215 125572571
176707215 183120521
121306631 183120521
121306631 125581706
176705082 125581706
176705082 183117763
121306921 183117763
121306921 125586027
176701899 125586027
176701899 183105905
121310781 183105905
121310781 125595272
176672606 125595272
176672606 183098910
121324160 183098910
121324160 125613105
176669556 125613105
176669556 183096776
121335427 183096776
121335427 125618249
176666148 125618249
176666148 183096679
121346000 183096679
121346000 125623545
176662410 125623545
176662410 183090716
121346852 183090716
121346852 125642818
176655349 125642818
176655349 183088673
121350325 183088673
121350325 125662327
176645010 125662327
176645010 183072830
121352263 183072830
121352263 125675490
176601006 125675490
176601006 183063157
121380256 183063157
121380256 125699907
176598142 125699907
176598142 183050297
121382373 183050297
121382373 125701042
176560951 125701042
176560951 183044475
121395732 183044475
121395732 125702814
176540227 125702814
176540227 183044371
121396364 183044371
121396364 125705443
176539454 125705443
176539454 183028119
121406141 183028119
121406141 125707295
176499378 125707295
176499378 183014097
121406229 183014097
121406229 125712124
176497437 125712124
176497437 183010742
121423477 183010742
121423477 125739925
176473097 125739925
176473097 183003960
121426486 183003960
121426486 125782417
176450871 125782417
176450871 183000378
121432245 183000378
121432245 125783071
176450044 125783071
176450044 182983646
121436120 182983646
121436120 125799481
176441337 125799481
176441337 182982002
121437926 182982002
121437926 125810962
176440205 125810962
176440205 182974748
121455898 182974748
121455898 125823892
176418147 125823892
176418147 182962210
121476744 182962210
121476744 125840580
176407456 125840580
176407456 182958645
121484898 182958645
121484898 125857888
176399472 125857888
176399472 182953727
121496279 182953727
121496279 125869235
176394091 125869235
176394091 182938258
121502077 182938258
121502077 125887789
176387747 125887789
176387747 182921636
121502511 182921636
121502511 125902673
176381943 125902673
176381943 182910242
121503161 182910242
121503161 125944125
176358749 125944125
176358749 182907808
121505434 182907808
121505434 125961072
176356955 125961072
176356955 182902533
121506318 182902533
121506318 125963572
176333959 125963572
176333959 182890225
121519036 182890225
121519036 125974438
176332649 125974438
176332649 182888836
121525079 182888836
121525079 125975496
176324899 125975496
176324899 182888558
121528639 182888558
121528639 125990999
176323191 125990999
176323191 182879654
121567695 182879654
121567695 126000823
176323086 126000823
176323086 182876406
121569314 182876406
121569314 126003271
176298993 126003271
176298993 182875391
121570080 182875391
121570080 126006624
176296837 126006624
176296837 182857787
121572505 182857787
121572505 126008342
176285244 126008342
176285244 182844926
121591519 182844926
121591519 126011577
176284650 126011577
176284650 182841639
121597390 182841639
121597390 126021457
176266871 126021457
176266871 182829288
121597992 182829288
121597992 126022295
176247748 126022295
176247748 182828261
121605083 182828261
121605083 126038871
176241397 126038871
176241397 182821837
121613449 182821837
121613449 126040003
176236750 126040003
176236750 182819105
121625446 182819105
121625446 126058732
176233402 126058732
176233402 182796102
121628301 182796102
121628301 126082169
176232678 126082169
176232678 182789010
121629206 182789010
121629206 126084159
176209464 126084159
176209464 182784973
121638860 182784973
121638860 126107787
176203956 126107787
176203956 182783753
121651937 182783753
121651937 126137380
176173263 126137380
176173263 182775066
121656451 182775066
121656451 126159793
176162877 126159793
176162877 182754340
121675916 182754340
121675916 126171118
176161888 126171118
176161888 182734674
121676455 182734674
121676455 126197757
176161156 126197757
176161156 182723751
121686985 182723751
121686985 126204665
176155778 126204665
176155778 182704886
121699183 182704886
121699183 126207695
176117212 126207695
176117212 182695294
121728340 182695294
121728340 126216971
176107312 126216971
176107312 182673991
121736772 182673991
121736772 126231466
176101178 126231466
176101178 182663271
121743611 182663271
121743611 126235409
176086713 126235409
176086713 182657343
121744425 182657343
121744425 126240534
176080827 126240534
176080827 182655476
121746549 182655476
121746549 126252937
176065744 126252937
176065744 182653274
121748202 182653274
121748202 126258237
176029342 126258237
176029342 182646502
121748662 182646502
121748662 126265427
175995731 126265427
175995731 182645194
121752537 182645194
121752537 126273521
175969852 126273521
175969852 182643059
121764447 182643059
121764447 126297128
175957620 126297128
175957620 182611530
121766448 182611530
121766448 126308174
175933116 126308174
175933116 182591425
121779543 182591425
121779543 126309854
175907787 126309854
175907787 182583084
121787879 182583084
121787879 126314050
175907112 126314050
175907112 182565878
121817261 182565878
121817261 126328673
175901719 126328673
175901719 182548970
121830792 182548970
121830792 126356354
175898483 126356354
175898483 182535830
121866468 182535830
121866468 126368811
175893847 126368811
175893847 182529177
121879536 182529177
121879536 126392903
175882339 126392903
175882339 182521802
121885623 182521802
121885623 126393718
175873566 126393718
175873566 182503857
121908870 182503857
121908870 126397520
175870489 126397520
175870489 182499438
121912460 182499438
121912460 126399130
175842731 126399130
175842731 182468080
121914260 182468080
121914260 126409115
175835545 126409115
175835545 182450842
121926111 182450842
121926111 126425253
175834224 126425253
175834224 182426544
121931658 182426544
121931658 126426698
175825988 126426698
175825988 182388276
121937276 182388276
121937276 126428017
175823959 126428017
175823959 182380585
121971799 182380585
121971799 126428739
175822006 126428739
175822006 182376966
121987407 182376966
121987407 126437144
175812573 126437144
175812573 182374838
122004782 182374838
122004782 126437467
175801595 126437467
175801595 182370439
122017206 182370439
122017206 126441844
175801174 126441844
175801174 182365823
122033455 182365823
122033455 126444186
175797118 126444186
175797118 182358926
122046132 182358926
122046132 126485918
175796680 126485918
175796680 182346155
122047249 182346155
122047249 126489223
175784601 126489223
175784601 182342622
122051952 182342622
122051952 126497988
175767440 126497988
175767440 182337289
122052497 182337289
122052497 126506689
175753997 126506689
175753997 182320208
122054502 182320208
122054502 126515732
175740968 126515732
175740968 182317434
122061786 182317434
122061786 126516368
175738915 126516368
175738915 182315617
122077977 182315617
122077977 126542983
175736993 126542983
175736993 182289560
122080367 182289560
122080367 126550861
175712315 126550861
175712315 182282634
122085769 182282634
122085769 126565310
175710682 126565310
175710682 182256240
122090363 182256240
122090363 126566995
175704973 126566995
175704973 182244828
122097253 182244828
122097253 126578388
175703971 126578388
175703971 182242146
122116417 182242146
122116417 126594252
175687183 126594252
175687183 182241154
122125026 182241154
122125026 126602623
175681216 126602623
175681216 182235106
122172079 182235106
122172079 126631049
175675202 126631049
175675202 182221588
122206821 182221588
122206821 126633170
175674818 126633170
175674818 182217169
122209052 182217169
122209052 126646663
175664158 126646663
175664158 182214496
122209371 182214496
122209371 126656674
175636196 126656674
175636196 182213233
122220546 182213233
122220546 126676429
175604914 126676429
175604914 182210465
122224372 182210465
122224372 126686648
175593630 126686648
175593630 182207799
122225017 182207799
122225017 126690799
175587910 126690799
175587910 182202822
122225236 182202822
122225236 126705443
175582506 126705443
175582506 182175182
122237444 182175182
122237444 126706806
175579682 126706806
175579682 182172397
122247966 182172397
122247966 126708064
175579047 126708064
175579047 182165032
122253635 182165032
122253635 126712251
175573044 126712251
175573044 182148532
122262940 182148532
122262940 126754750
175547977 126754750
175547977 182146546
122274713 182146546
122274713 126757700
175498009 126757700
175498009 182140688
122306675 182140688
122306675 126764903
175487494 126764903
175487494 182139344
122316580 182139344
122316580 126790941
175482655 126790941
175482655 182130576
122320398 182130576
122320398 126793713
175458708 126793713
175458708 182118297
122321658 182118297
122321658 126804815
175422586 126804815
175422586 182116422
122345875 182116422
122345875 126832287
175421065 126832287
175421065 182096444
122357589 182096444
122357589 126836420
175420921 126836420
175420921 182071025
122370257 182071025
122370257 126841548
175414076 126841548
175414076 182062046
122388948 182062046
122388948 126843801
175411757 126843801
175411757 182054611
122393288 182054611
122393288 126867556
175410545 126867556
175410545 182049445
122410756 182049445
122410756 126870144
175390463 126870144
175390463 182045175
122427035 182045175
122427035 126877840
175366909 126877840
175366909 182039379
122433007 182039379
122433007 126884965
175363095 126884965
175363095 182034678
122438880 182034678
122438880 126905778
175355227 126905778
175355227 182003260
122442842 182003260
122442842 126909753
175350554 126909753
175350554 181973793
122445160 181973793
122445160 126910309
175347879 126910309
175347879 181959800
122456220 181959800
122456220 126917608
175345610 126917608
175345610 181956972
122460794 181956972
122460794 126938706
175338669 126938706
175338669 181952150
122468945 181952150
122468945 126943942
175333383 126943942
175333383 181944927
122482094 181944927
122482094 126953981
175305532 126953981
175305532 181928062
122493245 181928062
122493245 126971962
175300070 126971962
175300070 181923317
122497922 181923317
122497922 126981141
175298329 126981141
175298329 181920132
122516072 181920132
122516072 126986254
175276686 126986254
175276686 181902103
122521667 181902103
122521667 126988512
175272730 126988512
175272730 181900626
122541553 181900626
122541553 127004503
175266967 127004503
175266967 181896063
122555729 181896063
122555729 127011089
175259159 127011089
175259159 181872084
122569278 181872084
122569278 127014005
175255984 127014005
175255984 181863357
122574939 181863357
122574939 127017361
175244372 127017361
175244372 181849895
122577335 181849895
122577335 127019171
175243822 127019171
175243822 181835732
122586646 181835732
122586646 127034709
175207539 127034709
175207539 181832283
122619799 181832283
122619799 127035928
175200756 127035928
175200756 181822426
122633936 181822426
122633936 127059237
175199872 127059237
175199872 181775721
122646221 181775721
122646221 127069806
175198536 127069806
175198536 181761273
122654546 181761273
122654546 127086737
175172512 127086737
175172512 181754941
122656688 181754941
122656688 127091354
175161064 127091354
175161064 181749743
122659813 181749743
122659813 127107686
175147498 127107686
175147498 181728899
122681266 181728899
122681266 127119400
175143960 127119400
175143960 181720977
122714786 181720977
122714786 127129619
175130714 127129619
175130714 181706772
122748285 181706772
122748285 127140790
175094902 127140790
175094902 181699790
122752357 181699790
122752357 127149458
175086067 127149458
175086067 181698409
122753950 181698409
122753950 127157128
175071357 127157128
175071357 181695030
122771674 181695030
122771674 127179242
175065213 127179242
175065213 181691126
122774755 181691126
122774755 127179357
175060511 127179357
175060511 181681812
122782120 181681812
122782120 127180146
175060487 127180146
175060487 181674424
122786445 181674424
122786445 127188472
175056879 127188472
175056879 181670899
122797306 181670899
122797306 127191898
175052706 127191898
175052706 181667881
122812152 181667881
122812152 127192929
175051718 127192929
175051718 181664892
122822759 181664892
122822759 127197633
175024613 127197633
175024613 181663970
122831909 181663970
122831909 127204050
174999062 127204050
174999062 181662442
122843454 181662442
122843454 127206248
174998783 127206248
174998783 181645606
122848521 181645606
122848521 127212288
174989614 127212288
174989614 181640604
122865410 181640604
122865410 127216697
174984435 127216697
174984435 181619859
122876624 181619859
122876624 127225248
174965899 127225248
174965899 181594595
122877297 181594595
122877297 127241714
174965251 127241714
174965251 181586119
122877782 181586119
122877782 127244025
174963966 127244025
174963966 181585182
122879919 181585182
122879919 127251349
174961160 127251349
174961160 181583346
122881099 181583346
122881099 127266437
174953234 127266437
174953234 181581765
122894731 181581765
122894731 127274692
174943338 127274692
174943338 181558821
122950175 181558821
122950175 127279560
174941669 127279560
174941669 181548513
122950978 181548513
122950978 127283461
174939252 127283461
174939252 181532255
122952939 181532255
122952939 127303928
174921185 127303928
174921185 181530571
122957570 181530571
122957570 127328495
174878044 127328495
174878044 181525037
122967721 181525037
122967721 127348598
174866020 127348598
174866020 181519915
122996360 181519915
122996360 127356033
174855706 127356033
174855706 181513225
123005551 181513225
123005551 127360983
174845772 127360983
174845772 181477424
123012552 181477424
123012552 127378936
174827804 127378936
174827804 181472020
123016804 181472020
123016804 127386600
174825524 127386600
174825524 181470879
123020661 181470879
123020661 127386928
174817481 127386928
174817481 181468333
123024027 181468333
123024027 127440921
174815403 127440921
174815403 181461290
123036325 181461290
123036325 127449173
174810486 127449173
174810486 181452059
123036912 181452059
123036912 127461296
174792724 127461296
174792724 181451959
123040527 181451959
123040527 127471076
174788200 127471076
174788200 181451721
123042321 181451721
123042321 127474865
174783852 127474865
174783852 181450374
123063480 181450374
123063480 127476712
174762836 127476712
174762836 181441419
123067148 181441419
123067148 127477183
174756491 127477183
174756491 181432318
123069958 181432318
123069958 127484820
174739977 127484820
174739977 181419548
123075067 181419548
123075067 127519459
174721311 127519459
174721311 181381835
123086464 181381835
123086464 127522847
174704402 127522847
174704402 181379550
123098537 181379550
123098537 127525487
174682359 127525487
174682359 181370200
123102849 181370200
123102849 127534950
174672666 127534950
174672666 181368290
123135330 181368290
123135330 127556997
174670378 127556997
174670378 181366866
123135385 181366866
123135385 127593344
174669245 127593344
174669245 181352604
123159621 181352604
123159621 127629644
174664162 127629644
174664162 181344465
123172786 181344465
123172786 127632036
174650867 127632036
174650867 181329686
123176251 181329686
123176251 127639315
174629656 127639315
174629656 181300161
123184146 181300161
123184146 127639780
174628026 127639780
174628026 181293179
123190182 181293179
123190182 127641660
174622098 127641660
174622098 181284103
123219508 181284103
123219508 127644910
174619491 127644910
174619491 181251425
123241973 181251425
123241973 127646311
174618407 127646311
174618407 181244785
123243885 181244785
123243885 127648617
174588189 127648617
174588189 181221735
123247402 181221735
123247402 127677065
174585503 127677065
174585503 181209057
123253944 181209057
123253944 127687808
174584150 127687808
174584150 181208615
123267560 181208615
123267560 127698829
174550112 127698829
174550112 181195142
123288410 181195142
123288410 127700682
174547078 127700682
174547078 181186612
123290421 181186612
123290421 127704390
174543970 127704390
174543970 181182061
123297846 181182061
123297846 127723754
174519311 127723754
174519311 181176219
123298552 181176219
123298552 127735557
174516354 127735557
174516354 181150562
123303694 181150562
123303694 127736282
174507992 127736282
174507992 181138274
123319270 181138274
123319270 127748242
174501089 127748242
174501089 181137565
123341709 181137565
123341709 127750017
174462112 127750017
174462112 181091054
123371958 181091054
123371958 127770262
174449677 127770262
174449677 181090764
123372483 181090764
123372483 127772733
174444205 127772733
174444205 181087828
123380525 181087828
123380525 127798941
174440144 127798941
174440144 181081624
123393975 181081624
123393975 127813230
174436026 127813230
174436026 181070549
123401982 181070549
123401982 127814297
174434160 127814297
174434160 181069984
123420288 181069984
123420288 127819694
174421855 127819694
174421855 181062673
123425842 181062673
123425842 127822055
174417408 127822055
174417408 181059888
123428492 181059888
123428492 127823544
174409465 127823544
174409465 181059716
123445142 181059716
123445142 127840323
174405808 127840323
174405808 181041891
123476939 181041891
123476939 127846571
174403620 127846571
174403620 181028771
123478964 181028771
123478964 127856931
174393076 127856931
174393076 181006751
123481598 181006751
123481598 127871857
174379208 127871857
174379208 180982074
123494893 180982074
123494893 127889030
174372890 127889030
174372890 180980562
123525395 180980562
123525395 127893070
174370298 127893070
174370298 180979963
123525462 180979963
123525462 127903100
174351164 127903100
174351164 180979611
123525711 180979611
123525711 127910135
174345492 127910135
174345492 180964031
123531078 180964031
123531078 127912462
174344575 127912462
174344575 180961813
123531388 180961813
123531388 127918975
174343644 127918975
174343644 180949702
123536071 180949702
123536071 127920536
174308937 127920536
174308937 180935050
123548525 180935050
123548525 127920894
174304352 127920894
174304352 180925117
123555196 180925117
123555196 127921714
174294226 127921714
174294226 180922538
123591550 180922538
123591550 127933846
174290962 127933846
174290962 180919150
123639048 180919150
123639048 127938276
174284171 127938276
174284171 180914398
123651037 180914398
123651037 127962318
174272639 127962318
174272639 180893319
123664576 180893319
123664576 127965204
174236052 127965204
174236052 180890386
123676784 180890386
123676784 127976388
174221467 127976388
174221467 180885834
123678864 180885834
123678864 128002978
174213978 128002978
174213978 180884444
123680460 180884444
123680460 128009236
174212455 128009236
174212455 180877847
123689897 180877847
123689897 128011856
174208822 128011856
174208822 180875981
123691960 180875981
123691960 128013841
174203354 128013841
174203354 180868064
123696742 180868064
123696742 128014270
174191646 128014270
174191646 180864784
123704053 180864784
123704053 128034308
174113307 128034308
174113307 180860646
123711175 180860646
123711175 128055130
174097720 128055130
174097720 180855300
123711615 180855300
123711615 128060197
174091370 128060197
174091370 180844963
123730774 180844963
123730774 128086848
174081428 128086848
174081428 180812345
123739324 180812345
123739324 128117230
174076137 128117230
174076137 180805297
123756132 180805297
123756132 128138930
174068912 128138930
174068912 180796607
123767247 180796607
123767247 128140520
174056483 128140520
174056483 180786052
123769929 180786052
123769929 128151908
174027877 128151908
174027877 180761990
123771662 180761990
123771662 128163675
174012135 128163675
174012135 180761974
123773500 180761974
123773500 128164264
174009739 128164264
174009739 180739302
123776840 180739302
123776840 128175201
174007726 128175201
174007726 180728392
123786739 180728392
123786739 128190937
173995022 128190937
173995022 180694479
123805138 180694479
123805138 128197885
173986832 128197885
173986832 180686456
123816283 180686456
123816283 128203147
173981701 128203147
173981701 180686319
123830871 180686319
123830871 128207787
173975452 128207787
173975452 180682501
123831149 180682501
123831149 128208131
173973312 128208131
173973312 180673475
123834182 180673475
123834182 128208283
173965087 128208283
173965087 180673083
123840340 180673083
123840340 128211291
173964573 128211291
173964573 180671420
123840364 180671420
123840364 128211759
173952568 128211759
173952568 180661424
123863524 180661424
123863524 128218679
173949894 128218679
173949894 180656731
123876771 180656731
123876771 128224945
173946194 128224945
173946194 180644790
123878202 180644790
123878202 128227795
173924403 128227795
173924403 180618384
123894952 180618384
123894952 128256766
173915970 128256766
173915970 180614935
123934214 180614935
123934214 128265961
173910778 128265961
173910778 180610468
123941246 180610468
123941246 128286884
173874021 128286884
173874021 180595952
123952183 180595952
123952183 128310018
173873252 128310018
173873252 180547093
123953471 180547093
123953471 128310209
173869007 128310209
173869007 180513189
123978520 180513189
123978520 128311989
173848110 128311989
173848110 180504226
123981524 180504226
123981524 128314148
173839064 128314148
173839064 180498324
123985880 180498324
123985880 128319618
173836522 128319618
173836522 180497562
123987331 180497562
123987331 128326424
173811221 128326424
173811221 180488979
123995909 180488979
123995909 128331677
173802074 128331677
173802074 180479277
124000209 180479277
124000209 128332025
173802044 128332025
173802044 180465058
124018013 180465058
124018013 128345539
173782042 128345539
173782042 180451156
124027899 180451156
124027899 128377725
173770366 128377725
173770366 180446983
124070487 180446983
124070487 128383798
173769885 128383798
173769885 180437225
124070823 180437225
124070823 128397947
173767273 128397947
173767273 180423340
124074548 180423340
124074548 128405131
173759279 128405131
173759279 180381195
124084792 180381195
124084792 128406310
173730169 128406310
173730169 180380516
124103688 180380516
124103688 128410213
173723946 128410213
173723946 180379939
124104653 180379939
124104653 128416216
173688028 128416216
173688028 180375041
124108662 180375041
124108662 128417584
173677094 128417584
173677094 180356304
124109990 180356304
124109990 128433612
173654425 128433612
173654425 180317470
124112788 180317470
124112788 128448532
173647147 128448532
173647147 180316067
124125885 180316067
124125885 128475038
173641398 128475038
173641398 180311369
124132509 180311369
124132509 128477567
173628435 128477567
173628435 180301595
124139917 180301595
124139917 128478416
173620775 128478416
173620775 180287195
124144896 180287195
124144896 128485613
173618340 128485613
173618340 180283754
124176818 180283754
124176818 128505902
173612807 128505902
173612807 180280943
124188959 180280943
124188959 128541573
173607410 128541573
173607410 180278210
124198570 180278210
124198570 128543262
173607099 128543262
173607099 180261224
124207165 180261224
124207165 128556248
173606456 128556248
173606456 180251055
124219651 180251055
124219651 128569956
173605439 128569956
173605439 180249494
124239694 180249494
124239694 128595501
173601464 128595501
173601464 180245944
124245739 180245944
124245739 128611228
173588592 128611228
173588592 180241743
124294569 180241743
124294569 128619707
173587052 128619707
173587052 180233539
124305152 180233539
124305152 128641624
173581702 128641624
173581702 180228724
124305743 180228724
124305743 128649529
173581446 128649529
173581446 180217871
124310175 180217871
124310175 128649559
173574484 128649559
173574484 180203429
124310739 180203429
124310739 128663411
173554363 128663411
173554363 180203154
124335859 180203154
124335859 128669251
173550348 128669251
173550348 180194330
124350364 180194330
124350364 128673774
173549425 128673774
173549425 180189734
124354019 180189734
124354019 128677314
173543789 128677314
173543789 180177071
124355248 180177071
124355248 128679762
173527212 128679762
173527212 180136403
124363286 180136403
124363286 128715136
173519316 128715136
173519316 180132881
124364241 180132881
124364241 128720476
173509436 128720476
173509436 180120358
124379535 180120358
124379535 128728807
173501411 128728807
173501411 180117544
124395928 180117544
124395928 128741390
173501130 128741390
173501130 180110480
124421752 180110480
124421752 128756499
173489499 128756499
173489499 180091421
124422791 180091421
124422791 128786380
173466477 128786380
173466477 180084306
124429513 180084306
124429513 128788078
173465442 128788078
173465442 180082586
124431690 180082586
124431690 128797866
173462035 128797866
173462035 180074201
124439571 180074201
124439571 128813290
173456462 128813290
173456462 180073692
124452734 180073692
124452734 128817265
173438738 128817265
173438738 180065260
124454282 180065260
124454282 128825591
173407727 128825591
173407727 180059172
124460214 180059172
124460214 128840258
173402158 128840258
173402158 180053482
124466476 180053482
124466476 128841458
173399172 128841458
173399172 180035508
124480073 180035508
124480073 128864768
173396157 128864768
173396157 180030805
124511662 180030805
124511662 128865981
173385260 128865981
173385260 180027179
124536738 180027179
124536738 128874199
173384145 128874199
173384145 180008984
124550992 180008984
124550992 128876336
173384047 128876336
173384047 180004124
124554548 180004124
124554548 128882869
173377034 128882869
173377034 179994152
124609720 179994152
124609720 128908997
173374897 128908997
173374897 179992738
124619115 179992738
124619115 128910449
173347862 128910449
173347862 179981695
124633411 179981695
124633411 128940854
173308832 128940854
173308832 179974387
124640367 179974387
124640367 128957592
173279382 128957592
173279382 179969145
124642514 179969145
124642514 128965624
173269559 128965624
173269559 179968051
124668160 179968051
124668160 128989865
173266158 128989865
173266158 179958389
124668738 179958389
124668738 128997159
173252981 128997159
173252981 179953649
124681980 179953649
124681980 129023716
173246070 129023716
173246070 179951762
124697715 179951762
124697715 129027297
173245613 129027297
173245613 179936423
124726404 179936423
124726404 129029617
173243938 129029617
173243938 179914850
124729747 179914850
124729747 129048699
173236178 129048699
173236178 179913896
124738500 179913896
124738500 129064868
173205411 129064868
173205411 179891543
124739706 179891543
124739706 129068388
173204346 129068388
173204346 179884626
124751354 179884626
124751354 129088588
173198923 129088588
173198923 179870339
124755536 179870339
124755536 129093757
173198496 129093757
173198496 179867259
124762095 179867259
124762095 129094821
173191598 129094821
173191598 179854975
124782176 179854975
124782176 129099048
173185549 129099048
173185549 179825784
124788637 179825784
124788637 129100444
173173331 129100444
173173331 179815619
124794512 179815619
124794512 129105630
173146119 129105630
173146119 179809530
124798123 179809530
124798123 129108944
173140159 129108944
173140159 179801399
124825076 179801399
124825076 129111128
173129549 129111128
173129549 179800710
124842863 179800710
124842863 129138209
173090186 129138209
173090186 179796625
124845912 179796625
124845912 129139058
173070868 129139058
173070868 179792933
124852179 179792933
124852179 129147315
173062159 129147315
173062159 179787558
124853183 179787558
124853183 129159629
173060376 129159629
173060376 179787129
124858604 179787129
124858604 129164737
173034984 129164737
173034984 179763195
124860604 179763195
124860604 129165658
173032735 129165658
173032735 179760091
124863543 179760091
124863543 129169521
173031377 129169521
173031377 179758483
124864495 179758483
124864495 129196595
173021148 129196595
173021148 179751573
124868088 179751573
124868088 129202702
173011264 129202702
173011264 179749266
124876938 179749266
124876938 129206764
173007806 129206764
173007806 179749003
124881557 179749003
124881557 129217364
172987673 129217364
172987673 179710922
124892673 179710922
124892673 129219171
172982488 129219171
172982488 179710835
124925648 179710835
124925648 129224404
172970367 129224404
172970367 179682849
124929588 179682849
124929588 129229811
172963201 129229811
172963201 179672232
124951145 179672232
124951145 129230807
172960860 129230807
172960860 179669374
124983303 179669374
124983303 129237354
172941773 129237354
172941773 179666920
124990698 179666920
124990698 129248268
172927697 129248268
172927697 179648377
124999554 179648377
124999554 129252021
172924881 129252021
172924881 179646726
125009631 179646726
125009631 129272558
172892527 129272558
172892527 179644249
125015513 179644249
125015513 129279922
172879127 129279922
172879127 179635007
125024166 179635007
125024166 129303411
172873598 129303411
172873598 179633951
125034894 179633951
125034894 129320821
172866951 129320821
172866951 179633030
125036960 179633030
125036960 129321773
172856803 129321773
172856803 179630429
125037803 179630429
125037803 129330947
172855464 129330947
172855464 179610769
125039355 179610769
125039355 129360842
172841980 129360842
172841980 179610311
125056312 179610311
125056312 129365856
172839925 129365856
172839925 179601642
125065765 179601642
125065765 129367074
172838215 129367074
172838215 179595605
125066358 179595605
125066358 129368619
172811083 129368619
172811083 179594319
125078474 179594319
125078474 129372875
172805442 129372875
172805442 179580172
125085800 179580172
125085800 129378128
172784072 129378128
172784072 179572915
125097217 179572915
125097217 129387389
172783390 129387389
172783390 179561155
125102483 179561155
125102483 129388099
172775627 129388099
172775627 179559634
125118491 179559634
125118491 129397600
172771242 129397600
172771242 179517866
125122746 179517866
125122746 129398493
172759262 129398493
172759262 179500499
125127413 179500499
125127413 129399492
172756324 129399492
172756324 179474328
125134391 179474328
125134391 129416489
172730687 129416489
172730687 179467816
125138103 179467816
125138103 129416598
172721371 129416598
172721371 179455194
125158367 179455194
125158367 129444938
172720087 129444938
172720087 179448346
125160105 179448346
125160105 129446104
172712929 129446104
172712929 179447839
125180094 179447839
125180094 129466461
172711731 129466461
172711731 179444822
125180977 179444822
125180977 129472273
172674026 129472273
172674026 179437053
125185157 179437053
125185157 129476100
172666442 129476100
172666442 179429529
125190532 179429529
125190532 129514614
172665478 129514614
172665478 179401021
125215963 179401021
125215963 129531244
172654759 129531244
172654759 179398928
125217421 179398928
125217421 129532558
172653339 129532558
172653339 179345059
125227814 179345059
125227814 129541535
172646000 129541535
172646000 179341111
125229284 179341111
125229284 129545575
172644897 129545575
172644897 179320425
125240956 179320425
125240956 129556634
172631204 129556634
172631204 179318944
125244500 179318944
125244500 129558408
172630567 129558408
172630567 179311215
125262577 179311215
125262577 129572468
172628110 129572468
172628110 179306347
125272640 179306347
125272640 129630998
172588584 129630998
172588584 179301495
125284331 179301495
125284331 129650842
172579815 129650842
172579815 179281384
125296419 179281384
125296419 129658398
172577882 129658398
172577882 179280642
125298262 179280642
125298262 129669834
172546183 129669834
172546183 179272085
125313510 179272085
125313510 129674562
172543784 129674562
172543784 179270988
125313909 179270988
125313909 129684421
172517925 129684421
172517925 179268999
125315176 179268999
125315176 129722390
172511938 129722390
172511938 179259246
125329773 179259246
125329773 129726511
172508161 129726511
172508161 179251552
125340575 179251552
125340575 129748538
172507840 129748538
172507840 179246243
125350778 179246243
125350778 129765586
172504760 129765586
172504760 179237562
125353815 179237562
125353815 129767238
172480654 129767238
172480654 179226966
125363772 179226966
125363772 129778281
172472958 129778281
172472958 179216104
125384840 179216104
125384840 129793094
172442372 129793094
172442372 179195350
125425156 179195350
125425156 129806165
172437365 129806165
172437365 179194061
125455476 179194061
125455476 129811250
172434039 129811250
172434039 179188748
125460696 179188748
125460696 129812595
172425756 129812595
172425756 179177721
125461697 179177721
125461697 129815938
172423010 129815938
172423010 179158462
125472186 179158462
125472186 129817923
172406264 129817923
172406264 179144711
125472481 179144711
125472481 129822316
172405025 129822316
172405025 179144011
125472604 179144011
125472604 129823719
172398696 129823719
172398696 179137308
125480071 179137308
125480071 129847913
172393010 129847913
172393010 179105696
125503825 179105696
125503825 129850037
172386293 129850037
172386293 179105105
125546390 179105105
125546390 129871179
172383490 129871179
172383490 179097160
125564912 179097160
125564912 129877857
172383125 129877857
172383125 179095994
125565049 179095994
125565049 129894284
172360782 129894284
172360782 179092598
125565263 179092598
125565263 129902851
172356948 129902851
172356948 179082799
125574774 179082799
125574774 129910128
172350584 129910128
172350584 179073515
125599434 179073515
125599434 129927914
172349573 129927914
172349573 179065937
125602504 179065937
125602504 129959318
172328031 129959318
172328031 179045560
125605064 179045560
125605064 129978245
172311106 129978245
172311106 179035090
125608044 179035090
125608044 129988142
172290591 129988142
172290591 179024832
125616708 179024832
125616708 129999916
172284487 129999916
172284487 179014752
125621282 179014752
125621282 130000608
172268009 130000608
172268009 179006779
125628680 179006779
125628680 130002268
172267176 130002268
172267176 178997761
125635714 178997761
125635714 130020701
172261730 130020701
172261730 178992172
125636685 178992172
125636685 130044565
172237839 130044565
172237839 178978270
125652778 178978270
125652778 130046008
172230036 130046008
172230036 178976658
125655334 178976658
125655334 130055980
172228885 130055980
172228885 178969332
125658247 178969332
125658247 130058502
172227056 130058502
172227056 178959317
125660621 178959317
125660621 130065094
172163293 130065094
172163293 178956871
125687215 178956871
125687215 130072352
172161941 130072352
172161941 178926660
125706350 178926660
125706350 130073578
172151422 130073578
172151422 178923039
125724610 178923039
125724610 130088870
172148325 130088870
172148325 178901868
125729548 178901868
125729548 130099044
172134212 130099044
172134212 178879933
125733054 178879933
125733054 130100217
172132846 130100217
172132846 178872866
125734825 178872866
125734825 130102301
172112641 130102301
172112641 178854830
125737952 178854830
125737952 130110811
172098709 130110811
172098709 178830895
125742488 178830895
125742488 130143906
172097822 130143906
172097822 178829679
125783443 178829679
125783443 130147935
172095571 130147935
172095571 178809446
125787787 178809446
125787787 130147997
172084926 130147997
172084926 178807642
125792010 178807642
125792010 130161613
172063652 130161613
172063652 178802266
125807159 178802266
125807159 130162097
172037180 130162097
172037180 178794825
125816469 178794825
125816469 130164658
172012859 130164658
172012859 178774948
125831665 178774948
125831665 130199108
172011398 130199108
172011398 178758128
125831786 178758128
125831786 130228952
172003135 130228952
172003135 178755821
125845438 178755821
125845438 130245376
171992923 130245376
171992923 178738194
125863347 178738194
125863347 130257718
171984693 130257718
171984693 178723037
125875214 178723037
125875214 130257938
171953378 130257938
171953378 178703653
125890871 178703653
125890871 130267129
171941738 130267129
171941738 178681401
125892123 178681401
125892123 130273155
171918306 130273155
171918306 178677162
125893795 178677162
125893795 130297953
171896630 130297953
171896630 178675367
125897780 178675367
125897780 130299261
171892239 130299261
171892239 178673518
125908839 178673518
125908839 130311827
171890955 130311827
171890955 178672709
125910496 178672709
125910496 130320441
171885831 130320441
171885831 178671361
125915107 178671361
125915107 130325285
171883721 130325285
171883721 178666734
125928657 178666734
125928657 130330820
171872403 130330820
171872403 178658488
125951720 178658488
125951720 130332291
171871692 130332291
171871692 178650473
125956591 178650473
125956591 130339177
171866579 130339177
171866579 178637833
125975964 178637833
125975964 130343254
171856363 130343254
171856363 178615978
125976750 178615978
125976750 130345686
171852209 130345686
171852209 178599861
125990539 178599861
125990539 130361494
171847269 130361494
171847269 178582319
126002032 178582319
126002032 130369556
171839622 130369556
171839622 178580792
126033790 178580792
126033790 130402522
171820333 130402522
171820333 178570008
126047185 178570008
126047185 130404943
171792811 130404943
171792811 178544208
126049365 178544208
126049365 130417368
171791157 130417368
171791157 178526095
126057567 178526095
126057567 130429871
171783961 130429871
171783961 178524793
126059194 178524793
126059194 130436534
171781150 130436534
171781150 178512737
126080582 178512737
126080582 130463561
171780832 130463561
171780832 178509254
126089465 178509254
126089465 130477455
171774453 130477455
171774453 178502542
126094364 178502542
126094364 130485372
171770651 130485372
171770651 178500852
126097149 178500852
126097149 130498230
171762986 130498230
171762986 178457504
126135862 178457504
126135862 130502966
171751888 130502966
171751888 178449790
126136168 178449790
126136168 130503660
171745030 130503660
171745030 178446782
126146786 178446782
126146786 130517396
171729813 130517396
171729813 178432470
126169366 178432470
126169366 130518340
171709313 130518340
171709313 178401251
126173104 178401251
126173104 130545943
171705555 130545943
171705555 178400846
126174042 178400846
126174042 130549334
171702952 130549334
171702952 178398434
126178626 178398434
126178626 130579961
171700217 130579961
171700217 178396049
126188120 178396049
126188120 130584294
171688537 130584294
171688537 178370268
126196554 178370268
126196554 130597832
171676433 130597832
171676433 178365649
126203701 178365649
126203701 130606302
171672834 130606302
171672834 178361075
126204398 178361075
126204398 130618942
171671024 130618942
171671024 178351709
126221036 178351709
126221036 130621846
171669644 130621846
171669644 178347631
126242625 178347631
126242625 130632035
171660851 130632035
171660851 178338326
126242643 178338326
126242643 130633268
171657825 130633268
171657825 178323308
126243212 178323308
126243212 130636325
171657664 130636325
171657664 178320801
126250414 178320801
126250414 130641705
171657456 130641705
171657456 178313233
126283408 178313233
126283408 130662842
171656150 130662842
171656150 178306433
126300478 178306433
126300478 130664893
171654496 130664893
171654496 178301669
126304242 178301669
126304242 130665571
171652823 130665571
171652823 178297860
126314139 178297860
126314139 130666087
171644959 130666087
171644959 178294468
126315097 178294468
126315097 130679645
171642727 130679645
171642727 178290335
126320106 178290335
126320106 130688735
171624899 130688735
171624899 178288418
126323986 178288418
126323986 130711630
171618381 130711630
171618381 178284475
126334347 178284475
126334347 130739242
171607374 130739242
171607374 178272015
126337996 178272015
126337996 130787434
171595296 130787434
171595296 178265175
126342657 178265175
126342657 130792438
171577890 130792438
171577890 178264816
126367978 178264816
126367978 130794698
171577529 130794698
171577529 178261317
126371005 178261317
126371005 130805738
171569952 130805738
171569952 178244346
126391684 178244346
126391684 130809669
171567554 130809669
171567554 178221862
126397347 178221862
126397347 130812522
171563693 130812522
171563693 178217684
126397785 178217684
126397785 130824685
171543715 130824685
171543715 178211700
126398120 178211700
126398120 130839454
171528976 130839454
171528976 178204187
126409715 178204187
126409715 130845494
171518271 130845494
171518271 178200608
126417946 178200608
126417946 130858338
171510618 130858338
171510618 178196063
126432087 178196063
126432087 130858537
171480343 130858537
171480343 178185522
126438640 178185522
126438640 130862277
171468740 130862277
171468740 178165625
126469576 178165625
126469576 130862934
171467685 130862934
171467685 178146287
126482747 178146287
126482747 130865168
171458666 130865168
171458666 178144736
126483235 178144736
126483235 130876059
171421351 130876059
171421351 178125509
126506520 178125509
126506520 130881502
171370829 130881502
171370829 178113645
126527895 178113645
126527895 130895833
171365750 130895833
171365750 178106060
126530990 178106060
126530990 130918014
171359806 130918014
171359806 178091199
126540527 178091199
126540527 130919114
171349339 130919114
171349339 178090120
126544730 178090120
126544730 130942398
171347867 130942398
171347867 178077703
126555463 178077703
126555463 130944990
171333729 130944990
171333729 178077257
126557718 178077257
126557718 130957837
171331212 130957837
171331212 178072067
126560084 178072067
126560084 130957914
171318666 130957914
171318666 178070060
126571281 178070060
126571281 130969823
171303385 130969823
171303385 178038884
126579438 178038884
126579438 130989525
171281581 130989525
171281581 178029637
126582052 178029637
126582052 130990627
171260879 130990627
171260879 178022856
126582196 178022856
126582196 131006782
171248873 131006782
171248873 178004077
126592952 178004077
126592952 131010220
171178179 131010220
171178179 177987601
126596886 177987601
126596886 131028430
171160596 131028430
171160596 177977158
126623253 177977158
126623253 131048124
171150178 131048124
171150178 177955484
126635598 177955484
126635598 131048233
171149475 131048233
171149475 177949327
126636406 177949327
126636406 131051876
171145558 131051876
171145558 177943174
126646909 177943174
126646909 131054844
171143079 131054844
171143079 177940348
126650528 177940348
126650528 131061133
171130944 131061133
171130944 177920275
126664224 177920275
126664224 131066374
171103434 131066374
171103434 177918166
126712518 177918166
126712518 131089107
171098252 131089107
171098252 177901543
126726040 177901543
126726040 131091799
171093532 131091799
171093532 177888879
126729886 177888879
126729886 131101426
171083195 131101426
171083195 177886064
126770326 177886064
126770326 131103855
171053222 131103855
171053222 177862979
126773985 177862979
126773985 131106477
171034884 131106477
171034884 177821877
126783866 177821877
126783866 131123077
170990401 131123077
170990401 177810576
126800346 177810576
126800346 131123533
170988853 131123533
170988853 177809324
126804327 177809324
126804327 131132315
170979270 131132315
170979270 177794578
126826637 177794578
126826637 131148731
170972934 131148731
170972934 177794073
126848574 177794073
126848574 131157771
170964944 131157771
170964944 177789943
126849738 177789943
126849738 131197282
170955445 131197282
170955445 177765209
126852460 177765209
126852460 131198594
170947577 131198594
170947577 177762855
126852976 177762855
126852976 131207198
170933135 131207198
170933135 177756534
126855848 177756534
126855848 131216692
170932459 131216692
170932459 177747181
126872008 177747181
126872008 131217983
170930748 131217983
170930748 177742671
126897985 177742671
126897985 131259003
170920589 131259003
170920589 177737904
126899238 177737904
126899238 131265759
170917953 131265759
170917953 177731056
126910152 177731056
126910152 131275314
170908430 131275314
170908430 177727026
126911467 177727026
126911467 131291418
170900594 131291418
170900594 177722985
126914338 177722985
126914338 131308232
170900481 131308232
170900481 177722798
126921631 177722798
126921631 131310417
170896536 131310417
170896536 177714269
126924518 177714269
126924518 131318515
170895629 131318515
170895629 177680502
126934455 177680502
126934455 131325872
170881457 131325872
170881457 177670985
126948531 177670985
126948531 131335419
170871659 131335419
170871659 177667454
126958090 177667454
126958090 131343140
170869023 131343140
170869023 177665245
126975509 177665245
126975509 131349951
170861064 131349951
170861064 177661458
126976441 177661458
126976441 131353949
170857172 131353949
170857172 177659964
127002498 177659964
127002498 131373110
170846559 131373110
170846559 177615968
127004728 177615968
127004728 131377985
170845296 131377985
170845296 177584590
127005883 177584590
127005883 131385869
170844547 131385869
170844547 177582193
127014295 177582193
127014295 131413111
170842070 131413111
170842070 177579848
127020596 177579848
127020596 131419235
170840996 131419235
170840996 177575374
127027706 177575374
127027706 131448018
170828089 131448018
170828089 177553780
127041858 177553780
127041858 131459512
170826393 131459512
170826393 177526644
127067696 177526644
127067696 131476142
170826062 131476142
170826062 177524618
127081156 177524618
127081156 131476448
170814051 131476448
170814051 177514087
127085377 177514087
127085377 131486542
170792080 131486542
170792080 177511248
127088350 177511248
127088350 131499299
170770579 131499299
170770579 177494947
127125519 177494947
127125519 131499369
170735086 131499369
170735086 177492353
127130759 177492353
127130759 131518150
170719392 131518150
170719392 177482393
127150003 177482393
127150003 131540249
170719123 131540249
170719123 177477553
127151981 177477553
127151981 131540625
170712862 131540625
170712862 177463685
127163918 177463685
127163918 131546388
170706215 131546388
170706215 177452681
127167225 177452681
127167225 131552560
170703977 131552560
170703977 177451156
127175920 177451156
127175920 131562036
170702433 131562036
170702433 177446150
127184372 177446150
127184372 131565927
170700949 131565927
170700949 177427095
127208839 177427095
127208839 131568582
170682077 131568582
170682077 177414835
127212231 177414835
127212231 131573188
170679426 131573188
170679426 177402568
127225250 177402568
127225250 131574342
170675021 131574342
170675021 177390420
127225511 177390420
127225511 131587775
170658991 131587775
170658991 177378468
127231557 177378468
127231557 131593365
170657286 131593365
170657286 177373232
127245045 177373232
127245045 131596328
170655999 131596328
170655999 177358375
127248712 177358375
127248712 131610400
170633255 131610400
170633255 177349159
127258145 177349159
127258145 131616422
170626976 131616422
170626976 177336347
127259053 177336347
127259053 131624324
170623384 131624324
170623384 177335905
127264047 177335905
127264047 131627928
170620953 131627928
170620953 177335686
127268506 177335686
127268506 131628635
170606057 131628635
170606057 177311255
127269269 177311255
127269269 131647950
170601483 131647950
170601483 177306805
127278374 177306805
127278374 131688741
170599292 131688741
170599292 177295349
127310679 177295349
127310679 131693060
170582074 131693060
170582074 177291767
127316590 177291767
127316590 131702401
170570574 131702401
170570574 177275993
127318993 177275993
127318993 131708550
170545579 131708550
170545579 177273039
127330990 177273039
127330990 131711560
170540775 131711560
170540775 177271538
127333111 177271538
127333111 131711768
170536123 131711768
170536123 177266945
127335266 177266945
127335266 131713908
170533501 131713908
170533501 177266032
127336218 177266032
127336218 131727995
170522673 131727995
170522673 177265915
127345125 177265915
127345125 131730493
170511337 131730493
170511337 177241832
127355397 177241832
127355397 131733167
170497743 131733167
170497743 177239799
127362317 177239799
127362317 131736360
170489280 131736360
170489280 177229897
127362387 177229897
127362387 131742291
170488336 131742291
170488336 177202677
127366440 177202677
127366440 131754908
170487806 131754908
170487806 177170123
127404365 177170123
127404365 131760837
170486513 131760837
170486513 177153893
127432881 177153893
127432881 131773214
170466562 131773214
170466562 177151395
127452549 177151395
127452549 131776666
170438479 131776666
170438479 177137376
127456322 177137376
127456322 131777690
170433752 131777690
170433752 177131820
127456837 177131820
127456837 131784999
170418601 131784999
170418601 177121726
127481758 177121726
127481758 131790778
170412320 131790778
170412320 177118830
127481836 177118830
127481836 131801582
170406744 131801582
170406744 177113901
127504632 177113901
127504632 131802983
170405767 131802983
170405767 177106534
127506258 177106534
127506258 131803379
170387944 131803379
170387944 177093011
127517394 177093011
127517394 131810468
170362325 131810468
170362325 177079069
127524891 177079069
127524891 131823679
170355847 131823679
170355847 177068538
127548154 177068538
127548154 131837848
170343752 131837848
170343752 177064584
127550940 177064584
127550940 131838966
170301629 131838966
170301629 177060109
127571317 177060109
127571317 131840845
170300696 131840845
170300696 177055951
127575521 177055951
127575521 131848750
170296266 131848750
170296266 177052262
127579960 177052262
127579960 131850886
170276177 131850886
170276177 177051805
127618424 177051805
127618424 131860982
170274170 131860982
170274170 177043592
127620896 177043592
127620896 131896088
170264106 131896088
170264106 177038711
127640406 177038711
127640406 131901203
170260460 131901203
170260460 177022048
127654321 177022048
127654321 131925899
170245346 131925899
170245346 177013120
127656478 177013120
127656478 131926058
170214407 131926058
170214407 177005744
127664312 177005744
127664312 131960777
170178364 131960777
170178364 176988327
127666987 176988327
127666987 131968093
170160987 131968093
170160987 176984937
127675167 176984937
127675167 131995001
170151927 131995001
170151927 176961663
127680018 176961663
127680018 131995619
170151483 131995619
170151483 176952747
127681353 176952747
127681353 131996432
170145203 131996432
170145203 176952672
127687551 176952672
127687551 131997241
170119584 131997241
170119584 176928648
127689001 176928648
127689001 132005567
170116315 132005567
170116315 176925945
127697811 176925945
127697811 132008456
170101921 132008456
170101921 176920522
127705622 176920522
127705622 132031189
170096335 132031189
170096335 176893944
127706574 176893944
127706574 132037110
170077891 132037110
170077891 176884558
127724800 176884558
127724800 132074129
170071212 132074129
170071212 176878833
127728478 176878833
127728478 132078806
170068817 132078806
170068817 176878671
127764998 176878671
127764998 132105100
170067394 132105100
170067394 176865262
127765184 176865262
127765184 132131426
170066318 132131426
170066318 176864613
127832079 176864613
127832079 132132366
170056783 132132366
170056783 176858148
127833318 176858148
127833318 132148805
170043828 132148805
170043828 176851121
127835062 176851121
127835062 132196611
170043076 132196611
170043076 176833563
127855442 176833563
127855442 132210336
170029619 132210336
170029619 176807667
127870023 176807667
127870023 132234243
170016079 132234243
170016079 176798230
127879733 176798230
127879733 132244278
170007124 132244278
170007124 176789164
127893771 176789164
127893771 132244762
170005974 132244762
170005974 176784734
127899328 176784734
127899328 132252864
169998681 132252864
169998681 176782263
127904720 176782263
127904720 132273048
169985491 132273048
169985491 176754202
127908867 176754202
127908867 132279887
169984506 132279887
169984506 176751026
127917907 176751026
127917907 132285701
169970649 132285701
169970649 176746023
127923319 176746023
127923319 132286089
169968337 132286089
169968337 176741689
127937436 176741689
127937436 132292556
169963923 132292556
169963923 176722879
127942315 176722879
127942315 132293612
169962171 132293612
169962171 176713112
127962902 176713112
127962902 132294495
169956624 132294495
169956624 176688509
127972812 176688509
127972812 132295441
169945646 132295441
169945646 176672365
127982306 176672365
127982306 132316968
169944189 132316968
169944189 176672174
127983241 176672174
127983241 132333932
169943421 132333932
169943421 176665763
127985529 176665763
127985529 132335212
169920500 132335212
169920500 176649403
127990947 176649403
127990947 132339137
169917941 132339137
169917941 176627499
127992455 176627499
127992455 132343700
169916897 132343700
169916897 176617425
128020924 176617425
128020924 132344870
169913674 132344870
169913674 176610928
128062585 176610928
128062585 132361455
169879253 132361455
169879253 176608237
128069498 176608237
128069498 132371021
169874215 132371021
169874215 176592787
128072096 176592787
128072096 132384647
169864627 132384647
169864627 176578748
128083013 176578748
128083013 132397085
169862829 132397085
169862829 176569490
128088329 176569490
128088329 132398801
169860785 132398801
169860785 176540004
128093965 176540004
128093965 132412291
169858318 132412291
169858318 176528004
128094921 176528004
128094921 132414601
169843837 132414601
169843837 176526197
128101366 176526197
128101366 132423526
169842509 132423526
169842509 176511886
128109592 176511886
128109592 132488215
169833082 132488215
169833082 176505212
128119229 176505212
128119229 132496423
169824174 132496423
169824174 176492591
128120054 176492591
128120054 132511128
169812147 132511128
169812147 176489628
128120601 176489628
128120601 132511443
169780049 132511443
169780049 176473503
128126715 176473503
128126715 132514162
169771405 132514162
169771405 176456840
128127574 176456840
128127574 132526049
169743621 132526049
169743621 176450238
128128360 176450238
128128360 132530464
169740229 132530464
169740229 176434908
128132041 176434908
128132041 132535356
169739412 132535356
169739412 176424261
128144762 176424261
128144762 132557828
169726022 132557828
169726022 176415324
128145507 176415324
128145507 132558010
169725622 132558010
169725622 176410459
128149851 176410459
128149851 132559608
169723555 132559608
169723555 176378406
128152521 176378406
128152521 132564358
169707261 132564358
169707261 176363185
128156900 176363185
128156900 132580159
169703851 132580159
169703851 176361194
128166234 176361194
128166234 132586121
169663060 132586121
169663060 176352665
128170973 176352665
128170973 132594167
169631743 132594167
169631743 176351431
128181596 176351431
128181596 132612935
169631352 132612935
169631352 176331829
128194219 176331829
128194219 132627584
169629696 132627584
169629696 176321229
128197492 176321229
128197492 132634118
169618121 132634118
169618121 176320575
128206513 176320575
128206513 132658199
169580332 132658199
169580332 176307726
128243357 176307726
128243357 132660356
169573728 132660356
169573728 176301022
128257812 176301022
128257812 132660729
169557916 132660729
169557916 176288153
128266822 176288153
128266822 132669687
169541273 132669687
169541273 176287978
128278112 176287978
128278112 132669918
169537527 132669918
169537527 176282078
128285491 176282078
128285491 132679161
169536704 132679161
169536704 176281161
128289420 176281161
128289420 132681945
169529206 132681945
169529206 176273743
128292162 176273743
128292162 132682170
169511159 132682170
169511159 176268959
128324417 176268959
128324417 132689198
169501719 132689198
169501719 176262406
128339548 176262406
128339548 132692173
169482407 132692173
169482407 176260988
128341717 176260988
128341717 132696240
169476780 132696240
169476780 176259635
128346254 176259635
128346254 132706406
169460460 132706406
169460460 176253733
128353327 176253733
128353327 132721251
169458208 132721251
169458208 176208320
128363069 176208320
128363069 132725912
169437433 132725912
169437433 176199765
128363118 176199765
128363118 132758209
169430406 132758209
169430406 176188558
128373446 176188558
128373446 132808974
169430024 132808974
169430024 176163418
128376240 176163418
128376240 132809464
169424226 132809464
169424226 176163133
128380869 176163133
128380869 132831479
169423999 132831479
169423999 176137674
128388809 176137674
128388809 132831521
169421416 132831521
169421416 176130702
128458475 176130702
128458475 132833587
169419414 132833587
169419414 176119296
128461328 176119296
128461328 132840129
169413710 132840129
169413710 176108916
128463985 176108916
128463985 132841671
169400391 132841671
169400391 176108583
128471217 176108583
128471217 132846124
169369545 132846124
169369545 176104234
128483218 176104234
128483218 132868224
169323999 132868224
169323999 176103858
128490592 176103858
128490592 132874557
169304801 132874557
169304801 176077083
128508488 176077083
128508488 132875790
169299573 132875790
169299573 176060577
128508743 176060577
128508743 132876791
169285908 132876791
169285908 176044619
128509106 176044619
128509106 132899174
169259442 132899174
169259442 176018971
128509128 176018971
128509128 132902252
169256246 132902252
169256246 176009620
128515993 176009620
128515993 132930230
169251023 132930230
169251023 176008119
128520781 176008119
128520781 132940835
169250384 132940835
169250384 176004326
128522762 176004326
128522762 132948728
169226908 132948728
169226908 175993526
128559773 175993526
128559773 132960376
169222543 132960376
169222543 175988744
128576539 175988744
128576539 132973821
169203136 132973821
169203136 175982784
128601868 175982784
128601868 132973824
169193559 132973824
169193559 175978038
128603522 175978038
128603522 132985805
169190443 132985805
169190443 175975333
128609665 175975333
128609665 132992178
169166003 132992178
169166003 175963494
128617123 175963494
128617123 132994982
169164975 132994982
169164975 175956218
128618294 175956218
128618294 133045177
169155851 133045177
169155851 175953328
128626920 175953328
128626920 133048372
169155582 133048372
169155582 175950289
128626977 175950289
128626977 133051219
169144383 133051219
169144383 175920800
128641860 175920800
128641860 133054387
169130619 133054387
169130619 175897973
128652281 175897973
128652281 133070491
169117527 133070491
169117527 175889534
128667460 175889534
128667460 133070550
169117354 133070550
169117354 175873721
128678687 175873721
128678687 133070744
169106958 133070744
169106958 175815436
128688046 175815436
128688046 133085232
169103959 133085232
169103959 175811890
128688549 175811890
128688549 133097398
169093912 133097398
169093912 175806294
128696529 175806294
128696529 133102346
169089308 133102346
169089308 175805212
128715867 175805212
128715867 133114356
169085958 133114356
169085958 175771875
128723533 175771875
128723533 133127228
169064172 133127228
169064172 175770423
128726308 175770423
128726308 133143970
169062866 133143970
169062866 175768157
128746358 175768157
128746358 133171783
169061846 133171783
169061846 175746145
128753585 175746145
128753585 133177300
169060962 133177300
169060962 175736155
128777045 175736155
128777045 133185471
169052552 133185471
169052552 175733634
128779791 175733634
128779791 133196367
169043725 133196367
169043725 175709237
128782530 175709237
128782530 133232534
169041014 133232534
169041014 175704744
128788571 175704744
128788571 133242427
169036529 133242427
169036529 175702382
128789153 175702382
128789153 133253910
169036410 133253910
169036410 175682088
128792725 175682088
128792725 133256966
169021791 133256966
169021791 175676908
128796339 175676908
128796339 133264595
169016112 133264595
169016112 175667939
128803008 175667939
128803008 133270848
169002251 133270848
169002251 175642758
128808616 175642758
128808616 133272889
169000964 133272889
169000964 175639033
128841082 175639033
128841082 133274515
168998721 133274515
168998721 175630271
128843905 175630271
128843905 133279708
168994195 133279708
168994195 175592717
128859131 175592717
128859131 133288236
168992054 133288236
168992054 175589918
128862755 175589918
128862755 133301606
168985764 133301606
168985764 175581285
128870197 175581285
128870197 133304088
168983977 133304088
168983977 175562429
128889158 175562429
128889158 133339041
168965824 133339041
168965824 175559882
128894995 175559882
128894995 133350447
168953620 133350447
168953620 175558135
128931665 175558135
128931665 133356540
168944791 133356540
168944791 175555257
128937560 175555257
128937560 133382351
168941663 133382351
168941663 175550583
128941716 175550583
128941716 133419710
168928567 133419710
168928567 175548115
128960102 175548115
128960102 133434156
168925151 133434156
168925151 175514741
128966523 175514741
128966523 133438363
168920385 133438363
168920385 175513794
128984315 175513794
128984315 133440112
168910513 133440112
168910513 175507077
128998673 175507077
128998673 133446239
168905377 133446239
168905377 175497329
129008567 175497329
129008567 133453884
168901301 133453884
168901301 175494530
129014679 175494530
129014679 133454230
168899963 133454230
168899963 175475116
129017260 175475116
129017260 133460122
168889099 133460122
168889099 175474285
129020561 175474285
129020561 133471030
168885474 133471030
168885474 175456554
129036205 175456554
129036205 133477092
168846202 133477092
168846202 175438088
129043324 175438088
129043324 133485428
168831862 133485428
168831862 175430957
129045477 175430957
129045477 133491638
168804140 133491638
168804140 175406691
129055214 175406691
129055214 133499449
168801292 133499449
168801292 175405579
129070008 175405579
129070008 133499978
168799835 133499978
168799835 175397706
129071523 175397706
129071523 133509087
168795129 133509087
168795129 175396136
129083755 175396136
129083755 133509420
168771886 133509420
168771886 175394115
129085573 175394115
129085573 133520645
168766589 133520645
168766589 175387122
129085732 175387122
129085732 133528267
168764498 133528267
168764498 175384660
129093539 175384660
129093539 133530120
168761505 133530120
168761505 175384326
129095503 175384326
129095503 133540441
168749258 133540441
168749258 175366247
129097264 175366247
129097264 133543404
168733653 133543404
168733653 175361011
129100292 175361011
129100292 133577497
168726775 133577497
168726775 175353885
129102558 175353885
129102558 133585889
168695034 133585889
168695034 175351418
129111401 175351418
129111401 133592223
168675402 133592223
168675402 175349494
129128926 175349494
129128926 133599893
168662287 133599893
168662287 175345482
129142395 175345482
129142395 133648377
168660157 133648377
168660157 175312741
129158006 175312741
129158006 133652895
168659679 133652895
168659679 175307879
129165096 175307879
129165096 133654860
168650648 133654860
168650648 175300991
129195285 175300991
129195285 133677187
168638737 133677187
168638737 175278377
129203161 175278377
129203161 133685147
168634838 133685147
168634838 175268611
129205399 175268611
129205399 133715511
168616355 133715511
168616355 175265569
129210216 175265569
129210216 133719660
168611575 133719660
168611575 175235729
129211352 175235729
129211352 133728805
168605835 133728805
168605835 175210659
129212522 175210659
129212522 133730587
168589647 133730587
168589647 175209888
129213508 175209888
129213508 133731175
168582955 133731175
168582955 175192846
129215030 175192846
129215030 133742056
168569383 133742056
168569383 175192029
129217850 175192029
129217850 133749938
168561908 133749938
168561908 175177061
129234260 175177061
129234260 133750935
168560513 133750935
168560513 175169473
129264910 175169473
129264910 133753744
168549740 133753744
168549740 175090625
129266315 175090625
129266315 133777420
168535908 133777420
168535908 175086826
129267385 175086826
129267385 133783644
168525807 133783644
168525807 175075645
129282942 175075645
129282942 133784693
168524914 133784693
168524914 175073085
129300282 175073085
129300282 133787325
168518494 133787325
168518494 175055108
129302891 175055108
129302891 133812313
168495833 133812313
168495833 175029663
129310523 175029663
129310523 133816943
168467192 133816943
168467192 175020481
129312310 175020481
129312310 133822859
168459661 133822859
168459661 175011392
129313575 175011392
129313575 133824338
168434355 133824338
168434355 175006413
129336606 175006413
129336606 133825266
168433560 133825266
168433560 174998328
129336646 174998328
129336646 133836219
168429592 133836219
168429592 174993230
129357636 174993230
129357636 133852336
168396582 133852336
168396582 174976200
129370765 174976200
129370765 133863647
168389172 133863647
168389172 174960740
129376421 174960740
129376421 133892552
168376869 133892552
168376869 174947828
129383183 174947828
129383183 133892795
168373715 133892795
168373715 174924975
129386253 174924975
129386253 133897797
168373008 133897797
168373008 174908863
129418696 174908863
129418696 133902425
168345693 133902425
168345693 174903829
129429171 174903829
129429171 133903519
168343825 133903519
168343825 174902439
129440169 174902439
129440169 133906908
168323086 133906908
168323086 174885476
129452641 174885476
129452641 133927553
168321162 133927553
168321162 174872155
129459277 174872155
129459277 133928998
168309507 133928998
168309507 174871306
129478647 174871306
129478647 133935325
168308758 133935325
168308758 174861087
129489279 174861087
129489279 133939029
168307665 133939029
168307665 174847804
129499855 174847804
129499855 133941387
168303268 133941387
168303268 174847674
129500439 174847674
129500439 133952451
168297204 133952451
168297204 174844949
129538496 174844949
129538496 133954498
168291930 133954498
168291930 174844576
129538906 174844576
129538906 133983526
168274304 133983526
168274304 174828209
129557962 174828209
129557962 134012693
168273765 134012693
168273765 174827978
129578916 174827978
129578916 134027089
168271612 134027089
168271612 174818988
129579956 174818988
129579956 134032594
168263214 134032594
168263214 174812083
129580307 174812083
129580307 134080751
168253143 134080751
168253143 174797214
129587288 174797214
129587288 134094544
168237022 134094544
168237022 174794018
129604697 174794018
129604697 134103498
168214509 134103498
168214509 174768539
129610082 174768539
129610082 134125367
168189465 134125367
168189465 174756394
129623538 174756394
129623538 134142344
168181981 134142344
168181981 174747965
129630841 174747965
129630841 134155089
168175930 134155089
168175930 174733540
129634245 174733540
129634245 134181202
168162621 134181202
168162621 174718936
129639403 174718936
129639403 134182929
168160549 134182929
168160549 174712595
129640109 174712595
129640109 134183782
168150612 134183782
168150612 174709638
129643127 174709638
129643127 134197673
168149936 134197673
168149936 174708549
129701032 174708549
129701032 134205822
168142663 134205822
168142663 174702538
129706591 174702538
129706591 134218424
168136711 134218424
168136711 174688193
129721129 174688193
129721129 134219967
168131943 134219967
168131943 174664962
129722792 174664962
129722792 134224515
168128142 134224515
168128142 174652836
129733740 174652836
129733740 134226244
168124843 134226244
168124843 174649734
129750950 174649734
129750950 134230029
168112799 134230029
168112799 174615015
129762629 174615015
129762629 134237190
168110035 134237190
168110035 174609941
129782758 174609941
129782758 134262337
168105430 134262337
168105430 174601435
129785288 174601435
129785288 134276703
168085694 134276703
168085694 174574112
129786353 174574112
129786353 134298208
168085225 134298208
168085225 174570836
129800784 174570836
129800784 134299053
168084281 134299053
168084281 174562997
129812910 174562997
129812910 134299292
168081023 134299292
168081023 174537453
129818282 174537453
129818282 134304641
168067050 134304641
168067050 174519822
129819255 174519822
129819255 134324448
168060046 134324448
168060046 174518645
129819354 174518645
129819354 134329286
168058136 134329286
168058136 174508543
129824665 174508543
129824665 134355702
168042677 134355702
168042677 174479035
129826425 174479035
129826425 134361995
168028037 134361995
168028037 174476313
129827333 174476313
129827333 134366695
168026684 134366695
168026684 174454208
129836155 174454208
129836155 134367670
168009938 134367670
168009938 174440242
129840965 174440242
129840965 134378517
167975832 134378517
167975832 174425578
129848524 174425578
129848524 134394546
167973135 134394546
167973135 174423151
129860876 174423151
129860876 134401259
167971778 134401259
167971778 174422479
129867943 174422479
129867943 134407699
167968095 134407699
167968095 174411175
129873822 174411175
129873822 134423941
167949810 134423941
167949810 174393834
129877496 174393834
129877496 134426815
167949398 134426815
167949398 174391004
129884989 174391004
129884989 134428757
167926453 134428757
167926453 174390567
129897347 174390567
129897347 134443022
167898200 134443022
167898200 174351488
129900675 174351488
129900675 134443041
167885297 134443041
167885297 174340262
129927480 174340262
129927480 134450088
167880281 134450088
167880281 174335211
129928678 174335211
129928678 134455308
167855131 134455308
167855131 174302028
129936125 174302028
129936125 134457040
167846979 134457040
167846979 174301132
129943286 174301132
129943286 134460194
167837731 134460194
167837731 174284218
129959364 174284218
129959364 134474648
167834655 134474648
167834655 174264211
129959386 174264211
129959386 134489971
167834431 134489971
167834431 174262193
129959518 174262193
129959518 134499992
167833462 134499992
167833462 174239724
129962139 174239724
129962139 134520632
167821147 134520632
167821147 174232513
129980097 174232513
129980097 134535345
167819421 134535345
167819421 174223542
129982410 174223542
129982410 134548181
167817221 134548181
167817221 174211542
130010505 174211542
130010505 134548860
167789457 134548860
167789457 174211000
130021988 174211000
130021988 134576643
167788944 134576643
167788944 174204171
130042396 174204171
130042396 134578790
167772015 134578790
167772015 174192082
130046192 174192082
130046192 134586575
167762253 134586575
167762253 174180599
130047622 174180599
130047622 134598826
167761883 134598826
167761883 174177271
130054611 174177271
130054611 134613538
167746041 134613538
167746041 174172852
130060198 174172852
130060198 134619935
167741278 134619935
167741278 174164956
130077763 174164956
130077763 134622674
167727573 134622674
167727573 174159054
130105227 174159054
130105227 134646339
167697608 134646339
167697608 174144616
130106132 174144616
130106132 134646586
167696019 134646586
167696019 174120493
130111198 174120493
130111198 134653688
167693952 134653688
167693952 174058463
130129903 174058463
130129903 134659824
167688754 134659824
167688754 174049629
130130640 174049629
130130640 134675906
167648411 134675906
167648411 174039726
130146812 174039726
130146812 134679830
167634390 134679830
167634390 174037770
130153727 174037770
130153727 134680514
167626496 134680514
167626496 174024613
130166776 174024613
130166776 134690696
167611561 134690696
167611561 174016125
130171080 174016125
130171080 134692332
167608210 134692332
167608210 173968348
130194560 173968348
130194560 134710287
167605317 134710287
167605317 173951909
130203832 173951909
130203832 134732970
167583922 134732970
167583922 173951863
130232990 173951863
130232990 134733981
167564073 134733981
167564073 173938193
130235287 173938193
130235287 134737674
167558030 134737674
167558030 173937344
130244687 173937344
130244687 134737779
167547356 134737779
167547356 173932334
130250905 173932334
130250905 134737827
167537024 134737827
167537024 173927072
130261642 173927072
130261642 134739533
167524554 134739533
167524554 173919029
130269820 173919029
130269820 134746718
167522854 134746718
167522854 173909975
130288363 173909975
130288363 134794322
167518271 134794322
167518271 173907460
130310802 173907460
130310802 134806360
167499967 134806360
167499967 173904207
130318348 173904207
130318348 134821762
167493057 134821762
167493057 173873100
130319098 173873100
130319098 134823320
167475830 134823320
167475830 173869598
130320894 173869598
130320894 134834500
167462381 134834500
167462381 173866773
130327066 173866773
130327066 134854087
167459591 134854087
167459591 173840125
130328291 173840125
130328291 134855368
167437674 134855368
167437674 173832826
130334817 173832826
130334817 134857503
167437481 134857503
167437481 173822386
130340195 173822386
130340195 134868801
167437023 134868801
167437023 173811721
130357957 173811721
130357957 134880488
167428913 134880488
167428913 173803450
130364895 173803450
130364895 134882595
167421849 134882595
167421849 173785075
130374647 173785075
130374647 134900792
167413679 134900792
167413679 173773740
130376081 173773740
130376081 134901365
167410585 134901365
167410585 173763182
130381265 173763182
130381265 134902003
167398299 134902003
167398299 173743424
130384391 173743424
130384391 134905708
167383857 134905708
167383857 173714884
130395581 173714884
130395581 134910338
167375789 134910338
167375789 173708188
130402923 173708188
130402923 134916480
167374311 134916480
167374311 173700714
130416690 173700714
130416690 134925186
167369192 134925186
167369192 173693871
130420562 173693871
130420562 134931643
167335597 134931643
167335597 173689375
130430811 173689375
130430811 134939186
167334167 134939186
167334167 173681181
130450862 173681181
130450862 134944518
167322866 134944518
167322866 173675500
130458978 173675500
130458978 134963417
167314300 134963417
167314300 173658131
130462381 173658131
130462381 134977446
167313670 134977446
167313670 173657056
130473137 173657056
130473137 134983821
167312691 134983821
167312691 173618387
130475940 173618387
130475940 134999665
167297982 134999665
167297982 173611404
130486688 173611404
130486688 135005023
167282601 135005023
167282601 173611173
130511252 173611173
130511252 135012030
167279893 135012030
167279893 173609058
130523422 173609058
130523422 135016950
167279583 135016950
167279583 173603664
130566694 173603664
130566694 135021691
167273956 135021691
167273956 173579332
130573211 173579332
130573211 135033957
167262231 135033957
167262231 173576624
130577125 173576624
130577125 135044386
167256774 135044386
167256774 173544155
130581596 173544155
130581596 135070032
167255418 135070032
167255418 173543542
130589045 173543542
130589045 135079401
167232244 135079401
167232244 173542044
130595232 173542044
130595232 135099754
167224512 135099754
167224512 173531741
130601609 173531741
130601609 135102941
167218462 135102941
167218462 173508277
130606918 173508277
130606918 135103128
167214808 135103128
167214808 173506715
130625879 173506715
130625879 135131451
167196413 135131451
167196413 173483289
130633845 173483289
130633845 135132498
167193622 135132498
167193622 173482920
130650804 173482920
130650804 135152309
167172242 135152309
167172242 173473340
130678569 173473340
130678569 135154643
167145811 135154643
167145811 173461100
130679290 173461100
130679290 135165756
167131537 135165756
167131537 173438990
130679307 173438990
130679307 135166989
167125869 135166989
167125869 173427246
130679521 173427246
130679521 135169746
167123518 135169746
167123518 173425303
130719934 173425303
130719934 135182976
167123181 135182976
167123181 173393933
130736685 173393933
130736685 135189199
167115945 135189199
167115945 173383172
130740114 173383172
130740114 135199612
167103625 135199612
167103625 173382204
130744481 173382204
130744481 135213252
167101153 135213252
167101153 173373500
130751280 173373500
130751280 135224564
167086592 135224564
167086592 173358954
130761467 173358954
130761467 135225233
167083299 135225233
167083299 173326437
130772579 173326437
130772579 135230946
167077458 135230946
167077458 173322988
130772939 173322988
130772939 135232499
167066056 135232499
167066056 173304852
130780767 173304852
130780767 135241112
167053643 135241112
167053643 173293842
130802731 173293842
130802731 135247017
167041720 135247017
167041720 173288807
130808528 173288807
130808528 135258110
167039489 135258110
167039489 173284857
130810705 173284857
130810705 135273596
167039178 135273596
167039178 173273748
130826442 173273748
130826442 135287375
167032252 135287375
167032252 173267573
130844693 173267573
130844693 135290467
167019749 135290467
167019749 173266046
130853875 173266046
130853875 135294546
167015257 135294546
167015257 173254258
130877487 173254258
130877487 135301184
167014752 135301184
167014752 173251864
130885567 173251864
130885567 135315764
167012773 135315764
167012773 173248065
130895555 173248065
130895555 135332084
166998860 135332084
166998860 173244143
130910602 173244143
130910602 135348230
166975064 135348230
166975064 173226592
130913519 173226592
130913519 135352272
166954926 135352272
166954926 173215216
130914134 173215216
130914134 135384321
166950262 135384321
166950262 173185383
130931333 173185383
130931333 135393768
166947467 135393768
166947467 173169680
130932453 173169680
130932453 135394942
166947309 135394942
166947309 173167311
130946628 173167311
130946628 135405153
166944070 135405153
166944070 173151143
130953259 173151143
130953259 135414364
166928395 135414364
166928395 173124734
130954141 173124734
130954141 135422158
166910513 135422158
166910513 173123081
130958221 173123081
130958221 135434029
166899771 135434029
166899771 173109705
130968956 173109705
130968956 135437237
166898886 135437237
166898886 173099071
130976948 173099071
130976948 135442222
166898445 135442222
166898445 173096427
130981304 173096427
130981304 135480722
166893340 135480722
166893340 173045261
130987261 173045261
130987261 135487449
166856236 135487449
166856236 173044693
131017442 173044693
131017442 135492909
166845858 135492909
166845858 173038174
131023045 173038174
131023045 135508039
166800824 135508039
166800824 173037715
131024843 173037715
131024843 135508106
166789017 135508106
166789017 173024429
131024944 173024429
131024944 135510432
166784540 135510432
166784540 173007894
131025061 173007894
131025061 135510546
166775988 135510546
166775988 172991558
131034283 172991558
131034283 135514793
166765370 135514793
166765370 172978743
131054521 172978743
131054521 135522820
166761735 135522820
166761735 172972747
131095846 172972747
131095846 135563953
166760260 135563953
166760260 172952257
131101013 172952257
131101013 135572228
166752226 135572228
166752226 172948600
131148523 172948600
131148523 135582967
166747506 135582967
166747506 172947431
131150716 172947431
131150716 135588716
166734148 135588716
166734148 172946784
131154563 172946784
131154563 135608654
166727571 135608654
166727571 172939889
131163902 172939889
131163902 135612378
166711233 135612378
166711233 172939296
131180857 172939296
131180857 135622511
166702474 135622511
166702474 172916706
131183825 172916706
131183825 135624437
166691221 135624437
166691221 172909825
131189221 172909825
131189221 135629996
166691016 135629996
166691016 172909001
131207098 172909001
131207098 135644869
166687106 135644869
166687106 172900116
131220800 172900116
131220800 135651010
166684634 135651010
166684634 172892742
131227129 172892742
131227129 135651712
166665456 135651712
166665456 172880776
131229055 172880776
131229055 135661026
166664705 135661026
166664705 172878835
131245728 172878835
131245728 135676964
166654882 135676964
166654882 172876294
131261542 172876294
131261542 135686984
166633368 135686984
166633368 172875664
131272706 172875664
131272706 135689651
166622363 135689651
166622363 172856770
131279375 172856770
131279375 135696559
166612709 135696559
166612709 172845093
131280012 172845093
131280012 135701599
166607507 135701599
166607507 172819888
131285463 172819888
131285463 135708066
166597867 135708066
166597867 172804862
131288595 172804862
131288595 135716400
166591373 135716400
166591373 172785337
131291551 172785337
131291551 135722714
166584670 135722714
166584670 172757063
131294022 172757063
131294022 135728531
166580612 135728531
166580612 172735849
131294304 172735849
131294304 135736103
166571708 135736103
166571708 172718916
131318705 172718916
131318705 135743281
166570115 135743281
166570115 172713606
131354570 172713606
131354570 135743968
166564115 135743968
166564115 172713448
131356104 172713448
131356104 135760086
166563203 135760086
166563203 172694173
131376262 172694173
131376262 135765546
166545671 135765546
166545671 172689157
131389457 172689157
131389457 135776920
166530654 135776920
166530654 172687491
131393546 172687491
131393546 135786594
166527119 135786594
166527119 172660585
131394256 172660585
131394256 135805668
166526170 135805668
166526170 172656911
131403895 172656911
131403895 135807220
166525296 135807220
166525296 172654372
131404896 172654372
131404896 135829514
166515018 135829514
166515018 172642242
131405088 172642242
131405088 135834092
166514875 135834092
166514875 172608839
131421718 172608839
131421718 135841291
166488552 135841291
166488552 172578330
131432931 172578330
131432931 135847120
166482709 135847120
166482709 172570807
131437237 172570807
131437237 135865565
166473545 135865565
166473545 172555004
131439278 172555004
131439278 135871471
166462485 135871471
166462485 172553375
131450338 172553375
131450338 135880724
166440263 135880724
166440263 172535407
131452454 172535407
131452454 135886438
166435567 135886438
166435567 172522530
131453599 172522530
131453599 135896353
166435284 135896353
166435284 172510254
131455006 172510254
131455006 135908891
166406754 135908891
166406754 172510079
131490757 172510079
131490757 135911885
166404822 135911885
166404822 172494103
131499545 172494103
131499545 135913449
166390434 135913449
166390434 172493190
131500135 172493190
131500135 135918282
166370373 135918282
166370373 172487624
131504474 172487624
131504474 135936510
166365116 135936510
166365116 172478988
131513089 172478988
131513089 135952644
166364732 135952644
166364732 172477973
131522574 172477973
131522574 135959909
166338502 135959909
166338502 172477367
131524271 172477367
131524271 135995139
166337764 135995139
166337764 172468180
131525212 172468180
131525212 135997996
166335339 135997996
166335339 172466348
131546497 172466348
131546497 136003646
166333750 136003646
166333750 172458937
131554931 172458937
131554931 136020555
166325265 136020555
166325265 172440518
131571092 172440518
131571092 136044640
166320330 136044640
166320330 172409575
131609188 172409575
131609188 136044979
166308636 136044979
166308636 172378766
131625631 172378766
131625631 136053231
166305542 136053231
166305542 172378478
131635699 172378478
131635699 136063460
166291010 136063460
166291010 172364043
131643337 172364043
131643337 136077606
166289079 136077606
166289079 172354277
131694204 172354277
131694204 136082178
166277817 136082178
166277817 172347483
131697312 172347483
131697312 136100358
166275280 136100358
166275280 172345489
131698611 172345489
131698611 136109337
166274901 136109337
166274901 172342791
131713647 172342791
131713647 136115234
166271832 136115234
166271832 172337369
131717388 172337369
131717388 136116902
166267125 136116902
166267125 172326201
131718317 172326201
131718317 136119428
166265211 136119428
166265211 172312128
131725907 172312128
131725907 136125221
166253766 136125221
166253766 172293973
131734337 172293973
131734337 136127455
166223664 136127455
166223664 172266573
131735678 172266573
131735678 136142520
166218803 136142520
166218803 172254170
131737093 172254170
131737093 136156317
166212781 136156317
166212781 172253987
131747441 172253987
131747441 136171945
166207979 136171945
166207979 172252861
131764179 172252861
131764179 136174639
166204979 136174639
166204979 172251952
131768569 172251952
131768569 136183581
166203312 136183581
166203312 172241005
131774570 172241005
131774570 136185647
166197849 136185647
166197849 172221229
131797690 172221229
131797690 136186277
166194057 136186277
166194057 172197689
131814609 172197689
131814609 136193308
166167638 136193308
166167638 172178845
131815044 172178845
131815044 136195154
166161345 136195154
166161345 172176143
131820741 172176143
131820741 136197163
166143232 136197163
166143232 172173694
131833452 172173694
131833452 136212969
166141070 136212969
166141070 172169228
131835950 172169228
131835950 136216872
166133032 136216872
166133032 172141126
131845668 172141126
131845668 136221632
166107808 136221632
166107808 172130650
131846120 172130650
131846120 136228859
166102848 136228859
166102848 172128456
131852484 172128456
131852484 136248932
166052932 136248932
166052932 172117637
131853310 172117637
131853310 136279512
166046893 136279512
166046893 172105622
131863229 172105622
131863229 136285249
166044158 136285249
166044158 172097316
131867069 172097316
131867069 136299532
166037148 136299532
166037148 172094940
131867353 172094940
131867353 136316185
166022308 136316185
166022308 172081074
131869924 172081074
131869924 136317359
166020645 136317359
166020645 172050002
131873719 172050002
131873719 136322550
166017643 136322550
166017643 172024269
131886595 172024269
131886595 136339355
166002039 136339355
166002039 172012640
131900930 172012640
131900930 136340358
165987837 136340358
165987837 172002485
131909387 172002485
131909387 136353483
165970412 136353483
165970412 171992524
131918040 171992524
131918040 136358201
165968804 136358201
165968804 171986099
131919384 171986099
131919384 136365747
165948907 136365747
165948907 171983285
131928857 171983285
131928857 136372830
165947263 136372830
165947263 171979612
131930851 171979612
131930851 136372998
165921037 136372998
165921037 171977980
131933413 171977980
131933413 136373623
165914683 136373623
165914683 171974928
132001033 171974928
132001033 136391045
165907473 136391045
165907473 171973120
132030950 171973120
132030950 136413289
165895527 136413289
165895527 171958751
132035999 171958751
132035999 136415513
165894613 136415513
165894613 171928796
132041890 171928796
132041890 136420888
165891248 136420888
165891248 171923930
132046116 171923930
132046116 136423991
165880275 136423991
165880275 171918207
132052283 171918207
132052283 136426305
165857409 136426305
165857409 171918060
132053805 171918060
132053805 136433114
165837028 136433114
165837028 171912910
132075807 171912910
132075807 136477796
165821309 136477796
165821309 171911143
132087158 171911143
132087158 136486049
165810937 136486049
165810937 171908507
132089576 171908507
132089576 136491104
165808011 136491104
165808011 171902343
132096942 171902343
132096942 136503619
165807475 136503619
165807475 171901394
132103980 171901394
132103980 136511684
165791310 136511684
165791310 171888110
132104509 171888110
132104509 136522978
165770695 136522978
165770695 171883068
132112990 171883068
132112990 136525443
165763573 136525443
165763573 171872623
132118911 171872623
132118911 136526686
165746592 136526686
165746592 171863828
132128504 171863828
132128504 136537563
165737139 136537563
165737139 171851542
132129172 171851542
132129172 136562642
165730669 136562642
165730669 171819887
132132559 171819887
132132559 136570522
165730070 136570522
165730070 171818437
132134057 171818437
132134057 136574602
165726846 136574602
165726846 171817768
132137691 171817768
132137691 136580101
165725809 136580101
165725809 171813759
132140081 171813759
132140081 136590283
165714010 136590283
165714010 171798074
132144351 171798074
132144351 136604802
165712390 136604802
165712390 171786036
132146163 171786036
132146163 136649362
165699817 136649362
165699817 171780334
132168062 171780334
132168062 136651453
165699358 136651453
165699358 171773855
132197247 171773855
132197247 136677192
165683815 136677192
165683815 171769320
132198048 171769320
132198048 136691120
165666072 136691120
165666072 171748546
132206499 171748546
132206499 136702638
165656592 136702638
165656592 171728450
132207208 171728450
132207208 136705230
165649579 136705230
165649579 171718880
132216334 171718880
132216334 136715757
165648285 136715757
165648285 171715423
132233913 171715423
132233913 136764824
165645974 136764824
165645974 171715332
132247561 171715332
132247561 136775362
165630368 136775362
165630368 171707224
132259419 171707224
132259419 136782224
165621667 136782224
165621667 171706956
132265587 171706956
132265587 136814639
165621143 136814639
165621143 171703026
132275245 171703026
132275245 136827442
165618115 136827442
165618115 171701345
132281527 171701345
132281527 136838971
165603529 136838971
165603529 171700451
132295496 171700451
132295496 136867795
165598968 136867795
165598968 171693407
132315071 171693407
132315071 136889791
165596278 136889791
165596278 171685388
132319138 171685388
132319138 136901148
165594195 136901148
165594195 171682554
132339767 171682554
132339767 136902112
165588021 136902112
165588021 171677735
132343104 171677735
132343104 136932752
165586658 136932752
165586658 171669295
132354652 171669295
132354652 136942426
165576648 136942426
165576648 171664499
132358701 171664499
132358701 136947783
165562461 136947783
165562461 171648057
132359647 171648057
132359647 136948532
165542964 136948532
165542964 171632143
132364129 171632143
132364129 136958426
165537337 136958426
165537337 171595432
132373811 171595432
132373811 136968279
165536445 136968279
165536445 171575508
132378809 171575508
132378809 136968682
165526815 136968682
165526815 171562165
132412711 171562165
132412711 136977911
165499977 136977911
165499977 171558552
132414159 171558552
132414159 136978596
165476610 136978596
165476610 171544495
132450546 171544495
132450546 136992863
165466582 136992863
165466582 171523993
132467808 171523993
132467808 136996053
165460405 136996053
165460405 171509884
132478440 171509884
132478440 137000180
165445819 137000180
165445819 171502931
132481349 171502931
132481349 137028411
165427216 137028411
165427216 171498494
132482352 171498494
132482352 137032195
165421706 137032195
165421706 171495986
132490797 171495986
132490797 137046674
165419382 137046674
165419382 171486137
132508036 171486137
132508036 137048537
165404682 137048537
165404682 171471572
132512587 171471572
132512587 137048759
165392991 137048759
165392991 171459966
132530354 171459966
132530354 137052384
165359616 137052384
165359616 171459564
132537567 171459564
132537567 137056693
165339918 137056693
165339918 171441383
132554327 171441383
132554327 137060161
165333701 137060161
165333701 171427464
132576979 171427464
132576979 137076363
165331390 137076363
165331390 171411823
132578321 171411823
132578321 137082020
165330501 137082020
165330501 171397387
132582089 171397387
132582089 137085040
165298923 137085040
165298923 171377439
132590786 171377439
132590786 137127249
165287403 137127249
165287403 171369231
132593690 171369231
132593690 137131704
165276378 137131704
165276378 171351505
132617641 171351505
132617641 137144837
165264308 137144837
165264308 171344355
132617997 171344355
132617997 137153790
165261961 137153790
165261961 171341677
132627779 171341677
132627779 137157136
165258900 137157136
165258900 171329115
132635251 171329115
132635251 137171525
165242189 137171525
165242189 171312728
132636040 171312728
132636040 137171917
165240833 137171917
165240833 171311990
132636234 171311990
132636234 137172071
165232152 137172071
165232152 171249094
132636992 171249094
132636992 137184348
165219480 137184348
165219480 171240117
132651363 171240117
132651363 137186940
165216529 137186940
165216529 171238010
132653350 171238010
132653350 137220221
165208767 137220221
165208767 171215625
132670821 171215625
132670821 137232429
165207671 137232429
165207671 171211006
132673439 171211006
132673439 137251356
165202242 137251356
165202242 171198154
132674306 171198154
132674306 137255358
165185725 137255358
165185725 171186069
132674540 171186069
132674540 137260189
165166306 137260189
165166306 171183939
132674646 171183939
132674646 137270017
165166084 137270017
165166084 171182526
132676755 171182526
132676755 137271150
165162180 137271150
165162180 171181787
132677265 171181787
132677265 137280643
165153942 137280643
165153942 171178635
132680756 171178635
132680756 137312796
165143006 137312796
165143006 171162181
132689524 171162181
132689524 137325653
165095145 137325653
165095145 171161737
132695016 171161737
132695016 137331329
165085599 137331329
165085599 171137771
132711536 171137771
132711536 137345960
165077562 137345960
165077562 171136754
132715721 171136754
132715721 137350456
165069637 137350456
165069637 171121090
132721068 171121090
132721068 137363844
165060567 137363844
165060567 171118326
132734612 171118326
132734612 137369571
165058433 137369571
165058433 171117063
132736392 171117063
132736392 137378071
165032035 137378071
165032035 171082371
132736789 171082371
132736789 137381304
165023594 137381304
165023594 171076356
132740551 171076356
132740551 137394631
165014448 137394631
165014448 171072388
132763698 171072388
132763698 137401872
165013256 137401872
165013256 171056763
132764470 171056763
132764470 137410011
164982044 137410011
164982044 171042840
132775145 171042840
132775145 137417749
164976544 137417749
164976544 171038236
132792842 171038236
132792842 137434661
164961488 137434661
164961488 171034136
132810200 171034136
132810200 137445010
164958118 137445010
164958118 171033153
132810456 171033153
132810456 137457826
164956299 137457826
164956299 171021095
132829910 171021095
132829910 137464459
164955211 137464459
164955211 171012253
132830007 171012253
132830007 137485995
164953864 137485995
164953864 170987380
132831676 170987380
132831676 137493341
164945821 137493341
164945821 170985541
132833538 170985541
132833538 137503481
164917174 137503481
164917174 170963520
132843584 170963520
132843584 137511159
164903889 137511159
164903889 170945923
132847548 170945923
132847548 137522003
164885299 137522003
164885299 170940500
132847784 170940500
132847784 137525694
164876545 137525694
164876545 170935334
132848796 170935334
132848796 137543133
164872319 137543133
164872319 170928836
132866036 170928836
132866036 137549738
164858213 137549738
164858213 170909857
132885429 170909857
132885429 137565950
164851219 137565950
164851219 170896049
132905778 170896049
132905778 137578264
164849191 137578264
164849191 170893778
132910423 170893778
132910423 137595620
164843093 137595620
164843093 170893086
132935606 170893086
132935606 137605486
164836233 137605486
164836233 170890944
132957505 170890944
132957505 137605887
164831847 137605887
164831847 170872629
132970961 170872629
132970961 137608104
164786675 137608104
164786675 170861541
132977861 170861541
132977861 137633574
164785751 137633574
164785751 170861110
132981669 170861110
132981669 137643508
164750682 137643508
164750682 170860415
133017835 170860415
133017835 137662121
164742888 137662121
164742888 170857926
133058901 170857926
133058901 137665419
164709752 137665419
164709752 170846262
133060917 170846262
133060917 137676432
164709459 137676432
164709459 170839182
133069169 170839182
133069169 137722541
164706224 137722541
164706224 170838105
133081007 170838105
133081007 137728971
164663723 137728971
164663723 170821508
133085218 170821508
133085218 137783440
164658182 137783440
164658182 170811741
133086756 170811741
133086756 137799471
164646902 137799471
164646902 170799096
133087115 170799096
133087115 137802372
164645261 137802372
164645261 170792953
133092957 170792953
133092957 137810122
164616016 137810122
164616016 170775679
133133660 170775679
133133660 137827909
164610302 137827909
164610302 170763701
133139421 170763701
133139421 137832663
164601122 137832663
164601122 170738425
133141102 170738425
133141102 137834920
164601119 137834920
164601119 170728594
133141675 170728594
133141675 137835917
164587319 137835917
164587319 170724261
133151260 170724261
133151260 137855397
164585380 137855397
164585380 170708548
133163190 170708548
133163190 137856326
164584205 137856326
164584205 170697772
133170781 170697772
133170781 137859007
164541427 137859007
164541427 170688594
133173434 170688594
133173434 137861716
164538884 137861716
164538884 170685566
133178120 170685566
133178120 137879555
164522761 137879555
164522761 170664272
133181651 170664272
133181651 137881258
164516386 137881258
164516386 170647285
133192088 170647285
133192088 137889670
164512670 137889670
164512670 170628409
133205069 170628409
133205069 137902368
164511748 137902368
164511748 170608804
133211185 170608804
133211185 137907454
164511364 137907454
164511364 170603317
133213318 170603317
133213318 137919700
164491841 137919700
164491841 170600265
133226938 170600265
133226938 137931382
164485374 137931382
164485374 170596005
133228872 170596005
133228872 137945437
164476812 137945437
164476812 170595939
133233050 170595939
133233050 137972451
164472868 137972451
164472868 170593113
133234162 170593113
133234162 137985326
164464516 137985326
164464516 170583397
133241686 170583397
133241686 137988013
164430628 137988013
164430628 170575571
133244870 170575571
133244870 137997303
164427537 137997303
164427537 170573862
133249616 170573862
133249616 138011749
164427188 138011749
164427188 170571922
133251095 170571922
133251095 138013897
164423157 138013897
164423157 170568081
133278480 170568081
133278480 138014106
164404434 138014106
164404434 170564460
133282437 170564460
133282437 138041846
164386357 138041846
164386357 170563691
133283806 170563691
133283806 138066692
164382934 138066692
164382934 170563135
133291365 170563135
133291365 138073517
164382894 138073517
164382894 170538635
133292144 170538635
133292144 138075946
164369512 138075946
164369512 170536226
133306483 170536226
133306483 138079947
164368661 138079947
164368661 170528794
133308799 170528794
133308799 138084360
164360488 138084360
164360488 170498225
133313040 170498225
133313040 138090947
164359494 138090947
164359494 170486617
133314461 170486617
133314461 138109445
164338442 138109445
164338442 170474053
133327557 170474053
133327557 138113697
164328834 138113697
164328834 170473623
133340108 170473623
133340108 138140419
164319266 138140419
164319266 170467829
133345423 170467829
133345423 138140930
164310779 138140930
164310779 170460551
133355383 170460551
133355383 138148366
164285834 138148366
164285834 170456256
133358167 170456256
133358167 138161024
164241415 138161024
164241415 170436943
133364593 170436943
133364593 138179186
164230049 138179186
164230049 170431713
133380222 170431713
133380222 138179740
164214330 138179740
164214330 170427418
133380911 170427418
133380911 138187253
164206760 138187253
164206760 170407171
133390949 170407171
133390949 138200953
164180821 138200953
164180821 170394143
133423226 170394143
133423226 138216860
164165371 138216860
164165371 170389913
133453525 170389913
133453525 138237219
164161068 138237219
164161068 170387135
133454542 170387135
133454542 138248715
164159784 138248715
164159784 170380425
133457069 170380425
133457069 138253769
164145194 138253769
164145194 170378754
133463722 170378754
133463722 138264033
164132864 138264033
164132864 170377398
133468212 170377398
133468212 138265695
164131580 138265695
164131580 170346477
133482590 170346477
133482590 138293289
164114451 138293289
164114451 170330212
133489276 170330212
133489276 138300119
164113610 138300119
164113610 170325259
133494035 170325259
133494035 138307431
164108280 138307431
164108280 170321170
133507963 170321170
133507963 138340951
164100363 138340951
164100363 170316192
133508722 170316192
133508722 138355575
164081595 138355575
164081595 170314949
133542895 170314949
133542895 138367069
164078080 138367069
164078080 170300754
133597066 170300754
133597066 138376619
164075446 138376619
164075446 170270399
133609632 170270399
133609632 138377232
164073753 138377232
164073753 170266119
133628389 170266119
133628389 138379037
164070188 138379037
164070188 170255123
133631227 170255123
133631227 138388048
164059607 138388048
164059607 170244985
133651713 170244985
133651713 138388163
164039925 138388163
164039925 170238680
133658526 170238680
133658526 138456118
164035667 138456118
164035667 170218884
133661789 170218884
133661789 138456885
164026421 138456885
164026421 170215276
133661976 170215276
133661976 138463016
164024853 138463016
164024853 170201216
133666533 170201216
133666533 138480564
164023970 138480564
164023970 170170705
133674097 170170705
133674097 138480959
164020030 138480959
164020030 170164772
133678405 170164772
133678405 138488699
164019936 138488699
164019936 170164518
133683112 170164518
133683112 138497523
164019225 138497523
164019225 170141124
133692862 170141124
133692862 138505301
164007175 138505301
164007175 170138382
133699050 170138382
133699050 138517336
163999749 138517336
163999749 170135987
133700284 170135987
133700284 138523876
163994617 138523876
163994617 170131790
133702019 170131790
133702019 138526537
163983199 138526537
163983199 170130042
133707059 170130042
133707059 138532111
163971631 138532111
163971631 170128697
133720869 170128697
133720869 138539933
163968073 138539933
163968073 170127774
133721402 170127774
133721402 138541226
163941881 138541226
163941881 170122415
133727916 170122415
133727916 138562194
163926488 138562194
163926488 170114333
133752635 170114333
133752635 138562725
163890400 138562725
163890400 170089258
133770300 170089258
133770300 138604519
163883809 138604519
163883809 170084175
133774653 170084175
133774653 138616452
163879183 138616452
163879183 170078576
133787817 170078576
133787817 138628068
163855630 138628068
163855630 170064152
133789346 170064152
133789346 138628438
163852344 138628438
163852344 170013893
133804873 170013893
133804873 138631416
163850765 138631416
163850765 170007754
133838312 170007754
133838312 138650119
163849819 138650119
163849819 169992003
133868926 169992003
133868926 138651711
163848164 138651711
163848164 169981983
133873096 169981983
133873096 138652122
163845319 138652122
163845319 169971050
133875057 169971050
133875057 138652762
163828956 138652762
163828956 169933645
133888615 169933645
133888615 138660350
163808552 138660350
163808552 169923187
133889784 169923187
133889784 138661821
163800104 138661821
163800104 169920745
133894148 169920745
133894148 138676881
163785935 138676881
163785935 169916952
133902384 169916952
133902384 138686178
163750191 138686178
163750191 169904630
133923539 169904630
133923539 138700756
163739416 138700756
163739416 169903020
133937334 169903020
133937334 138724774
163734349 138724774
163734349 169895505
133943624 169895505
133943624 138732165
163731975 138732165
163731975 169894995
133944953 169894995
133944953 138738997
163715747 138738997
163715747 169878499
133962884 169878499
133962884 138741398
163713995 138741398
163713995 169869998
133978192 169869998
133978192 138766034
163713786 138766034
163713786 169831847
133983180 169831847
133983180 138766533
163705046 138766533
163705046 169823671
133994188 169823671
133994188 138772607
163690525 138772607
163690525 169821987
134001078 169821987
134001078 138797325
163687867 138797325
163687867 169821604
134005235 169821604
134005235 138803925
163665549 138803925
163665549 169820435
134013190 169820435
134013190 138804378
163659865 138804378
163659865 169817211
134026976 169817211
134026976 138819079
163653721 138819079
163653721 169801812
134027396 169801812
134027396 138844099
163652764 138844099
163652764 169793515
134028247 169793515
134028247 138848670
163647395 138848670
163647395 169789186
134036752 169789186
134036752 138854852
163638647 138854852
163638647 169788657
134044119 169788657
134044119 138865088
163633491 138865088
163633491 169778553
134054399 169778553
134054399 138869149
163624654 138869149
163624654 169762250
134058073 169762250
134058073 138872610
163623811 138872610
163623811 169757027
134068308 169757027
134068308 138883436
163618090 138883436
163618090 169756221
134069725 169756221
134069725 138931032
163612593 138931032
163612593 169751570
134087849 169751570
134087849 138953624
163558202 138953624
163558202 169749479
134091328 169749479
134091328 138959528
163555507 138959528
163555507 169741229
134098173 169741229
134098173 138962730
163537871 138962730
163537871 169716182
134101082 169716182
134101082 138982660
163536114 138982660
163536114 169715669
134109714 169715669
134109714 138999639
163516845 138999639
163516845 169696980
134113365 169696980
134113365 139006034
163508563 139006034
163508563 169678903
134114150 169678903
134114150 139007034
163502696 139007034
163502696 169675868
134116077 169675868
134116077 139027223
163491910 139027223
163491910 169658863
134123598 169658863
134123598 139040402
163489978 139040402
163489978 169652551
134124473 169652551
134124473 139041208
163473305 139041208
163473305 169643385
134124778 169643385
134124778 139043204
163468922 139043204
163468922 169629993
134127658 169629993
134127658 139071747
163435066 139071747
163435066 169619895
134143194 169619895
134143194 139077291
163397634 139077291
163397634 169613098
134161255 169613098
134161255 139082440
163394536 139082440
163394536 169605136
134163896 169605136
134163896 139096612
163391957 139096612
163391957 169595807
134168727 169595807
134168727 139101407
163380320 139101407
163380320 169588825
134170211 169588825
134170211 139108572
163365188 139108572
163365188 169559689
134176840 169559689
134176840 139122535
163348708 139122535
163348708 169539547
134178895 169539547
134178895 139130996
163344687 139130996
163344687 169534273
134188460 169534273
134188460 139145966
163292979 139145966
163292979 169515415
134198023 169515415
134198023 139152127
163290918 139152127
163290918 169508194
134198656 169508194
134198656 139167719
163281164 139167719
163281164 169506919
134199944 169506919
134199944 139181490
163264669 139181490
163264669 169475948
134207259 169475948
134207259 139182819
163262641 139182819
163262641 169475436
134249177 169475436
134249177 139211373
163254732 139211373
163254732 169472351
134255559 169472351
134255559 139231209
163254567 139231209
163254567 169459656
134255562 169459656
134255562 139232847
163254075 139232847
163254075 169456193
134267551 169456193
134267551 139236582
163253508 139236582
163253508 169452196
134280766 169452196
134280766 139239615
163239321 139239615
163239321 169437447
134291165 169437447
134291165 139241473
163229493 139241473
163229493 169430300
134343233 169430300
134343233 139243434
163220041 139243434
163220041 169426088
134346615 169426088
134346615 139256466
163210280 139256466
163210280 169423655
134353708 169423655
134353708 139286211
163208952 139286211
163208952 169414432
134356675 169414432
134356675 139291006
163202456 139291006
163202456 169408903
134367013 169408903
134367013 139292153
163183330 139292153
163183330 169402784
134368757 169402784
134368757 139303213
163178429 139303213
163178429 169390420
134389898 169390420
134389898 139310882
163177359 139310882
163177359 169377393
134431038 169377393
134431038 139312580
163175006 139312580
163175006 169376148
134448518 169376148
134448518 139323413
163170753 139323413
163170753 169373245
134449072 169373245
134449072 139331671
163164366 139331671
163164366 169366383
134465672 169366383
134465672 139350713
163159455 139350713
163159455 169352336
134465745 169352336
134465745 139362020
163154199 139362020
163154199 169347363
134472194 169347363
134472194 139379786
163145314 139379786
163145314 169331518
134487878 169331518
134487878 139393168
163143954 139393168
163143954 169330136
134493810 169330136
134493810 139394345
163118026 139394345
163118026 169328350
134552262 169328350
134552262 139400960
163117952 139400960
163117952 169317628
134556728 169317628
134556728 139408438
163107836 139408438
163107836 169314786
134570449 169314786
134570449 139430789
163105549 139430789
163105549 169312099
134584165 169312099
134584165 139435677
163097857 139435677
163097857 169308304
134590853 169308304
134590853 139441743
163087538 139441743
163087538 169297705
134606885 169297705
134606885 139445003
163072398 139445003
163072398 169295994
134612280 169295994
134612280 139475964
163066399 139475964
163066399 169215510
134618197 169215510
134618197 139485347
163048395 139485347
163048395 169202101
134619623 169202101
134619623 139490733
163046900 139490733
163046900 169199917
134621890 169199917
134621890 139496455
163044480 139496455
163044480 169194641
134627358 169194641
134627358 139507915
163017122 139507915
163017122 169184518
134631920 169184518
134631920 139511741
163005737 139511741
163005737 169184334
134635253 169184334
134635253 139520085
162972922 139520085
162972922 169179941
134663514 169179941
134663514 139520502
162972832 139520502
162972832 169174124
134676527 169174124
134676527 139521759
162964631 139521759
162964631 169166738
134690360 169166738
134690360 139532861
162942169 139532861
162942169 169162873
134696583 169162873
134696583 139558476
162935312 139558476
162935312 169162723
134716758 169162723
134716758 139594674
162934163 139594674
162934163 169157896
134735570 169157896
134735570 139595334
162931587 139595334
162931587 169146391
134747871 169146391
134747871 139609524
162875718 139609524
162875718 169113970
134748105 169113970
134748105 139609769
162861992 139609769
162861992 169092637
134761285 169092637
134761285 139618280
162850471 139618280
162850471 169090152
134762754 169090152
134762754 139625007
162850202 139625007
162850202 169083254
134773821 169083254
134773821 139631035
162832271 139631035
162832271 169073753
134807571 169073753
134807571 139637358
162820696 139637358
162820696 169029928
134810585 169029928
134810585 139647933
162795394 139647933
162795394 169011536
134813056 169011536
134813056 139659528
162795127 139659528
162795127 168994730
134831196 168994730
134831196 139680598
162786238 139680598
162786238 168993455
134842357 168993455
134842357 139691269
162771383 139691269
162771383 168992243
134843463 168992243
134843463 139697193
162768772 139697193
162768772 168966694
134845124 168966694
134845124 139699792
162735071 139699792
162735071 168966595
134847802 168966595
134847802 139705408
162719858 139705408
162719858 168957475
134857612 168957475
134857612 139719392
162718116 139719392
162718116 168940619
134858072 168940619
134858072 139720112
162700772 139720112
162700772 168902595
134870049 168902595
134870049 139742683
162699404 139742683
162699404 168871969
134878030 168871969
134878030 139758695
162680595 139758695
162680595 168866172
134878720 168866172
134878720 139762050
162679432 139762050
162679432 168856398
134882132 168856398
134882132 139768722
162678363 139768722
162678363 168854987
134894320 168854987
134894320 139786986
162663086 139786986
162663086 168851958
134915669 168851958
134915669 139788101
162638268 139788101
162638268 168851408
134917284 168851408
134917284 139833037
162638120 139833037
162638120 168834653
134930938 168834653
134930938 139833329
162629181 139833329
162629181 168831992
134932023 168831992
134932023 139837527
162624087 139837527
162624087 168823026
134940251 168823026
134940251 139845590
162611775 139845590
162611775 168818617
134941665 168818617
134941665 139848106
162572568 139848106
162572568 168815413
134952650 168815413
134952650 139878906
162568983 139878906
162568983 168800397
134953573 168800397
134953573 139887294
162560624 139887294
162560624 168794572
134956656 168794572
134956656 139889612
162550931 139889612
162550931 168790246
134961319 168790246
134961319 139920801
162547680 139920801
162547680 168789416
134966319 168789416
134966319 139942531
162538284 139942531
162538284 168777019
134971710 168777019
134971710 139982363
162535227 139982363
162535227 168770426
134972656 168770426
134972656 139991737
162517566 139991737
162517566 168769173
134976179 168769173
134976179 140018893
162515669 140018893
162515669 168764419
134978883 168764419
134978883 140025967
162511192 140025967
162511192 168755949
134981216 168755949
134981216 140026064
162491535 140026064
162491535 168754745
134981512 168754745
134981512 140032507
162484512 140032507
162484512 168753278
134987912 168753278
134987912 140036597
162453087 140036597
162453087 168748082
135003895 168748082
135003895 140045844
162428944 140045844
162428944 168740886
135023720 168740886
135023720 140050356
162404850 140050356
162404850 168733647
135028487 168733647
135028487 140065404
162389468 140065404
162389468 168732193
135033097 168732193
135033097 140069645
162384346 140069645
162384346 168725457
135033324 168725457
135033324 140073333
162377664 140073333
162377664 168704146
135036711 168704146
135036711 140081596
162357042 140081596
162357042 168703298
135040424 168703298
135040424 140093474
162354098 140093474
162354098 168701345
135042213 168701345
135042213 140096499
162335052 140096499
162335052 168688321
135043280 168688321
135043280 140107793
162327323 140107793
162327323 168687766
135052922 168687766
135052922 140115452
162327030 140115452
162327030 168681219
135054596 168681219
135054596 140136903
162323665 140136903
162323665 168669220
135079402 168669220
135079402 140142060
162320389 140142060
162320389 168656498
135087692 168656498
135087692 140146296
162319316 140146296
162319316 168649881
135098144 168649881
135098144 140167051
162302589 140167051
162302589 168606761
135101914 168606761
135101914 140176053
162297934 140176053
162297934 168604819
135128320 168604819
135128320 140178622
162293791 140178622
162293791 168599388
135153133 168599388
135153133 140180037
162277047 140180037
162277047 168577651
135156852 168577651
135156852 140187687
162272752 140187687
162272752 168528703
135174496 168528703
135174496 140189204
162271911 140189204
162271911 168521606
135184957 168521606
135184957 140202553
162268544 140202553
162268544 168521553
135189247 168521553
135189247 140265446
162264526 140265446
162264526 168507295
135197883 168507295
135197883 140267941
162245755 140267941
162245755 168492455
135206879 168492455
135206879 140269380
162244305 140269380
162244305 168488557
135211689 168488557
135211689 140271203
162227256 140271203
162227256 168483892
135230537 168483892
135230537 140271662
162227056 140271662
162227056 168479030
135239760 168479030
135239760 140277408
162210959 140277408
162210959 168454642
135247183 168454642
135247183 140300641
162206250 140300641
162206250 168453826
135252534 168453826
135252534 140302036
162200522 140302036
162200522 168449861
135264341 168449861
135264341 140314823
162195118 140314823
162195118 168446685
135274320 168446685
135274320 140332803
162185116 140332803
162185116 168445128
135275700 168445128
135275700 140341284
162149184 140341284
162149184 168442318
135278531 168442318
135278531 140345732
162132560 140345732
162132560 168420120
135279007 168420120
135279007 140364957
162117766 140364957
162117766 168361102
135290719 168361102
135290719 140379519
162070677 140379519
162070677 168355204
135297995 168355204
135297995 140384295
162059065 140384295
162059065 168353075
135303728 168353075
135303728 140401840
162057516 140401840
162057516 168332596
135325630 168332596
135325630 140413169
162027254 140413169
162027254 168307626
135329261 168307626
135329261 140424379
162022354 140424379
162022354 168299651
135334228 168299651
135334228 140427429
162015126 140427429
162015126 168285369
135341764 168285369
135341764 140444672
161986999 140444672
161986999 168282981
135347078 168282981
135347078 140448942
161950526 140448942
161950526 168275188
135358537 168275188
135358537 140450720
161944686 140450720
161944686 168271280
135362446 168271280
135362446 140453069
161943387 140453069
161943387 168259034
135385769 168259034
135385769 140468759
161932308 140468759
161932308 168252453
135400225 168252453
135400225 140502631
161926243 140502631
161926243 168235492
135401105 168235492
135401105 140503604
161912389 140503604
161912389 168232666
135412844 168232666
135412844 140506510
161899664 140506510
161899664 168227850
135414366 168227850
135414366 140536333
161898895 140536333
161898895 168223944
135417668 168223944
135417668 140543721
161896325 140543721
161896325 168217851
135418602 168217851
135418602 140545003
161855401 140545003
161855401 168207249
135471230 168207249
135471230 140552296
161847257 140552296
161847257 168203214
135479710 168203214
135479710 140562551
161846981 140562551
161846981 168195982
135518508 168195982
135518508 140595666
161833689 140595666
161833689 168181731
135529489 168181731
135529489 140604118
161830741 140604118
161830741 168179873
135533407 168179873
135533407 140607643
161819720 140607643
161819720 168170934
135540097 168170934
135540097 140629614
161808191 140629614
161808191 168167714
135542809 168167714
135542809 140637408
161807490 140637408
161807490 168150140
135544722 168150140
135544722 140676722
161803994 140676722
161803994 168139572
135550332 168139572
135550332 140689748
161803609 140689748
161803609 168139441
135550859 168139441
135550859 140707341
161802936 140707341
161802936 168135509
135560220 168135509
135560220 140729974
161793995 140729974
161793995 168100349
135561419 168100349
135561419 140731775
161788729 140731775
161788729 168099862
135575984 168099862
135575984 140737700
161788538 140737700
161788538 168095028
135596071 168095028
135596071 140738899
161774030 140738899
161774030 168092253
135605926 168092253
135605926 140751985
161760830 140751985
161760830 168076270
135621733 168076270
135621733 140757683
161756059 140757683
161756059 168074443
135640270 168074443
135640270 140764998
161752287 140764998
161752287 168027063
135644580 168027063
135644580 140773153
161751391 140773153
161751391 168017385
135645887 168017385
135645887 140781165
161711377 140781165
161711377 168014434
135651887 168014434
135651887 140781660
161704508 140781660
161704508 168013525
135684572 168013525
135684572 140782312
161697349 140782312
161697349 168004768
135701977 168004768
135701977 140788361
161693308 140788361
161693308 167996740
135703267 167996740
135703267 140801519
161666622 140801519
161666622 167972437
135724817 167972437
135724817 140813754
161646949 140813754
161646949 167968896
135725371 167968896
135725371 140840253
161638864 140840253
161638864 167960151
135726788 167960151
135726788 140846420
161586789 140846420
161586789 167948230
135731235 167948230
135731235 140856646
161577169 140856646
161577169 167938484
135770165 167938484
135770165 140916031
161526827 140916031
161526827 167938231
135775342 167938231
135775342 140919311
161519027 140919311
161519027 167929961
135781673 167929961
135781673 140945864
161505574 140945864
161505574 167910829
135785204 167910829
135785204 140958557
161496678 140958557
161496678 167908295
135786116 167908295
135786116 140983432
161489187 140983432
161489187 167903821
135789951 167903821
135789951 140985449
161443943 140985449
161443943 167896171
135790233 167896171
135790233 140990000
161443223 140990000
161443223 167893022
135790329 167893022
135790329 140995285
161440420 140995285
161440420 167880360
135793203 167880360
135793203 140998984
161439468 140998984
161439468 167872432
135797543 167872432
135797543 141011916
161418018 141011916
161418018 167869371
135805304 167869371
135805304 141022753
161416176 141022753
161416176 167866482
135807083 167866482
135807083 141025329
161394256 141025329
161394256 167865874
135813514 167865874
135813514 141027258
161391403 141027258
161391403 167858732
135822485 167858732
135822485 141033866
161391370 141033866
161391370 167858113
135831263 167858113
135831263 141050058
161367103 141050058
161367103 167856530
135837000 167856530
135837000 141061493
161364572 141061493
161364572 167854816
135840875 167854816
135840875 141063749
161364248 141063749
161364248 167844855
135854331 167844855
135854331 141072080
161355137 141072080
161355137 167842873
135855740 167842873
135855740 141075507
161353929 141075507
161353929 167840240
135856984 167840240
135856984 141078876
161342171 141078876
161342171 167833496
135878563 167833496
135878563 141080793
161335442 141080793
161335442 167827548
135901070 167827548
135901070 141090001
161298200 141090001
161298200 167823827
135930408 167823827
135930408 141097728
161284176 141097728
161284176 167822087
135933527 167822087
135933527 141102171
161270291 141102171
161270291 167798739
135937322 167798739
135937322 141103003
161251195 141103003
161251195 167797489
135939214 167797489
135939214 141105473
161249904 141105473
161249904 167783156
135958164 167783156
135958164 141110527
161233898 141110527
161233898 167765008
135962916 167765008
135962916 141123675
161224502 141123675
161224502 167761623
135981985 167761623
135981985 141126428
161213324 141126428
161213324 167745358
135987190 167745358
135987190 141135442
161196158 141135442
161196158 167741386
135999339 167741386
135999339 141159776
161174476 141159776
161174476 167738544
136025528 167738544
136025528 141173387
161159886 141173387
161159886 167730784
136027017 167730784
136027017 141175580
161159031 141175580
161159031 167716056
136034733 167716056
136034733 141180172
161156750 141180172
161156750 167711348
136054473 167711348
136054473 141180309
161139754 141180309
161139754 167699744
136063188 167699744
136063188 141181985
161132575 141181985
161132575 167666257
136070314 167666257
136070314 141189188
161129968 141189188
161129968 167652143
136073517 167652143
136073517 141198778
161128818 141198778
161128818 167649079
136077247 167649079
136077247 141222486
161122012 141222486
161122012 167636409
136080859 167636409
136080859 141251761
161114736 141251761
161114736 167633165
136083053 167633165
136083053 141259025
161097915 141259025
161097915 167616483
136089593 167616483
136089593 141264232
161093720 141264232
161093720 167604629
136093523 167604629
136093523 141267615
161093504 141267615
161093504 167593114
136097355 167593114
136097355 141288392
161057290 141288392
161057290 167556348
136098719 167556348
136098719 141297497
161053205 141297497
161053205 167535157
136107395 167535157
136107395 141304204
161025421 141304204
161025421 167531926
136118272 167531926
136118272 141304891
161018205 141304891
161018205 167531044
136121497 167531044
136121497 141307609
161014084 141307609
161014084 167522291
136145239 167522291
136145239 141309684
161013196 141309684
161013196 167507497
136166498 167507497
136166498 141315136
161013160 141315136
161013160 167498422
136178830 167498422
136178830 141356746
161011940 141356746
161011940 167496115
136196333 167496115
136196333 141378225
160980844 141378225
160980844 167492059
136201006 167492059
136201006 141388602
160963442 141388602
160963442 167469828
136214179 167469828
136214179 141450643
160953276 141450643
160953276 167464378
136214431 167464378
136214431 141479455
160952037 141479455
160952037 167459280
136215313 167459280
136215313 141514765
160947947 141514765
160947947 167423170
136215438 167423170
136215438 141530440
160942310 141530440
160942310 167413922
136216371 167413922
136216371 141532273
160937982 141532273
160937982 167406614
136222035 167406614
136222035 141538581
160936938 141538581
160936938 167403238
136223555 167403238
136223555 141547703
160933697 141547703
160933697 167399937
136225511 167399937
136225511 141547878
160915654 141547878
160915654 167398605
136250310 167398605
136250310 141557227
160911892 141557227
160911892 167395087
136253534 167395087
136253534 141579827
160884708 141579827
160884708 167377989
136288138 167377989
136288138 141579876
160878604 141579876
160878604 167371817
136297143 167371817
136297143 141579965
160847518 141579965
160847518 167369035
136300127 167369035
136300127 141602026
160845253 141602026
160845253 167368321
136324249 167368321
136324249 141602225
160840518 141602225
160840518 167350448
136338311 167350448
136338311 141612360
160820899 141612360
160820899 167343554
136348380 167343554
136348380 141620237
160816544 141620237
160816544 167343092
136354435 167343092
136354435 141636743
160808030 141636743
160808030 167324032
136362037 167324032
136362037 141650752
160777741 141650752
160777741 167315591
136367252 167315591
136367252 141674678
160774228 141674678
160774228 167312144
136387589 167312144
136387589 141676733
160753588 141676733
160753588 167307969
136392155 167307969
136392155 141683131
160737950 141683131
160737950 167299329
136404068 167299329
136404068 141685749
160727814 141685749
160727814 167294939
136411751 167294939
136411751 141699536
160726585 141699536
160726585 167289010
136419095 167289010
136419095 141702393
160705714 141702393
160705714 167288026
136434053 167288026
136434053 141702443
160692388 141702443
160692388 167283759
136448227 167283759
136448227 141704701
160675314 141704701
160675314 167272099
136449430 167272099
136449430 141752869
160666906 141752869
160666906 167266096
136476523 167266096
136476523 141764185
160660587 141764185
160660587 167249936
136487713 167249936
136487713 141772155
160658504 141772155
160658504 167231718
136499979 167231718
136499979 141773102
160650755 141773102
160650755 167225876
136502158 167225876
136502158 141780943
160648110 141780943
160648110 167210283
136505072 167210283
136505072 141785869
160644015 141785869
160644015 167184838
136507221 167184838
136507221 141789394
160623107 141789394
160623107 167172772
136546078 167172772
136546078 141798623
160616662 141798623
160616662 167172140
136580188 167172140
136580188 141799035
160583052 141799035
160583052 167161460
136582599 167161460
136582599 141799281
160582013 141799281
160582013 167152213
136584442 167152213
136584442 141799501
160569576 141799501
160569576 167135951
136592432 167135951
136592432 141823744
160535070 141823744
160535070 167125502
136602535 167125502
136602535 141832986
160506566 141832986
160506566 167102286
136607386 167102286
136607386 141840874
160498461 141840874
160498461 167101373
136611659 167101373
136611659 141868800
160480553 141868800
160480553 167097312
136617161 167097312
136617161 141869358
160472730 141869358
160472730 167083782
136620332 167083782
136620332 141869649
160455960 141869649
160455960 167077063
136635460 167077063
136635460 141884408
160453531 141884408
160453531 167062254
136642381 167062254
136642381 141888227
160446026 141888227
160446026 167033963
136650354 167033963
136650354 141903427
160442662 141903427
160442662 167031865
136651267 167031865
136651267 141909193
160440707 141909193
160440707 167019316
136651803 167019316
136651803 141910423
160438772 141910423
160438772 167000309
136684379 167000309
136684379 141911007
160429228 141911007
160429228 166996095
136700871 166996095
136700871 141923802
160422727 141923802
160422727 166952143
136701085 166952143
136701085 141926216
160416570 141926216
160416570 166945227
136718179 166945227
136718179 141936904
160410636 141936904
160410636 166943418
136722146 166943418
136722146 141939770
160404476 141939770
160404476 166937764
136726112 166937764
136726112 141967393
160389795 141967393
160389795 166932192
136733690 166932192
136733690 141967583
160387959 141967583
160387959 166918677
136737114 166918677
136737114 141971167
160385472 141971167
160385472 166917800
136739801 166917800
136739801 141981427
160370957 141981427
160370957 166914990
136744842 166914990
136744842 141989498
160366720 141989498
160366720 166911749
136758382 166911749
136758382 141989930
160357056 141989930
160357056 166907258
136760337 166907258
136760337 141991726
160342361 141991726
160342361 166900147
136761797 166900147
136761797 141993012
160335001 141993012
160335001 166887352
136771642 166887352
136771642 141998636
160313879 141998636
160313879 166878306
136772952 166878306
136772952 142013105
160272885 142013105
160272885 166875119
136778727 166875119
136778727 142037449
160268225 142037449
160268225 166856182
136781519 166856182
136781519 142051414
160255040 142051414
160255040 166851087
136781927 166851087
136781927 142066514
160253560 142066514
160253560 166848965
136789461 166848965
136789461 142084377
160247799 142084377
160247799 166839857
136790737 166839857
136790737 142098124
160244832 142098124
160244832 166837481
136798698 166837481
136798698 142120571
160212987 142120571
160212987 166832278
136803298 166832278
136803298 142120852
160210858 142120852
160210858 166807881
136817036 166807881
136817036 142124102
160209267 142124102
160209267 166787363
136825970 166787363
136825970 142141212
160201705 142141212
160201705 166786560
136840313 166786560
136840313 142148098
160187783 142148098
160187783 166761070
136841023 166761070
136841023 142157502
160141358 142157502
160141358 166743018
136841956 166743018
136841956 142162803
160130118 142162803
160130118 166735841
136849015 166735841
136849015 142162898
160098329 142162898
160098329 166725173
136872147 166725173
136872147 142183141
160084459 142183141
160084459 166702742
136898791 166702742
136898791 142192377
160060286 142192377
160060286 166669341
136898792 166669341
136898792 142247591
160059687 142247591
160059687 166661683
136909783 166661683
136909783 142257426
160059670 142257426
160059670 166659266
136911002 166659266
136911002 142307090
160047562 142307090
160047562 166655708
136915905 166655708
136915905 142322511
160043919 142322511
160043919 166636964
136943317 166636964
136943317 142326149
160036089 142326149
160036089 166636559
136943599 166636559
136943599 142333963
160029838 142333963
160029838 166631422
136964760 166631422
136964760 142349260
160025995 142349260
160025995 166622950
136966116 166622950
136966116 142376891
160025805 142376891
160025805 166608410
136973209 166608410
136973209 142380218
160008300 142380218
160008300 166603005
136988294 166603005
136988294 142383498
160001954 142383498
160001954 166602528
136993529 166602528
136993529 142387871
160000515 142387871
160000515 166597819
137000851 166597819
137000851 142393878
159992239 142393878
159992239 166586319
137036531 166586319
137036531 142394606
159975508 142394606
159975508 166568181
137050005 166568181
137050005 142396290
159962411 142396290
159962411 166540154
137061218 166540154
137061218 142398764
159938385 142398764
159938385 166526734
137064445 166526734
137064445 142414697
159913262 142414697
159913262 166508847
137081589 166508847
137081589 142432442
159909554 142432442
159909554 166507724
137082523 166507724
137082523 142434375
159901987 142434375
159901987 166491910
137088158 166491910
137088158 142448182
159890504 142448182
159890504 166481775
137095089 166481775
137095089 142450517
159890003 142450517
159890003 166461530
137111143 166461530
137111143 142459092
159871637 142459092
159871637 166457561
137122302 166457561
137122302 142477493
159840540 142477493
159840540 166454096
137139837 166454096
137139837 142481650
159839455 142481650
159839455 166445865
137140506 166445865
137140506 142486572
159832226 142486572
159832226 166442267
137141127 166442267
137141127 142490175
159826351 142490175
159826351 166442067
137141548 166442067
137141548 142500243
159812419 142500243
159812419 166425062
137153109 166425062
137153109 142536452
159800601 142536452
159800601 166401971
137174351 166401971
137174351 142538197
159798968 142538197
159798968 166400603
137174806 166400603
137174806 142551816
159798406 142551816
159798406 166387195
137191957 166387195
137191957 142558593
159794591 142558593
159794591 166373738
137200728 166373738
137200728 142568984
159782713 142568984
159782713 166371666
137207299 166371666
137207299 142571027
159761215 142571027
159761215 166363280
137219870 166363280
137219870 142593254
159756667 142593254
159756667 166361375
137219891 166361375
137219891 142606553
159737481 142606553
159737481 166358330
137250585 166358330
137250585 142635978
159733113 142635978
159733113 166355913
137291085 166355913
137291085 142640120
159729465 142640120
159729465 166344464
137295177 166344464
137295177 142644188
159712978 142644188
159712978 166326358
137312850 166326358
137312850 142650309
159712171 142650309
159712171 166316144
137315909 166316144
137315909 142654870
159697045 142654870
159697045 166302795
137324189 166302795
137324189 142656602
159695797 142656602
159695797 166294687
137338114 166294687
137338114 142672118
159685951 142672118
159685951 166276789
137347341 166276789
137347341 142679032
159683231 142679032
159683231 166275250
137349275 166275250
137349275 142682272
159668444 142682272
159668444 166273170
137351923 166273170
137351923 142686679
159664266 142686679
159664266 166261233
137379656 166261233
137379656 142692100
159648712 142692100
159648712 166249791
137390733 166249791
137390733 142696905
159637892 142696905
159637892 166237606
137396245 166237606
137396245 142706308
159635992 142706308
159635992 166236091
137406128 166236091
137406128 142707866
159585605 142707866
159585605 166228178
137418708 166228178
137418708 142710028
159572924 142710028
159572924 166215192
137431387 166215192
137431387 142711961
159556706 142711961
159556706 166199964
137434548 166199964
137434548 142716213
159555802 142716213
159555802 166186636
137434793 166186636
137434793 142726027
159551333 142726027
159551333 166177195
137438742 166177195
137438742 142756467
159537984 142756467
159537984 166170420
137440203 166170420
137440203 142764368
159529838 142764368
159529838 166162050
137442162 166162050
137442162 142764742
159516684 142764742
159516684 166157375
137455887 166157375
137455887 142765799
159511116 142765799
159511116 166148967
137474087 166148967
137474087 142772969
159506120 142772969
159506120 166142400
137486271 166142400
137486271 142778698
159505732 142778698
159505732 166140021
137488182 166140021
137488182 142788122
159492210 142788122
159492210 166131462
137526857 166131462
137526857 142807311
159489335 142807311
159489335 166130878
137544289 166130878
137544289 142818025
159485282 142818025
159485282 166123826
137546736 166123826
137546736 142822167
159482092 142822167
159482092 166097284
137547235 166097284
137547235 142825344
159470666 142825344
159470666 166086450
137558653 166086450
137558653 142830770
159450581 142830770
159450581 166084171
137598821 166084171
137598821 142836307
159443732 142836307
159443732 166083388
137601644 166083388
137601644 142857524
159442395 142857524
159442395 166070925
137608694 166070925
137608694 142861401
159418168 142861401
159418168 166058116
137609849 166058116
137609849 142862951
159417624 142862951
159417624 166050738
137611047 166050738
137611047 142868947
159394633 142868947
159394633 166049471
137611158 166049471
137611158 142877964
159389547 142877964
159389547 166044044
137614309 166044044
137614309 142885351
159369770 142885351
159369770 166036077
137648626 166036077
137648626 142933707
159344347 142933707
159344347 165997649
137658795 165997649
137658795 142941594
159340075 142941594
159340075 165983751
137668762 165983751
137668762 142945296
159332009 142945296
159332009 165961017
137677081 165961017
137677081 142961908
159321921 142961908
159321921 165937610
137691362 165937610
137691362 142969963
159280473 142969963
159280473 165933489
137692193 165933489
137692193 142973815
159280345 142973815
159280345 165924553
137700409 165924553
137700409 143001843
159255292 143001843
159255292 165924219
137706366 165924219
137706366 143004804
159252911 143004804
159252911 165923742
137706678 165923742
137706678 143013779
159251111 143013779
159251111 165905268
137707566 165905268
137707566 143015360
159221391 143015360
159221391 165887516
137714835 165887516
137714835 143019901
159211091 143019901
159211091 165866525
137715725 165866525
137715725 143047559
159200297 143047559
159200297 165857407
137716379 165857407
137716379 143047670
159164877 143047670
159164877 165850078
137723792 165850078
137723792 143068274
159155955 143068274
159155955 165835254
137728101 165835254
137728101 143086956
159143772 143086956
159143772 165822059
137728859 165822059
137728859 143091747
159140440 143091747
159140440 165821589
137734343 165821589
137734343 143095118
159137091 143095118
159137091 165811670
137738108 165811670
137738108 143097170
159129813 143097170
159129813 165809359
137743585 165809359
137743585 143098719
159128042 143098719
159128042 165795428
137751632 165795428
137751632 143128189
159124569 143128189
159124569 165766873
137754796 165766873
137754796 143148793
159116423 143148793
159116423 165701973
137758781 165701973
137758781 143152782
159114020 143152782
159114020 165700332
137760576 165700332
137760576 143157822
159089852 143157822
159089852 165699733
137769710 165699733
137769710 143160250
159082750 143160250
159082750 165665357
137769945 165665357
137769945 143163947
159082028 143163947
159082028 165662234
137775005 165662234
137775005 143188157
159072171 143188157
159072171 165642872
137776834 165642872
137776834 143193260
159062905 143193260
159062905 165633555
137778782 165633555
137778782 143198053
159060188 143198053
159060188 165632455
137780326 165632455
137780326 143200889
159050057 143200889
159050057 165629507
137816437 165629507
137816437 143203155
159049283 143203155
159049283 165623816
137816819 165623816
137816819 143249486
159047690 143249486
159047690 165620044
137826610 165620044
137826610 143259640
159026787 143259640
159026787 165616528
137837981 165616528
137837981 143263013
159022225 143263013
159022225 165607982
137856629 165607982
137856629 143272992
159013372 143272992
159013372 165604971
137864023 165604971
137864023 143289328
159002765 143289328
159002765 165596930
137886355 165596930
137886355 143295480
158966315 143295480
158966315 165584463
137886898 165584463
137886898 143301494
158961646 143301494
158961646 165573369
137887515 165573369
137887515 143317896
158957146 143317896
158957146 165572850
137899430 165572850
137899430 143318521
158946385 143318521
158946385 165563319
137899565 165563319
137899565 143327158
158921667 143327158
158921667 165556719
137902076 165556719
137902076 143328059
158921366 143328059
158921366 165556694
137906420 165556694
137906420 143332901
158904531 143332901
158904531 165554689
137917926 165554689
137917926 143348835
158902828 143348835
158902828 165549016
137918704 165549016
137918704 143349826
158895566 143349826
158895566 165542348
137931193 165542348
137931193 143351788
158895383 143351788
158895383 165534025
137945642 165534025
137945642 143362951
158894615 143362951
158894615 165531593
137945773 165531593
137945773 143371697
158857535 143371697
158857535 165503493
137947698 165503493
137947698 143385147
158852036 143385147
158852036 165498252
137950931 165498252
137950931 143406297
158851348 143406297
158851348 165493852
137961229 165493852
137961229 143434898
158846695 143434898
158846695 165481050
137971037 165481050
137971037 143436195
158837698 143436195
158837698 165479884
137972980 165479884
137972980 143451534
158837192 143451534
158837192 165478231
137982118 165478231
137982118 143457579
158821274 143457579
158821274 165467347
138008118 165467347
138008118 143461713
158820193 143461713
158820193 165443370
138015930 165443370
138015930 143475833
158797637 143475833
158797637 165433592
138017894 165433592
138017894 143475837
158796941 143475837
158796941 165392350
138027053 165392350
138027053 143481221
158788179 143481221
158788179 165391695
138044118 165391695
138044118 143488498
158778028 143488498
158778028 165391601
138054137 165391601
138054137 143493392
158775239 143493392
158775239 165390861
138065281 165390861
138065281 143496014
158762988 143496014
158762988 165388436
138076338 165388436
138076338 143504009
158741809 143504009
158741809 165385191
138090161 165385191
138090161 143509790
158734794 143509790
158734794 165370330
138095709 165370330
138095709 143518576
158731643 143518576
158731643 165368894
138097864 165368894
138097864 143565533
158722439 143565533
158722439 165367447
138101349 165367447
138101349 143587391
158710642 143587391
158710642 165356124
138103526 165356124
138103526 143613668
158699211 143613668
158699211 165352628
138114414 165352628
138114414 143623188
158656843 143623188
158656843 165346177
138135345 165346177
138135345 143629485
158650695 143629485
158650695 165341897
138137448 165341897
138137448 143643076
158638690 143643076
158638690 165329807
138137713 165329807
138137713 143653669
158636140 143653669
158636140 165328008
138137854 165328008
138137854 143653915
158635471 143653915
158635471 165297954
138156773 165297954
138156773 143654443
158631542 143654443
158631542 165276960
138163243 165276960
138163243 143669506
158631059 143669506
158631059 165272612
138184993 165272612
138184993 143682217
158604977 143682217
158604977 165243085
138190513 165243085
138190513 143690416
158601191 143690416
158601191 165235371
138212413 165235371
138212413 143692055
158580933 143692055
158580933 165226625
138235937 165226625
138235937 143698988
158580675 143698988
158580675 165222085
138251819 165222085
138251819 143718290
158555112 143718290
158555112 165163025
138267438 165163025
138267438 143720892
158549602 143720892
158549602 165137977
138275209 165137977
138275209 143725318
158541959 143725318
158541959 165115801
138308057 165115801
138308057 143731247
158524235 143731247
158524235 165109976
138310898 165109976
138310898 143743166
158522714 143743166
158522714 165106095
138312474 165106095
138312474 143745263
158516257 143745263
158516257 165101182
138313793 165101182
138313793 143753743
158477790 143753743
158477790 165093122
138315712 165093122
138315712 143765007
158473580 143765007
158473580 165073916
138316164 165073916
138316164 143781359
158471961 143781359
158471961 165071615
138324810 165071615
138324810 143802725
158470271 143802725
158470271 165069104
138334977 165069104
138334977 143810913
158444513 143810913
158444513 165057773
138335020 165057773
138335020 143817005
158440079 143817005
158440079 165053472
138340039 165053472
138340039 143821375
158436472 143821375
158436472 165026893
138342694 165026893
138342694 143840830
158412193 143840830
158412193 165019178
138355653 165019178
138355653 143851343
158394610 143851343
158394610 165016722
138358711 165016722
138358711 143854009
158383913 143854009
158383913 165007998
138359651 165007998
138359651 143864263
158341772 143864263
158341772 165003802
138362569 165003802
138362569 143877857
158325166 143877857
158325166 164990901
138386614 164990901
138386614 143881370
158324685 143881370
158324685 164979915
138395189 164979915
138395189 143901119
158323576 143901119
158323576 164966329
138413225 164966329
138413225 143908459
158316931 143908459
158316931 164964403
138419300 164964403
138419300 143910148
158309281 143910148
158309281 164952842
138441924 164952842
138441924 143911188
158304613 143911188
158304613 164941082
138442925 164941082
138442925 143916433
158297860 143916433
158297860 164930661
138444102 164930661
138444102 143923218
158289452 143923218
158289452 164912451
138451406 164912451
138451406 143923277
158283913 143923277
158283913 164910697
138457403 164910697
138457403 143926098
158278990 143926098
158278990 164900215
138461107 164900215
138461107 143926283
158271999 143926283
158271999 164898557
138472123 164898557
138472123 143937693
158246881 143937693
158246881 164895605
138491041 164895605
138491041 143945406
158242682 143945406
158242682 164877646
138512216 164877646
138512216 143946438
158232121 143946438
158232121 164876888
138529341 164876888
138529341 143949644
158230480 143949644
158230480 164852283
138534152 164852283
138534152 143966774
158210454 143966774
158210454 164850693
138535077 164850693
138535077 144004325
158204360 144004325
158204360 164842198
138536312 164842198
138536312 144008521
158181161 144008521
158181161 164831317
138559543 164831317
138559543 144017444
158176677 144017444
158176677 164819400
138562390 164819400
138562390 144018904
158161155 144018904
158161155 164817171
138571191 164817171
138571191 144062139
158160240 144062139
158160240 164816606
138571880 164816606
138571880 144066135
158150750 144066135
158150750 164806247
138578503 164806247
138578503 144071954
158147116 144071954
158147116 164777886
138587709 164777886
138587709 144076994
158130509 144076994
158130509 164758088
138594206 164758088
138594206 144101911
158124641 144101911
158124641 164745098
138628535 164745098
138628535 144107100
158109837 144107100
158109837 164732591
138654185 164732591
138654185 144113794
158106578 144113794
158106578 164678346
138654496 164678346
138654496 144130531
158087283 144130531
158087283 164661378
138655931 164661378
138655931 144139896
158087018 144139896
158087018 164641539
138672307 164641539
138672307 144145803
158086575 144145803
158086575 164635685
138673569 164635685
138673569 144150731
158083255 144150731
158083255 164634684
138684322 164634684
138684322 144160238
158063625 144160238
158063625 164634662
138692452 164634662
138692452 144175004
158028559 144175004
158028559 164617827
138693092 164617827
138693092 144182045
158010638 144182045
158010638 164613986
138696555 164613986
138696555 144186124
158005418 144186124
158005418 164605861
138703734 164605861
138703734 144193463
157997572 144193463
157997572 164599124
138706092 164599124
138706092 144202759
157995488 144202759
157995488 164597182
138706209 164597182
138706209 144206673
157990917 144206673
157990917 164591329
138711960 164591329
138711960 144219865
157985843 144219865
157985843 164581001
138712232 164581001
138712232 144228745
157958044 144228745
157958044 164578601
138728297 164578601
138728297 144248459
157955082 144248459
157955082 164568188
138732337 164568188
138732337 144252968
157954186 144252968
157954186 164564429
138757763 164564429
138757763 144254130
157947027 144254130
157947027 164545187
138762051 164545187
138762051 144258006
157933957 144258006
157933957 164519957
138769936 164519957
138769936 144260837
157928975 144260837
157928975 164503758
138791761 164503758
138791761 144273874
157927850 144273874
157927850 164484819
138796546 164484819
138796546 144276674
157902812 144276674
157902812 164483795
138801976 164483795
138801976 144278475
157886111 144278475
157886111 164481848
138804311 164481848
138804311 144282449
157863940 144282449
157863940 164478465
138810483 164478465
138810483 144283975
157855813 144283975
157855813 164460279
138828512 164460279
138828512 144309916
157850163 144309916
157850163 164447884
138831042 164447884
138831042 144342621
157844058 144342621
157844058 164435996
138861171 164435996
138861171 144343805
157836123 144343805
157836123 164421661
138861978 164421661
138861978 144345425
157824852 144345425
157824852 164412364
138870092 164412364
138870092 144368867
157818833 144368867
157818833 164393718
138871828 164393718
138871828 144377925
157806702 144377925
157806702 164390854
138875099 164390854
138875099 144378440
157778056 144378440
157778056 164383591
138876037 164383591
138876037 144382725
157777682 144382725
157777682 164374560
138880591 164374560
138880591 144388790
157761030 144388790
157761030 164371082
138897133 164371082
138897133 144461622
157750145 144461622
157750145 164368532
138898753 164368532
138898753 144464766
157718976 144464766
157718976 164363675
138908573 164363675
138908573 144469833
157706273 144469833
157706273 164361656
138916162 164361656
138916162 144475458
157703250 144475458
157703250 164358241
138917894 164358241
138917894 144478302
157702955 144478302
157702955 164357335
138926419 164357335
138926419 144485025
157701062 144485025
157701062 164357117
138926703 164357117
138926703 144497686
157697761 144497686
157697761 164299865
138935015 164299865
138935015 144502206
157695631 144502206
157695631 164298013
138935623 164298013
138935623 144502902
157688452 144502902
157688452 164285373
138957069 164285373
138957069 144505107
157686080 144505107
157686080 164271327
138958058 164271327
138958058 144506981
157681799 144506981
157681799 164266422
138970165 164266422
138970165 144508004
157680638 144508004
157680638 164227614
139006088 164227614
139006088 144510338
157668734 144510338
157668734 164218271
139007285 164218271
139007285 144526916
157649699 144526916
157649699 164214890
139011328 164214890
139011328 144532162
157627735 144532162
157627735 164213676
139016614 164213676
139016614 144560039
157616609 144560039
157616609 164209323
139035789 164209323
139035789 144565574
157613484 144565574
157613484 164176207
139042719 164176207
139042719 144569436
157612701 144569436
157612701 164157509
139069425 164157509
139069425 144580191
157604497 144580191
157604497 164154588
139088974 164154588
139088974 144582801
157594628 144582801
157594628 164147481
139089572 164147481
139089572 144616990
157593626 144616990
157593626 164130886
139092292 164130886
139092292 144622120
157588075 144622120
157588075 164129982
139101745 164129982
139101745 144622504
157542396 144622504
157542396 164127537
139128578 164127537
139128578 144623058
157541849 144623058
157541849 164119235
139130091 164119235
139130091 144625400
157527023 144625400
157527023 164110459
139133589 164110459
139133589 144641573
157493260 144641573
157493260 164094111
139147982 164094111
139147982 144649623
157469440 144649623
157469440 164084684
139151147 164084684
139151147 144652491
157465451 144652491
157465451 164082137
139160942 164082137
139160942 144656482
157464969 144656482
157464969 164076474
139182585 164076474
139182585 144660555
157459269 144660555
157459269 164058059
139187472 164058059
139187472 144663702
157442096 144663702
157442096 164055385
139222140 164055385
139222140 144664891
157433471 144664891
157433471 164050731
139252698 164050731
139252698 144681080
157414787 144681080
157414787 164049057
139255265 164049057
139255265 144690301
157413634 144690301
157413634 164031870
139259300 164031870
139259300 144705015
157406560 144705015
157406560 164022553
139264439 164022553
139264439 144708858
157389471 144708858
157389471 163997378
139290258 163997378
139290258 144709284
157381375 144709284
157381375 163966545
139295258 163966545
139295258 144709999
157370814 144709999
157370814 163956012
139311498 163956012
139311498 144712172
157366511 144712172
157366511 163940251
139311989 163940251
139311989 144715331
157362515 144715331
157362515 163915072
139317712 163915072
139317712 144722114
157349453 144722114
157349453 163892778
139333205 163892778
139333205 144743547
157348544 144743547
157348544 163871152
139338963 163871152
139338963 144749566
157343147 144749566
157343147 163857521
139368267 163857521
139368267 144759289
157325424 144759289
157325424 163840367
139373116 163840367
139373116 144779365
157314908 144779365
157314908 163839590
139377225 163839590
139377225 144784003
157295196 144784003
157295196 163833582
139380566 163833582
139380566 144787407
157286556 144787407
157286556 163833273
139395904 163833273
139395904 144814561
157246931 144814561
157246931 163817321
139400034 163817321
139400034 144817362
157238475 144817362
157238475 163816912
139416607 163816912
139416607 144823561
157230786 144823561
157230786 163810013
139422906 163810013
139422906 144844130
157227885 144844130
157227885 163804077
139424113 163804077
139424113 144891439
157225498 144891439
157225498 163786352
139431173 163786352
139431173 144898870
157210407 144898870
157210407 163768191
139434072 163768191
139434072 144912541
157188985 144912541
157188985 163765378
139436015 163765378
139436015 144919426
157185958 144919426
157185958 163747924
139454950 163747924
139454950 144925428
157182722 144925428
157182722 163741558
139469030 163741558
139469030 144928914
157177174 144928914
157177174 163740230
139469358 163740230
139469358 144929035
157155213 144929035
157155213 163697858
139473647 163697858
139473647 144934320
157129008 144934320
157129008 163660836
139496140 163660836
139496140 144937680
157116646 144937680
157116646 163660683
139498197 163660683
139498197 144939190
157104718 144939190
157104718 163659950
139507178 163659950
139507178 144952838
157093336 144952838
157093336 163658852
139509887 163658852
139509887 144969224
157091358 144969224
157091358 163656080
139513955 163656080
139513955 144987243
157066122 144987243
157066122 163643915
139515359 163643915
139515359 144997178
157060174 144997178
157060174 163643507
139522718 163643507
139522718 145010879
157038531 145010879
157038531 163634325
139546238 163634325
139546238 145032121
157036900 145032121
157036900 163624437
139547193 163624437
139547193 145038144
157036122 145038144
157036122 163622977
139556559 163622977
139556559 145064744
157015290 145064744
157015290 163622526
139579667 163622526
139579667 145068445
157003386 145068445
157003386 163618468
139615680 163618468
139615680 145087520
156994506 145087520
156994506 163604098
139626811 163604098
139626811 145099947
156994018 145099947
156994018 163601646
139628606 163601646
139628606 145102119
156991200 145102119
156991200 163582507
139629825 163582507
139629825 145108622
156983882 145108622
156983882 163553766
139631997 163553766
139631997 145109322
156970956 145109322
156970956 163550935
139638929 163550935
139638929 145117243
156970286 145117243
156970286 163550638
139656075 163550638
139656075 145120900
156965211 145120900
156965211 163539799
139657209 163539799
139657209 145146946
156962685 145146946
156962685 163533292
139661051 163533292
139661051 145148116
156959961 145148116
156959961 163525708
139661577 163525708
139661577 145150659
156945550 145150659
156945550 163512922
139669941 163512922
139669941 145156078
156943598 145156078
156943598 163507604
139670885 163507604
139670885 145157920
156927323 145157920
156927323 163494155
139682115 163494155
139682115 145195197
156925926 145195197
156925926 163471925
139702343 163471925
139702343 145213206
156916940 145213206
156916940 163466025
139704136 163466025
139704136 145229676
156899730 145229676
156899730 163461003
139718807 163461003
139718807 145240267
156877590 145240267
156877590 163456844
139740081 163456844
139740081 145247005
156875263 145247005
156875263 163450634
139760831 163450634
139760831 145261830
156864649 145261830
156864649 163449127
139771185 163449127
139771185 145279610
156854450 145279610
156854450 163440498
139783541 163440498
139783541 145282419
156852045 145282419
156852045 163436157
139793461 163436157
139793461 145287061
156846297 145287061
156846297 163428844
139828449 163428844
139828449 145290728
156843759 145290728
156843759 163427121
139831126 163427121
139831126 145303643
156839888 145303643
156839888 163426712
139833710 163426712
139833710 145309790
156814386 145309790
156814386 163426203
139837731 163426203
139837731 145318148
156798929 145318148
156798929 163414789
139838319 163414789
139838319 145321221
156798204 145321221
156798204 163412716
139843458 163412716
139843458 145321877
156790092 145321877
156790092 163403029
139846157 163403029
139846157 145333529
156788715 145333529
156788715 163399414
139846780 163399414
139846780 145348657
156787837 145348657
156787837 163379984
139852591 163379984
139852591 145349852
156776427 145349852
156776427 163376041
139852628 163376041
139852628 145366296
156773704 145366296
156773704 163348036
139859220 163348036
139859220 145367069
156741439 145367069
156741439 163345592
139865767 163345592
139865767 145367486
156719716 145367486
156719716 163338119
139873477 163338119
139873477 145379069
156716737 145379069
156716737 163302488
139880950 163302488
139880950 145394857
156716045 145394857
156716045 163287657
139894986 163287657
139894986 145395857
156701106 145395857
156701106 163280813
139897183 163280813
139897183 145402172
156693093 145402172
156693093 163277849
139903100 163277849
139903100 145411154
156633734 145411154
156633734 163277497
139904900 163277497
139904900 145412273
156632948 145412273
156632948 163275405
139905986 163275405
139905986 145413133
156607149 145413133
156607149 163270439
139914339 163270439
139914339 145449458
156602834 145449458
156602834 163248559
139916536 163248559
139916536 145466275
156586292 145466275
156586292 163245349
139949056 163245349
139949056 145474362
156573028 145474362
156573028 163219065
139975713 163219065
139975713 145480282
156569911 145480282
156569911 163170937
139976235 163170937
139976235 145488811
156567389 145488811
156567389 163141983
139978676 163141983
139978676 145501122
156565615 145501122
156565615 163124031
139982161 163124031
139982161 145520737
156561688 145520737
156561688 163105097
140004441 163105097
140004441 145531107
156557546 145531107
156557546 163092933
140007657 163092933
140007657 145532683
156546235 145532683
156546235 163092269
140008696 163092269
140008696 145543224
156541697 145543224
156541697 163088440
140027654 163088440
140027654 145551742
156509303 145551742
156509303 163088305
140037347 163088305
140037347 145553953
156487834 145553953
156487834 163082327
140043398 163082327
140043398 145554409
156487593 145554409
156487593 163076050
140050969 163076050
140050969 145562283
156474232 145562283
156474232 163069739
140051267 163069739
140051267 145576299
156472938 145576299
156472938 163067774
140053851 163067774
140053851 145578823
156469587 145578823
156469587 163062803
140055499 163062803
140055499 145603174
156454556 145603174
156454556 163058432
140062210 163058432
140062210 145612461
156445814 145612461
156445814 163038292
140072353 163038292
140072353 145612591
156445233 145612591
156445233 163032136
140137079 163032136
140137079 145615068
156439352 145615068
156439352 163003797
140137125 163003797
140137125 145615246
156430053 145615246
156430053 162998613
140138076 162998613
140138076 145618368
156425758 145618368
156425758 162993968
140145390 162993968
140145390 145627416
156412270 145627416
156412270 162987294
140147188 162987294
140147188 145635164
156401607 145635164
156401607 162905673
140154140 162905673
140154140 145643667
156398570 145643667
156398570 162876703
140171826 162876703
140171826 145646767
156396369 145646767
156396369 162869153
140180396 162869153
140180396 145647424
156387535 145647424
156387535 162863845
140183180 162863845
140183180 145670695
156378988 145670695
156378988 162853089
140184490 162853089
140184490 145683068
156371119 145683068
156371119 162851427
140190915 162851427
140190915 145683136
156354463 145683136
156354463 162842902
140191889 162842902
140191889 145692261
156353929 145692261
156353929 162838034
140205824 162838034
140205824 145692547
156348776 145692547
156348776 162821909
140227491 162821909
140227491 145714258
156326406 145714258
156326406 162821815
140229076 162821815
140229076 145732537
156325849 145732537
156325849 162819569
140229380 162819569
140229380 145747938
156319192 145747938
156319192 162817985
140233473 162817985
140233473 145756250
156316059 145756250
156316059 162813139
140233553 162813139
140233553 145778914
156305370 145778914
156305370 162809482
140250440 162809482
140250440 145794390
156302785 145794390
156302785 162803498
140263811 162803498
140263811 145795435
156251255 145795435
156251255 162799291
140264418 162799291
140264418 145805868
156243319 145805868
156243319 162785732
140273730 162785732
140273730 145809618
156215275 145809618
156215275 162770197
140275205 162770197
140275205 145818808
156200699 145818808
156200699 162758037
140283753 162758037
140283753 145834384
156193469 145834384
156193469 162746715
140284493 162746715
140284493 145842420
156190567 145842420
156190567 162733725
140301911 162733725
140301911 145847663
156187473 145847663
156187473 162733076
140307489 162733076
140307489 145864828
156178513 145864828
156178513 162681910
140317793 162681910
140317793 145872121
156169044 145872121
156169044 162680800
140335186 162680800
140335186 145873458
156133624 145873458
156133624 162676697
140339268 162676697
140339268 145877898
156132374 145877898
156132374 162675534
140346599 162675534
140346599 145878109
156125622 145878109
156125622 162675001
140372668 162675001
140372668 145896112
156123667 145896112
156123667 162673929
140373328 162673929
140373328 145900229
156118287 145900229
156118287 162664636
140374181 162664636
140374181 145903864
156116864 145903864
156116864 162651299
140377414 162651299
140377414 145906795
156110305 145906795
156110305 162649754
140379282 162649754
140379282 145908934
156104430 145908934
156104430 162639130
140390386 162639130
140390386 145958770
156103517 145958770
156103517 162633869
140394033 162633869
140394033 145969481
156089280 145969481
156089280 162628477
140419113 162628477
140419113 146004610
156079374 146004610
156079374 162625206
140436039 162625206
140436039 146012024
156074478 146012024
156074478 162604075
140446516 162604075
140446516 146028841
156065871 146028841
156065871 162602930
140451247 162602930
140451247 146045608
156060728 146045608
156060728 162602746
140457722 162602746
140457722 146046670
156059786 146046670
156059786 162597360
140469655 162597360
140469655 146074930
156057491 146074930
156057491 162588410
140478634 162588410
140478634 146105319
156052860 146105319
156052860 162581568
140479303 162581568
140479303 146107413
156034247 146107413
156034247 162580706
140494527 162580706
140494527 146117656
156032705 146117656
156032705 162555953
140518042 162555953
140518042 146126776
156015855 146126776
156015855 162550516
140531670 162550516
140531670 146130572
156011707 146130572
156011707 162524667
140541825 162524667
140541825 146140828
156007420 146140828
156007420 162517630
140583800 162517630
140583800 146145296
155989144 146145296
155989144 162507978
140597207 162507978
140597207 146156295
155976394 146156295
155976394 162507254
140612653 162507254
140612653 146159911
155962377 146159911
155962377 162500761
140613813 162500761
140613813 146177590
155955439 146177590
155955439 162492174
140621982 162492174
140621982 146177699
155929118 146177699
155929118 162482557
140626470 162482557
140626470 146184882
155903941 146184882
155903941 162480863
140639889 162480863
140639889 146217775
155898482 146217775
155898482 162479835
140664190 162479835
140664190 146222620
155893838 146222620
155893838 162472074
140669373 162472074
140669373 146228607
155884239 146228607
155884239 162461799
140694645 162461799
140694645 146238572
155866706 146238572
155866706 162461602
140710238 162461602
140710238 146244424
155863048 146244424
155863048 162449918
140715504 162449918
140715504 146245557
155821723 146245557
155821723 162434607
140720731 162434607
140720731 146253234
155820831 146253234
155820831 162427334
140721538 162427334
140721538 146254447
155812494 146254447
155812494 162416270
140728550 162416270
140728550 146274270
155810397 146274270
155810397 162394478
140731189 162394478
140731189 146274999
155806236 146274999
155806236 162372984
140748305 162372984
140748305 146289334
155792262 146289334
155792262 162372980
140753409 162372980
140753409 146310363
155763760 146310363
155763760 162352869
140757901 162352869
140757901 146319038
155750433 146319038
155750433 162344140
140778707 162344140
140778707 146319948
155741849 146319948
155741849 162275005
140803070 162275005
140803070 146325265
155729438 146325265
155729438 162274738
140814487 162274738
140814487 146330280
155728075 146330280
155728075 162262725
140814571 162262725
140814571 146333753
155710521 146333753
155710521 162243517
140823066 162243517
140823066 146341495
155702144 146341495
155702144 162220500
140829037 162220500
140829037 146343377
155677785 146343377
155677785 162206167
140829696 162206167
140829696 146361505
155661919 146361505
155661919 162195178
140830935 162195178
140830935 146362750
155661907 146362750
155661907 162180893
140841470 162180893
140841470 146369353
155657639 146369353
155657639 162159201
140848795 162159201
140848795 146369798
155654824 146369798
155654824 162148007
140852969 162148007
140852969 146380867
155648679 146380867
155648679 162118699
140857277 162118699
140857277 146388248
155645192 146388248
155645192 162096496
140860487 162096496
140860487 146388481
155614027 146388481
155614027 162078811
140864635 162078811
140864635 146400973
155610478 146400973
155610478 162077268
140867360 162077268
140867360 146403006
155609968 146403006
155609968 162070292
140868754 162070292
140868754 146408591
155591970 146408591
155591970 162059925
140875556 162059925
140875556 146415164
155587981 146415164
155587981 162046213
140914252 162046213
140914252 146423496
155584362 146423496
155584362 162029318
140922851 162029318
140922851 146433580
155584191 146433580
155584191 162025195
140935280 162025195
140935280 146437466
155569974 146437466
155569974 162017592
140947642 162017592
140947642 146461888
155568968 146461888
155568968 162016313
140949467 162016313
140949467 146465038
155548391 146465038
155548391 162012534
140963665 162012534
140963665 146466808
155536122 146466808
155536122 162007545
140979523 162007545
140979523 146468590
155529858 146468590
155529858 162005580
140984053 162005580
140984053 146481957
155527853 146481957
155527853 162002241
140986992 162002241
140986992 146487788
155518023 146487788
155518023 162000876
140990458 162000876
140990458 146491709
155501799 146491709
155501799 161987844
140991535 161987844
140991535 146519712
155492719 146519712
155492719 161979721
141012284 161979721
141012284 146522240
155488080 146522240
155488080 161975489
141026370 161975489
141026370 146528432
155487077 146528432
155487077 161972769
141030849 161972769
141030849 146528575
155478893 146528575
155478893 161970105
141050111 161970105
141050111 146529868
155457979 146529868
155457979 161967798
141075206 161967798
141075206 146533892
155439416 146533892
155439416 161956750
141080919 161956750
141080919 146538964
155435997 146538964
155435997 161950529
141086322 161950529
141086322 146547325
155424902 146547325
155424902 161931295
141090607 161931295
141090607 146547340
155387260 146547340
155387260 161925960
141100418 161925960
141100418 146561115
155369504 146561115
155369504 161925276
141114845 161925276
141114845 146580053
155366915 146580053
155366915 161919135
141123741 161919135
141123741 146587025
155363885 146587025
155363885 161903168
141125267 161903168
141125267 146599448
155356983 146599448
155356983 161890040
141127642 161890040
141127642 146617502
155348770 146617502
155348770 161888401
141128158 161888401
141128158 146624002
155343472 146624002
155343472 161880643
141137436 161880643
141137436 146629652
155338638 146629652
155338638 161864698
141156885 161864698
141156885 146636710
155332925 146636710
155332925 161864591
141170275 161864591
141170275 146640341
155316907 146640341
155316907 161863159
141174711 161863159
141174711 146641523
155309923 146641523
155309923 161863124
141181646 161863124
141181646 146648856
155305988 146648856
155305988 161857095
141210909 161857095
141210909 146659746
155289526 146659746
155289526 161851883
141211689 161851883
141211689 146681917
155273086 146681917
155273086 161851248
141230161 161851248
141230161 146698933
155264782 146698933
155264782 161836495
141234173 161836495
141234173 146707105
155258024 146707105
155258024 161819883
141237035 161819883
141237035 146712644
155243041 146712644
155243041 161819528
141258244 161819528
141258244 146742092
155237049 146742092
155237049 161816148
141272782 161816148
141272782 146748851
155211366 146748851
155211366 161813700
141294497 161813700
141294497 146755268
155198370 146755268
155198370 161803139
141296011 161803139
141296011 146771245
155187102 146771245
155187102 161786107
141305358 161786107
141305358 146796397
155165012 146796397
155165012 161781624
141305847 161781624
141305847 146803455
155164553 146803455
155164553 161769635
141320051 161769635
141320051 146805456
155140044 146805456
155140044 161760434
141344177 161760434
141344177 146824556
155133156 146824556
155133156 161754516
141353349 161754516
141353349 146824670
155118721 146824670
155118721 161754486
141363156 161754486
141363156 146827961
155115139 146827961
155115139 161732224
141363415 161732224
141363415 146844823
155108098 146844823
155108098 161686825
141403085 161686825
141403085 146870416
155100091 146870416
155100091 161679195
141407205 161679195
141407205 146871062
155077323 146871062
155077323 161653111
141409143 161653111
141409143 146876721
155072302 146876721
155072302 161652968
141415793 161652968
141415793 146881452
155065701 146881452
155065701 161614144
141418373 161614144
141418373 146894263
155058661 146894263
155058661 161596563
141418732 161596563
141418732 146903588
155032560 146903588
155032560 161557083
141441494 161557083
141441494 146913016
155023575 146913016
155023575 161555081
141455275 161555081
141455275 146914406
155009287 146914406
155009287 161553648
141464642 161553648
141464642 146924682
154994034 146924682
154994034 161527345
141474398 161527345
141474398 146947085
154993491 146947085
154993491 161522482
141474677 161522482
141474677 146952500
154971538 146952500
154971538 161501477
141484254 161501477
141484254 146956548
154952813 146956548
154952813 161463927
141518606 161463927
141518606 146960157
154942346 146960157
154942346 161457844
141521248 161457844
141521248 146966167
154939692 146966167
154939692 161445627
141522552 161445627
141522552 146979267
154913952 146979267
154913952 161439400
141542350 161439400
141542350 147002647
154911134 147002647
154911134 161433749
141548332 161433749
141548332 147010145
154908557 147010145
154908557 161425065
141555420 161425065
141555420 147013163
154902887 147013163
154902887 161422549
141564098 161422549
141564098 147023500
154887365 147023500
154887365 161397721
141564357 161397721
141564357 147034094
154886751 147034094
154886751 161388649
141570915 161388649
141570915 147043470
154876177 147043470
154876177 161385614
141587485 161385614
141587485 147057341
154868885 147057341
154868885 161377455
141593907 161377455
141593907 147059139
154834432 147059139
154834432 161376350
141604486 161376350
141604486 147072461
154831031 147072461
154831031 161373078
141608525 161373078
141608525 147073860
154818902 147073860
154818902 161359059
141628057 161359059
141628057 147080694
154811066 147080694
154811066 161355782
141628966 161355782
141628966 147097758
154797028 147097758
154797028 161340842
141629012 161340842
141629012 147101698
154793546 147101698
154793546 161337999
141635711 161337999
141635711 147117010
154784248 147117010
154784248 161336769
141643058 161336769
141643058 147125374
154776811 147125374
154776811 161336531
141644924 161336531
141644924 147130381
154772767 147130381
154772767 161312020
141662508 161312020
141662508 147133922
154769130 147133922
154769130 161287127
141686839 161287127
141686839 147146422
154764696 147146422
154764696 161262009
141703916 161262009
141703916 147148507
154756065 147148507
154756065 161247083
141711630 161247083
141711630 147175659
154754088 147175659
154754088 161246893
141714383 161246893
141714383 147178016
154753000 147178016
154753000 161220973
141723684 161220973
141723684 147181370
154748922 147181370
154748922 161207013
141733697 161207013
141733697 147206390
154748520 147206390
154748520 161197243
141738401 161197243
141738401 147208086
154743887 147208086
154743887 161188802
141754845 161188802
141754845 147220605
154732348 147220605
154732348 161187207
141761865 161187207
141761865 147239122
154729877 147239122
154729877 161186587
141765547 161186587
141765547 147248583
154718953 147248583
154718953 161174721
141782389 161174721
141782389 147264068
154714980 147264068
154714980 161168846
141791425 161168846
141791425 147274905
154703305 147274905
154703305 161148484
141792308 161148484
141792308 147289818
154691006 147289818
154691006 161142052
141792840 161142052
141792840 147300612
154685462 147300612
154685462 161136474
141794215 161136474
141794215 147304598
154683687 147304598
154683687 161134054
141799826 161134054
141799826 147313799
154657011 147313799
154657011 161130761
141804247 161130761
141804247 147332661
154618735 147332661
154618735 161125648
141806414 161125648
141806414 147345960
154614151 147345960
154614151 161108399
141811245 161108399
141811245 147350708
154602277 147350708
154602277 161105578
141814360 161105578
141814360 147351996
154593590 147351996
154593590 161096909
141816209 161096909
141816209 147367762
154587697 147367762
154587697 161082908
141824983 161082908
141824983 147373874
154585911 147373874
154585911 161068560
141825984 161068560
141825984 147382706
154584664 147382706
154584664 161062419
141834488 161062419
141834488 147383198
154582007 147383198
154582007 161052677
141838112 161052677
141838112 147392300
154574875 147392300
154574875 161047428
141877312 161047428
141877312 147394546
154566503 147394546
154566503 161043553
141888313 161043553
141888313 147418057
154558211 147418057
154558211 161033305
141901107 161033305
141901107 147442942
154546828 147442942
154546828 161028701
141902721 161028701
141902721 147448148
154546059 147448148
154546059 161007745
141903170 161007745
141903170 147471219
154537960 147471219
154537960 161003804
141903442 161003804
141903442 147475160
154535929 147475160
154535929 160999387
141905869 160999387
141905869 147475225
154527589 147475225
154527589 160989643
141906790 160989643
141906790 147500642
154514451 147500642
154514451 160979174
141907262 160979174
141907262 147507971
154500428 147507971
154500428 160966398
141926670 160966398
141926670 147509142
154452382 147509142
154452382 160933223
141937269 160933223
141937269 147517534
154434778 147517534
154434778 160920655
141948204 160920655
141948204 147523122
154424462 147523122
154424462 160907205
141968722 160907205
141968722 147524443
154410722 147524443
154410722 160895621
141969376 160895621
141969376 147544702
154399502 147544702
154399502 160895319
141982540 160895319
141982540 147556858
154382056 147556858
154382056 160865878
141998828 160865878
141998828 147562394
154375482 147562394
154375482 160846553
142006611 160846553
142006611 147562395
154374825 147562395
154374825 160828426
142012717 160828426
142012717 147569062
154368460 147569062
154368460 160826390
142016644 160826390
142016644 147574511
154367504 147574511
154367504 160824581
142026406 160824581
142026406 147575615
154363286 147575615
154363286 160824513
142030934 160824513
142030934 147611217
154362163 147611217
154362163 160822080
142032268 160822080
142032268 147623522
154307921 147623522
154307921 160771600
142035889 160771600
142035889 147625608
154292261 147625608
154292261 160765345
142038892 160765345
142038892 147628896
154273817 147628896
154273817 160754787
142041972 160754787
142041972 147636324
154273776 147636324
154273776 160721329
142057357 160721329
142057357 147655983
154264695 147655983
154264695 160709466
142059358 160709466
142059358 147668455
154262925 147668455
154262925 160700178
142066146 160700178
142066146 147670584
154262640 147670584
154262640 160698830
142108260 160698830
142108260 147680332
154256245 147680332
154256245 160692778
142108823 160692778
142108823 147682115
154255606 147682115
154255606 160678019
142112905 160678019
142112905 147685553
154252385 147685553
154252385 160669764
142123789 160669764
142123789 147692584
154249779 147692584
154249779 160667445
142125713 160667445
142125713 147699587
154242360 147699587
154242360 160666143
142137531 160666143
142137531 147706632
154238478 147706632
154238478 160650876
142160360 160650876
142160360 147729176
154225409 147729176
154225409 160648599
142171645 160648599
142171645 147771224
154217861 147771224
154217861 160599423
142172192 160599423
142172192 147782513
154205160 147782513
154205160 160593163
142205990 160593163
142205990 147787348
154195602 147787348
154195602 160583885
142232550 160583885
142232550 147788163
154172274 147788163
154172274 160570225
142242421 160570225
142242421 147789275
154170555 147789275
154170555 160555531
142247547 160555531
142247547 147791736
154161559 147791736
154161559 160554803
142263034 160554803
142263034 147793496
154136963 147793496
154136963 160554019
142267482 160554019
142267482 147805432
154134186 147805432
154134186 160547463
142272134 160547463
142272134 147807839
154112471 147807839
154112471 160527505
142272521 160527505
142272521 147816231
154109553 147816231
154109553 160522636
142282912 160522636
142282912 147822775
154101362 147822775
154101362 160506772
142284973 160506772
142284973 147831175
154081095 147831175
154081095 160504184
142295183 160504184
142295183 147848350
154078453 147848350
154078453 160499618
142299904 160499618
142299904 147858172
154077961 147858172
154077961 160496323
142331744 160496323
142331744 147903969
154039513 147903969
154039513 160489777
142334277 160489777
142334277 147913839
154036487 147913839
154036487 160478649
142351689 160478649
142351689 147914435
154036007 147914435
154036007 160478376
142352543 160478376
142352543 147920289
154027694 147920289
154027694 160476701
142381511 160476701
142381511 147925316
154025773 147925316
154025773 160454508
142390534 160454508
142390534 147931739
154000879 147931739
154000879 160453966
142395729 160453966
142395729 147933008
153999472 147933008
153999472 160449129
142405241 160449129
142405241 147945839
153991625 147945839
153991625 160420004
142408563 160420004
142408563 147955761
153988360 147955761
153988360 160398291
142420714 160398291
142420714 147955972
153978514 147955972
153978514 160385724
142437407 160385724
142437407 147973282
153975167 147973282
153975167 160373486
142462817 160373486
142462817 147981853
153974123 147981853
153974123 160371415
142464493 160371415
142464493 147983329
153968373 147983329
153968373 160367263
142476817 160367263
142476817 147990262
153965982 147990262
153965982 160366869
142483078 160366869
142483078 148006465
153962080 148006465
153962080 160344052
142491153 160344052
142491153 148025277
153948500 148025277
153948500 160336821
142531737 160336821
142531737 148028582
153947267 148028582
153947267 160322937
142546088 160322937
142546088 148049663
153939874 148049663
153939874 160306180
142552291 160306180
142552291 148058750
153926099 148058750
153926099 160289847
142554030 160289847
142554030 148058824
153923633 148058824
153923633 160283419
142564674 160283419
142564674 148074932
153921509 148074932
153921509 160246586
142566232 160246586
142566232 148078227
153912822 148078227
153912822 160241690
142569225 160241690
142569225 148081151
153881090 148081151
153881090 160229939
142569487 160229939
142569487 148082421
153879763 148082421
153879763 160223062
142602568 160223062
142602568 148082865
153878949 148082865
153878949 160221430
142603204 160221430
142603204 148083832
153877733 148083832
153877733 160201254
142636429 160201254
142636429 148084276
153872974 148084276
153872974 160197173
142640567 160197173
142640567 148104561
153869379 148104561
153869379 160192327
142656742 160192327
142656742 148115716
153840553 148115716
153840553 160190073
142657755 160190073
142657755 148122193
153818606 148122193
153818606 160168115
142659298 160168115
142659298 148129739
153817586 148129739
153817586 160148532
142673609 160148532
142673609 148135401
153817331 148135401
153817331 160147753
142674479 160147753
142674479 148151407
153787826 148151407
153787826 160138337
142679758 160138337
142679758 148152442
153770780 148152442
153770780 160132516
142680059 160132516
142680059 148160288
153769824 148160288
153769824 160127952
142685140 160127952
142685140 148193618
153745082 148193618
153745082 160127481
142702913 160127481
142702913 148196641
153716431 148196641
153716431 160115271
142704882 160115271
142704882 148206575
153711887 148206575
153711887 160113004
142730983 160113004
142730983 148206580
153703995 148206580
153703995 160101112
142738954 160101112
142738954 148212733
153698345 148212733
153698345 160093076
142749817 160093076
142749817 148246890
153695819 148246890
153695819 160064936
142769809 160064936
142769809 148269572
153694774 148269572
153694774 160049474
142776762 160049474
142776762 148282589
153683434 148282589
153683434 160042771
142777431 160042771
142777431 148285641
153669359 148285641
153669359 160040193
142779808 160040193
142779808 148298917
153667342 148298917
153667342 160030983
142784114 160030983
142784114 148307685
153666162 148307685
153666162 160023479
142786970 160023479
142786970 148311358
153661143 148311358
153661143 160011923
142790352 160011923
142790352 148314945
153660344 148314945
153660344 160011678
142796097 160011678
142796097 148320545
153652359 148320545
153652359 160006212
142802716 160006212
142802716 148326589
153648567 148326589
153648567 160003351
142805377 160003351
142805377 148333098
153646638 148333098
153646638 159996125
142826114 159996125
142826114 148333940
153638934 148333940
153638934 159980606
142869061 159980606
142869061 148335811
153619831 148335811
153619831 159979675
142883479 159979675
142883479 148340249
153603642 148340249
153603642 159971442
142888841 159971442
142888841 148348717
153584422 148348717
153584422 159970297
142890159 159970297
142890159 148361569
153578593 148361569
153578593 159960920
142900252 159960920
142900252 148387878
153568861 148387878
153568861 159960859
142901648 159960859
142901648 148393990
153558217 148393990
153558217 159946628
142902300 159946628
142902300 148397460
153551369 148397460
153551369 159944662
142905136 159944662
142905136 148415863
153528020 148415863
153528020 159939284
142912486 159939284
142912486 148418939
153497195 148418939
153497195 159934922
142927589 159934922
142927589 148429446
153496903 148429446
153496903 159917305
142944073 159917305
142944073 148436071
153494152 148436071
153494152 159911081
142946244 159911081
142946244 148446596
153486496 148446596
153486496 159909121
142951267 159909121
142951267 148446760
153477668 148446760
153477668 159902397
142962870 159902397
142962870 148466374
153460878 148466374
153460878 159902388
142974497 159902388
142974497 148473566
153459229 148473566
153459229 159891391
142974968 159891391
142974968 148483253
153457180 148483253
153457180 159872673
142980237 159872673
142980237 148489952
153444258 148489952
153444258 159834563
142983687 159834563
142983687 148491234
153444234 148491234
153444234 159829822
142984796 159829822
142984796 148514814
153442691 148514814
153442691 159813685
142999732 159813685
142999732 148515646
153441788 148515646
153441788 159809898
143003922 159809898
143003922 148519622
153441527 148519622
153441527 159807955
143026071 159807955
143026071 148530732
153440669 148530732
153440669 159794683
143049313 159794683
143049313 148531590
153432664 148531590
153432664 159790711
143058119 159790711
143058119 148540947
153414628 148540947
153414628 159777784
143058921 159777784
143058921 148557365
153402861 148557365
153402861 159776231
143061975 159776231
143061975 148563184
153395602 148563184
153395602 159772093
143076761 159772093
143076761 148572840
153330337 148572840
153330337 159752137
143083534 159752137
143083534 148579475
153312308 148579475
153312308 159723756
143085329 159723756
143085329 148588670
153297401 148588670
153297401 159708181
143085689 159708181
143085689 148609717
153292223 148609717
153292223 159686123
143097349 159686123
143097349 148618748
153289703 148618748
153289703 159683309
143098921 159683309
143098921 148623522
153278039 148623522
153278039 159651515
143104278 159651515
143104278 148634657
153270366 148634657
153270366 159641295
143108385 159641295
143108385 148644353
153247340 148644353
153247340 159623095
143136391 159623095
143136391 148649587
153230836 148649587
153230836 159619775
143153645 159619775
143153645 148660221
153211459 148660221
153211459 159608133
143157973 159608133
143157973 148666371
153194340 148666371
153194340 159598159
143160467 159598159
143160467 148696883
153179282 148696883
153179282 159588873
143191541 159588873
143191541 148718302
153178825 148718302
153178825 159579577
143194605 159579577
143194605 148728075
153173176 148728075
153173176 159557993
143206948 159557993
143206948 148735816
153171212 148735816
153171212 159553355
143209527 159553355
143209527 148743297
153171172 148743297
153171172 159542072
143237501 159542072
143237501 148759029
153144718 148759029
153144718 159540355
143251791 159540355
143251791 148774493
153139211 148774493
153139211 159536875
143252490 159536875
143252490 148791595
153134621 148791595
153134621 159534605
143257998 159534605
143257998 148826156
153124383 148826156
153124383 159527507
143270135 159527507
143270135 148827438
153091289 148827438
153091289 159501086
143270450 159501086
143270450 148833885
153070462 148833885
153070462 159494020
143271728 159494020
143271728 148839991
153064625 148839991
153064625 159476820
143279010 159476820
143279010 148841444
153055014 148841444
153055014 159471070
143302544 159471070
143302544 148847273
153050366 148847273
153050366 159437779
143307152 159437779
143307152 148859871
153036570 148859871
153036570 159428655
143319555 159428655
143319555 148861939
153026596 148861939
153026596 159414903
143329452 159414903
143329452 148870090
153018972 148870090
153018972 159397388
143349188 159397388
143349188 148882393
153014231 148882393
153014231 159384935
143349921 159384935
143349921 148888036
153013357 148888036
153013357 159381812
143351957 159381812
143351957 148898441
153012882 148898441
153012882 159376784
143351959 159376784
143351959 148901712
153007113 148901712
153007113 159371646
143364519 159371646
143364519 148904540
153004147 148904540
153004147 159360429
143394686 159360429
143394686 148919375
153003156 148919375
153003156 159355353
143396931 159355353
143396931 148931019
152987766 148931019
152987766 159346225
143409688 159346225
143409688 148943591
152973172 148943591
152973172 159336747
143419749 159336747
143419749 148973523
152968241 148973523
152968241 159332536
143420989 159332536
143420989 149006074
152960970 149006074
152960970 159276274
143427983 159276274
143427983 149012725
152956621 149012725
152956621 159272546
143435263 159272546
143435263 149020323
152926586 149020323
152926586 159269237
143456201 159269237
143456201 149022963
152924418 149022963
152924418 159260914
143459692 159260914
143459692 149026586
152917960 149026586
152917960 159257266
143462270 159257266
143462270 149028429
152909031 149028429
152909031 159255855
143472570 159255855
143472570 149041619
152895523 149041619
152895523 159248701
143491861 159248701
143491861 149052748
152894021 149052748
152894021 159248140
143509669 159248140
143509669 149065941
152879307 149065941
152879307 159224603
143514010 159224603
143514010 149075488
152878700 149075488
152878700 159223553
143523736 159223553
143523736 149086913
152865396 149086913
152865396 159209827
143526800 159209827
143526800 149101888
152863079 149101888
152863079 159182453
143531238 159182453
143531238 149106040
152856505 149106040
152856505 159173641
143540870 159173641
143540870 149110292
152844815 149110292
152844815 159170692
143547572 159170692
143547572 149114424
152806270 149114424
152806270 159154928
143578092 159154928
143578092 149128684
152795763 149128684
152795763 159132857
143593596 159132857
143593596 149131604
152785484 149131604
152785484 159109617
143617034 159109617
143617034 149136816
152779074 149136816
152779074 159107066
143627503 159107066
143627503 149152116
152776467 149152116
152776467 159096105
143629488 159096105
143629488 149152838
152770990 149152838
152770990 159093745
143634955 159093745
143634955 149164004
152765658 149164004
152765658 159086819
143638215 159086819
143638215 149173255
152759381 149173255
152759381 159079858
143640997 159079858
143640997 149189811
152741379 149189811
152741379 159076151
143670317 159076151
143670317 149191847
152737898 149191847
152737898 159055269
143675833 159055269
143675833 149206076
152725467 149206076
152725467 159050761
143677640 159050761
143677640 149210806
152708031 149210806
152708031 159042487
143679759 159042487
143679759 149215003
152697427 149215003
152697427 159033351
143688586 159033351
143688586 149218566
152697302 149218566
152697302 159031774
143696624 159031774
143696624 149222790
152683434 149222790
152683434 159031176
143699475 159031176
143699475 149234211
152670347 149234211
152670347 159028941
143709030 159028941
143709030 149258157
152664802 149258157
152664802 159026863
143719634 159026863
143719634 149263677
152657431 149263677
152657431 159016342
143725310 159016342
143725310 149264520
152649776 149264520
152649776 158982288
143726994 158982288
143726994 149274286
152649400 149274286
152649400 158980899
143730435 158980899
143730435 149276105
152647966 149276105
152647966 158965481
143731137 158965481
143731137 149277736
152616780 149277736
152616780 158956376
143734348 158956376
143734348 149288201
152588200 149288201
152588200 158951524
143748904 158951524
143748904 149299854
152576232 149299854
152576232 158947452
143805890 158947452
143805890 149317392
152568872 149317392
152568872 158934722
143808064 158934722
143808064 149325931
152561135 149325931
152561135 158922330
143830584 158922330
143830584 149326154
152560511 149326154
152560511 158922283
143848395 158922283
143848395 149336290
152511656 149336290
152511656 158921022
143851403 158921022
143851403 149338735
152489415 149338735
152489415 158863448
143853014 158863448
143853014 149349981
152484494 149349981
152484494 158854714
143853348 158854714
143853348 149357382
152480489 149357382
152480489 158845918
143855493 158845918
143855493 149366639
152477686 149366639
152477686 158841766
143855541 158841766
143855541 149377502
152456992 149377502
152456992 158837096
143855774 158837096
143855774 149387165
152430830 149387165
152430830 158821104
143860797 158821104
143860797 149399339
152427809 149399339
152427809 158799640
143864221 158799640
143864221 149407894
152420196 149407894
152420196 158797296
143866678 158797296
143866678 149409741
152393982 149409741
152393982 158797107
143872014 158797107
143872014 149416678
152388280 149416678
152388280 158786810
143879907 158786810
143879907 149418910
152366283 149418910
152366283 158740117
143880707 158740117
143880707 149425734
152356764 149425734
152356764 158726659
143910697 158726659
143910697 149435862
152353716 149435862
152353716 158723244
143920171 158723244
143920171 149466403
152351565 149466403
152351565 158718612
143921830 158718612
143921830 149474590
152344290 149474590
152344290 158716632
143922024 158716632
143922024 149497463
152341893 149497463
152341893 158690893
143922458 158690893
143922458 149499621
152334007 149499621
152334007 158669253
143929663 158669253
143929663 149503705
152329363 149503705
152329363 158668623
143930067 158668623
143930067 149517749
152311159 149517749
152311159 158668526
143947417 158668526
143947417 149518250
152303042 149518250
152303042 158616363
143959971 158616363
143959971 149582191
152290414 149582191
152290414 158588979
143960569 158588979
143960569 149586134
152274922 149586134
152274922 158587779
143976133 158587779
143976133 149601169
152271612 149601169
152271612 158564520
143977696 158564520
143977696 149634701
152270654 149634701
152270654 158541184
143977895 158541184
143977895 149644722
152263513 149644722
152263513 158536941
144000153 158536941
144000153 149652975
152256581 149652975
152256581 158523142
144029486 158523142
144029486 149656905
152249382 149656905
152249382 158520587
144036384 158520587
144036384 149676853
152246579 149676853
152246579 158518835
144059025 158518835
144059025 149694165
152237490 149694165
152237490 158509973
144063771 158509973
144063771 149701324
152233477 149701324
152233477 158495078
144073539 158495078
144073539 149703364
152232715 149703364
152232715 158481558
144074086 158481558
144074086 149705690
152228122 149705690
152228122 158475187
144085572 158475187
144085572 149707194
152216488 149707194
152216488 158465445
144094133 158465445
144094133 149719086
152211289 149719086
152211289 158453058
144112038 158453058
144112038 149725147
152186208 149725147
152186208 158436847
144130031 158436847
144130031 149726227
152160603 149726227
152160603 158414979
144154430 158414979
144154430 149734093
152147855 149734093
152147855 158393114
144156209 158393114
144156209 149762659
152138353 149762659
152138353 158392282
144166865 158392282
144166865 149767713
152130199 149767713
152130199 158387955
144185280 158387955
144185280 149782683
152115473 149782683
152115473 158370998
144202449 158370998
144202449 149809611
152113490 149809611
152113490 158368736
144211360 158368736
144211360 149811053
152090806 149811053
152090806 158359838
144212334 158359838
144212334 149813755
152090717 149813755
152090717 158355244
144243405 158355244
144243405 149833608
152088678 149833608
152088678 158352503
144260736 158352503
144260736 149853047
152087407 149853047
152087407 158344905
144263540 158344905
144263540 149861244
152086464 149861244
152086464 158337465
144270378 158337465
144270378 149867080
152085089 149867080
152085089 158331137
144270848 158331137
144270848 149868403
152081573 149868403
152081573 158321502
144283139 158321502
144283139 149868651
152077571 149868651
152077571 158321388
144296953 158321388
144296953 149872015
152064117 149872015
152064117 158308050
144302197 158308050
144302197 149876299
152063125 149876299
152063125 158289939
144320615 158289939
144320615 149885084
152055218 149885084
152055218 158288746
144324965 158288746
144324965 149903955
152037237 149903955
152037237 158284875
144325640 158284875
144325640 149910198
151990940 149910198
151990940 158277421
144334124 158277421
144334124 149915475
151990073 149915475
151990073 158268110
144346322 158268110
144346322 149944186
151985356 149944186
151985356 158263173
144355225 158263173
144355225 149949957
151968694 149949957
151968694 158262122
144361890 158262122
144361890 149951086
151967107 149951086
151967107 158253735
144365466 158253735
144365466 149955221
151956109 149955221
151956109 158249211
144386985 158249211
144386985 149970324
151949313 149970324
151949313 158241919
144388565 158241919
144388565 149976806
151940590 149976806
151940590 158236942
144391521 158236942
144391521 149979404
151931960 149979404
151931960 158206685
144397345 158206685
144397345 149982505
151925846 149982505
151925846 158200939
144397454 158200939
144397454 149984519
151917875 149984519
151917875 158174759
144402320 158174759
144402320 150008798
151895957 150008798
151895957 158159118
144405169 158159118
144405169 150018405
151871753 150018405
151871753 158156105
144417429 158156105
144417429 150026764
151870995 150026764
151870995 158145922
144422363 158145922
144422363 150034426
151853117 150034426
151853117 158120701
144437643 158120701
144437643 150051795
151845328 150051795
151845328 158120383
144444171 158120383
144444171 150053927
151841398 150053927
151841398 158109224
144444587 158109224
144444587 150059642
151820196 150059642
151820196 158099681
144445101 158099681
144445101 150064160
151783097 150064160
151783097 158069205
144449764 158069205
144449764 150086720
151780554 150086720
151780554 158064524
144458223 158064524
144458223 150088316
151775161 150088316
151775161 158060372
144459346 158060372
144459346 150107325
151766935 150107325
151766935 158056676
144459440 158056676
144459440 150108504
151763296 150108504
151763296 158054607
144463799 158054607
144463799 150116357
151759957 150116357
151759957 158038124
144467552 158038124
144467552 150119762
151754605 150119762
151754605 158027360
144472992 158027360
144472992 150123760
151749525 150123760
151749525 158026177
144486357 158026177
144486357 150133225
151749488 150133225
151749488 158026173
144516564 158026173
144516564 150146389
151738995 150146389
151738995 157998807
144517498 157998807
144517498 150156565
151725342 150156565
151725342 157993156
144518172 157993156
144518172 150158211
151722620 150158211
151722620 157972810
144563202 157972810
144563202 150160541
151721611 150160541
151721611 157925861
144569090 157925861
144569090 150177631
151716796 150177631
151716796 157916253
144572557 157916253
144572557 150185962
151709295 150185962
151709295 157904928
144574708 157904928
144574708 150190668
151683884 150190668
151683884 157887845
144591601 157887845
144591601 150195237
151679402 150195237
151679402 157882715
144623830 157882715
144623830 150210452
151657028 150210452
151657028 157877318
144647185 157877318
144647185 150212140
151656108 150212140
151656108 157867774
144677363 157867774
144677363 150234441
151654842 150234441
151654842 157863553
144681137 157863553
144681137 150235741
151630718 150235741
151630718 157855755
144684816 157855755
144684816 150260635
151611649 150260635
151611649 157822135
144689563 157822135
144689563 150269332
151610230 150269332
151610230 157817350
144707327 157817350
144707327 150298760
151603413 150298760
151603413 157815909
144715913 157815909
144715913 150303159
151580900 150303159
151580900 157809776
144721651 157809776
144721651 150312024
151570526 150312024
151570526 157804722
144723787 157804722
144723787 150317691
151559397 150317691
151559397 157795476
144728105 157795476
144728105 150343784
151541289 150343784
151541289 157787557
144741650 157787557
144741650 150357088
151522723 150357088
151522723 157771562
144755012 157771562
144755012 150357322
151521366 150357322
151521366 157769326
144763155 157769326
144763155 150369402
151512441 150369402
151512441 157740094
144776898 157740094
144776898 150389256
151509796 150389256
151509796 157726427
144777442 157726427
144777442 150410413
151491070 150410413
151491070 157725425
144787592 157725425
144787592 150412365
151490446 150412365
151490446 157706313
144814089 157706313
144814089 150423554
151484014 150423554
151484014 157705385
144836229 157705385
144836229 150427306
151483425 150427306
151483425 157697257
144847968 157697257
144847968 150455791
151483164 150455791
151483164 157680825
144848013 157680825
144848013 150474684
151466340 150474684
151466340 157667390
144855749 157667390
144855749 150486940
151459141 150486940
151459141 157634331
144865113 157634331
144865113 150495134
151457864 150495134
151457864 157627794
144866299 157627794
144866299 150510466
151453653 150510466
151453653 157615351
144868637 157615351
144868637 150510520
151448493 150510520
151448493 157605488
144873021 157605488
144873021 150514159
151435109 150514159
151435109 157601762
144891678 157601762
144891678 150529048
151425163 150529048
151425163 157601277
144898304 157601277
144898304 150553498
151390532 150553498
151390532 157580734
144902798 157580734
144902798 150568357
151380709 150568357
151380709 157573500
144938113 157573500
144938113 150569116
151377544 150569116
151377544 157572302
144965464 157572302
144965464 150578182
151372731 150578182
151372731 157567759
144968612 157567759
144968612 150594404
151352565 150594404
151352565 157563781
144972654 157563781
144972654 150599021
151352136 150599021
151352136 157562032
144993828 157562032
144993828 150599113
151349032 150599113
151349032 157556821
144997100 157556821
144997100 150599826
151323686 150599826
151323686 157556490
144998536 157556490
144998536 150609886
151321615 150609886
151321615 157540714
145010980 157540714
145010980 150612774
151317635 150612774
151317635 157529966
145012176 157529966
145012176 150635538
151315969 150635538
151315969 157496864
145037946 157496864
145037946 150641505
151314304 150641505
151314304 157490181
145044754 157490181
145044754 150668750
151311678 150668750
151311678 157480156
145061603 157480156
145061603 150670037
151295332 150670037
151295332 157475936
145062138 157475936
145062138 150672174
151288666 150672174
151288666 157452814
145075612 157452814
145075612 150682850
151286250 150682850
151286250 157442471
145077005 157442471
145077005 150687372
151271034 150687372
151271034 157410129
145080274 157410129
145080274 150695918
151264851 150695918
151264851 157392698
145085874 157392698
145085874 150704671
151251276 150704671
151251276 157392304
145087003 157392304
145087003 150743729
151248061 150743729
151248061 157381883
145102937 157381883
145102937 150750953
151239832 150750953
151239832 157370092
145104857 157370092
145104857 150787469
151203844 150787469
151203844 157359693
145106618 157359693
145106618 150802315
151188433 150802315
151188433 157347309
145132190 157347309
145132190 150803801
151176362 150803801
151176362 157337624
145140115 157337624
145140115 150819909
151172513 150819909
151172513 157333166
145150136 157333166
145150136 150830794
151164536 150830794
151164536 157322809
145150742 157322809
145150742 150865188
151163027 150865188
151163027 157304080
145162985 157304080
145162985 150871774
151152044 150871774
151152044 157295422
145163052 157295422
145163052 150875952
151137386 150875952
151137386 157288143
145163859 157288143
145163859 150880712
151135856 150880712
151135856 157272574
145168847 157272574
145168847 150882391
151125851 150882391
151125851 157259783
145170886 157259783
145170886 150884333
151123766 150884333
151123766 157255426
145196633 157255426
145196633 150919096
151122538 150919096
151122538 157255171
145209089 157255171
145209089 150939184
151102562 150939184
151102562 157254573
145218266 157254573
145218266 150944179
151088057 150944179
151088057 157248031
145231866 157248031
145231866 150944929
151077538 150944929
151077538 157242813
145235969 157242813
145235969 150951156
151072140 150951156
151072140 157223870
145246150 157223870
145246150 150957187
151032376 150957187
151032376 157176954
145249751 157176954
145249751 150962693
151029963 150962693
151029963 157169332
145251919 157169332
145251919 150963748
151010323 150963748
151010323 157165067
145273156 157165067
145273156 150974764
150997477 150974764
150997477 157156041
145278045 157156041
145278045 150977997
150995742 150977997
150995742 157154519
145280463 157154519
145280463 151002849
150993031 151002849
150993031 157139897
145293753 157139897
145293753 151004963
150960688 151004963
150960688 157125291
145294234 157125291
145294234 151020253
150939888 151020253
150939888 157118793
145326730 157118793
145326730 151025626
150935257 151025626
150935257 157111953
145330701 157111953
145330701 151038799
150926405 151038799
150926405 157098818
145336424 157098818
145336424 151059538
150899983 151059538
150899983 157051363
145336782 157051363
145336782 151089159
150892966 151089159
150892966 157050431
145337307 157050431
145337307 151090064
150882751 151090064
150882751 157030456
145340412 157030456
145340412 151094628
150862123 151094628
150862123 157023108
145363070 157023108
145363070 151102992
150861692 151102992
150861692 157012552
145370097 157012552
145370097 151108439
150848727 151108439
150848727 157008342
145374080 157008342
145374080 151115552
150845568 151115552
150845568 157005517
145379371 157005517
145379371 151138383
150837682 151138383
150837682 156997496
145384200 156997496
145384200 151155139
150825466 151155139
150825466 156989924
145385444 156989924
145385444 151163277
150823115 151163277
150823115 156983198
145391454 156983198
145391454 151166206
150803280 151166206
150803280 156973389
145394211 156973389
145394211 151188437
150798789 151188437
150798789 156972992
145414663 156972992
145414663 151205850
150791631 151205850
150791631 156965100
145417927 156965100
145417927 151212920
150777331 151212920
150777331 156954949
145424298 156954949
145424298 151228499
150769156 151228499
150769156 156943299
145437329 156943299
145437329 151235101
150756345 151235101
150756345 156923909
145451555 156923909
145451555 151245866
150749514 151245866
150749514 156910422
145461766 156910422
145461766 151264933
150742384 151264933
150742384 156862828
145466265 156862828
145466265 151265430
150732311 151265430
150732311 156855020
145476190 156855020
145476190 151300666
150727991 151300666
150727991 156836395
145495247 156836395
145495247 151314231
150714651 151314231
150714651 156826588
145519280 156826588
145519280 151318961
150700208 151318961
150700208 156823596
145527659 156823596
145527659 151336770
150679432 151336770
150679432 156822329
145530456 156822329
145530456 151340340
150658456 151340340
150658456 156808635
145535253 156808635
145535253 151349212
150654060 151349212
150654060 156800701
145543006 156800701
145543006 151359096
150653948 151359096
150653948 156798927
145554148 156798927
145554148 151373549
150651877 151373549
150651877 156798851
145564759 156798851
145564759 151386060
150631930 151386060
150631930 156792056
145571360 156792056
145571360 151386186
150599303 151386186
150599303 156790190
145618676 156790190
145618676 151410408
150598811 151410408
150598811 156769801
145619424 156769801
145619424 151414327
150588962 151414327
150588962 156754474
145623300 156754474
145623300 151416447
150584376 151416447
150584376 156754184
145625974 156754184
145625974 151418709
150572698 151418709
150572698 156744795
145651795 156744795
145651795 151444498
150571828 151444498
150571828 156742689
145687326 156742689
145687326 151445822
150563119 151445822
150563119 156696070
145689269 156696070
145689269 151448016
150556271 151448016
150556271 156684037
145729894 156684037
145729894 151454402
150544759 151454402
150544759 156658165
145739876 156658165
145739876 151463300
150541502 151463300
150541502 156641902
145743261 156641902
145743261 151466598
150534370 151466598
150534370 156639043
145750938 156639043
145750938 151479075
150518496 151479075
150518496 156610628
145753440 156610628
145753440 151482965
150516555 151482965
150516555 156591444
145754767 156591444
145754767 151494224
150514439 151494224
150514439 156589706
145766715 156589706
145766715 151497130
150506123 151497130
150506123 156589322
145779688 156589322
145779688 151499522
150491039 151499522
150491039 156582845
145783707 156582845
145783707 151526251
150489682 151526251
150489682 156557985
145802999 156557985
145802999 151528657
150483145 151528657
150483145 156557411
145810430 156557411
145810430 151534990
150482011 151534990
150482011 156508113
145813014 156508113
145813014 151554298
150462046 151554298
150462046 156497545
145814129 156497545
145814129 151567436
150425826 151567436
150425826 156488354
145820842 156488354
145820842 151583804
150424265 151583804
150424265 156484097
145821033 156484097
145821033 151594564
150419609 151594564
150419609 156455640
145838720 156455640
145838720 151603781
150413512 151603781
150413512 156448279
145845390 156448279
145845390 151604282
150408675 151604282
150408675 156433895
145850804 156433895
145850804 151611070
150407185 151611070
150407185 156432971
145876227 156432971
145876227 151620436
150406791 151620436
150406791 156429998
145885009 156429998
145885009 151627977
150393393 151627977
150393393 156410154
145893507 156410154
145893507 151637519
150386942 151637519
150386942 156391863
145898545 156391863
145898545 151650756
150362352 151650756
150362352 156372972
145901997 156372972
145901997 151653615
150353276 151653615
150353276 156357421
145903761 156357421
145903761 151685141
150315362 151685141
150315362 156342638
145911673 156342638
145911673 151735278
150288598 151735278
150288598 156324708
145923253 156324708
145923253 151738039
150277956 151738039
150277956 156309986
145964385 156309986
145964385 151761032
150276431 151761032
150276431 156300459
145964443 156300459
145964443 151765580
150267038 151765580
150267038 156252682
145975878 156252682
145975878 151797149
150264728 151797149
150264728 156239440
145979461 156239440
145979461 151813894
150259385 151813894
150259385 156235268
145980856 156235268
145980856 151831115
150252528 151831115
150252528 156228666
145984454 156228666
145984454 151843583
150252051 151843583
150252051 156188197
146000983 156188197
146000983 151858548
150233434 151858548
150233434 156181754
146010431 156181754
146010431 151894603
150228054 151894603
150228054 156169703
146012532 156169703
146012532 151905509
150225781 151905509
150225781 156148933
146021456 156148933
146021456 151909126
150219085 151909126
150219085 156136793
146023022 156136793
146023022 151916289
150213164 151916289
150213164 156136670
146025103 156136670
146025103 151918842
150200309 151918842
150200309 156131626
146039874 156131626
146039874 151924880
150187429 151924880
150187429 156128362
146040941 156128362
146040941 151930857
150179595 151930857
150179595 156124214
146083074 156124214
146083074 151936298
150165179 151936298
150165179 156122180
146083442 156122180
146083442 151944349
150158312 151944349
150158312 156116157
146084457 156116157
146084457 151946328
150152457 151946328
150152457 156108151
146104225 156108151
146104225 151960810
150150171 151960810
150150171 156105155
146151587 156105155
146151587 151963654
150109374 151963654
150109374 156059174
146159229 156059174
146159229 151966915
150108978 151966915
150108978 156052489
146175289 156052489
146175289 151985999
150106476 151985999
150106476 156022386
146184915 156022386
146184915 151992895
150102522 151992895
150102522 156010568
146214504 156010568
146214504 151995571
150079384 151995571
150079384 156003698
146216844 156003698
146216844 151995825
150072348 151995825
150072348 155967804
146237046 155967804
146237046 151997141
150045624 151997141
150045624 155959387
146244072 155959387
146244072 152009493
150026111 152009493
150026111 155951498
146248166 155951498
146248166 152022539
150011579 152022539
150011579 155947595
146251031 155947595
146251031 152028256
150008761 152028256
150008761 155946009
146283091 155946009
146283091 152028361
149981221 152028361
149981221 155903445
146286973 155903445
146286973 152033441
149981135 152033441
149981135 155857504
146288327 155857504
146288327 152048710
149964142 152048710
149964142 155850763
146292277 155850763
146292277 152060749
149963120 152060749
149963120 155846007
146298424 155846007
146298424 152063516
149962865 152063516
149962865 155837887
146303607 155837887
146303607 152066309
149962069 152066309
149962069 155821823
146307837 155821823
146307837 152081540
149961964 152081540
149961964 155807109
146313681 155807109
146313681 152086295
149958343 152086295
149958343 155805785
146338158 155805785
146338158 152090145
149957645 152090145
149957645 155785690
146349563 155785690
146349563 152093831
149956028 152093831
149956028 155783818
146352222 155783818
146352222 152095116
149950795 152095116
149950795 155778147
146356341 155778147
146356341 152115103
149934063 152115103
149934063 155766382
146372292 155766382
146372292 152149468
149929858 152149468
149929858 155756765
146386907 155756765
146386907 152159906
149924680 152159906
149924680 155728532
146408816 155728532
146408816 152188739
149910925 152188739
149910925 155727044
146409025 155727044
146409025 152197270
149881336 152197270
149881336 155710487
146450461 155710487
146450461 152206499
149864680 152206499
149864680 155664541
146460126 155664541
146460126 152227621
149863039 152227621
149863039 155663698
146478730 155663698
146478730 152231761
149855690 152231761
149855690 155657819
146486976 155657819
146486976 152234629
149853324 152234629
149853324 155576847
146498906 155576847
146498906 152239998
149850881 152239998
149850881 155573544
146504338 155573544
146504338 152248057
149843037 152248057
149843037 155571355
146527152 155571355
146527152 152290029
149827557 152290029
149827557 155536607
146540814 155536607
146540814 152295112
149811430 152295112
149811430 155525226
146547734 155525226
146547734 152325165
149808925 152325165
149808925 155502234
146579760 155502234
146579760 152339133
149760539 152339133
149760539 155497856
146614078 155497856
146614078 152341066
149758262 152341066
149758262 155496714
146642538 155496714
146642538 152373741
149750719 152373741
149750719 155478311
146652784 155478311
146652784 152385864
149746824 152385864
149746824 155466465
146672022 155466465
146672022 152389912
149740281 152389912
149740281 155443600
146679687 155443600
146679687 152412058
149718656 152412058
149718656 155419409
146698835 155419409
146698835 152426893
149698104 152426893
149698104 155405642
146715608 155405642
146715608 152428682
149650801 152428682
149650801 155378091
146746367 155378091
146746367 152435597
149636662 152435597
149636662 155354476
146748805 155354476
146748805 152437291
149629517 152437291
149629517 155342111
146754052 155342111
146754052 152440953
149622574 152440953
149622574 155337956
146758066 155337956
146758066 152464884
149617262 152464884
149617262 155324551
146759725 155324551
146759725 152484198
149616920 152484198
149616920 155275381
146771237 155275381
146771237 152491679
149599050 152491679
149599050 155250222
146804036 155250222
146804036 152496476
149577718 152496476
149577718 155234074
146806986 155234074
146806986 152500682
149557937 152500682
149557937 155232965
146807657 155232965
146807657 152503415
149528776 152503415
149528776 155231886
146826322 155231886
146826322 152505642
149525473 152505642
149525473 155207543
146827494 155207543
146827494 152524745
149512312 152524745
149512312 155201197
146838236 155201197
146838236 152535601
149507446 152535601
149507446 155200710
146861963 155200710
146861963 152537979
149487107 152537979
149487107 155189000
146861991 155189000
146861991 152539026
149486788 152539026
149486788 155180204
146870519 155180204
146870519 152543836
149482814 152543836
149482814 155176847
146876813 155176847
146876813 152554019
149457446 152554019
149457446 155173347
146896887 155173347
146896887 152571941
149449432 152571941
149449432 155158265
146915457 155158265
146915457 152585021
149444413 152585021
149444413 155150742
146928712 155150742
146928712 152589033
149442828 152589033
149442828 155146210
146935406 155146210
146935406 152605226
149441450 152605226
149441450 155108214
147029630 155108214
147029630 152610046
149434593 152610046
149434593 155087372
147045197 155087372
147045197 152611457
149417046 152611457
149417046 155071433
147074701 155071433
147074701 152622865
149416638 152622865
149416638 155059530
147118988 155059530
147118988 152625030
149416337 152625030
149416337 155057704
147153404 155057704
147153404 152641109
149374742 152641109
149374742 155023487
147155137 155023487
147155137 152665867
149372448 152665867
149372448 154975573
147176272 154975573
147176272 152669587
149360549 152669587
149360549 154949391
147180420 154949391
147180420 152669662
149338810 152669662
149338810 154913194
147187325 154913194
147187325 152699947
149338124 152699947
149338124 154898849
147208596 154898849
147208596 152734043
149335107 152734043
149335107 154866181
147229099 154866181
147229099 152736544
149332189 152736544
149332189 154836012
147232677 154836012
147232677 152744810
149331113 152744810
149331113 154799295
147235675 154799295
147235675 152756121
149315377 152756121
149315377 154799246
147240143 154799246
147240143 152774022
149303080 152774022
149303080 154743757
147259900 154743757
147259900 152775821
149302133 152775821
149302133 154742067
147261624 154742067
147261624 152787964
149301927 152787964
149301927 154740143
147263702 154740143
147263702 152789999
149296977 152789999
149296977 154715295
147264701 154715295
147264701 152795782
149288572 152795782
149288572 154710097
147269372 154710097
147269372 152801643
149264264 152801643
149264264 154692699
147288840 154692699
147288840 152807784
149257574 152807784
149257574 154684948
147320294 154684948
147320294 152814819
149246949 152814819
149246949 154676873
147349731 154676873
147349731 152817816
149229581 152817816
149229581 154672280
147396029 154672280
147396029 152819885
149221550 152819885
149221550 154645447
147403206 154645447
147403206 152825629
149220047 152825629
149220047 154611820
147453154 154611820
147453154 152864053
149201902 152864053
149201902 154586040
147463342 154586040
147463342 152874491
149188305 152874491
149188305 154585994
147484137 154585994
147484137 152882527
149187342 152882527
149187342 154530866
147504407 154530866
147504407 152898889
149155013 152898889
149155013 154530082
147505050 154530082
147505050 152900906
149131000 152900906
149131000 154523520
147519530 154523520
147519530 152905161
149089865 152905161
149089865 154512697
147524156 154512697
147524156 152956522
149084130 152956522
149084130 154502637
147558171 154502637
147558171 152957640
149078336 152957640
149078336 154499265
147583223 154499265
147583223 152966249
149069491 152966249
149069491 154494794
147627428 154494794
147627428 152975823
149047409 152975823
149047409 154462951
147657521 154462951
147657521 152980302
149042672 152980302
149042672 154452608
147701293 154452608
147701293 152988860
149022252 152988860
149022252 154436513
147739757 154436513
147739757 152990994
148980989 152990994
148980989 154425896
147778405 154425896
147778405 153005225
148978796 153005225
148978796 154424215
147786623 154424215
147786623 153014955
148932534 153014955
148932534 154393356
147788195 154393356
147788195 153038304
148893944 153038304
148893944 154373155
147793958 154373155
147793958 153048885
148869755 153048885
148869755 154361920
147799014 154361920
147799014 153066854
148858096 153066854
148858096 154361376
147801469 154361376
147801469 153104112
148857860 153104112
148857860 154334550
147810341 154334550
147810341 153126618
148847668 153126618
148847668 154326378
147817004 154326378
147817004 153128309
148834458 153128309
148834458 154325867
147824987 154325867
147824987 153148195
148825386 153148195
148825386 154316612
147835662 154316612
147835662 153149032
148812750 153149032
148812750 154314151
147841636 154314151
147841636 153170993
148783575 153170993
148783575 154287330
147853219 154287330
147853219 153176714
148716531 153176714
148716531 154283048
147857076 154283048
147857076 153218657
148706749 153218657
148706749 154253013
147910907 154253013
147910907 153229312
148636340 153229312
148636340 154121670
147927846 154121670
147927846 153248980
148616291 153248980
148616291 154120187
147971166 154120187
147971166 153351302
148612822 153351302
148612822 154022636
148043123 154022636
148043123 153384200
148602092 153384200
148602092 153972581
148113406 153972581
148113406 153482805
148600008 153482805
148600008 153910228
148114006 153910228
148114006 153585542
148597327 153585542
148597327 153875789
148178650 153875789
148178650 153597850
148528843 153597850
148528843 153829268
148245991 153829268
148245991 153674191
148523716 153674191
148523716 153751501
148375963 153751501
148375963 153684247
148483451 153684247
148483451 153748714
